/*
 Navicat MySQL Data Transfer

 Source Server         : localhost
 Source Server Type    : MySQL
 Source Server Version : 50713
 Source Host           : localhost
 Source Database       : cogentqi_v1_trucking

 Target Server Type    : MySQL
 Target Server Version : 50713
 File Encoding         : utf-8

 Date: 07/29/2016 21:23:20 PM
*/

SET NAMES utf8mb4;
SET FOREIGN_KEY_CHECKS = 0;

-- ----------------------------
--  Table structure for `_db_update`
-- ----------------------------
DROP TABLE IF EXISTS `_db_update`;
CREATE TABLE `_db_update` (
  `script_name` varchar(100) NOT NULL,
  `runOn` timestamp NOT NULL DEFAULT CURRENT_TIMESTAMP,
  PRIMARY KEY (`script_name`),
  UNIQUE KEY `script_name` (`script_name`)
) ENGINE=InnoDB DEFAULT CHARSET=utf8 ROW_FORMAT=COMPACT;

-- ----------------------------
--  Records of `_db_update`
-- ----------------------------
BEGIN;
INSERT INTO `_db_update` VALUES ('0001-RecommendationFields.sql', '2015-11-25 10:58:58'), ('0002-AppRole.sql', '2015-11-26 15:22:16'), ('0003-RoleAgain.sql', '2015-11-28 21:31:22'), ('0004-Events.sql', '2015-12-10 13:29:40'), ('0006-Badges.sql', '2015-12-16 17:16:02'), ('0008-ResponseTimestamp.sql', '2016-01-03 19:28:03'), ('0009-EventOutcomeRecommendations.sql', '2016-01-30 13:58:39'), ('0010-ChangeLevelType.sql', '2016-02-01 19:37:56');
COMMIT;

-- ----------------------------
--  Table structure for `algorithm_usage`
-- ----------------------------
DROP TABLE IF EXISTS `algorithm_usage`;
CREATE TABLE `algorithm_usage` (
  `id` char(1) NOT NULL,
  `name` varchar(100) NOT NULL,
  `description` varchar(5000) DEFAULT NULL,
  `summary` varchar(500) DEFAULT NULL,
  PRIMARY KEY (`id`)
) ENGINE=InnoDB DEFAULT CHARSET=utf8 ROW_FORMAT=COMPACT;

-- ----------------------------
--  Records of `algorithm_usage`
-- ----------------------------
BEGIN;
INSERT INTO `algorithm_usage` VALUES ('N', 'None', null, null), ('R', 'Recommendations', null, null);
COMMIT;

-- ----------------------------
--  Table structure for `assessment`
-- ----------------------------
DROP TABLE IF EXISTS `assessment`;
CREATE TABLE `assessment` (
  `id` int(11) NOT NULL AUTO_INCREMENT,
  `instrument_id` int(11) NOT NULL,
  `member_id` int(11) NOT NULL,
  `assessor_id` int(11) DEFAULT NULL,
  `last_saved` datetime NOT NULL DEFAULT CURRENT_TIMESTAMP,
  `last_modified` timestamp NOT NULL DEFAULT CURRENT_TIMESTAMP,
  `assessor_comments` longtext,
  `member_comments` text,
  `score` double DEFAULT NULL,
  `rank` int(11) DEFAULT NULL,
  `edit_status` char(1) DEFAULT 'A',
  `view_status` char(1) DEFAULT 'A',
  `instrument_schedule_id` int(11) NOT NULL,
  PRIMARY KEY (`id`),
  KEY `instrument_id_index` (`instrument_id`),
  KEY `member_id_index` (`member_id`),
  KEY `by_member_id_index` (`assessor_id`),
  KEY `instrument_schedule_id` (`instrument_schedule_id`),
  CONSTRAINT `assessment_ibfk_1` FOREIGN KEY (`member_id`) REFERENCES `member` (`id`),
  CONSTRAINT `assessment_ibfk_2` FOREIGN KEY (`assessor_id`) REFERENCES `member` (`id`),
  CONSTRAINT `assessment_ibfk_3` FOREIGN KEY (`instrument_id`) REFERENCES `instrument` (`id`),
  CONSTRAINT `assessment_ibfk_4` FOREIGN KEY (`instrument_schedule_id`) REFERENCES `instrument_schedule` (`id`),
  CONSTRAINT `assessment_ibfk_5` FOREIGN KEY (`instrument_schedule_id`) REFERENCES `instrument_schedule` (`id`),
  CONSTRAINT `assessment_ibfk_6` FOREIGN KEY (`instrument_schedule_id`) REFERENCES `instrument_schedule` (`id`)
) ENGINE=InnoDB AUTO_INCREMENT=955 DEFAULT CHARSET=utf8 ROW_FORMAT=COMPACT;

-- ----------------------------
--  Records of `assessment`
-- ----------------------------
BEGIN;
INSERT INTO `assessment` VALUES ('852', '1', '7', '8', '2015-02-01 20:43:48', '2015-02-01 20:43:48', 'We are seeing significant improvement since the last evaluation.', 'I feel as though I am on track.', null, null, 'A', 'A', '1'), ('853', '1', '9', '6', '2015-03-06 20:43:48', '2015-03-06 20:43:48', 'We are seeing significant improvement since the last evaluation.', 'I feel as though I am on track.', null, null, 'A', 'A', '1'), ('854', '1', '10', '14', '2015-01-15 20:43:48', '2015-01-15 20:43:48', 'We are seeing significant improvement since the last evaluation.', 'I feel as though I am on track.', null, null, 'A', 'A', '1'), ('855', '1', '11', '14', '2015-03-07 20:43:48', '2015-03-07 20:43:48', 'We are seeing significant improvement since the last evaluation.', 'I feel as though I am on track.', null, null, 'A', 'A', '1'), ('856', '1', '12', '8', '2015-03-09 20:43:48', '2015-03-09 20:43:48', 'We are seeing significant improvement since the last evaluation.', 'I feel as though I am on track.', null, null, 'A', 'A', '1'), ('857', '1', '13', '16', '2015-01-29 20:43:48', '2015-01-29 20:43:48', 'We are seeing significant improvement since the last evaluation.', 'I feel as though I am on track.', null, null, 'A', 'A', '1'), ('858', '1', '17', '15', '2015-01-26 20:43:48', '2015-01-26 20:43:48', 'We are seeing significant improvement since the last evaluation.', 'I feel as though I am on track.', null, null, 'A', 'A', '1'), ('859', '1', '18', '15', '2015-01-30 20:43:48', '2015-01-30 20:43:48', 'We are seeing significant improvement since the last evaluation.', 'I feel as though I am on track.', null, null, 'A', 'A', '1'), ('860', '1', '20', '6', '2015-02-25 20:43:48', '2015-02-25 20:43:48', 'We are seeing significant improvement since the last evaluation.', 'I feel as though I am on track.', null, null, 'A', 'A', '1'), ('861', '1', '21', '16', '2015-03-16 20:43:48', '2015-03-16 20:43:48', 'We are seeing significant improvement since the last evaluation.', 'I feel as though I am on track.', null, null, 'A', 'A', '1'), ('862', '1', '22', '15', '2015-04-03 20:43:48', '2015-04-03 20:43:48', 'We are seeing significant improvement since the last evaluation.', 'I feel as though I am on track.', null, null, 'A', 'A', '1'), ('863', '1', '23', '14', '2015-01-27 20:43:48', '2015-01-27 20:43:48', 'We are seeing significant improvement since the last evaluation.', 'I feel as though I am on track.', null, null, 'A', 'A', '1'), ('864', '1', '24', '14', '2015-02-10 20:43:48', '2015-02-10 20:43:48', 'We are seeing significant improvement since the last evaluation.', 'I feel as though I am on track.', null, null, 'A', 'A', '1'), ('865', '1', '25', '16', '2015-04-19 20:43:48', '2015-04-19 20:43:48', 'We are seeing significant improvement since the last evaluation.', 'I feel as though I am on track.', null, null, 'A', 'A', '1'), ('866', '1', '26', '8', '2015-04-18 20:43:48', '2015-04-18 20:43:48', 'We are seeing significant improvement since the last evaluation.', 'I feel as though I am on track.', null, null, 'A', 'A', '1'), ('867', '1', '27', '14', '2015-04-07 20:43:48', '2015-04-07 20:43:48', 'We are seeing significant improvement since the last evaluation.', 'I feel as though I am on track.', null, null, 'A', 'A', '1'), ('868', '1', '28', '15', '2015-02-15 20:43:48', '2015-02-15 20:43:48', 'We are seeing significant improvement since the last evaluation.', 'I feel as though I am on track.', null, null, 'A', 'A', '1'), ('869', '1', '29', '14', '2015-01-27 20:43:48', '2015-01-27 20:43:48', 'We are seeing significant improvement since the last evaluation.', 'I feel as though I am on track.', null, null, 'A', 'A', '1'), ('870', '1', '30', '8', '2015-03-22 20:43:48', '2015-03-22 20:43:48', 'We are seeing significant improvement since the last evaluation.', 'I feel as though I am on track.', null, null, 'A', 'A', '1'), ('883', '1', '7', '6', '2015-07-31 20:43:48', '2015-07-31 20:43:48', 'We are seeing significant improvement since the last evaluation.', 'I feel as though I am on track.', null, null, 'A', 'A', '1'), ('884', '1', '9', '8', '2015-07-17 20:43:48', '2015-07-17 20:43:48', 'We are seeing significant improvement since the last evaluation.', 'I feel as though I am on track.', null, null, 'A', 'A', '1'), ('885', '1', '10', '16', '2015-05-16 20:43:48', '2015-05-16 20:43:48', 'We are seeing significant improvement since the last evaluation.', 'I feel as though I am on track.', null, null, 'A', 'A', '1'), ('886', '1', '11', '15', '2015-06-25 20:43:48', '2015-06-25 20:43:48', 'We are seeing significant improvement since the last evaluation.', 'I feel as though I am on track.', null, null, 'A', 'A', '1'), ('887', '1', '12', '8', '2015-06-04 20:43:48', '2015-06-04 20:43:48', 'We are seeing significant improvement since the last evaluation.', 'I feel as though I am on track.', null, null, 'A', 'A', '1'), ('888', '1', '13', '15', '2015-05-11 20:43:48', '2015-05-11 20:43:48', 'We are seeing significant improvement since the last evaluation.', 'I feel as though I am on track.', null, null, 'A', 'A', '1'), ('889', '1', '17', '14', '2015-06-28 20:43:48', '2015-06-28 20:43:48', 'We are seeing significant improvement since the last evaluation.', 'I feel as though I am on track.', null, null, 'A', 'A', '1'), ('890', '1', '18', '14', '2015-07-05 20:43:48', '2015-07-05 20:43:48', 'We are seeing significant improvement since the last evaluation.', 'I feel as though I am on track.', null, null, 'A', 'A', '1'), ('891', '1', '20', '6', '2015-06-25 20:43:48', '2015-06-25 20:43:48', 'We are seeing significant improvement since the last evaluation.', 'I feel as though I am on track.', null, null, 'A', 'A', '1'), ('892', '1', '21', '15', '2015-07-25 20:43:48', '2015-07-25 20:43:48', 'We are seeing significant improvement since the last evaluation.', 'I feel as though I am on track.', null, null, 'A', 'A', '1'), ('893', '1', '22', '15', '2015-07-07 20:43:48', '2015-07-07 20:43:48', 'We are seeing significant improvement since the last evaluation.', 'I feel as though I am on track.', null, null, 'A', 'A', '1'), ('894', '1', '23', '15', '2015-07-25 20:43:48', '2015-07-25 20:43:48', 'We are seeing significant improvement since the last evaluation.', 'I feel as though I am on track.', null, null, 'A', 'A', '1'), ('895', '1', '24', '6', '2015-05-31 20:43:48', '2015-05-31 20:43:48', 'We are seeing significant improvement since the last evaluation.', 'I feel as though I am on track.', null, null, 'A', 'A', '1'), ('896', '1', '25', '14', '2015-05-05 20:43:48', '2015-05-05 20:43:48', 'We are seeing significant improvement since the last evaluation.', 'I feel as though I am on track.', null, null, 'A', 'A', '1'), ('897', '1', '26', '14', '2015-06-04 20:43:48', '2015-06-04 20:43:48', 'We are seeing significant improvement since the last evaluation.', 'I feel as though I am on track.', null, null, 'A', 'A', '1'), ('898', '1', '27', '15', '2015-07-04 20:43:48', '2015-07-04 20:43:48', 'We are seeing significant improvement since the last evaluation.', 'I feel as though I am on track.', null, null, 'A', 'A', '1'), ('899', '1', '28', '15', '2015-05-26 20:43:48', '2015-05-26 20:43:48', 'We are seeing significant improvement since the last evaluation.', 'I feel as though I am on track.', null, null, 'A', 'A', '1'), ('900', '1', '29', '8', '2015-06-09 20:43:48', '2015-06-09 20:43:48', 'We are seeing significant improvement since the last evaluation.', 'I feel as though I am on track.', null, null, 'A', 'A', '1'), ('901', '1', '30', '8', '2015-05-26 20:43:48', '2015-05-26 20:43:48', 'We are seeing significant improvement since the last evaluation.', 'I feel as though I am on track.', null, null, 'A', 'A', '1'), ('914', '1', '7', '8', '2015-08-22 20:43:48', '2015-08-22 20:43:48', 'We are seeing significant improvement since the last evaluation.', 'I feel as though I am on track.', null, null, 'A', 'A', '1'), ('915', '1', '9', '16', '2015-08-08 20:43:48', '2015-08-08 20:43:48', 'We are seeing significant improvement since the last evaluation.', 'I feel as though I am on track.', null, null, 'A', 'A', '1'), ('916', '1', '10', '15', '2015-10-10 20:43:48', '2015-10-10 20:43:48', 'We are seeing significant improvement since the last evaluation.', 'I feel as though I am on track.', null, null, 'A', 'A', '1'), ('917', '1', '11', '14', '2015-08-28 20:43:48', '2015-08-28 20:43:48', 'We are seeing significant improvement since the last evaluation.', 'I feel as though I am on track.', null, null, 'A', 'A', '1'), ('918', '1', '12', '6', '2015-08-25 20:43:48', '2015-08-25 20:43:48', 'We are seeing significant improvement since the last evaluation.', 'I feel as though I am on track.', null, null, 'A', 'A', '1'), ('919', '1', '13', '14', '2015-09-06 20:43:48', '2015-09-06 20:43:48', 'We are seeing significant improvement since the last evaluation.', 'I feel as though I am on track.', null, null, 'A', 'A', '1'), ('920', '1', '17', '14', '2015-08-09 20:43:48', '2015-08-09 20:43:48', 'We are seeing significant improvement since the last evaluation.', 'I feel as though I am on track.', null, null, 'A', 'A', '1'), ('921', '1', '18', '8', '2015-09-01 20:43:48', '2015-09-01 20:43:48', 'We are seeing significant improvement since the last evaluation.', 'I feel as though I am on track.', null, null, 'A', 'A', '1'), ('922', '1', '20', '14', '2015-08-29 20:43:48', '2015-08-29 20:43:48', 'We are seeing significant improvement since the last evaluation.', 'I feel as though I am on track.', null, null, 'A', 'A', '1'), ('923', '1', '21', '15', '2015-09-14 20:43:48', '2015-09-14 20:43:48', 'We are seeing significant improvement since the last evaluation.', 'I feel as though I am on track.', null, null, 'A', 'A', '1'), ('924', '1', '22', '6', '2015-09-08 20:43:48', '2015-09-08 20:43:48', 'We are seeing significant improvement since the last evaluation.', 'I feel as though I am on track.', null, null, 'A', 'A', '1'), ('925', '1', '23', '16', '2015-09-25 20:43:48', '2015-09-25 20:43:48', 'We are seeing significant improvement since the last evaluation.', 'I feel as though I am on track.', null, null, 'A', 'A', '1'), ('926', '1', '24', '16', '2015-09-30 20:43:48', '2015-09-30 20:43:48', 'We are seeing significant improvement since the last evaluation.', 'I feel as though I am on track.', null, null, 'A', 'A', '1'), ('927', '1', '25', '15', '2015-09-03 20:43:48', '2015-09-03 20:43:48', 'We are seeing significant improvement since the last evaluation.', 'I feel as though I am on track.', null, null, 'A', 'A', '1'), ('928', '1', '26', '8', '2015-10-22 20:43:48', '2015-10-22 20:43:48', 'We are seeing significant improvement since the last evaluation.', 'I feel as though I am on track.', null, null, 'A', 'A', '1'), ('929', '1', '27', '14', '2015-08-14 20:43:48', '2015-08-14 20:43:48', 'We are seeing significant improvement since the last evaluation.', 'I feel as though I am on track.', null, null, 'A', 'A', '1'), ('930', '1', '28', '6', '2015-08-15 20:43:48', '2015-08-15 20:43:48', 'We are seeing significant improvement since the last evaluation.', 'I feel as though I am on track.', null, null, 'A', 'A', '1'), ('931', '1', '29', '8', '2015-09-01 20:43:48', '2015-09-01 20:43:48', 'We are seeing significant improvement since the last evaluation.', 'I feel as though I am on track.', null, null, 'A', 'A', '1'), ('932', '1', '30', '16', '2015-08-14 20:43:48', '2015-08-14 20:43:48', 'We are seeing significant improvement since the last evaluation.', 'I feel as though I am on track.', null, null, 'A', 'A', '1'), ('945', '1', '13', '16', '2015-12-13 20:43:48', '2015-12-13 20:43:48', 'We are seeing significant improvement since the last evaluation.', 'I feel as though I am on track.', null, null, 'A', 'A', '1'), ('946', '1', '22', '16', '2015-11-26 20:43:48', '2015-11-26 20:43:48', 'We are seeing significant improvement since the last evaluation.', 'I feel as though I am on track.', null, null, 'A', 'A', '1'), ('947', '1', '18', '14', '2015-11-12 20:43:48', '2015-11-12 20:43:48', 'We are seeing significant improvement since the last evaluation.', 'I feel as though I am on track.', null, null, 'A', 'A', '1'), ('948', '1', '11', '15', '2015-12-06 20:43:48', '2015-12-06 20:43:48', 'We are seeing significant improvement since the last evaluation.', 'I feel as though I am on track.', null, null, 'A', 'A', '1'), ('949', '1', '21', '14', '2015-12-11 20:43:48', '2015-12-11 20:43:48', 'We are seeing significant improvement since the last evaluation.', 'I feel as though I am on track.', null, null, 'A', 'A', '1'), ('950', '1', '25', '16', '2015-12-07 20:43:48', '2015-12-07 20:43:48', 'We are seeing significant improvement since the last evaluation.', 'I feel as though I am on track.', null, null, 'A', 'A', '1'), ('951', '1', '7', '14', '2015-11-16 20:43:48', '2015-11-16 20:43:48', 'We are seeing significant improvement since the last evaluation.', 'I feel as though I am on track.', null, null, 'A', 'A', '1'), ('952', '1', '20', '16', '2015-11-29 20:43:48', '2015-11-29 20:43:48', 'We are seeing significant improvement since the last evaluation.', 'I feel as though I am on track.', null, null, 'A', 'A', '1'), ('953', '1', '28', '15', '2015-12-22 20:43:48', '2015-12-22 20:43:48', 'We are seeing significant improvement since the last evaluation.', 'I feel as though I am on track.', null, null, 'A', 'A', '1'), ('954', '1', '17', '8', '2015-12-15 20:43:48', '2015-12-15 20:43:48', 'We are seeing significant improvement since the last evaluation.', 'I feel as though I am on track.', null, null, 'A', 'A', '1');
COMMIT;

-- ----------------------------
--  Table structure for `assessment_response`
-- ----------------------------
DROP TABLE IF EXISTS `assessment_response`;
CREATE TABLE `assessment_response` (
  `id` int(11) NOT NULL AUTO_INCREMENT,
  `assessment_id` int(11) DEFAULT NULL,
  `question_id` int(11) NOT NULL,
  `response` varchar(500) DEFAULT NULL,
  `assessor_comments` longtext,
  `member_comments` text,
  `response_index` int(11) DEFAULT NULL,
  `recommended_resource_id` int(11) DEFAULT NULL,
  `time_stamp` timestamp NOT NULL DEFAULT CURRENT_TIMESTAMP,
  PRIMARY KEY (`id`),
  UNIQUE KEY `unique_evaluation_responses` (`assessment_id`,`question_id`),
  KEY `evaluation_id_index` (`assessment_id`),
  KEY `question_id_index` (`question_id`),
  KEY `assessment_response_resource__fk` (`recommended_resource_id`),
  CONSTRAINT `assessment_response_ibfk_1` FOREIGN KEY (`assessment_id`) REFERENCES `assessment` (`id`),
  CONSTRAINT `assessment_response_ibfk_2` FOREIGN KEY (`question_id`) REFERENCES `question` (`id`),
  CONSTRAINT `assessment_response_resource__fk` FOREIGN KEY (`recommended_resource_id`) REFERENCES `resource` (`id`)
) ENGINE=InnoDB AUTO_INCREMENT=20529 DEFAULT CHARSET=utf8 ROW_FORMAT=COMPACT;

-- ----------------------------
--  Records of `assessment_response`
-- ----------------------------
BEGIN;
INSERT INTO `assessment_response` VALUES ('17581', '852', '61', '3', null, null, '3', null, '2015-02-01 20:43:48'), ('17582', '853', '61', '5', null, null, '5', null, '2015-03-06 20:43:48'), ('17583', '854', '61', '5', null, null, '5', null, '2015-01-15 20:43:48'), ('17584', '855', '61', '2', null, null, '2', null, '2015-03-07 20:43:48'), ('17585', '856', '61', '2', null, null, '2', null, '2015-03-09 20:43:48'), ('17586', '857', '61', '1', null, null, '1', null, '2015-01-29 20:43:48'), ('17587', '858', '61', '1', null, null, '1', null, '2015-01-26 20:43:48'), ('17588', '859', '61', '4', null, null, '4', null, '2015-01-30 20:43:48'), ('17589', '860', '61', '2', null, null, '2', null, '2015-02-25 20:43:48'), ('17590', '861', '61', '1', null, null, '1', null, '2015-03-16 20:43:48'), ('17591', '862', '61', '5', null, null, '5', null, '2015-04-03 20:43:48'), ('17592', '863', '61', '1', null, null, '1', null, '2015-01-27 20:43:48'), ('17593', '864', '61', '1', null, null, '1', null, '2015-02-10 20:43:48'), ('17594', '865', '61', '5', null, null, '5', null, '2015-04-19 20:43:48'), ('17595', '866', '61', '4', null, null, '4', null, '2015-04-18 20:43:48'), ('17596', '867', '61', '2', null, null, '2', null, '2015-04-07 20:43:48'), ('17597', '868', '61', '3', null, null, '3', null, '2015-02-15 20:43:48'), ('17598', '869', '61', '5', null, null, '5', null, '2015-01-27 20:43:48'), ('17599', '870', '61', '3', null, null, '3', null, '2015-03-22 20:43:48'), ('17600', '883', '61', '2', null, null, '2', null, '2015-07-31 20:43:48'), ('17601', '884', '61', '1', null, null, '1', null, '2015-07-17 20:43:48'), ('17602', '885', '61', '4', null, null, '4', null, '2015-05-16 20:43:48'), ('17603', '886', '61', '1', null, null, '1', null, '2015-06-25 20:43:48'), ('17604', '887', '61', '3', null, null, '3', null, '2015-06-04 20:43:48'), ('17605', '888', '61', '4', null, null, '4', null, '2015-05-11 20:43:48'), ('17606', '889', '61', '1', null, null, '1', null, '2015-06-28 20:43:48'), ('17607', '890', '61', '3', null, null, '3', null, '2015-07-05 20:43:48'), ('17608', '891', '61', '5', null, null, '5', null, '2015-06-25 20:43:48'), ('17609', '892', '61', '3', null, null, '3', null, '2015-07-25 20:43:48'), ('17610', '893', '61', '5', null, null, '5', null, '2015-07-07 20:43:48'), ('17611', '894', '61', '1', null, null, '1', null, '2015-07-25 20:43:48'), ('17612', '895', '61', '2', null, null, '2', null, '2015-05-31 20:43:48'), ('17613', '896', '61', '4', null, null, '4', null, '2015-05-05 20:43:48'), ('17614', '897', '61', '1', null, null, '1', null, '2015-06-04 20:43:48'), ('17615', '898', '61', '3', null, null, '3', null, '2015-07-04 20:43:48'), ('17616', '899', '61', '3', null, null, '3', null, '2015-05-26 20:43:48'), ('17617', '900', '61', '3', null, null, '3', null, '2015-06-09 20:43:48'), ('17618', '901', '61', '3', null, null, '3', null, '2015-05-26 20:43:48'), ('17619', '914', '61', '5', null, null, '5', null, '2015-08-22 20:43:48'), ('17620', '915', '61', '4', null, null, '4', null, '2015-08-08 20:43:48'), ('17621', '916', '61', '5', null, null, '5', null, '2015-10-10 20:43:48'), ('17622', '917', '61', '4', null, null, '4', null, '2015-08-28 20:43:48'), ('17623', '918', '61', '4', null, null, '4', null, '2015-08-25 20:43:48'), ('17624', '919', '61', '2', null, null, '2', null, '2015-09-06 20:43:48'), ('17625', '920', '61', '1', null, null, '1', null, '2015-08-09 20:43:48'), ('17626', '921', '61', '4', null, null, '4', null, '2015-09-01 20:43:48'), ('17627', '922', '61', '2', null, null, '2', null, '2015-08-29 20:43:48'), ('17628', '923', '61', '1', null, null, '1', null, '2015-09-14 20:43:48'), ('17629', '924', '61', '3', null, null, '3', null, '2015-09-08 20:43:48'), ('17630', '925', '61', '4', null, null, '4', null, '2015-09-25 20:43:48'), ('17631', '926', '61', '3', null, null, '3', null, '2015-09-30 20:43:48'), ('17632', '927', '61', '5', null, null, '5', null, '2015-09-03 20:43:48'), ('17633', '928', '61', '1', null, null, '1', null, '2015-10-22 20:43:48'), ('17634', '929', '61', '4', null, null, '4', null, '2015-08-14 20:43:48'), ('17635', '930', '61', '4', null, null, '4', null, '2015-08-15 20:43:48'), ('17636', '931', '61', '5', null, null, '5', null, '2015-09-01 20:43:48'), ('17637', '932', '61', '2', null, null, '2', null, '2015-08-14 20:43:48'), ('17638', '945', '61', '4', null, null, '4', null, '2015-12-13 20:43:48'), ('17639', '946', '61', '4', null, null, '4', null, '2015-11-26 20:43:48'), ('17640', '947', '61', '4', null, null, '4', null, '2015-11-12 20:43:48'), ('17641', '948', '61', '2', null, null, '2', null, '2015-12-06 20:43:48'), ('17642', '949', '61', '2', null, null, '2', null, '2015-12-11 20:43:48'), ('17643', '950', '61', '2', null, null, '2', null, '2015-12-07 20:43:48'), ('17644', '951', '61', '3', null, null, '3', null, '2015-11-16 20:43:48'), ('17645', '952', '61', '1', null, null, '1', null, '2015-11-29 20:43:48'), ('17646', '953', '61', '3', null, null, '3', null, '2015-12-22 20:43:48'), ('17647', '954', '61', '4', null, null, '4', null, '2015-12-15 20:43:48'), ('17648', '852', '62', '4', null, null, '4', null, '2015-02-01 20:43:48'), ('17649', '853', '62', '3', null, null, '3', null, '2015-03-06 20:43:48'), ('17650', '854', '62', '4', null, null, '4', null, '2015-01-15 20:43:48'), ('17651', '855', '62', '1', null, null, '1', null, '2015-03-07 20:43:48'), ('17652', '856', '62', '1', null, null, '1', null, '2015-03-09 20:43:48'), ('17653', '857', '62', '2', null, null, '2', null, '2015-01-29 20:43:48'), ('17654', '858', '62', '1', null, null, '1', null, '2015-01-26 20:43:48'), ('17655', '859', '62', '3', null, null, '3', null, '2015-01-30 20:43:48'), ('17656', '860', '62', '3', null, null, '3', null, '2015-02-25 20:43:48'), ('17657', '861', '62', '5', null, null, '5', null, '2015-03-16 20:43:48'), ('17658', '862', '62', '4', null, null, '4', null, '2015-04-03 20:43:48'), ('17659', '863', '62', '2', null, null, '2', null, '2015-01-27 20:43:48'), ('17660', '864', '62', '1', null, null, '1', null, '2015-02-10 20:43:48'), ('17661', '865', '62', '3', null, null, '3', null, '2015-04-19 20:43:48'), ('17662', '866', '62', '5', null, null, '5', null, '2015-04-18 20:43:48'), ('17663', '867', '62', '2', null, null, '2', null, '2015-04-07 20:43:48'), ('17664', '868', '62', '5', null, null, '5', null, '2015-02-15 20:43:48'), ('17665', '869', '62', '3', null, null, '3', null, '2015-01-27 20:43:48'), ('17666', '870', '62', '3', null, null, '3', null, '2015-03-22 20:43:48'), ('17667', '883', '62', '2', null, null, '2', null, '2015-07-31 20:43:48'), ('17668', '884', '62', '2', null, null, '2', null, '2015-07-17 20:43:48'), ('17669', '885', '62', '4', null, null, '4', null, '2015-05-16 20:43:48'), ('17670', '886', '62', '1', null, null, '1', null, '2015-06-25 20:43:48'), ('17671', '887', '62', '4', null, null, '4', null, '2015-06-04 20:43:48'), ('17672', '888', '62', '1', null, null, '1', null, '2015-05-11 20:43:48'), ('17673', '889', '62', '3', null, null, '3', null, '2015-06-28 20:43:48'), ('17674', '890', '62', '3', null, null, '3', null, '2015-07-05 20:43:48'), ('17675', '891', '62', '5', null, null, '5', null, '2015-06-25 20:43:48'), ('17676', '892', '62', '5', null, null, '5', null, '2015-07-25 20:43:48'), ('17677', '893', '62', '2', null, null, '2', null, '2015-07-07 20:43:48'), ('17678', '894', '62', '3', null, null, '3', null, '2015-07-25 20:43:48'), ('17679', '895', '62', '1', null, null, '1', null, '2015-05-31 20:43:48'), ('17680', '896', '62', '2', null, null, '2', null, '2015-05-05 20:43:48'), ('17681', '897', '62', '5', null, null, '5', null, '2015-06-04 20:43:48'), ('17682', '898', '62', '3', null, null, '3', null, '2015-07-04 20:43:48'), ('17683', '899', '62', '4', null, null, '4', null, '2015-05-26 20:43:48'), ('17684', '900', '62', '3', null, null, '3', null, '2015-06-09 20:43:48'), ('17685', '901', '62', '5', null, null, '5', null, '2015-05-26 20:43:48'), ('17686', '914', '62', '3', null, null, '3', null, '2015-08-22 20:43:48'), ('17687', '915', '62', '5', null, null, '5', null, '2015-08-08 20:43:48'), ('17688', '916', '62', '2', null, null, '2', null, '2015-10-10 20:43:48'), ('17689', '917', '62', '3', null, null, '3', null, '2015-08-28 20:43:48'), ('17690', '918', '62', '1', null, null, '1', null, '2015-08-25 20:43:48'), ('17691', '919', '62', '3', null, null, '3', null, '2015-09-06 20:43:48'), ('17692', '920', '62', '4', null, null, '4', null, '2015-08-09 20:43:48'), ('17693', '921', '62', '5', null, null, '5', null, '2015-09-01 20:43:48'), ('17694', '922', '62', '4', null, null, '4', null, '2015-08-29 20:43:48'), ('17695', '923', '62', '1', null, null, '1', null, '2015-09-14 20:43:48'), ('17696', '924', '62', '4', null, null, '4', null, '2015-09-08 20:43:48'), ('17697', '925', '62', '3', null, null, '3', null, '2015-09-25 20:43:48'), ('17698', '926', '62', '5', null, null, '5', null, '2015-09-30 20:43:48'), ('17699', '927', '62', '2', null, null, '2', null, '2015-09-03 20:43:48'), ('17700', '928', '62', '2', null, null, '2', null, '2015-10-22 20:43:48'), ('17701', '929', '62', '2', null, null, '2', null, '2015-08-14 20:43:48'), ('17702', '930', '62', '4', null, null, '4', null, '2015-08-15 20:43:48'), ('17703', '931', '62', '2', null, null, '2', null, '2015-09-01 20:43:48'), ('17704', '932', '62', '3', null, null, '3', null, '2015-08-14 20:43:48'), ('17705', '945', '62', '1', null, null, '1', null, '2015-12-13 20:43:48'), ('17706', '946', '62', '3', null, null, '3', null, '2015-11-26 20:43:48'), ('17707', '947', '62', '4', null, null, '4', null, '2015-11-12 20:43:48'), ('17708', '948', '62', '5', null, null, '5', null, '2015-12-06 20:43:48'), ('17709', '949', '62', '4', null, null, '4', null, '2015-12-11 20:43:48'), ('17710', '950', '62', '1', null, null, '1', null, '2015-12-07 20:43:48'), ('17711', '951', '62', '4', null, null, '4', null, '2015-11-16 20:43:48'), ('17712', '952', '62', '2', null, null, '2', null, '2015-11-29 20:43:48'), ('17713', '953', '62', '4', null, null, '4', null, '2015-12-22 20:43:48'), ('17714', '954', '62', '1', null, null, '1', null, '2015-12-15 20:43:48'), ('17715', '852', '63', '5', null, null, '5', null, '2015-02-01 20:43:48'), ('17716', '853', '63', '2', null, null, '2', null, '2015-03-06 20:43:48'), ('17717', '854', '63', '2', null, null, '2', null, '2015-01-15 20:43:48'), ('17718', '855', '63', '1', null, null, '1', null, '2015-03-07 20:43:48'), ('17719', '856', '63', '2', null, null, '2', null, '2015-03-09 20:43:48'), ('17720', '857', '63', '1', null, null, '1', null, '2015-01-29 20:43:48'), ('17721', '858', '63', '3', null, null, '3', null, '2015-01-26 20:43:48'), ('17722', '859', '63', '4', null, null, '4', null, '2015-01-30 20:43:48'), ('17723', '860', '63', '4', null, null, '4', null, '2015-02-25 20:43:48'), ('17724', '861', '63', '5', null, null, '5', null, '2015-03-16 20:43:48'), ('17725', '862', '63', '4', null, null, '4', null, '2015-04-03 20:43:48'), ('17726', '863', '63', '1', null, null, '1', null, '2015-01-27 20:43:48'), ('17727', '864', '63', '4', null, null, '4', null, '2015-02-10 20:43:48'), ('17728', '865', '63', '1', null, null, '1', null, '2015-04-19 20:43:48'), ('17729', '866', '63', '5', null, null, '5', null, '2015-04-18 20:43:48'), ('17730', '867', '63', '4', null, null, '4', null, '2015-04-07 20:43:48'), ('17731', '868', '63', '2', null, null, '2', null, '2015-02-15 20:43:48'), ('17732', '869', '63', '2', null, null, '2', null, '2015-01-27 20:43:48'), ('17733', '870', '63', '1', null, null, '1', null, '2015-03-22 20:43:48'), ('17734', '883', '63', '2', null, null, '2', null, '2015-07-31 20:43:48'), ('17735', '884', '63', '1', null, null, '1', null, '2015-07-17 20:43:48'), ('17736', '885', '63', '3', null, null, '3', null, '2015-05-16 20:43:48'), ('17737', '886', '63', '1', null, null, '1', null, '2015-06-25 20:43:48'), ('17738', '887', '63', '2', null, null, '2', null, '2015-06-04 20:43:48'), ('17739', '888', '63', '5', null, null, '5', null, '2015-05-11 20:43:48'), ('17740', '889', '63', '5', null, null, '5', null, '2015-06-28 20:43:48'), ('17741', '890', '63', '2', null, null, '2', null, '2015-07-05 20:43:48'), ('17742', '891', '63', '2', null, null, '2', null, '2015-06-25 20:43:48'), ('17743', '892', '63', '4', null, null, '4', null, '2015-07-25 20:43:48'), ('17744', '893', '63', '2', null, null, '2', null, '2015-07-07 20:43:48'), ('17745', '894', '63', '1', null, null, '1', null, '2015-07-25 20:43:48'), ('17746', '895', '63', '4', null, null, '4', null, '2015-05-31 20:43:48'), ('17747', '896', '63', '4', null, null, '4', null, '2015-05-05 20:43:48'), ('17748', '897', '63', '1', null, null, '1', null, '2015-06-04 20:43:48'), ('17749', '898', '63', '1', null, null, '1', null, '2015-07-04 20:43:48'), ('17750', '899', '63', '3', null, null, '3', null, '2015-05-26 20:43:48'), ('17751', '900', '63', '2', null, null, '2', null, '2015-06-09 20:43:48'), ('17752', '901', '63', '3', null, null, '3', null, '2015-05-26 20:43:48'), ('17753', '914', '63', '1', null, null, '1', null, '2015-08-22 20:43:48'), ('17754', '915', '63', '3', null, null, '3', null, '2015-08-08 20:43:48'), ('17755', '916', '63', '4', null, null, '4', null, '2015-10-10 20:43:48'), ('17756', '917', '63', '4', null, null, '4', null, '2015-08-28 20:43:48'), ('17757', '918', '63', '3', null, null, '3', null, '2015-08-25 20:43:48'), ('17758', '919', '63', '1', null, null, '1', null, '2015-09-06 20:43:48'), ('17759', '920', '63', '5', null, null, '5', null, '2015-08-09 20:43:48'), ('17760', '921', '63', '1', null, null, '1', null, '2015-09-01 20:43:48'), ('17761', '922', '63', '4', null, null, '4', null, '2015-08-29 20:43:48'), ('17762', '923', '63', '4', null, null, '4', null, '2015-09-14 20:43:48'), ('17763', '924', '63', '4', null, null, '4', null, '2015-09-08 20:43:48'), ('17764', '925', '63', '1', null, null, '1', null, '2015-09-25 20:43:48'), ('17765', '926', '63', '2', null, null, '2', null, '2015-09-30 20:43:48'), ('17766', '927', '63', '1', null, null, '1', null, '2015-09-03 20:43:48'), ('17767', '928', '63', '4', null, null, '4', null, '2015-10-22 20:43:48'), ('17768', '929', '63', '5', null, null, '5', null, '2015-08-14 20:43:48'), ('17769', '930', '63', '4', null, null, '4', null, '2015-08-15 20:43:48'), ('17770', '931', '63', '4', null, null, '4', null, '2015-09-01 20:43:48'), ('17771', '932', '63', '3', null, null, '3', null, '2015-08-14 20:43:48'), ('17772', '945', '63', '3', null, null, '3', null, '2015-12-13 20:43:48'), ('17773', '946', '63', '5', null, null, '5', null, '2015-11-26 20:43:48'), ('17774', '947', '63', '2', null, null, '2', null, '2015-11-12 20:43:48'), ('17775', '948', '63', '2', null, null, '2', null, '2015-12-06 20:43:48'), ('17776', '949', '63', '3', null, null, '3', null, '2015-12-11 20:43:48'), ('17777', '950', '63', '1', null, null, '1', null, '2015-12-07 20:43:48'), ('17778', '951', '63', '2', null, null, '2', null, '2015-11-16 20:43:48'), ('17779', '952', '63', '5', null, null, '5', null, '2015-11-29 20:43:48'), ('17780', '953', '63', '3', null, null, '3', null, '2015-12-22 20:43:48'), ('17781', '954', '63', '5', null, null, '5', null, '2015-12-15 20:43:48'), ('17782', '852', '64', '3', null, null, '3', null, '2015-02-01 20:43:48'), ('17783', '853', '64', '1', null, null, '1', null, '2015-03-06 20:43:48'), ('17784', '854', '64', '2', null, null, '2', null, '2015-01-15 20:43:48'), ('17785', '855', '64', '5', null, null, '5', null, '2015-03-07 20:43:48'), ('17786', '856', '64', '3', null, null, '3', null, '2015-03-09 20:43:48'), ('17787', '857', '64', '4', null, null, '4', null, '2015-01-29 20:43:48'), ('17788', '858', '64', '3', null, null, '3', null, '2015-01-26 20:43:48'), ('17789', '859', '64', '1', null, null, '1', null, '2015-01-30 20:43:48'), ('17790', '860', '64', '5', null, null, '5', null, '2015-02-25 20:43:48'), ('17791', '861', '64', '1', null, null, '1', null, '2015-03-16 20:43:48'), ('17792', '862', '64', '5', null, null, '5', null, '2015-04-03 20:43:48'), ('17793', '863', '64', '2', null, null, '2', null, '2015-01-27 20:43:48'), ('17794', '864', '64', '5', null, null, '5', null, '2015-02-10 20:43:48'), ('17795', '865', '64', '4', null, null, '4', null, '2015-04-19 20:43:48'), ('17796', '866', '64', '3', null, null, '3', null, '2015-04-18 20:43:48'), ('17797', '867', '64', '2', null, null, '2', null, '2015-04-07 20:43:48'), ('17798', '868', '64', '5', null, null, '5', null, '2015-02-15 20:43:48'), ('17799', '869', '64', '5', null, null, '5', null, '2015-01-27 20:43:48'), ('17800', '870', '64', '3', null, null, '3', null, '2015-03-22 20:43:48'), ('17801', '883', '64', '1', null, null, '1', null, '2015-07-31 20:43:48'), ('17802', '884', '64', '3', null, null, '3', null, '2015-07-17 20:43:48'), ('17803', '885', '64', '3', null, null, '3', null, '2015-05-16 20:43:48'), ('17804', '886', '64', '5', null, null, '5', null, '2015-06-25 20:43:48'), ('17805', '887', '64', '5', null, null, '5', null, '2015-06-04 20:43:48'), ('17806', '888', '64', '5', null, null, '5', null, '2015-05-11 20:43:48'), ('17807', '889', '64', '4', null, null, '4', null, '2015-06-28 20:43:48'), ('17808', '890', '64', '4', null, null, '4', null, '2015-07-05 20:43:48'), ('17809', '891', '64', '3', null, null, '3', null, '2015-06-25 20:43:48'), ('17810', '892', '64', '2', null, null, '2', null, '2015-07-25 20:43:48'), ('17811', '893', '64', '1', null, null, '1', null, '2015-07-07 20:43:48'), ('17812', '894', '64', '5', null, null, '5', null, '2015-07-25 20:43:48'), ('17813', '895', '64', '2', null, null, '2', null, '2015-05-31 20:43:48'), ('17814', '896', '64', '2', null, null, '2', null, '2015-05-05 20:43:48'), ('17815', '897', '64', '4', null, null, '4', null, '2015-06-04 20:43:48'), ('17816', '898', '64', '5', null, null, '5', null, '2015-07-04 20:43:48'), ('17817', '899', '64', '3', null, null, '3', null, '2015-05-26 20:43:48'), ('17818', '900', '64', '1', null, null, '1', null, '2015-06-09 20:43:48'), ('17819', '901', '64', '3', null, null, '3', null, '2015-05-26 20:43:48'), ('17820', '914', '64', '5', null, null, '5', null, '2015-08-22 20:43:48'), ('17821', '915', '64', '3', null, null, '3', null, '2015-08-08 20:43:48'), ('17822', '916', '64', '3', null, null, '3', null, '2015-10-10 20:43:48'), ('17823', '917', '64', '4', null, null, '4', null, '2015-08-28 20:43:48'), ('17824', '918', '64', '2', null, null, '2', null, '2015-08-25 20:43:48'), ('17825', '919', '64', '3', null, null, '3', null, '2015-09-06 20:43:48'), ('17826', '920', '64', '1', null, null, '1', null, '2015-08-09 20:43:48'), ('17827', '921', '64', '4', null, null, '4', null, '2015-09-01 20:43:48'), ('17828', '922', '64', '5', null, null, '5', null, '2015-08-29 20:43:48'), ('17829', '923', '64', '4', null, null, '4', null, '2015-09-14 20:43:48'), ('17830', '924', '64', '4', null, null, '4', null, '2015-09-08 20:43:48'), ('17831', '925', '64', '2', null, null, '2', null, '2015-09-25 20:43:48'), ('17832', '926', '64', '4', null, null, '4', null, '2015-09-30 20:43:48'), ('17833', '927', '64', '3', null, null, '3', null, '2015-09-03 20:43:48'), ('17834', '928', '64', '1', null, null, '1', null, '2015-10-22 20:43:48'), ('17835', '929', '64', '2', null, null, '2', null, '2015-08-14 20:43:48'), ('17836', '930', '64', '1', null, null, '1', null, '2015-08-15 20:43:48'), ('17837', '931', '64', '4', null, null, '4', null, '2015-09-01 20:43:48'), ('17838', '932', '64', '5', null, null, '5', null, '2015-08-14 20:43:48'), ('17839', '945', '64', '3', null, null, '3', null, '2015-12-13 20:43:48'), ('17840', '946', '64', '5', null, null, '5', null, '2015-11-26 20:43:48'), ('17841', '947', '64', '5', null, null, '5', null, '2015-11-12 20:43:48'), ('17842', '948', '64', '2', null, null, '2', null, '2015-12-06 20:43:48'), ('17843', '949', '64', '1', null, null, '1', null, '2015-12-11 20:43:48'), ('17844', '950', '64', '1', null, null, '1', null, '2015-12-07 20:43:48'), ('17845', '951', '64', '1', null, null, '1', null, '2015-11-16 20:43:48'), ('17846', '952', '64', '2', null, null, '2', null, '2015-11-29 20:43:48'), ('17847', '953', '64', '2', null, null, '2', null, '2015-12-22 20:43:48'), ('17848', '954', '64', '4', null, null, '4', null, '2015-12-15 20:43:48'), ('17849', '852', '65', '1', null, null, '1', null, '2015-02-01 20:43:48'), ('17850', '853', '65', '5', null, null, '5', null, '2015-03-06 20:43:48'), ('17851', '854', '65', '1', null, null, '1', null, '2015-01-15 20:43:48'), ('17852', '855', '65', '3', null, null, '3', null, '2015-03-07 20:43:48'), ('17853', '856', '65', '4', null, null, '4', null, '2015-03-09 20:43:48'), ('17854', '857', '65', '4', null, null, '4', null, '2015-01-29 20:43:48'), ('17855', '858', '65', '4', null, null, '4', null, '2015-01-26 20:43:48'), ('17856', '859', '65', '5', null, null, '5', null, '2015-01-30 20:43:48'), ('17857', '860', '65', '4', null, null, '4', null, '2015-02-25 20:43:48'), ('17858', '861', '65', '4', null, null, '4', null, '2015-03-16 20:43:48'), ('17859', '862', '65', '3', null, null, '3', null, '2015-04-03 20:43:48'), ('17860', '863', '65', '4', null, null, '4', null, '2015-01-27 20:43:48'), ('17861', '864', '65', '1', null, null, '1', null, '2015-02-10 20:43:48'), ('17862', '865', '65', '5', null, null, '5', null, '2015-04-19 20:43:48'), ('17863', '866', '65', '2', null, null, '2', null, '2015-04-18 20:43:48'), ('17864', '867', '65', '5', null, null, '5', null, '2015-04-07 20:43:48'), ('17865', '868', '65', '2', null, null, '2', null, '2015-02-15 20:43:48'), ('17866', '869', '65', '2', null, null, '2', null, '2015-01-27 20:43:48'), ('17867', '870', '65', '4', null, null, '4', null, '2015-03-22 20:43:48'), ('17868', '883', '65', '3', null, null, '3', null, '2015-07-31 20:43:48'), ('17869', '884', '65', '2', null, null, '2', null, '2015-07-17 20:43:48'), ('17870', '885', '65', '1', null, null, '1', null, '2015-05-16 20:43:48'), ('17871', '886', '65', '3', null, null, '3', null, '2015-06-25 20:43:48'), ('17872', '887', '65', '1', null, null, '1', null, '2015-06-04 20:43:48'), ('17873', '888', '65', '3', null, null, '3', null, '2015-05-11 20:43:48'), ('17874', '889', '65', '3', null, null, '3', null, '2015-06-28 20:43:48'), ('17875', '890', '65', '2', null, null, '2', null, '2015-07-05 20:43:48'), ('17876', '891', '65', '1', null, null, '1', null, '2015-06-25 20:43:48'), ('17877', '892', '65', '4', null, null, '4', null, '2015-07-25 20:43:48'), ('17878', '893', '65', '1', null, null, '1', null, '2015-07-07 20:43:48'), ('17879', '894', '65', '3', null, null, '3', null, '2015-07-25 20:43:48'), ('17880', '895', '65', '1', null, null, '1', null, '2015-05-31 20:43:48'), ('17881', '896', '65', '5', null, null, '5', null, '2015-05-05 20:43:48'), ('17882', '897', '65', '2', null, null, '2', null, '2015-06-04 20:43:48'), ('17883', '898', '65', '4', null, null, '4', null, '2015-07-04 20:43:48'), ('17884', '899', '65', '2', null, null, '2', null, '2015-05-26 20:43:48'), ('17885', '900', '65', '3', null, null, '3', null, '2015-06-09 20:43:48'), ('17886', '901', '65', '4', null, null, '4', null, '2015-05-26 20:43:48'), ('17887', '914', '65', '1', null, null, '1', null, '2015-08-22 20:43:48'), ('17888', '915', '65', '2', null, null, '2', null, '2015-08-08 20:43:48'), ('17889', '916', '65', '4', null, null, '4', null, '2015-10-10 20:43:48'), ('17890', '917', '65', '2', null, null, '2', null, '2015-08-28 20:43:48'), ('17891', '918', '65', '3', null, null, '3', null, '2015-08-25 20:43:48'), ('17892', '919', '65', '4', null, null, '4', null, '2015-09-06 20:43:48'), ('17893', '920', '65', '2', null, null, '2', null, '2015-08-09 20:43:48'), ('17894', '921', '65', '5', null, null, '5', null, '2015-09-01 20:43:48'), ('17895', '922', '65', '5', null, null, '5', null, '2015-08-29 20:43:48'), ('17896', '923', '65', '3', null, null, '3', null, '2015-09-14 20:43:48'), ('17897', '924', '65', '4', null, null, '4', null, '2015-09-08 20:43:48'), ('17898', '925', '65', '5', null, null, '5', null, '2015-09-25 20:43:48'), ('17899', '926', '65', '2', null, null, '2', null, '2015-09-30 20:43:48'), ('17900', '927', '65', '4', null, null, '4', null, '2015-09-03 20:43:48'), ('17901', '928', '65', '4', null, null, '4', null, '2015-10-22 20:43:48'), ('17902', '929', '65', '3', null, null, '3', null, '2015-08-14 20:43:48'), ('17903', '930', '65', '1', null, null, '1', null, '2015-08-15 20:43:48'), ('17904', '931', '65', '2', null, null, '2', null, '2015-09-01 20:43:48'), ('17905', '932', '65', '5', null, null, '5', null, '2015-08-14 20:43:48'), ('17906', '945', '65', '1', null, null, '1', null, '2015-12-13 20:43:48'), ('17907', '946', '65', '3', null, null, '3', null, '2015-11-26 20:43:48'), ('17908', '947', '65', '2', null, null, '2', null, '2015-11-12 20:43:48'), ('17909', '948', '65', '5', null, null, '5', null, '2015-12-06 20:43:48'), ('17910', '949', '65', '2', null, null, '2', null, '2015-12-11 20:43:48'), ('17911', '950', '65', '5', null, null, '5', null, '2015-12-07 20:43:48'), ('17912', '951', '65', '5', null, null, '5', null, '2015-11-16 20:43:48'), ('17913', '952', '65', '5', null, null, '5', null, '2015-11-29 20:43:48'), ('17914', '953', '65', '3', null, null, '3', null, '2015-12-22 20:43:48'), ('17915', '954', '65', '5', null, null, '5', null, '2015-12-15 20:43:48'), ('17916', '852', '66', '1', null, null, '1', null, '2015-02-01 20:43:48'), ('17917', '853', '66', '3', null, null, '3', null, '2015-03-06 20:43:48'), ('17918', '854', '66', '1', null, null, '1', null, '2015-01-15 20:43:48'), ('17919', '855', '66', '1', null, null, '1', null, '2015-03-07 20:43:48'), ('17920', '856', '66', '1', null, null, '1', null, '2015-03-09 20:43:48'), ('17921', '857', '66', '2', null, null, '2', null, '2015-01-29 20:43:48'), ('17922', '858', '66', '4', null, null, '4', null, '2015-01-26 20:43:48'), ('17923', '859', '66', '5', null, null, '5', null, '2015-01-30 20:43:48'), ('17924', '860', '66', '4', null, null, '4', null, '2015-02-25 20:43:48'), ('17925', '861', '66', '3', null, null, '3', null, '2015-03-16 20:43:48'), ('17926', '862', '66', '4', null, null, '4', null, '2015-04-03 20:43:48'), ('17927', '863', '66', '5', null, null, '5', null, '2015-01-27 20:43:48'), ('17928', '864', '66', '2', null, null, '2', null, '2015-02-10 20:43:48'), ('17929', '865', '66', '3', null, null, '3', null, '2015-04-19 20:43:48'), ('17930', '866', '66', '2', null, null, '2', null, '2015-04-18 20:43:48'), ('17931', '867', '66', '2', null, null, '2', null, '2015-04-07 20:43:48'), ('17932', '868', '66', '1', null, null, '1', null, '2015-02-15 20:43:48'), ('17933', '869', '66', '1', null, null, '1', null, '2015-01-27 20:43:48'), ('17934', '870', '66', '2', null, null, '2', null, '2015-03-22 20:43:48'), ('17935', '883', '66', '2', null, null, '2', null, '2015-07-31 20:43:48'), ('17936', '884', '66', '2', null, null, '2', null, '2015-07-17 20:43:48'), ('17937', '885', '66', '5', null, null, '5', null, '2015-05-16 20:43:48'), ('17938', '886', '66', '5', null, null, '5', null, '2015-06-25 20:43:48'), ('17939', '887', '66', '4', null, null, '4', null, '2015-06-04 20:43:48'), ('17940', '888', '66', '1', null, null, '1', null, '2015-05-11 20:43:48'), ('17941', '889', '66', '1', null, null, '1', null, '2015-06-28 20:43:48'), ('17942', '890', '66', '2', null, null, '2', null, '2015-07-05 20:43:48'), ('17943', '891', '66', '1', null, null, '1', null, '2015-06-25 20:43:48'), ('17944', '892', '66', '2', null, null, '2', null, '2015-07-25 20:43:48'), ('17945', '893', '66', '3', null, null, '3', null, '2015-07-07 20:43:48'), ('17946', '894', '66', '5', null, null, '5', null, '2015-07-25 20:43:48'), ('17947', '895', '66', '5', null, null, '5', null, '2015-05-31 20:43:48'), ('17948', '896', '66', '4', null, null, '4', null, '2015-05-05 20:43:48'), ('17949', '897', '66', '1', null, null, '1', null, '2015-06-04 20:43:48'), ('17950', '898', '66', '5', null, null, '5', null, '2015-07-04 20:43:48'), ('17951', '899', '66', '5', null, null, '5', null, '2015-05-26 20:43:48'), ('17952', '900', '66', '1', null, null, '1', null, '2015-06-09 20:43:48'), ('17953', '901', '66', '1', null, null, '1', null, '2015-05-26 20:43:48'), ('17954', '914', '66', '5', null, null, '5', null, '2015-08-22 20:43:48'), ('17955', '915', '66', '2', null, null, '2', null, '2015-08-08 20:43:48'), ('17956', '916', '66', '4', null, null, '4', null, '2015-10-10 20:43:48'), ('17957', '917', '66', '5', null, null, '5', null, '2015-08-28 20:43:48'), ('17958', '918', '66', '1', null, null, '1', null, '2015-08-25 20:43:48'), ('17959', '919', '66', '4', null, null, '4', null, '2015-09-06 20:43:48'), ('17960', '920', '66', '1', null, null, '1', null, '2015-08-09 20:43:48'), ('17961', '921', '66', '5', null, null, '5', null, '2015-09-01 20:43:48'), ('17962', '922', '66', '1', null, null, '1', null, '2015-08-29 20:43:48'), ('17963', '923', '66', '3', null, null, '3', null, '2015-09-14 20:43:48'), ('17964', '924', '66', '3', null, null, '3', null, '2015-09-08 20:43:48'), ('17965', '925', '66', '2', null, null, '2', null, '2015-09-25 20:43:48'), ('17966', '926', '66', '4', null, null, '4', null, '2015-09-30 20:43:48'), ('17967', '927', '66', '4', null, null, '4', null, '2015-09-03 20:43:48'), ('17968', '928', '66', '3', null, null, '3', null, '2015-10-22 20:43:48'), ('17969', '929', '66', '1', null, null, '1', null, '2015-08-14 20:43:48'), ('17970', '930', '66', '5', null, null, '5', null, '2015-08-15 20:43:48'), ('17971', '931', '66', '5', null, null, '5', null, '2015-09-01 20:43:48'), ('17972', '932', '66', '2', null, null, '2', null, '2015-08-14 20:43:48'), ('17973', '945', '66', '3', null, null, '3', null, '2015-12-13 20:43:48'), ('17974', '946', '66', '4', null, null, '4', null, '2015-11-26 20:43:48'), ('17975', '947', '66', '3', null, null, '3', null, '2015-11-12 20:43:48'), ('17976', '948', '66', '4', null, null, '4', null, '2015-12-06 20:43:48'), ('17977', '949', '66', '1', null, null, '1', null, '2015-12-11 20:43:48'), ('17978', '950', '66', '1', null, null, '1', null, '2015-12-07 20:43:48'), ('17979', '951', '66', '3', null, null, '3', null, '2015-11-16 20:43:48'), ('17980', '952', '66', '2', null, null, '2', null, '2015-11-29 20:43:48'), ('17981', '953', '66', '4', null, null, '4', null, '2015-12-22 20:43:48'), ('17982', '954', '66', '1', null, null, '1', null, '2015-12-15 20:43:48'), ('17983', '852', '67', '2', null, null, '2', null, '2015-02-01 20:43:48'), ('17984', '853', '67', '1', null, null, '1', null, '2015-03-06 20:43:48'), ('17985', '854', '67', '4', null, null, '4', null, '2015-01-15 20:43:48'), ('17986', '855', '67', '3', null, null, '3', null, '2015-03-07 20:43:48'), ('17987', '856', '67', '1', null, null, '1', null, '2015-03-09 20:43:48'), ('17988', '857', '67', '1', null, null, '1', null, '2015-01-29 20:43:48'), ('17989', '858', '67', '2', null, null, '2', null, '2015-01-26 20:43:48'), ('17990', '859', '67', '2', null, null, '2', null, '2015-01-30 20:43:48'), ('17991', '860', '67', '4', null, null, '4', null, '2015-02-25 20:43:48'), ('17992', '861', '67', '3', null, null, '3', null, '2015-03-16 20:43:48'), ('17993', '862', '67', '1', null, null, '1', null, '2015-04-03 20:43:48'), ('17994', '863', '67', '5', null, null, '5', null, '2015-01-27 20:43:48'), ('17995', '864', '67', '1', null, null, '1', null, '2015-02-10 20:43:48'), ('17996', '865', '67', '1', null, null, '1', null, '2015-04-19 20:43:48'), ('17997', '866', '67', '1', null, null, '1', null, '2015-04-18 20:43:48'), ('17998', '867', '67', '1', null, null, '1', null, '2015-04-07 20:43:48'), ('17999', '868', '67', '3', null, null, '3', null, '2015-02-15 20:43:48'), ('18000', '869', '67', '4', null, null, '4', null, '2015-01-27 20:43:48'), ('18001', '870', '67', '2', null, null, '2', null, '2015-03-22 20:43:48'), ('18002', '883', '67', '4', null, null, '4', null, '2015-07-31 20:43:48'), ('18003', '884', '67', '1', null, null, '1', null, '2015-07-17 20:43:48'), ('18004', '885', '67', '4', null, null, '4', null, '2015-05-16 20:43:48'), ('18005', '886', '67', '2', null, null, '2', null, '2015-06-25 20:43:48'), ('18006', '887', '67', '1', null, null, '1', null, '2015-06-04 20:43:48'), ('18007', '888', '67', '5', null, null, '5', null, '2015-05-11 20:43:48'), ('18008', '889', '67', '1', null, null, '1', null, '2015-06-28 20:43:48'), ('18009', '890', '67', '4', null, null, '4', null, '2015-07-05 20:43:48'), ('18010', '891', '67', '2', null, null, '2', null, '2015-06-25 20:43:48'), ('18011', '892', '67', '4', null, null, '4', null, '2015-07-25 20:43:48'), ('18012', '893', '67', '2', null, null, '2', null, '2015-07-07 20:43:48'), ('18013', '894', '67', '4', null, null, '4', null, '2015-07-25 20:43:48'), ('18014', '895', '67', '4', null, null, '4', null, '2015-05-31 20:43:48'), ('18015', '896', '67', '5', null, null, '5', null, '2015-05-05 20:43:48'), ('18016', '897', '67', '1', null, null, '1', null, '2015-06-04 20:43:48'), ('18017', '898', '67', '3', null, null, '3', null, '2015-07-04 20:43:48'), ('18018', '899', '67', '1', null, null, '1', null, '2015-05-26 20:43:48'), ('18019', '900', '67', '1', null, null, '1', null, '2015-06-09 20:43:48'), ('18020', '901', '67', '3', null, null, '3', null, '2015-05-26 20:43:48'), ('18021', '914', '67', '4', null, null, '4', null, '2015-08-22 20:43:48'), ('18022', '915', '67', '1', null, null, '1', null, '2015-08-08 20:43:48'), ('18023', '916', '67', '5', null, null, '5', null, '2015-10-10 20:43:48'), ('18024', '917', '67', '3', null, null, '3', null, '2015-08-28 20:43:48'), ('18025', '918', '67', '1', null, null, '1', null, '2015-08-25 20:43:48'), ('18026', '919', '67', '1', null, null, '1', null, '2015-09-06 20:43:48'), ('18027', '920', '67', '4', null, null, '4', null, '2015-08-09 20:43:48'), ('18028', '921', '67', '4', null, null, '4', null, '2015-09-01 20:43:48'), ('18029', '922', '67', '3', null, null, '3', null, '2015-08-29 20:43:48'), ('18030', '923', '67', '5', null, null, '5', null, '2015-09-14 20:43:48'), ('18031', '924', '67', '2', null, null, '2', null, '2015-09-08 20:43:48'), ('18032', '925', '67', '5', null, null, '5', null, '2015-09-25 20:43:48'), ('18033', '926', '67', '3', null, null, '3', null, '2015-09-30 20:43:48'), ('18034', '927', '67', '4', null, null, '4', null, '2015-09-03 20:43:48'), ('18035', '928', '67', '1', null, null, '1', null, '2015-10-22 20:43:48'), ('18036', '929', '67', '5', null, null, '5', null, '2015-08-14 20:43:48'), ('18037', '930', '67', '3', null, null, '3', null, '2015-08-15 20:43:48'), ('18038', '931', '67', '4', null, null, '4', null, '2015-09-01 20:43:48'), ('18039', '932', '67', '2', null, null, '2', null, '2015-08-14 20:43:48'), ('18040', '945', '67', '3', null, null, '3', null, '2015-12-13 20:43:48'), ('18041', '946', '67', '2', null, null, '2', null, '2015-11-26 20:43:48'), ('18042', '947', '67', '5', null, null, '5', null, '2015-11-12 20:43:48'), ('18043', '948', '67', '5', null, null, '5', null, '2015-12-06 20:43:48'), ('18044', '949', '67', '2', null, null, '2', null, '2015-12-11 20:43:48'), ('18045', '950', '67', '3', null, null, '3', null, '2015-12-07 20:43:48'), ('18046', '951', '67', '1', null, null, '1', null, '2015-11-16 20:43:48'), ('18047', '952', '67', '5', null, null, '5', null, '2015-11-29 20:43:48'), ('18048', '953', '67', '4', null, null, '4', null, '2015-12-22 20:43:48'), ('18049', '954', '67', '2', null, null, '2', null, '2015-12-15 20:43:48'), ('18050', '852', '68', '5', null, null, '5', null, '2015-02-01 20:43:48'), ('18051', '853', '68', '2', null, null, '2', null, '2015-03-06 20:43:48'), ('18052', '854', '68', '3', null, null, '3', null, '2015-01-15 20:43:48'), ('18053', '855', '68', '5', null, null, '5', null, '2015-03-07 20:43:48'), ('18054', '856', '68', '2', null, null, '2', null, '2015-03-09 20:43:48'), ('18055', '857', '68', '2', null, null, '2', null, '2015-01-29 20:43:48'), ('18056', '858', '68', '5', null, null, '5', null, '2015-01-26 20:43:48'), ('18057', '859', '68', '1', null, null, '1', null, '2015-01-30 20:43:48'), ('18058', '860', '68', '1', null, null, '1', null, '2015-02-25 20:43:48'), ('18059', '861', '68', '1', null, null, '1', null, '2015-03-16 20:43:48'), ('18060', '862', '68', '2', null, null, '2', null, '2015-04-03 20:43:48'), ('18061', '863', '68', '4', null, null, '4', null, '2015-01-27 20:43:48'), ('18062', '864', '68', '2', null, null, '2', null, '2015-02-10 20:43:48'), ('18063', '865', '68', '1', null, null, '1', null, '2015-04-19 20:43:48'), ('18064', '866', '68', '3', null, null, '3', null, '2015-04-18 20:43:48'), ('18065', '867', '68', '2', null, null, '2', null, '2015-04-07 20:43:48'), ('18066', '868', '68', '4', null, null, '4', null, '2015-02-15 20:43:48'), ('18067', '869', '68', '5', null, null, '5', null, '2015-01-27 20:43:48'), ('18068', '870', '68', '3', null, null, '3', null, '2015-03-22 20:43:48'), ('18069', '883', '68', '4', null, null, '4', null, '2015-07-31 20:43:48'), ('18070', '884', '68', '5', null, null, '5', null, '2015-07-17 20:43:48'), ('18071', '885', '68', '3', null, null, '3', null, '2015-05-16 20:43:48'), ('18072', '886', '68', '4', null, null, '4', null, '2015-06-25 20:43:48'), ('18073', '887', '68', '5', null, null, '5', null, '2015-06-04 20:43:48'), ('18074', '888', '68', '1', null, null, '1', null, '2015-05-11 20:43:48'), ('18075', '889', '68', '1', null, null, '1', null, '2015-06-28 20:43:48'), ('18076', '890', '68', '3', null, null, '3', null, '2015-07-05 20:43:48'), ('18077', '891', '68', '1', null, null, '1', null, '2015-06-25 20:43:48'), ('18078', '892', '68', '4', null, null, '4', null, '2015-07-25 20:43:48'), ('18079', '893', '68', '5', null, null, '5', null, '2015-07-07 20:43:48'), ('18080', '894', '68', '1', null, null, '1', null, '2015-07-25 20:43:48'), ('18081', '895', '68', '2', null, null, '2', null, '2015-05-31 20:43:48'), ('18082', '896', '68', '3', null, null, '3', null, '2015-05-05 20:43:48'), ('18083', '897', '68', '1', null, null, '1', null, '2015-06-04 20:43:48'), ('18084', '898', '68', '3', null, null, '3', null, '2015-07-04 20:43:48'), ('18085', '899', '68', '1', null, null, '1', null, '2015-05-26 20:43:48'), ('18086', '900', '68', '4', null, null, '4', null, '2015-06-09 20:43:48'), ('18087', '901', '68', '1', null, null, '1', null, '2015-05-26 20:43:48'), ('18088', '914', '68', '5', null, null, '5', null, '2015-08-22 20:43:48'), ('18089', '915', '68', '1', null, null, '1', null, '2015-08-08 20:43:48'), ('18090', '916', '68', '5', null, null, '5', null, '2015-10-10 20:43:48'), ('18091', '917', '68', '2', null, null, '2', null, '2015-08-28 20:43:48'), ('18092', '918', '68', '4', null, null, '4', null, '2015-08-25 20:43:48'), ('18093', '919', '68', '2', null, null, '2', null, '2015-09-06 20:43:48'), ('18094', '920', '68', '5', null, null, '5', null, '2015-08-09 20:43:48'), ('18095', '921', '68', '1', null, null, '1', null, '2015-09-01 20:43:48'), ('18096', '922', '68', '2', null, null, '2', null, '2015-08-29 20:43:48'), ('18097', '923', '68', '3', null, null, '3', null, '2015-09-14 20:43:48'), ('18098', '924', '68', '2', null, null, '2', null, '2015-09-08 20:43:48'), ('18099', '925', '68', '2', null, null, '2', null, '2015-09-25 20:43:48'), ('18100', '926', '68', '1', null, null, '1', null, '2015-09-30 20:43:48'), ('18101', '927', '68', '1', null, null, '1', null, '2015-09-03 20:43:48'), ('18102', '928', '68', '2', null, null, '2', null, '2015-10-22 20:43:48'), ('18103', '929', '68', '1', null, null, '1', null, '2015-08-14 20:43:48'), ('18104', '930', '68', '1', null, null, '1', null, '2015-08-15 20:43:48'), ('18105', '931', '68', '4', null, null, '4', null, '2015-09-01 20:43:48'), ('18106', '932', '68', '1', null, null, '1', null, '2015-08-14 20:43:48'), ('18107', '945', '68', '2', null, null, '2', null, '2015-12-13 20:43:48'), ('18108', '946', '68', '5', null, null, '5', null, '2015-11-26 20:43:48'), ('18109', '947', '68', '5', null, null, '5', null, '2015-11-12 20:43:48'), ('18110', '948', '68', '2', null, null, '2', null, '2015-12-06 20:43:48'), ('18111', '949', '68', '5', null, null, '5', null, '2015-12-11 20:43:48'), ('18112', '950', '68', '1', null, null, '1', null, '2015-12-07 20:43:48'), ('18113', '951', '68', '4', null, null, '4', null, '2015-11-16 20:43:48'), ('18114', '952', '68', '1', null, null, '1', null, '2015-11-29 20:43:48'), ('18115', '953', '68', '5', null, null, '5', null, '2015-12-22 20:43:48'), ('18116', '954', '68', '2', null, null, '2', null, '2015-12-15 20:43:48'), ('18117', '852', '69', '3', null, null, '3', null, '2015-02-01 20:43:48'), ('18118', '853', '69', '2', null, null, '2', null, '2015-03-06 20:43:48'), ('18119', '854', '69', '2', null, null, '2', null, '2015-01-15 20:43:48'), ('18120', '855', '69', '2', null, null, '2', null, '2015-03-07 20:43:48'), ('18121', '856', '69', '2', null, null, '2', null, '2015-03-09 20:43:48'), ('18122', '857', '69', '5', null, null, '5', null, '2015-01-29 20:43:48'), ('18123', '858', '69', '3', null, null, '3', null, '2015-01-26 20:43:48'), ('18124', '859', '69', '1', null, null, '1', null, '2015-01-30 20:43:48'), ('18125', '860', '69', '3', null, null, '3', null, '2015-02-25 20:43:48'), ('18126', '861', '69', '4', null, null, '4', null, '2015-03-16 20:43:48'), ('18127', '862', '69', '1', null, null, '1', null, '2015-04-03 20:43:48'), ('18128', '863', '69', '2', null, null, '2', null, '2015-01-27 20:43:48'), ('18129', '864', '69', '2', null, null, '2', null, '2015-02-10 20:43:48'), ('18130', '865', '69', '5', null, null, '5', null, '2015-04-19 20:43:48'), ('18131', '866', '69', '5', null, null, '5', null, '2015-04-18 20:43:48'), ('18132', '867', '69', '3', null, null, '3', null, '2015-04-07 20:43:48'), ('18133', '868', '69', '3', null, null, '3', null, '2015-02-15 20:43:48'), ('18134', '869', '69', '5', null, null, '5', null, '2015-01-27 20:43:48'), ('18135', '870', '69', '2', null, null, '2', null, '2015-03-22 20:43:48'), ('18136', '883', '69', '3', null, null, '3', null, '2015-07-31 20:43:48'), ('18137', '884', '69', '3', null, null, '3', null, '2015-07-17 20:43:48'), ('18138', '885', '69', '5', null, null, '5', null, '2015-05-16 20:43:48'), ('18139', '886', '69', '3', null, null, '3', null, '2015-06-25 20:43:48'), ('18140', '887', '69', '3', null, null, '3', null, '2015-06-04 20:43:48'), ('18141', '888', '69', '5', null, null, '5', null, '2015-05-11 20:43:48'), ('18142', '889', '69', '5', null, null, '5', null, '2015-06-28 20:43:48'), ('18143', '890', '69', '5', null, null, '5', null, '2015-07-05 20:43:48'), ('18144', '891', '69', '1', null, null, '1', null, '2015-06-25 20:43:48'), ('18145', '892', '69', '5', null, null, '5', null, '2015-07-25 20:43:48'), ('18146', '893', '69', '2', null, null, '2', null, '2015-07-07 20:43:48'), ('18147', '894', '69', '4', null, null, '4', null, '2015-07-25 20:43:48'), ('18148', '895', '69', '3', null, null, '3', null, '2015-05-31 20:43:48'), ('18149', '896', '69', '4', null, null, '4', null, '2015-05-05 20:43:48'), ('18150', '897', '69', '4', null, null, '4', null, '2015-06-04 20:43:48'), ('18151', '898', '69', '3', null, null, '3', null, '2015-07-04 20:43:48'), ('18152', '899', '69', '1', null, null, '1', null, '2015-05-26 20:43:48'), ('18153', '900', '69', '2', null, null, '2', null, '2015-06-09 20:43:48'), ('18154', '901', '69', '5', null, null, '5', null, '2015-05-26 20:43:48'), ('18155', '914', '69', '5', null, null, '5', null, '2015-08-22 20:43:48'), ('18156', '915', '69', '4', null, null, '4', null, '2015-08-08 20:43:48'), ('18157', '916', '69', '1', null, null, '1', null, '2015-10-10 20:43:48'), ('18158', '917', '69', '5', null, null, '5', null, '2015-08-28 20:43:48'), ('18159', '918', '69', '4', null, null, '4', null, '2015-08-25 20:43:48'), ('18160', '919', '69', '3', null, null, '3', null, '2015-09-06 20:43:48'), ('18161', '920', '69', '4', null, null, '4', null, '2015-08-09 20:43:48'), ('18162', '921', '69', '5', null, null, '5', null, '2015-09-01 20:43:48'), ('18163', '922', '69', '1', null, null, '1', null, '2015-08-29 20:43:48'), ('18164', '923', '69', '2', null, null, '2', null, '2015-09-14 20:43:48'), ('18165', '924', '69', '1', null, null, '1', null, '2015-09-08 20:43:48'), ('18166', '925', '69', '1', null, null, '1', null, '2015-09-25 20:43:48'), ('18167', '926', '69', '3', null, null, '3', null, '2015-09-30 20:43:48'), ('18168', '927', '69', '1', null, null, '1', null, '2015-09-03 20:43:48'), ('18169', '928', '69', '5', null, null, '5', null, '2015-10-22 20:43:48'), ('18170', '929', '69', '3', null, null, '3', null, '2015-08-14 20:43:48'), ('18171', '930', '69', '5', null, null, '5', null, '2015-08-15 20:43:48'), ('18172', '931', '69', '1', null, null, '1', null, '2015-09-01 20:43:48'), ('18173', '932', '69', '5', null, null, '5', null, '2015-08-14 20:43:48'), ('18174', '945', '69', '4', null, null, '4', null, '2015-12-13 20:43:48'), ('18175', '946', '69', '5', null, null, '5', null, '2015-11-26 20:43:48'), ('18176', '947', '69', '4', null, null, '4', null, '2015-11-12 20:43:48'), ('18177', '948', '69', '4', null, null, '4', null, '2015-12-06 20:43:48'), ('18178', '949', '69', '4', null, null, '4', null, '2015-12-11 20:43:48'), ('18179', '950', '69', '5', null, null, '5', null, '2015-12-07 20:43:48'), ('18180', '951', '69', '4', null, null, '4', null, '2015-11-16 20:43:48'), ('18181', '952', '69', '1', null, null, '1', null, '2015-11-29 20:43:48'), ('18182', '953', '69', '1', null, null, '1', null, '2015-12-22 20:43:48'), ('18183', '954', '69', '3', null, null, '3', null, '2015-12-15 20:43:48'), ('18184', '852', '70', '5', null, null, '5', null, '2015-02-01 20:43:48'), ('18185', '853', '70', '2', null, null, '2', null, '2015-03-06 20:43:48'), ('18186', '854', '70', '3', null, null, '3', null, '2015-01-15 20:43:48'), ('18187', '855', '70', '5', null, null, '5', null, '2015-03-07 20:43:48'), ('18188', '856', '70', '4', null, null, '4', null, '2015-03-09 20:43:48'), ('18189', '857', '70', '5', null, null, '5', null, '2015-01-29 20:43:48'), ('18190', '858', '70', '3', null, null, '3', null, '2015-01-26 20:43:48'), ('18191', '859', '70', '5', null, null, '5', null, '2015-01-30 20:43:48'), ('18192', '860', '70', '4', null, null, '4', null, '2015-02-25 20:43:48'), ('18193', '861', '70', '2', null, null, '2', null, '2015-03-16 20:43:48'), ('18194', '862', '70', '2', null, null, '2', null, '2015-04-03 20:43:48'), ('18195', '863', '70', '2', null, null, '2', null, '2015-01-27 20:43:48'), ('18196', '864', '70', '5', null, null, '5', null, '2015-02-10 20:43:48'), ('18197', '865', '70', '1', null, null, '1', null, '2015-04-19 20:43:48'), ('18198', '866', '70', '3', null, null, '3', null, '2015-04-18 20:43:48'), ('18199', '867', '70', '4', null, null, '4', null, '2015-04-07 20:43:48'), ('18200', '868', '70', '3', null, null, '3', null, '2015-02-15 20:43:48'), ('18201', '869', '70', '3', null, null, '3', null, '2015-01-27 20:43:48'), ('18202', '870', '70', '3', null, null, '3', null, '2015-03-22 20:43:48'), ('18203', '883', '70', '5', null, null, '5', null, '2015-07-31 20:43:48'), ('18204', '884', '70', '2', null, null, '2', null, '2015-07-17 20:43:48'), ('18205', '885', '70', '5', null, null, '5', null, '2015-05-16 20:43:48'), ('18206', '886', '70', '5', null, null, '5', null, '2015-06-25 20:43:48'), ('18207', '887', '70', '1', null, null, '1', null, '2015-06-04 20:43:48'), ('18208', '888', '70', '2', null, null, '2', null, '2015-05-11 20:43:48'), ('18209', '889', '70', '1', null, null, '1', null, '2015-06-28 20:43:48'), ('18210', '890', '70', '3', null, null, '3', null, '2015-07-05 20:43:48'), ('18211', '891', '70', '2', null, null, '2', null, '2015-06-25 20:43:48'), ('18212', '892', '70', '1', null, null, '1', null, '2015-07-25 20:43:48'), ('18213', '893', '70', '4', null, null, '4', null, '2015-07-07 20:43:48'), ('18214', '894', '70', '1', null, null, '1', null, '2015-07-25 20:43:48'), ('18215', '895', '70', '4', null, null, '4', null, '2015-05-31 20:43:48'), ('18216', '896', '70', '5', null, null, '5', null, '2015-05-05 20:43:48'), ('18217', '897', '70', '3', null, null, '3', null, '2015-06-04 20:43:48'), ('18218', '898', '70', '4', null, null, '4', null, '2015-07-04 20:43:48'), ('18219', '899', '70', '2', null, null, '2', null, '2015-05-26 20:43:48'), ('18220', '900', '70', '1', null, null, '1', null, '2015-06-09 20:43:48'), ('18221', '901', '70', '4', null, null, '4', null, '2015-05-26 20:43:48'), ('18222', '914', '70', '2', null, null, '2', null, '2015-08-22 20:43:48'), ('18223', '915', '70', '3', null, null, '3', null, '2015-08-08 20:43:48'), ('18224', '916', '70', '2', null, null, '2', null, '2015-10-10 20:43:48'), ('18225', '917', '70', '4', null, null, '4', null, '2015-08-28 20:43:48'), ('18226', '918', '70', '5', null, null, '5', null, '2015-08-25 20:43:48'), ('18227', '919', '70', '2', null, null, '2', null, '2015-09-06 20:43:48'), ('18228', '920', '70', '4', null, null, '4', null, '2015-08-09 20:43:48'), ('18229', '921', '70', '4', null, null, '4', null, '2015-09-01 20:43:48'), ('18230', '922', '70', '4', null, null, '4', null, '2015-08-29 20:43:48'), ('18231', '923', '70', '5', null, null, '5', null, '2015-09-14 20:43:48'), ('18232', '924', '70', '2', null, null, '2', null, '2015-09-08 20:43:48'), ('18233', '925', '70', '4', null, null, '4', null, '2015-09-25 20:43:48'), ('18234', '926', '70', '2', null, null, '2', null, '2015-09-30 20:43:48'), ('18235', '927', '70', '5', null, null, '5', null, '2015-09-03 20:43:48'), ('18236', '928', '70', '3', null, null, '3', null, '2015-10-22 20:43:48'), ('18237', '929', '70', '5', null, null, '5', null, '2015-08-14 20:43:48'), ('18238', '930', '70', '1', null, null, '1', null, '2015-08-15 20:43:48'), ('18239', '931', '70', '5', null, null, '5', null, '2015-09-01 20:43:48'), ('18240', '932', '70', '2', null, null, '2', null, '2015-08-14 20:43:48'), ('18241', '945', '70', '5', null, null, '5', null, '2015-12-13 20:43:48'), ('18242', '946', '70', '1', null, null, '1', null, '2015-11-26 20:43:48'), ('18243', '947', '70', '2', null, null, '2', null, '2015-11-12 20:43:48'), ('18244', '948', '70', '2', null, null, '2', null, '2015-12-06 20:43:48'), ('18245', '949', '70', '3', null, null, '3', null, '2015-12-11 20:43:48'), ('18246', '950', '70', '3', null, null, '3', null, '2015-12-07 20:43:48'), ('18247', '951', '70', '1', null, null, '1', null, '2015-11-16 20:43:48'), ('18248', '952', '70', '1', null, null, '1', null, '2015-11-29 20:43:48'), ('18249', '953', '70', '1', null, null, '1', null, '2015-12-22 20:43:48'), ('18250', '954', '70', '5', null, null, '5', null, '2015-12-15 20:43:48'), ('18251', '852', '71', '3', null, null, '3', null, '2015-02-01 20:43:48'), ('18252', '853', '71', '1', null, null, '1', null, '2015-03-06 20:43:48'), ('18253', '854', '71', '5', null, null, '5', null, '2015-01-15 20:43:48'), ('18254', '855', '71', '2', null, null, '2', null, '2015-03-07 20:43:48'), ('18255', '856', '71', '4', null, null, '4', null, '2015-03-09 20:43:48'), ('18256', '857', '71', '5', null, null, '5', null, '2015-01-29 20:43:48'), ('18257', '858', '71', '1', null, null, '1', null, '2015-01-26 20:43:48'), ('18258', '859', '71', '2', null, null, '2', null, '2015-01-30 20:43:48'), ('18259', '860', '71', '4', null, null, '4', null, '2015-02-25 20:43:48'), ('18260', '861', '71', '5', null, null, '5', null, '2015-03-16 20:43:48'), ('18261', '862', '71', '5', null, null, '5', null, '2015-04-03 20:43:48'), ('18262', '863', '71', '2', null, null, '2', null, '2015-01-27 20:43:48'), ('18263', '864', '71', '3', null, null, '3', null, '2015-02-10 20:43:48'), ('18264', '865', '71', '5', null, null, '5', null, '2015-04-19 20:43:48'), ('18265', '866', '71', '5', null, null, '5', null, '2015-04-18 20:43:48'), ('18266', '867', '71', '5', null, null, '5', null, '2015-04-07 20:43:48'), ('18267', '868', '71', '5', null, null, '5', null, '2015-02-15 20:43:48'), ('18268', '869', '71', '3', null, null, '3', null, '2015-01-27 20:43:48'), ('18269', '870', '71', '1', null, null, '1', null, '2015-03-22 20:43:48'), ('18270', '883', '71', '4', null, null, '4', null, '2015-07-31 20:43:48'), ('18271', '884', '71', '5', null, null, '5', null, '2015-07-17 20:43:48'), ('18272', '885', '71', '5', null, null, '5', null, '2015-05-16 20:43:48'), ('18273', '886', '71', '2', null, null, '2', null, '2015-06-25 20:43:48'), ('18274', '887', '71', '5', null, null, '5', null, '2015-06-04 20:43:48'), ('18275', '888', '71', '4', null, null, '4', null, '2015-05-11 20:43:48'), ('18276', '889', '71', '2', null, null, '2', null, '2015-06-28 20:43:48'), ('18277', '890', '71', '4', null, null, '4', null, '2015-07-05 20:43:48'), ('18278', '891', '71', '3', null, null, '3', null, '2015-06-25 20:43:48'), ('18279', '892', '71', '5', null, null, '5', null, '2015-07-25 20:43:48'), ('18280', '893', '71', '3', null, null, '3', null, '2015-07-07 20:43:48'), ('18281', '894', '71', '1', null, null, '1', null, '2015-07-25 20:43:48'), ('18282', '895', '71', '4', null, null, '4', null, '2015-05-31 20:43:48'), ('18283', '896', '71', '4', null, null, '4', null, '2015-05-05 20:43:48'), ('18284', '897', '71', '4', null, null, '4', null, '2015-06-04 20:43:48'), ('18285', '898', '71', '1', null, null, '1', null, '2015-07-04 20:43:48'), ('18286', '899', '71', '4', null, null, '4', null, '2015-05-26 20:43:48'), ('18287', '900', '71', '4', null, null, '4', null, '2015-06-09 20:43:48'), ('18288', '901', '71', '3', null, null, '3', null, '2015-05-26 20:43:48'), ('18289', '914', '71', '2', null, null, '2', null, '2015-08-22 20:43:48'), ('18290', '915', '71', '5', null, null, '5', null, '2015-08-08 20:43:48'), ('18291', '916', '71', '5', null, null, '5', null, '2015-10-10 20:43:48'), ('18292', '917', '71', '3', null, null, '3', null, '2015-08-28 20:43:48'), ('18293', '918', '71', '5', null, null, '5', null, '2015-08-25 20:43:48'), ('18294', '919', '71', '1', null, null, '1', null, '2015-09-06 20:43:48'), ('18295', '920', '71', '2', null, null, '2', null, '2015-08-09 20:43:48'), ('18296', '921', '71', '5', null, null, '5', null, '2015-09-01 20:43:48'), ('18297', '922', '71', '2', null, null, '2', null, '2015-08-29 20:43:48'), ('18298', '923', '71', '3', null, null, '3', null, '2015-09-14 20:43:48'), ('18299', '924', '71', '4', null, null, '4', null, '2015-09-08 20:43:48'), ('18300', '925', '71', '1', null, null, '1', null, '2015-09-25 20:43:48'), ('18301', '926', '71', '2', null, null, '2', null, '2015-09-30 20:43:48'), ('18302', '927', '71', '2', null, null, '2', null, '2015-09-03 20:43:48'), ('18303', '928', '71', '4', null, null, '4', null, '2015-10-22 20:43:48'), ('18304', '929', '71', '2', null, null, '2', null, '2015-08-14 20:43:48'), ('18305', '930', '71', '2', null, null, '2', null, '2015-08-15 20:43:48'), ('18306', '931', '71', '3', null, null, '3', null, '2015-09-01 20:43:48'), ('18307', '932', '71', '4', null, null, '4', null, '2015-08-14 20:43:48'), ('18308', '945', '71', '1', null, null, '1', null, '2015-12-13 20:43:48'), ('18309', '946', '71', '3', null, null, '3', null, '2015-11-26 20:43:48'), ('18310', '947', '71', '3', null, null, '3', null, '2015-11-12 20:43:48'), ('18311', '948', '71', '3', null, null, '3', null, '2015-12-06 20:43:48'), ('18312', '949', '71', '2', null, null, '2', null, '2015-12-11 20:43:48'), ('18313', '950', '71', '5', null, null, '5', null, '2015-12-07 20:43:48'), ('18314', '951', '71', '2', null, null, '2', null, '2015-11-16 20:43:48'), ('18315', '952', '71', '2', null, null, '2', null, '2015-11-29 20:43:48'), ('18316', '953', '71', '5', null, null, '5', null, '2015-12-22 20:43:48'), ('18317', '954', '71', '5', null, null, '5', null, '2015-12-15 20:43:48'), ('18318', '852', '72', '1', null, null, '1', null, '2015-02-01 20:43:48'), ('18319', '853', '72', '4', null, null, '4', null, '2015-03-06 20:43:48'), ('18320', '854', '72', '3', null, null, '3', null, '2015-01-15 20:43:48'), ('18321', '855', '72', '2', null, null, '2', null, '2015-03-07 20:43:48'), ('18322', '856', '72', '1', null, null, '1', null, '2015-03-09 20:43:48'), ('18323', '857', '72', '2', null, null, '2', null, '2015-01-29 20:43:48'), ('18324', '858', '72', '4', null, null, '4', null, '2015-01-26 20:43:48'), ('18325', '859', '72', '5', null, null, '5', null, '2015-01-30 20:43:48'), ('18326', '860', '72', '5', null, null, '5', null, '2015-02-25 20:43:48'), ('18327', '861', '72', '5', null, null, '5', null, '2015-03-16 20:43:48'), ('18328', '862', '72', '5', null, null, '5', null, '2015-04-03 20:43:48'), ('18329', '863', '72', '4', null, null, '4', null, '2015-01-27 20:43:48'), ('18330', '864', '72', '3', null, null, '3', null, '2015-02-10 20:43:48'), ('18331', '865', '72', '1', null, null, '1', null, '2015-04-19 20:43:48'), ('18332', '866', '72', '4', null, null, '4', null, '2015-04-18 20:43:48'), ('18333', '867', '72', '4', null, null, '4', null, '2015-04-07 20:43:48'), ('18334', '868', '72', '3', null, null, '3', null, '2015-02-15 20:43:48'), ('18335', '869', '72', '2', null, null, '2', null, '2015-01-27 20:43:48'), ('18336', '870', '72', '3', null, null, '3', null, '2015-03-22 20:43:48'), ('18337', '883', '72', '5', null, null, '5', null, '2015-07-31 20:43:48'), ('18338', '884', '72', '3', null, null, '3', null, '2015-07-17 20:43:48'), ('18339', '885', '72', '2', null, null, '2', null, '2015-05-16 20:43:48'), ('18340', '886', '72', '4', null, null, '4', null, '2015-06-25 20:43:48'), ('18341', '887', '72', '1', null, null, '1', null, '2015-06-04 20:43:48'), ('18342', '888', '72', '2', null, null, '2', null, '2015-05-11 20:43:48'), ('18343', '889', '72', '2', null, null, '2', null, '2015-06-28 20:43:48'), ('18344', '890', '72', '2', null, null, '2', null, '2015-07-05 20:43:48'), ('18345', '891', '72', '2', null, null, '2', null, '2015-06-25 20:43:48'), ('18346', '892', '72', '1', null, null, '1', null, '2015-07-25 20:43:48'), ('18347', '893', '72', '3', null, null, '3', null, '2015-07-07 20:43:48'), ('18348', '894', '72', '1', null, null, '1', null, '2015-07-25 20:43:48'), ('18349', '895', '72', '5', null, null, '5', null, '2015-05-31 20:43:48'), ('18350', '896', '72', '4', null, null, '4', null, '2015-05-05 20:43:48'), ('18351', '897', '72', '3', null, null, '3', null, '2015-06-04 20:43:48'), ('18352', '898', '72', '2', null, null, '2', null, '2015-07-04 20:43:48'), ('18353', '899', '72', '5', null, null, '5', null, '2015-05-26 20:43:48'), ('18354', '900', '72', '4', null, null, '4', null, '2015-06-09 20:43:48'), ('18355', '901', '72', '3', null, null, '3', null, '2015-05-26 20:43:48'), ('18356', '914', '72', '3', null, null, '3', null, '2015-08-22 20:43:48'), ('18357', '915', '72', '2', null, null, '2', null, '2015-08-08 20:43:48'), ('18358', '916', '72', '2', null, null, '2', null, '2015-10-10 20:43:48'), ('18359', '917', '72', '1', null, null, '1', null, '2015-08-28 20:43:48'), ('18360', '918', '72', '5', null, null, '5', null, '2015-08-25 20:43:48'), ('18361', '919', '72', '2', null, null, '2', null, '2015-09-06 20:43:48'), ('18362', '920', '72', '1', null, null, '1', null, '2015-08-09 20:43:48'), ('18363', '921', '72', '5', null, null, '5', null, '2015-09-01 20:43:48'), ('18364', '922', '72', '3', null, null, '3', null, '2015-08-29 20:43:48'), ('18365', '923', '72', '1', null, null, '1', null, '2015-09-14 20:43:48'), ('18366', '924', '72', '1', null, null, '1', null, '2015-09-08 20:43:48'), ('18367', '925', '72', '2', null, null, '2', null, '2015-09-25 20:43:48'), ('18368', '926', '72', '3', null, null, '3', null, '2015-09-30 20:43:48'), ('18369', '927', '72', '2', null, null, '2', null, '2015-09-03 20:43:48'), ('18370', '928', '72', '3', null, null, '3', null, '2015-10-22 20:43:48'), ('18371', '929', '72', '1', null, null, '1', null, '2015-08-14 20:43:48'), ('18372', '930', '72', '3', null, null, '3', null, '2015-08-15 20:43:48'), ('18373', '931', '72', '4', null, null, '4', null, '2015-09-01 20:43:48'), ('18374', '932', '72', '5', null, null, '5', null, '2015-08-14 20:43:48'), ('18375', '945', '72', '1', null, null, '1', null, '2015-12-13 20:43:48'), ('18376', '946', '72', '4', null, null, '4', null, '2015-11-26 20:43:48'), ('18377', '947', '72', '1', null, null, '1', null, '2015-11-12 20:43:48'), ('18378', '948', '72', '5', null, null, '5', null, '2015-12-06 20:43:48'), ('18379', '949', '72', '2', null, null, '2', null, '2015-12-11 20:43:48'), ('18380', '950', '72', '4', null, null, '4', null, '2015-12-07 20:43:48'), ('18381', '951', '72', '2', null, null, '2', null, '2015-11-16 20:43:48'), ('18382', '952', '72', '3', null, null, '3', null, '2015-11-29 20:43:48'), ('18383', '953', '72', '5', null, null, '5', null, '2015-12-22 20:43:48'), ('18384', '954', '72', '5', null, null, '5', null, '2015-12-15 20:43:48'), ('18385', '852', '73', '3', null, null, '3', null, '2015-02-01 20:43:48'), ('18386', '853', '73', '2', null, null, '2', null, '2015-03-06 20:43:48'), ('18387', '854', '73', '1', null, null, '1', null, '2015-01-15 20:43:48'), ('18388', '855', '73', '1', null, null, '1', null, '2015-03-07 20:43:48'), ('18389', '856', '73', '3', null, null, '3', null, '2015-03-09 20:43:48'), ('18390', '857', '73', '2', null, null, '2', null, '2015-01-29 20:43:48'), ('18391', '858', '73', '5', null, null, '5', null, '2015-01-26 20:43:48'), ('18392', '859', '73', '3', null, null, '3', null, '2015-01-30 20:43:48'), ('18393', '860', '73', '1', null, null, '1', null, '2015-02-25 20:43:48'), ('18394', '861', '73', '5', null, null, '5', null, '2015-03-16 20:43:48'), ('18395', '862', '73', '5', null, null, '5', null, '2015-04-03 20:43:48'), ('18396', '863', '73', '1', null, null, '1', null, '2015-01-27 20:43:48'), ('18397', '864', '73', '1', null, null, '1', null, '2015-02-10 20:43:48'), ('18398', '865', '73', '4', null, null, '4', null, '2015-04-19 20:43:48'), ('18399', '866', '73', '3', null, null, '3', null, '2015-04-18 20:43:48'), ('18400', '867', '73', '2', null, null, '2', null, '2015-04-07 20:43:48'), ('18401', '868', '73', '5', null, null, '5', null, '2015-02-15 20:43:48'), ('18402', '869', '73', '4', null, null, '4', null, '2015-01-27 20:43:48'), ('18403', '870', '73', '1', null, null, '1', null, '2015-03-22 20:43:48'), ('18404', '883', '73', '3', null, null, '3', null, '2015-07-31 20:43:48'), ('18405', '884', '73', '2', null, null, '2', null, '2015-07-17 20:43:48'), ('18406', '885', '73', '4', null, null, '4', null, '2015-05-16 20:43:48'), ('18407', '886', '73', '3', null, null, '3', null, '2015-06-25 20:43:48'), ('18408', '887', '73', '4', null, null, '4', null, '2015-06-04 20:43:48'), ('18409', '888', '73', '3', null, null, '3', null, '2015-05-11 20:43:48'), ('18410', '889', '73', '3', null, null, '3', null, '2015-06-28 20:43:48'), ('18411', '890', '73', '2', null, null, '2', null, '2015-07-05 20:43:48'), ('18412', '891', '73', '5', null, null, '5', null, '2015-06-25 20:43:48'), ('18413', '892', '73', '4', null, null, '4', null, '2015-07-25 20:43:48'), ('18414', '893', '73', '4', null, null, '4', null, '2015-07-07 20:43:48'), ('18415', '894', '73', '3', null, null, '3', null, '2015-07-25 20:43:48'), ('18416', '895', '73', '3', null, null, '3', null, '2015-05-31 20:43:48'), ('18417', '896', '73', '5', null, null, '5', null, '2015-05-05 20:43:48'), ('18418', '897', '73', '5', null, null, '5', null, '2015-06-04 20:43:48'), ('18419', '898', '73', '5', null, null, '5', null, '2015-07-04 20:43:48'), ('18420', '899', '73', '4', null, null, '4', null, '2015-05-26 20:43:48'), ('18421', '900', '73', '3', null, null, '3', null, '2015-06-09 20:43:48'), ('18422', '901', '73', '2', null, null, '2', null, '2015-05-26 20:43:48'), ('18423', '914', '73', '3', null, null, '3', null, '2015-08-22 20:43:48'), ('18424', '915', '73', '1', null, null, '1', null, '2015-08-08 20:43:48'), ('18425', '916', '73', '5', null, null, '5', null, '2015-10-10 20:43:48'), ('18426', '917', '73', '5', null, null, '5', null, '2015-08-28 20:43:48'), ('18427', '918', '73', '1', null, null, '1', null, '2015-08-25 20:43:48'), ('18428', '919', '73', '2', null, null, '2', null, '2015-09-06 20:43:48'), ('18429', '920', '73', '4', null, null, '4', null, '2015-08-09 20:43:48'), ('18430', '921', '73', '4', null, null, '4', null, '2015-09-01 20:43:48'), ('18431', '922', '73', '2', null, null, '2', null, '2015-08-29 20:43:48'), ('18432', '923', '73', '2', null, null, '2', null, '2015-09-14 20:43:48'), ('18433', '924', '73', '4', null, null, '4', null, '2015-09-08 20:43:48'), ('18434', '925', '73', '5', null, null, '5', null, '2015-09-25 20:43:48'), ('18435', '926', '73', '3', null, null, '3', null, '2015-09-30 20:43:48'), ('18436', '927', '73', '2', null, null, '2', null, '2015-09-03 20:43:48'), ('18437', '928', '73', '2', null, null, '2', null, '2015-10-22 20:43:48'), ('18438', '929', '73', '2', null, null, '2', null, '2015-08-14 20:43:48'), ('18439', '930', '73', '4', null, null, '4', null, '2015-08-15 20:43:48'), ('18440', '931', '73', '3', null, null, '3', null, '2015-09-01 20:43:48'), ('18441', '932', '73', '4', null, null, '4', null, '2015-08-14 20:43:48'), ('18442', '945', '73', '5', null, null, '5', null, '2015-12-13 20:43:48'), ('18443', '946', '73', '4', null, null, '4', null, '2015-11-26 20:43:48'), ('18444', '947', '73', '4', null, null, '4', null, '2015-11-12 20:43:48'), ('18445', '948', '73', '3', null, null, '3', null, '2015-12-06 20:43:48'), ('18446', '949', '73', '1', null, null, '1', null, '2015-12-11 20:43:48'), ('18447', '950', '73', '1', null, null, '1', null, '2015-12-07 20:43:48'), ('18448', '951', '73', '2', null, null, '2', null, '2015-11-16 20:43:48'), ('18449', '952', '73', '4', null, null, '4', null, '2015-11-29 20:43:48'), ('18450', '953', '73', '2', null, null, '2', null, '2015-12-22 20:43:48'), ('18451', '954', '73', '1', null, null, '1', null, '2015-12-15 20:43:48'), ('18452', '852', '74', '2', null, null, '2', null, '2015-02-01 20:43:48'), ('18453', '853', '74', '4', null, null, '4', null, '2015-03-06 20:43:48'), ('18454', '854', '74', '4', null, null, '4', null, '2015-01-15 20:43:48');
INSERT INTO `assessment_response` VALUES ('18455', '855', '74', '5', null, null, '5', null, '2015-03-07 20:43:48'), ('18456', '856', '74', '5', null, null, '5', null, '2015-03-09 20:43:48'), ('18457', '857', '74', '5', null, null, '5', null, '2015-01-29 20:43:48'), ('18458', '858', '74', '4', null, null, '4', null, '2015-01-26 20:43:48'), ('18459', '859', '74', '1', null, null, '1', null, '2015-01-30 20:43:48'), ('18460', '860', '74', '1', null, null, '1', null, '2015-02-25 20:43:48'), ('18461', '861', '74', '4', null, null, '4', null, '2015-03-16 20:43:48'), ('18462', '862', '74', '3', null, null, '3', null, '2015-04-03 20:43:48'), ('18463', '863', '74', '5', null, null, '5', null, '2015-01-27 20:43:48'), ('18464', '864', '74', '5', null, null, '5', null, '2015-02-10 20:43:48'), ('18465', '865', '74', '2', null, null, '2', null, '2015-04-19 20:43:48'), ('18466', '866', '74', '2', null, null, '2', null, '2015-04-18 20:43:48'), ('18467', '867', '74', '4', null, null, '4', null, '2015-04-07 20:43:48'), ('18468', '868', '74', '1', null, null, '1', null, '2015-02-15 20:43:48'), ('18469', '869', '74', '2', null, null, '2', null, '2015-01-27 20:43:48'), ('18470', '870', '74', '3', null, null, '3', null, '2015-03-22 20:43:48'), ('18471', '883', '74', '3', null, null, '3', null, '2015-07-31 20:43:48'), ('18472', '884', '74', '1', null, null, '1', null, '2015-07-17 20:43:48'), ('18473', '885', '74', '4', null, null, '4', null, '2015-05-16 20:43:48'), ('18474', '886', '74', '4', null, null, '4', null, '2015-06-25 20:43:48'), ('18475', '887', '74', '2', null, null, '2', null, '2015-06-04 20:43:48'), ('18476', '888', '74', '2', null, null, '2', null, '2015-05-11 20:43:48'), ('18477', '889', '74', '4', null, null, '4', null, '2015-06-28 20:43:48'), ('18478', '890', '74', '4', null, null, '4', null, '2015-07-05 20:43:48'), ('18479', '891', '74', '1', null, null, '1', null, '2015-06-25 20:43:48'), ('18480', '892', '74', '3', null, null, '3', null, '2015-07-25 20:43:48'), ('18481', '893', '74', '5', null, null, '5', null, '2015-07-07 20:43:48'), ('18482', '894', '74', '3', null, null, '3', null, '2015-07-25 20:43:48'), ('18483', '895', '74', '5', null, null, '5', null, '2015-05-31 20:43:48'), ('18484', '896', '74', '1', null, null, '1', null, '2015-05-05 20:43:48'), ('18485', '897', '74', '1', null, null, '1', null, '2015-06-04 20:43:48'), ('18486', '898', '74', '4', null, null, '4', null, '2015-07-04 20:43:48'), ('18487', '899', '74', '3', null, null, '3', null, '2015-05-26 20:43:48'), ('18488', '900', '74', '5', null, null, '5', null, '2015-06-09 20:43:48'), ('18489', '901', '74', '3', null, null, '3', null, '2015-05-26 20:43:48'), ('18490', '914', '74', '5', null, null, '5', null, '2015-08-22 20:43:48'), ('18491', '915', '74', '2', null, null, '2', null, '2015-08-08 20:43:48'), ('18492', '916', '74', '3', null, null, '3', null, '2015-10-10 20:43:48'), ('18493', '917', '74', '1', null, null, '1', null, '2015-08-28 20:43:48'), ('18494', '918', '74', '1', null, null, '1', null, '2015-08-25 20:43:48'), ('18495', '919', '74', '3', null, null, '3', null, '2015-09-06 20:43:48'), ('18496', '920', '74', '3', null, null, '3', null, '2015-08-09 20:43:48'), ('18497', '921', '74', '2', null, null, '2', null, '2015-09-01 20:43:48'), ('18498', '922', '74', '4', null, null, '4', null, '2015-08-29 20:43:48'), ('18499', '923', '74', '1', null, null, '1', null, '2015-09-14 20:43:48'), ('18500', '924', '74', '5', null, null, '5', null, '2015-09-08 20:43:48'), ('18501', '925', '74', '4', null, null, '4', null, '2015-09-25 20:43:48'), ('18502', '926', '74', '4', null, null, '4', null, '2015-09-30 20:43:48'), ('18503', '927', '74', '1', null, null, '1', null, '2015-09-03 20:43:48'), ('18504', '928', '74', '1', null, null, '1', null, '2015-10-22 20:43:48'), ('18505', '929', '74', '4', null, null, '4', null, '2015-08-14 20:43:48'), ('18506', '930', '74', '3', null, null, '3', null, '2015-08-15 20:43:48'), ('18507', '931', '74', '3', null, null, '3', null, '2015-09-01 20:43:48'), ('18508', '932', '74', '4', null, null, '4', null, '2015-08-14 20:43:48'), ('18509', '945', '74', '4', null, null, '4', null, '2015-12-13 20:43:48'), ('18510', '946', '74', '5', null, null, '5', null, '2015-11-26 20:43:48'), ('18511', '947', '74', '5', null, null, '5', null, '2015-11-12 20:43:48'), ('18512', '948', '74', '1', null, null, '1', null, '2015-12-06 20:43:48'), ('18513', '949', '74', '5', null, null, '5', null, '2015-12-11 20:43:48'), ('18514', '950', '74', '2', null, null, '2', null, '2015-12-07 20:43:48'), ('18515', '951', '74', '3', null, null, '3', null, '2015-11-16 20:43:48'), ('18516', '952', '74', '3', null, null, '3', null, '2015-11-29 20:43:48'), ('18517', '953', '74', '4', null, null, '4', null, '2015-12-22 20:43:48'), ('18518', '954', '74', '4', null, null, '4', null, '2015-12-15 20:43:48'), ('18519', '852', '75', '2', null, null, '2', null, '2015-02-01 20:43:48'), ('18520', '853', '75', '2', null, null, '2', null, '2015-03-06 20:43:48'), ('18521', '854', '75', '3', null, null, '3', null, '2015-01-15 20:43:48'), ('18522', '855', '75', '4', null, null, '4', null, '2015-03-07 20:43:48'), ('18523', '856', '75', '3', null, null, '3', null, '2015-03-09 20:43:48'), ('18524', '857', '75', '1', null, null, '1', null, '2015-01-29 20:43:48'), ('18525', '858', '75', '4', null, null, '4', null, '2015-01-26 20:43:48'), ('18526', '859', '75', '3', null, null, '3', null, '2015-01-30 20:43:48'), ('18527', '860', '75', '3', null, null, '3', null, '2015-02-25 20:43:48'), ('18528', '861', '75', '1', null, null, '1', null, '2015-03-16 20:43:48'), ('18529', '862', '75', '3', null, null, '3', null, '2015-04-03 20:43:48'), ('18530', '863', '75', '4', null, null, '4', null, '2015-01-27 20:43:48'), ('18531', '864', '75', '4', null, null, '4', null, '2015-02-10 20:43:48'), ('18532', '865', '75', '3', null, null, '3', null, '2015-04-19 20:43:48'), ('18533', '866', '75', '1', null, null, '1', null, '2015-04-18 20:43:48'), ('18534', '867', '75', '1', null, null, '1', null, '2015-04-07 20:43:48'), ('18535', '868', '75', '1', null, null, '1', null, '2015-02-15 20:43:48'), ('18536', '869', '75', '2', null, null, '2', null, '2015-01-27 20:43:48'), ('18537', '870', '75', '1', null, null, '1', null, '2015-03-22 20:43:48'), ('18538', '883', '75', '3', null, null, '3', null, '2015-07-31 20:43:48'), ('18539', '884', '75', '1', null, null, '1', null, '2015-07-17 20:43:48'), ('18540', '885', '75', '3', null, null, '3', null, '2015-05-16 20:43:48'), ('18541', '886', '75', '4', null, null, '4', null, '2015-06-25 20:43:48'), ('18542', '887', '75', '3', null, null, '3', null, '2015-06-04 20:43:48'), ('18543', '888', '75', '1', null, null, '1', null, '2015-05-11 20:43:48'), ('18544', '889', '75', '3', null, null, '3', null, '2015-06-28 20:43:48'), ('18545', '890', '75', '5', null, null, '5', null, '2015-07-05 20:43:48'), ('18546', '891', '75', '4', null, null, '4', null, '2015-06-25 20:43:48'), ('18547', '892', '75', '4', null, null, '4', null, '2015-07-25 20:43:48'), ('18548', '893', '75', '4', null, null, '4', null, '2015-07-07 20:43:48'), ('18549', '894', '75', '1', null, null, '1', null, '2015-07-25 20:43:48'), ('18550', '895', '75', '5', null, null, '5', null, '2015-05-31 20:43:48'), ('18551', '896', '75', '1', null, null, '1', null, '2015-05-05 20:43:48'), ('18552', '897', '75', '5', null, null, '5', null, '2015-06-04 20:43:48'), ('18553', '898', '75', '1', null, null, '1', null, '2015-07-04 20:43:48'), ('18554', '899', '75', '4', null, null, '4', null, '2015-05-26 20:43:48'), ('18555', '900', '75', '2', null, null, '2', null, '2015-06-09 20:43:48'), ('18556', '901', '75', '3', null, null, '3', null, '2015-05-26 20:43:48'), ('18557', '914', '75', '2', null, null, '2', null, '2015-08-22 20:43:48'), ('18558', '915', '75', '1', null, null, '1', null, '2015-08-08 20:43:48'), ('18559', '916', '75', '5', null, null, '5', null, '2015-10-10 20:43:48'), ('18560', '917', '75', '1', null, null, '1', null, '2015-08-28 20:43:48'), ('18561', '918', '75', '3', null, null, '3', null, '2015-08-25 20:43:48'), ('18562', '919', '75', '4', null, null, '4', null, '2015-09-06 20:43:48'), ('18563', '920', '75', '3', null, null, '3', null, '2015-08-09 20:43:48'), ('18564', '921', '75', '4', null, null, '4', null, '2015-09-01 20:43:48'), ('18565', '922', '75', '4', null, null, '4', null, '2015-08-29 20:43:48'), ('18566', '923', '75', '5', null, null, '5', null, '2015-09-14 20:43:48'), ('18567', '924', '75', '2', null, null, '2', null, '2015-09-08 20:43:48'), ('18568', '925', '75', '3', null, null, '3', null, '2015-09-25 20:43:48'), ('18569', '926', '75', '1', null, null, '1', null, '2015-09-30 20:43:48'), ('18570', '927', '75', '5', null, null, '5', null, '2015-09-03 20:43:48'), ('18571', '928', '75', '4', null, null, '4', null, '2015-10-22 20:43:48'), ('18572', '929', '75', '2', null, null, '2', null, '2015-08-14 20:43:48'), ('18573', '930', '75', '3', null, null, '3', null, '2015-08-15 20:43:48'), ('18574', '931', '75', '4', null, null, '4', null, '2015-09-01 20:43:48'), ('18575', '932', '75', '5', null, null, '5', null, '2015-08-14 20:43:48'), ('18576', '945', '75', '5', null, null, '5', null, '2015-12-13 20:43:48'), ('18577', '946', '75', '1', null, null, '1', null, '2015-11-26 20:43:48'), ('18578', '947', '75', '5', null, null, '5', null, '2015-11-12 20:43:48'), ('18579', '948', '75', '1', null, null, '1', null, '2015-12-06 20:43:48'), ('18580', '949', '75', '5', null, null, '5', null, '2015-12-11 20:43:48'), ('18581', '950', '75', '4', null, null, '4', null, '2015-12-07 20:43:48'), ('18582', '951', '75', '2', null, null, '2', null, '2015-11-16 20:43:48'), ('18583', '952', '75', '3', null, null, '3', null, '2015-11-29 20:43:48'), ('18584', '953', '75', '1', null, null, '1', null, '2015-12-22 20:43:48'), ('18585', '954', '75', '5', null, null, '5', null, '2015-12-15 20:43:48'), ('18586', '852', '76', '5', null, null, '5', null, '2015-02-01 20:43:48'), ('18587', '853', '76', '1', null, null, '1', null, '2015-03-06 20:43:48'), ('18588', '854', '76', '2', null, null, '2', null, '2015-01-15 20:43:48'), ('18589', '855', '76', '1', null, null, '1', null, '2015-03-07 20:43:48'), ('18590', '856', '76', '4', null, null, '4', null, '2015-03-09 20:43:48'), ('18591', '857', '76', '5', null, null, '5', null, '2015-01-29 20:43:48'), ('18592', '858', '76', '5', null, null, '5', null, '2015-01-26 20:43:48'), ('18593', '859', '76', '4', null, null, '4', null, '2015-01-30 20:43:48'), ('18594', '860', '76', '2', null, null, '2', null, '2015-02-25 20:43:48'), ('18595', '861', '76', '1', null, null, '1', null, '2015-03-16 20:43:48'), ('18596', '862', '76', '5', null, null, '5', null, '2015-04-03 20:43:48'), ('18597', '863', '76', '3', null, null, '3', null, '2015-01-27 20:43:48'), ('18598', '864', '76', '5', null, null, '5', null, '2015-02-10 20:43:48'), ('18599', '865', '76', '3', null, null, '3', null, '2015-04-19 20:43:48'), ('18600', '866', '76', '3', null, null, '3', null, '2015-04-18 20:43:48'), ('18601', '867', '76', '4', null, null, '4', null, '2015-04-07 20:43:48'), ('18602', '868', '76', '4', null, null, '4', null, '2015-02-15 20:43:48'), ('18603', '869', '76', '2', null, null, '2', null, '2015-01-27 20:43:48'), ('18604', '870', '76', '3', null, null, '3', null, '2015-03-22 20:43:48'), ('18605', '883', '76', '1', null, null, '1', null, '2015-07-31 20:43:48'), ('18606', '884', '76', '3', null, null, '3', null, '2015-07-17 20:43:48'), ('18607', '885', '76', '2', null, null, '2', null, '2015-05-16 20:43:48'), ('18608', '886', '76', '4', null, null, '4', null, '2015-06-25 20:43:48'), ('18609', '887', '76', '4', null, null, '4', null, '2015-06-04 20:43:48'), ('18610', '888', '76', '5', null, null, '5', null, '2015-05-11 20:43:48'), ('18611', '889', '76', '2', null, null, '2', null, '2015-06-28 20:43:48'), ('18612', '890', '76', '2', null, null, '2', null, '2015-07-05 20:43:48'), ('18613', '891', '76', '4', null, null, '4', null, '2015-06-25 20:43:48'), ('18614', '892', '76', '4', null, null, '4', null, '2015-07-25 20:43:48'), ('18615', '893', '76', '3', null, null, '3', null, '2015-07-07 20:43:48'), ('18616', '894', '76', '3', null, null, '3', null, '2015-07-25 20:43:48'), ('18617', '895', '76', '4', null, null, '4', null, '2015-05-31 20:43:48'), ('18618', '896', '76', '1', null, null, '1', null, '2015-05-05 20:43:48'), ('18619', '897', '76', '2', null, null, '2', null, '2015-06-04 20:43:48'), ('18620', '898', '76', '5', null, null, '5', null, '2015-07-04 20:43:48'), ('18621', '899', '76', '1', null, null, '1', null, '2015-05-26 20:43:48'), ('18622', '900', '76', '2', null, null, '2', null, '2015-06-09 20:43:48'), ('18623', '901', '76', '5', null, null, '5', null, '2015-05-26 20:43:48'), ('18624', '914', '76', '1', null, null, '1', null, '2015-08-22 20:43:48'), ('18625', '915', '76', '5', null, null, '5', null, '2015-08-08 20:43:48'), ('18626', '916', '76', '3', null, null, '3', null, '2015-10-10 20:43:48'), ('18627', '917', '76', '2', null, null, '2', null, '2015-08-28 20:43:48'), ('18628', '918', '76', '2', null, null, '2', null, '2015-08-25 20:43:48'), ('18629', '919', '76', '2', null, null, '2', null, '2015-09-06 20:43:48'), ('18630', '920', '76', '4', null, null, '4', null, '2015-08-09 20:43:48'), ('18631', '921', '76', '5', null, null, '5', null, '2015-09-01 20:43:48'), ('18632', '922', '76', '2', null, null, '2', null, '2015-08-29 20:43:48'), ('18633', '923', '76', '2', null, null, '2', null, '2015-09-14 20:43:48'), ('18634', '924', '76', '1', null, null, '1', null, '2015-09-08 20:43:48'), ('18635', '925', '76', '2', null, null, '2', null, '2015-09-25 20:43:48'), ('18636', '926', '76', '2', null, null, '2', null, '2015-09-30 20:43:48'), ('18637', '927', '76', '1', null, null, '1', null, '2015-09-03 20:43:48'), ('18638', '928', '76', '5', null, null, '5', null, '2015-10-22 20:43:48'), ('18639', '929', '76', '4', null, null, '4', null, '2015-08-14 20:43:48'), ('18640', '930', '76', '3', null, null, '3', null, '2015-08-15 20:43:48'), ('18641', '931', '76', '5', null, null, '5', null, '2015-09-01 20:43:48'), ('18642', '932', '76', '3', null, null, '3', null, '2015-08-14 20:43:48'), ('18643', '945', '76', '5', null, null, '5', null, '2015-12-13 20:43:48'), ('18644', '946', '76', '2', null, null, '2', null, '2015-11-26 20:43:48'), ('18645', '947', '76', '2', null, null, '2', null, '2015-11-12 20:43:48'), ('18646', '948', '76', '4', null, null, '4', null, '2015-12-06 20:43:48'), ('18647', '949', '76', '2', null, null, '2', null, '2015-12-11 20:43:48'), ('18648', '950', '76', '3', null, null, '3', null, '2015-12-07 20:43:48'), ('18649', '951', '76', '1', null, null, '1', null, '2015-11-16 20:43:48'), ('18650', '952', '76', '5', null, null, '5', null, '2015-11-29 20:43:48'), ('18651', '953', '76', '5', null, null, '5', null, '2015-12-22 20:43:48'), ('18652', '954', '76', '3', null, null, '3', null, '2015-12-15 20:43:48'), ('18653', '852', '77', '1', null, null, '1', null, '2015-02-01 20:43:48'), ('18654', '853', '77', '5', null, null, '5', null, '2015-03-06 20:43:48'), ('18655', '854', '77', '3', null, null, '3', null, '2015-01-15 20:43:48'), ('18656', '855', '77', '3', null, null, '3', null, '2015-03-07 20:43:48'), ('18657', '856', '77', '2', null, null, '2', null, '2015-03-09 20:43:48'), ('18658', '857', '77', '3', null, null, '3', null, '2015-01-29 20:43:48'), ('18659', '858', '77', '4', null, null, '4', null, '2015-01-26 20:43:48'), ('18660', '859', '77', '2', null, null, '2', null, '2015-01-30 20:43:48'), ('18661', '860', '77', '5', null, null, '5', null, '2015-02-25 20:43:48'), ('18662', '861', '77', '5', null, null, '5', null, '2015-03-16 20:43:48'), ('18663', '862', '77', '3', null, null, '3', null, '2015-04-03 20:43:48'), ('18664', '863', '77', '5', null, null, '5', null, '2015-01-27 20:43:48'), ('18665', '864', '77', '5', null, null, '5', null, '2015-02-10 20:43:48'), ('18666', '865', '77', '3', null, null, '3', null, '2015-04-19 20:43:48'), ('18667', '866', '77', '3', null, null, '3', null, '2015-04-18 20:43:48'), ('18668', '867', '77', '2', null, null, '2', null, '2015-04-07 20:43:48'), ('18669', '868', '77', '3', null, null, '3', null, '2015-02-15 20:43:48'), ('18670', '869', '77', '4', null, null, '4', null, '2015-01-27 20:43:48'), ('18671', '870', '77', '5', null, null, '5', null, '2015-03-22 20:43:48'), ('18672', '883', '77', '3', null, null, '3', null, '2015-07-31 20:43:48'), ('18673', '884', '77', '4', null, null, '4', null, '2015-07-17 20:43:48'), ('18674', '885', '77', '1', null, null, '1', null, '2015-05-16 20:43:48'), ('18675', '886', '77', '3', null, null, '3', null, '2015-06-25 20:43:48'), ('18676', '887', '77', '3', null, null, '3', null, '2015-06-04 20:43:48'), ('18677', '888', '77', '2', null, null, '2', null, '2015-05-11 20:43:48'), ('18678', '889', '77', '3', null, null, '3', null, '2015-06-28 20:43:48'), ('18679', '890', '77', '1', null, null, '1', null, '2015-07-05 20:43:48'), ('18680', '891', '77', '1', null, null, '1', null, '2015-06-25 20:43:48'), ('18681', '892', '77', '3', null, null, '3', null, '2015-07-25 20:43:48'), ('18682', '893', '77', '1', null, null, '1', null, '2015-07-07 20:43:48'), ('18683', '894', '77', '5', null, null, '5', null, '2015-07-25 20:43:48'), ('18684', '895', '77', '5', null, null, '5', null, '2015-05-31 20:43:48'), ('18685', '896', '77', '2', null, null, '2', null, '2015-05-05 20:43:48'), ('18686', '897', '77', '3', null, null, '3', null, '2015-06-04 20:43:48'), ('18687', '898', '77', '5', null, null, '5', null, '2015-07-04 20:43:48'), ('18688', '899', '77', '5', null, null, '5', null, '2015-05-26 20:43:48'), ('18689', '900', '77', '1', null, null, '1', null, '2015-06-09 20:43:48'), ('18690', '901', '77', '4', null, null, '4', null, '2015-05-26 20:43:48'), ('18691', '914', '77', '1', null, null, '1', null, '2015-08-22 20:43:48'), ('18692', '915', '77', '1', null, null, '1', null, '2015-08-08 20:43:48'), ('18693', '916', '77', '5', null, null, '5', null, '2015-10-10 20:43:48'), ('18694', '917', '77', '3', null, null, '3', null, '2015-08-28 20:43:48'), ('18695', '918', '77', '5', null, null, '5', null, '2015-08-25 20:43:48'), ('18696', '919', '77', '4', null, null, '4', null, '2015-09-06 20:43:48'), ('18697', '920', '77', '1', null, null, '1', null, '2015-08-09 20:43:48'), ('18698', '921', '77', '3', null, null, '3', null, '2015-09-01 20:43:48'), ('18699', '922', '77', '1', null, null, '1', null, '2015-08-29 20:43:48'), ('18700', '923', '77', '1', null, null, '1', null, '2015-09-14 20:43:48'), ('18701', '924', '77', '1', null, null, '1', null, '2015-09-08 20:43:48'), ('18702', '925', '77', '1', null, null, '1', null, '2015-09-25 20:43:48'), ('18703', '926', '77', '5', null, null, '5', null, '2015-09-30 20:43:48'), ('18704', '927', '77', '4', null, null, '4', null, '2015-09-03 20:43:48'), ('18705', '928', '77', '5', null, null, '5', null, '2015-10-22 20:43:48'), ('18706', '929', '77', '4', null, null, '4', null, '2015-08-14 20:43:48'), ('18707', '930', '77', '1', null, null, '1', null, '2015-08-15 20:43:48'), ('18708', '931', '77', '4', null, null, '4', null, '2015-09-01 20:43:48'), ('18709', '932', '77', '2', null, null, '2', null, '2015-08-14 20:43:48'), ('18710', '945', '77', '1', null, null, '1', null, '2015-12-13 20:43:48'), ('18711', '946', '77', '3', null, null, '3', null, '2015-11-26 20:43:48'), ('18712', '947', '77', '5', null, null, '5', null, '2015-11-12 20:43:48'), ('18713', '948', '77', '4', null, null, '4', null, '2015-12-06 20:43:48'), ('18714', '949', '77', '4', null, null, '4', null, '2015-12-11 20:43:48'), ('18715', '950', '77', '2', null, null, '2', null, '2015-12-07 20:43:48'), ('18716', '951', '77', '4', null, null, '4', null, '2015-11-16 20:43:48'), ('18717', '952', '77', '4', null, null, '4', null, '2015-11-29 20:43:48'), ('18718', '953', '77', '2', null, null, '2', null, '2015-12-22 20:43:48'), ('18719', '954', '77', '2', null, null, '2', null, '2015-12-15 20:43:48'), ('18720', '852', '78', '2', null, null, '2', null, '2015-02-01 20:43:48'), ('18721', '853', '78', '3', null, null, '3', null, '2015-03-06 20:43:48'), ('18722', '854', '78', '3', null, null, '3', null, '2015-01-15 20:43:48'), ('18723', '855', '78', '4', null, null, '4', null, '2015-03-07 20:43:48'), ('18724', '856', '78', '3', null, null, '3', null, '2015-03-09 20:43:48'), ('18725', '857', '78', '2', null, null, '2', null, '2015-01-29 20:43:48'), ('18726', '858', '78', '4', null, null, '4', null, '2015-01-26 20:43:48'), ('18727', '859', '78', '2', null, null, '2', null, '2015-01-30 20:43:48'), ('18728', '860', '78', '1', null, null, '1', null, '2015-02-25 20:43:48'), ('18729', '861', '78', '2', null, null, '2', null, '2015-03-16 20:43:48'), ('18730', '862', '78', '3', null, null, '3', null, '2015-04-03 20:43:48'), ('18731', '863', '78', '4', null, null, '4', null, '2015-01-27 20:43:48'), ('18732', '864', '78', '2', null, null, '2', null, '2015-02-10 20:43:48'), ('18733', '865', '78', '1', null, null, '1', null, '2015-04-19 20:43:48'), ('18734', '866', '78', '5', null, null, '5', null, '2015-04-18 20:43:48'), ('18735', '867', '78', '3', null, null, '3', null, '2015-04-07 20:43:48'), ('18736', '868', '78', '3', null, null, '3', null, '2015-02-15 20:43:48'), ('18737', '869', '78', '4', null, null, '4', null, '2015-01-27 20:43:48'), ('18738', '870', '78', '2', null, null, '2', null, '2015-03-22 20:43:48'), ('18739', '883', '78', '2', null, null, '2', null, '2015-07-31 20:43:48'), ('18740', '884', '78', '5', null, null, '5', null, '2015-07-17 20:43:48'), ('18741', '885', '78', '1', null, null, '1', null, '2015-05-16 20:43:48'), ('18742', '886', '78', '4', null, null, '4', null, '2015-06-25 20:43:48'), ('18743', '887', '78', '3', null, null, '3', null, '2015-06-04 20:43:48'), ('18744', '888', '78', '3', null, null, '3', null, '2015-05-11 20:43:48'), ('18745', '889', '78', '4', null, null, '4', null, '2015-06-28 20:43:48'), ('18746', '890', '78', '5', null, null, '5', null, '2015-07-05 20:43:48'), ('18747', '891', '78', '5', null, null, '5', null, '2015-06-25 20:43:48'), ('18748', '892', '78', '2', null, null, '2', null, '2015-07-25 20:43:48'), ('18749', '893', '78', '5', null, null, '5', null, '2015-07-07 20:43:48'), ('18750', '894', '78', '1', null, null, '1', null, '2015-07-25 20:43:48'), ('18751', '895', '78', '2', null, null, '2', null, '2015-05-31 20:43:48'), ('18752', '896', '78', '5', null, null, '5', null, '2015-05-05 20:43:48'), ('18753', '897', '78', '1', null, null, '1', null, '2015-06-04 20:43:48'), ('18754', '898', '78', '4', null, null, '4', null, '2015-07-04 20:43:48'), ('18755', '899', '78', '5', null, null, '5', null, '2015-05-26 20:43:48'), ('18756', '900', '78', '4', null, null, '4', null, '2015-06-09 20:43:48'), ('18757', '901', '78', '5', null, null, '5', null, '2015-05-26 20:43:48'), ('18758', '914', '78', '5', null, null, '5', null, '2015-08-22 20:43:48'), ('18759', '915', '78', '3', null, null, '3', null, '2015-08-08 20:43:48'), ('18760', '916', '78', '2', null, null, '2', null, '2015-10-10 20:43:48'), ('18761', '917', '78', '2', null, null, '2', null, '2015-08-28 20:43:48'), ('18762', '918', '78', '2', null, null, '2', null, '2015-08-25 20:43:48'), ('18763', '919', '78', '3', null, null, '3', null, '2015-09-06 20:43:48'), ('18764', '920', '78', '4', null, null, '4', null, '2015-08-09 20:43:48'), ('18765', '921', '78', '1', null, null, '1', null, '2015-09-01 20:43:48'), ('18766', '922', '78', '5', null, null, '5', null, '2015-08-29 20:43:48'), ('18767', '923', '78', '5', null, null, '5', null, '2015-09-14 20:43:48'), ('18768', '924', '78', '3', null, null, '3', null, '2015-09-08 20:43:48'), ('18769', '925', '78', '4', null, null, '4', null, '2015-09-25 20:43:48'), ('18770', '926', '78', '2', null, null, '2', null, '2015-09-30 20:43:48'), ('18771', '927', '78', '5', null, null, '5', null, '2015-09-03 20:43:48'), ('18772', '928', '78', '3', null, null, '3', null, '2015-10-22 20:43:48'), ('18773', '929', '78', '3', null, null, '3', null, '2015-08-14 20:43:48'), ('18774', '930', '78', '3', null, null, '3', null, '2015-08-15 20:43:48'), ('18775', '931', '78', '5', null, null, '5', null, '2015-09-01 20:43:48'), ('18776', '932', '78', '2', null, null, '2', null, '2015-08-14 20:43:48'), ('18777', '945', '78', '3', null, null, '3', null, '2015-12-13 20:43:48'), ('18778', '946', '78', '5', null, null, '5', null, '2015-11-26 20:43:48'), ('18779', '947', '78', '1', null, null, '1', null, '2015-11-12 20:43:48'), ('18780', '948', '78', '5', null, null, '5', null, '2015-12-06 20:43:48'), ('18781', '949', '78', '1', null, null, '1', null, '2015-12-11 20:43:48'), ('18782', '950', '78', '4', null, null, '4', null, '2015-12-07 20:43:48'), ('18783', '951', '78', '3', null, null, '3', null, '2015-11-16 20:43:48'), ('18784', '952', '78', '1', null, null, '1', null, '2015-11-29 20:43:48'), ('18785', '953', '78', '5', null, null, '5', null, '2015-12-22 20:43:48'), ('18786', '954', '78', '1', null, null, '1', null, '2015-12-15 20:43:48'), ('18787', '852', '79', '3', null, null, '3', null, '2015-02-01 20:43:48'), ('18788', '853', '79', '4', null, null, '4', null, '2015-03-06 20:43:48'), ('18789', '854', '79', '4', null, null, '4', null, '2015-01-15 20:43:48'), ('18790', '855', '79', '3', null, null, '3', null, '2015-03-07 20:43:48'), ('18791', '856', '79', '1', null, null, '1', null, '2015-03-09 20:43:48'), ('18792', '857', '79', '3', null, null, '3', null, '2015-01-29 20:43:48'), ('18793', '858', '79', '4', null, null, '4', null, '2015-01-26 20:43:48'), ('18794', '859', '79', '3', null, null, '3', null, '2015-01-30 20:43:48'), ('18795', '860', '79', '1', null, null, '1', null, '2015-02-25 20:43:48'), ('18796', '861', '79', '1', null, null, '1', null, '2015-03-16 20:43:48'), ('18797', '862', '79', '3', null, null, '3', null, '2015-04-03 20:43:48'), ('18798', '863', '79', '4', null, null, '4', null, '2015-01-27 20:43:48'), ('18799', '864', '79', '5', null, null, '5', null, '2015-02-10 20:43:48'), ('18800', '865', '79', '2', null, null, '2', null, '2015-04-19 20:43:48'), ('18801', '866', '79', '2', null, null, '2', null, '2015-04-18 20:43:48'), ('18802', '867', '79', '2', null, null, '2', null, '2015-04-07 20:43:48'), ('18803', '868', '79', '4', null, null, '4', null, '2015-02-15 20:43:48'), ('18804', '869', '79', '5', null, null, '5', null, '2015-01-27 20:43:48'), ('18805', '870', '79', '4', null, null, '4', null, '2015-03-22 20:43:48'), ('18806', '883', '79', '3', null, null, '3', null, '2015-07-31 20:43:48'), ('18807', '884', '79', '5', null, null, '5', null, '2015-07-17 20:43:48'), ('18808', '885', '79', '1', null, null, '1', null, '2015-05-16 20:43:48'), ('18809', '886', '79', '3', null, null, '3', null, '2015-06-25 20:43:48'), ('18810', '887', '79', '4', null, null, '4', null, '2015-06-04 20:43:48'), ('18811', '888', '79', '1', null, null, '1', null, '2015-05-11 20:43:48'), ('18812', '889', '79', '1', null, null, '1', null, '2015-06-28 20:43:48'), ('18813', '890', '79', '3', null, null, '3', null, '2015-07-05 20:43:48'), ('18814', '891', '79', '5', null, null, '5', null, '2015-06-25 20:43:48'), ('18815', '892', '79', '5', null, null, '5', null, '2015-07-25 20:43:48'), ('18816', '893', '79', '5', null, null, '5', null, '2015-07-07 20:43:48'), ('18817', '894', '79', '4', null, null, '4', null, '2015-07-25 20:43:48'), ('18818', '895', '79', '5', null, null, '5', null, '2015-05-31 20:43:48'), ('18819', '896', '79', '4', null, null, '4', null, '2015-05-05 20:43:48'), ('18820', '897', '79', '3', null, null, '3', null, '2015-06-04 20:43:48'), ('18821', '898', '79', '1', null, null, '1', null, '2015-07-04 20:43:48'), ('18822', '899', '79', '3', null, null, '3', null, '2015-05-26 20:43:48'), ('18823', '900', '79', '5', null, null, '5', null, '2015-06-09 20:43:48'), ('18824', '901', '79', '3', null, null, '3', null, '2015-05-26 20:43:48'), ('18825', '914', '79', '3', null, null, '3', null, '2015-08-22 20:43:48'), ('18826', '915', '79', '4', null, null, '4', null, '2015-08-08 20:43:48'), ('18827', '916', '79', '3', null, null, '3', null, '2015-10-10 20:43:48'), ('18828', '917', '79', '1', null, null, '1', null, '2015-08-28 20:43:48'), ('18829', '918', '79', '1', null, null, '1', null, '2015-08-25 20:43:48'), ('18830', '919', '79', '3', null, null, '3', null, '2015-09-06 20:43:48'), ('18831', '920', '79', '1', null, null, '1', null, '2015-08-09 20:43:48'), ('18832', '921', '79', '2', null, null, '2', null, '2015-09-01 20:43:48'), ('18833', '922', '79', '1', null, null, '1', null, '2015-08-29 20:43:48'), ('18834', '923', '79', '3', null, null, '3', null, '2015-09-14 20:43:48'), ('18835', '924', '79', '4', null, null, '4', null, '2015-09-08 20:43:48'), ('18836', '925', '79', '4', null, null, '4', null, '2015-09-25 20:43:48'), ('18837', '926', '79', '3', null, null, '3', null, '2015-09-30 20:43:48'), ('18838', '927', '79', '5', null, null, '5', null, '2015-09-03 20:43:48'), ('18839', '928', '79', '1', null, null, '1', null, '2015-10-22 20:43:48'), ('18840', '929', '79', '5', null, null, '5', null, '2015-08-14 20:43:48'), ('18841', '930', '79', '2', null, null, '2', null, '2015-08-15 20:43:48'), ('18842', '931', '79', '3', null, null, '3', null, '2015-09-01 20:43:48'), ('18843', '932', '79', '2', null, null, '2', null, '2015-08-14 20:43:48'), ('18844', '945', '79', '4', null, null, '4', null, '2015-12-13 20:43:48'), ('18845', '946', '79', '2', null, null, '2', null, '2015-11-26 20:43:48'), ('18846', '947', '79', '4', null, null, '4', null, '2015-11-12 20:43:48'), ('18847', '948', '79', '4', null, null, '4', null, '2015-12-06 20:43:48'), ('18848', '949', '79', '3', null, null, '3', null, '2015-12-11 20:43:48'), ('18849', '950', '79', '1', null, null, '1', null, '2015-12-07 20:43:48'), ('18850', '951', '79', '2', null, null, '2', null, '2015-11-16 20:43:48'), ('18851', '952', '79', '1', null, null, '1', null, '2015-11-29 20:43:48'), ('18852', '953', '79', '1', null, null, '1', null, '2015-12-22 20:43:48'), ('18853', '954', '79', '4', null, null, '4', null, '2015-12-15 20:43:48'), ('18854', '852', '80', '2', null, null, '2', null, '2015-02-01 20:43:48'), ('18855', '853', '80', '3', null, null, '3', null, '2015-03-06 20:43:48'), ('18856', '854', '80', '4', null, null, '4', null, '2015-01-15 20:43:48'), ('18857', '855', '80', '4', null, null, '4', null, '2015-03-07 20:43:48'), ('18858', '856', '80', '4', null, null, '4', null, '2015-03-09 20:43:48'), ('18859', '857', '80', '3', null, null, '3', null, '2015-01-29 20:43:48'), ('18860', '858', '80', '2', null, null, '2', null, '2015-01-26 20:43:48'), ('18861', '859', '80', '2', null, null, '2', null, '2015-01-30 20:43:48'), ('18862', '860', '80', '2', null, null, '2', null, '2015-02-25 20:43:48'), ('18863', '861', '80', '2', null, null, '2', null, '2015-03-16 20:43:48'), ('18864', '862', '80', '4', null, null, '4', null, '2015-04-03 20:43:48'), ('18865', '863', '80', '3', null, null, '3', null, '2015-01-27 20:43:48'), ('18866', '864', '80', '5', null, null, '5', null, '2015-02-10 20:43:48'), ('18867', '865', '80', '3', null, null, '3', null, '2015-04-19 20:43:48'), ('18868', '866', '80', '2', null, null, '2', null, '2015-04-18 20:43:48'), ('18869', '867', '80', '3', null, null, '3', null, '2015-04-07 20:43:48'), ('18870', '868', '80', '5', null, null, '5', null, '2015-02-15 20:43:48'), ('18871', '869', '80', '5', null, null, '5', null, '2015-01-27 20:43:48'), ('18872', '870', '80', '3', null, null, '3', null, '2015-03-22 20:43:48'), ('18873', '883', '80', '2', null, null, '2', null, '2015-07-31 20:43:48'), ('18874', '884', '80', '1', null, null, '1', null, '2015-07-17 20:43:48'), ('18875', '885', '80', '3', null, null, '3', null, '2015-05-16 20:43:48'), ('18876', '886', '80', '1', null, null, '1', null, '2015-06-25 20:43:48'), ('18877', '887', '80', '5', null, null, '5', null, '2015-06-04 20:43:48'), ('18878', '888', '80', '2', null, null, '2', null, '2015-05-11 20:43:48'), ('18879', '889', '80', '1', null, null, '1', null, '2015-06-28 20:43:48'), ('18880', '890', '80', '2', null, null, '2', null, '2015-07-05 20:43:48'), ('18881', '891', '80', '5', null, null, '5', null, '2015-06-25 20:43:48'), ('18882', '892', '80', '1', null, null, '1', null, '2015-07-25 20:43:48'), ('18883', '893', '80', '2', null, null, '2', null, '2015-07-07 20:43:48'), ('18884', '894', '80', '1', null, null, '1', null, '2015-07-25 20:43:48'), ('18885', '895', '80', '3', null, null, '3', null, '2015-05-31 20:43:48'), ('18886', '896', '80', '1', null, null, '1', null, '2015-05-05 20:43:48'), ('18887', '897', '80', '1', null, null, '1', null, '2015-06-04 20:43:48'), ('18888', '898', '80', '3', null, null, '3', null, '2015-07-04 20:43:48'), ('18889', '899', '80', '4', null, null, '4', null, '2015-05-26 20:43:48'), ('18890', '900', '80', '1', null, null, '1', null, '2015-06-09 20:43:48'), ('18891', '901', '80', '3', null, null, '3', null, '2015-05-26 20:43:48'), ('18892', '914', '80', '2', null, null, '2', null, '2015-08-22 20:43:48'), ('18893', '915', '80', '1', null, null, '1', null, '2015-08-08 20:43:48'), ('18894', '916', '80', '3', null, null, '3', null, '2015-10-10 20:43:48'), ('18895', '917', '80', '2', null, null, '2', null, '2015-08-28 20:43:48'), ('18896', '918', '80', '1', null, null, '1', null, '2015-08-25 20:43:48'), ('18897', '919', '80', '3', null, null, '3', null, '2015-09-06 20:43:48'), ('18898', '920', '80', '5', null, null, '5', null, '2015-08-09 20:43:48'), ('18899', '921', '80', '3', null, null, '3', null, '2015-09-01 20:43:48'), ('18900', '922', '80', '2', null, null, '2', null, '2015-08-29 20:43:48'), ('18901', '923', '80', '1', null, null, '1', null, '2015-09-14 20:43:48'), ('18902', '924', '80', '2', null, null, '2', null, '2015-09-08 20:43:48'), ('18903', '925', '80', '3', null, null, '3', null, '2015-09-25 20:43:48'), ('18904', '926', '80', '3', null, null, '3', null, '2015-09-30 20:43:48'), ('18905', '927', '80', '2', null, null, '2', null, '2015-09-03 20:43:48'), ('18906', '928', '80', '4', null, null, '4', null, '2015-10-22 20:43:48'), ('18907', '929', '80', '2', null, null, '2', null, '2015-08-14 20:43:48'), ('18908', '930', '80', '4', null, null, '4', null, '2015-08-15 20:43:48'), ('18909', '931', '80', '4', null, null, '4', null, '2015-09-01 20:43:48'), ('18910', '932', '80', '5', null, null, '5', null, '2015-08-14 20:43:48'), ('18911', '945', '80', '5', null, null, '5', null, '2015-12-13 20:43:48'), ('18912', '946', '80', '5', null, null, '5', null, '2015-11-26 20:43:48'), ('18913', '947', '80', '3', null, null, '3', null, '2015-11-12 20:43:48'), ('18914', '948', '80', '2', null, null, '2', null, '2015-12-06 20:43:48'), ('18915', '949', '80', '4', null, null, '4', null, '2015-12-11 20:43:48'), ('18916', '950', '80', '2', null, null, '2', null, '2015-12-07 20:43:48'), ('18917', '951', '80', '2', null, null, '2', null, '2015-11-16 20:43:48'), ('18918', '952', '80', '1', null, null, '1', null, '2015-11-29 20:43:48'), ('18919', '953', '80', '1', null, null, '1', null, '2015-12-22 20:43:48'), ('18920', '954', '80', '2', null, null, '2', null, '2015-12-15 20:43:48'), ('18921', '852', '81', '2', null, null, '2', null, '2015-02-01 20:43:48'), ('18922', '853', '81', '2', null, null, '2', null, '2015-03-06 20:43:48'), ('18923', '854', '81', '3', null, null, '3', null, '2015-01-15 20:43:48'), ('18924', '855', '81', '4', null, null, '4', null, '2015-03-07 20:43:48'), ('18925', '856', '81', '1', null, null, '1', null, '2015-03-09 20:43:48'), ('18926', '857', '81', '1', null, null, '1', null, '2015-01-29 20:43:48'), ('18927', '858', '81', '1', null, null, '1', null, '2015-01-26 20:43:48'), ('18928', '859', '81', '2', null, null, '2', null, '2015-01-30 20:43:48'), ('18929', '860', '81', '2', null, null, '2', null, '2015-02-25 20:43:48'), ('18930', '861', '81', '2', null, null, '2', null, '2015-03-16 20:43:48'), ('18931', '862', '81', '1', null, null, '1', null, '2015-04-03 20:43:48'), ('18932', '863', '81', '3', null, null, '3', null, '2015-01-27 20:43:48'), ('18933', '864', '81', '4', null, null, '4', null, '2015-02-10 20:43:48'), ('18934', '865', '81', '4', null, null, '4', null, '2015-04-19 20:43:48'), ('18935', '866', '81', '1', null, null, '1', null, '2015-04-18 20:43:48'), ('18936', '867', '81', '3', null, null, '3', null, '2015-04-07 20:43:48'), ('18937', '868', '81', '1', null, null, '1', null, '2015-02-15 20:43:48'), ('18938', '869', '81', '4', null, null, '4', null, '2015-01-27 20:43:48'), ('18939', '870', '81', '2', null, null, '2', null, '2015-03-22 20:43:48'), ('18940', '883', '81', '2', null, null, '2', null, '2015-07-31 20:43:48'), ('18941', '884', '81', '4', null, null, '4', null, '2015-07-17 20:43:48'), ('18942', '885', '81', '2', null, null, '2', null, '2015-05-16 20:43:48'), ('18943', '886', '81', '3', null, null, '3', null, '2015-06-25 20:43:48'), ('18944', '887', '81', '4', null, null, '4', null, '2015-06-04 20:43:48'), ('18945', '888', '81', '5', null, null, '5', null, '2015-05-11 20:43:48'), ('18946', '889', '81', '4', null, null, '4', null, '2015-06-28 20:43:48'), ('18947', '890', '81', '2', null, null, '2', null, '2015-07-05 20:43:48'), ('18948', '891', '81', '5', null, null, '5', null, '2015-06-25 20:43:48'), ('18949', '892', '81', '2', null, null, '2', null, '2015-07-25 20:43:48'), ('18950', '893', '81', '1', null, null, '1', null, '2015-07-07 20:43:48'), ('18951', '894', '81', '1', null, null, '1', null, '2015-07-25 20:43:48'), ('18952', '895', '81', '4', null, null, '4', null, '2015-05-31 20:43:48'), ('18953', '896', '81', '3', null, null, '3', null, '2015-05-05 20:43:48'), ('18954', '897', '81', '4', null, null, '4', null, '2015-06-04 20:43:48'), ('18955', '898', '81', '1', null, null, '1', null, '2015-07-04 20:43:48'), ('18956', '899', '81', '5', null, null, '5', null, '2015-05-26 20:43:48'), ('18957', '900', '81', '1', null, null, '1', null, '2015-06-09 20:43:48'), ('18958', '901', '81', '2', null, null, '2', null, '2015-05-26 20:43:48'), ('18959', '914', '81', '3', null, null, '3', null, '2015-08-22 20:43:48'), ('18960', '915', '81', '3', null, null, '3', null, '2015-08-08 20:43:48'), ('18961', '916', '81', '4', null, null, '4', null, '2015-10-10 20:43:48'), ('18962', '917', '81', '2', null, null, '2', null, '2015-08-28 20:43:48'), ('18963', '918', '81', '3', null, null, '3', null, '2015-08-25 20:43:48'), ('18964', '919', '81', '2', null, null, '2', null, '2015-09-06 20:43:48'), ('18965', '920', '81', '1', null, null, '1', null, '2015-08-09 20:43:48'), ('18966', '921', '81', '5', null, null, '5', null, '2015-09-01 20:43:48'), ('18967', '922', '81', '4', null, null, '4', null, '2015-08-29 20:43:48'), ('18968', '923', '81', '5', null, null, '5', null, '2015-09-14 20:43:48'), ('18969', '924', '81', '5', null, null, '5', null, '2015-09-08 20:43:48'), ('18970', '925', '81', '2', null, null, '2', null, '2015-09-25 20:43:48'), ('18971', '926', '81', '1', null, null, '1', null, '2015-09-30 20:43:48'), ('18972', '927', '81', '3', null, null, '3', null, '2015-09-03 20:43:48'), ('18973', '928', '81', '1', null, null, '1', null, '2015-10-22 20:43:48'), ('18974', '929', '81', '4', null, null, '4', null, '2015-08-14 20:43:48'), ('18975', '930', '81', '3', null, null, '3', null, '2015-08-15 20:43:48'), ('18976', '931', '81', '5', null, null, '5', null, '2015-09-01 20:43:48'), ('18977', '932', '81', '4', null, null, '4', null, '2015-08-14 20:43:48'), ('18978', '945', '81', '3', null, null, '3', null, '2015-12-13 20:43:48'), ('18979', '946', '81', '4', null, null, '4', null, '2015-11-26 20:43:48'), ('18980', '947', '81', '5', null, null, '5', null, '2015-11-12 20:43:48'), ('18981', '948', '81', '5', null, null, '5', null, '2015-12-06 20:43:48'), ('18982', '949', '81', '2', null, null, '2', null, '2015-12-11 20:43:48'), ('18983', '950', '81', '3', null, null, '3', null, '2015-12-07 20:43:48'), ('18984', '951', '81', '1', null, null, '1', null, '2015-11-16 20:43:48'), ('18985', '952', '81', '2', null, null, '2', null, '2015-11-29 20:43:48'), ('18986', '953', '81', '4', null, null, '4', null, '2015-12-22 20:43:48'), ('18987', '954', '81', '4', null, null, '4', null, '2015-12-15 20:43:48'), ('18988', '852', '82', '4', null, null, '4', null, '2015-02-01 20:43:48'), ('18989', '853', '82', '5', null, null, '5', null, '2015-03-06 20:43:48'), ('18990', '854', '82', '3', null, null, '3', null, '2015-01-15 20:43:48'), ('18991', '855', '82', '3', null, null, '3', null, '2015-03-07 20:43:48'), ('18992', '856', '82', '3', null, null, '3', null, '2015-03-09 20:43:48'), ('18993', '857', '82', '4', null, null, '4', null, '2015-01-29 20:43:48'), ('18994', '858', '82', '5', null, null, '5', null, '2015-01-26 20:43:48'), ('18995', '859', '82', '2', null, null, '2', null, '2015-01-30 20:43:48'), ('18996', '860', '82', '1', null, null, '1', null, '2015-02-25 20:43:48'), ('18997', '861', '82', '5', null, null, '5', null, '2015-03-16 20:43:48'), ('18998', '862', '82', '5', null, null, '5', null, '2015-04-03 20:43:48'), ('18999', '863', '82', '5', null, null, '5', null, '2015-01-27 20:43:48'), ('19000', '864', '82', '4', null, null, '4', null, '2015-02-10 20:43:48'), ('19001', '865', '82', '4', null, null, '4', null, '2015-04-19 20:43:48'), ('19002', '866', '82', '4', null, null, '4', null, '2015-04-18 20:43:48'), ('19003', '867', '82', '5', null, null, '5', null, '2015-04-07 20:43:48'), ('19004', '868', '82', '4', null, null, '4', null, '2015-02-15 20:43:48'), ('19005', '869', '82', '5', null, null, '5', null, '2015-01-27 20:43:48'), ('19006', '870', '82', '1', null, null, '1', null, '2015-03-22 20:43:48'), ('19007', '883', '82', '1', null, null, '1', null, '2015-07-31 20:43:48'), ('19008', '884', '82', '1', null, null, '1', null, '2015-07-17 20:43:48'), ('19009', '885', '82', '2', null, null, '2', null, '2015-05-16 20:43:48'), ('19010', '886', '82', '2', null, null, '2', null, '2015-06-25 20:43:48'), ('19011', '887', '82', '1', null, null, '1', null, '2015-06-04 20:43:48'), ('19012', '888', '82', '1', null, null, '1', null, '2015-05-11 20:43:48'), ('19013', '889', '82', '5', null, null, '5', null, '2015-06-28 20:43:48'), ('19014', '890', '82', '5', null, null, '5', null, '2015-07-05 20:43:48'), ('19015', '891', '82', '5', null, null, '5', null, '2015-06-25 20:43:48'), ('19016', '892', '82', '1', null, null, '1', null, '2015-07-25 20:43:48'), ('19017', '893', '82', '5', null, null, '5', null, '2015-07-07 20:43:48'), ('19018', '894', '82', '1', null, null, '1', null, '2015-07-25 20:43:48'), ('19019', '895', '82', '1', null, null, '1', null, '2015-05-31 20:43:48'), ('19020', '896', '82', '2', null, null, '2', null, '2015-05-05 20:43:48'), ('19021', '897', '82', '1', null, null, '1', null, '2015-06-04 20:43:48'), ('19022', '898', '82', '5', null, null, '5', null, '2015-07-04 20:43:48'), ('19023', '899', '82', '1', null, null, '1', null, '2015-05-26 20:43:48'), ('19024', '900', '82', '3', null, null, '3', null, '2015-06-09 20:43:48'), ('19025', '901', '82', '3', null, null, '3', null, '2015-05-26 20:43:48'), ('19026', '914', '82', '4', null, null, '4', null, '2015-08-22 20:43:48'), ('19027', '915', '82', '1', null, null, '1', null, '2015-08-08 20:43:48'), ('19028', '916', '82', '3', null, null, '3', null, '2015-10-10 20:43:48'), ('19029', '917', '82', '1', null, null, '1', null, '2015-08-28 20:43:48'), ('19030', '918', '82', '2', null, null, '2', null, '2015-08-25 20:43:48'), ('19031', '919', '82', '2', null, null, '2', null, '2015-09-06 20:43:48'), ('19032', '920', '82', '4', null, null, '4', null, '2015-08-09 20:43:48'), ('19033', '921', '82', '3', null, null, '3', null, '2015-09-01 20:43:48'), ('19034', '922', '82', '2', null, null, '2', null, '2015-08-29 20:43:48'), ('19035', '923', '82', '1', null, null, '1', null, '2015-09-14 20:43:48'), ('19036', '924', '82', '5', null, null, '5', null, '2015-09-08 20:43:48'), ('19037', '925', '82', '4', null, null, '4', null, '2015-09-25 20:43:48'), ('19038', '926', '82', '5', null, null, '5', null, '2015-09-30 20:43:48'), ('19039', '927', '82', '1', null, null, '1', null, '2015-09-03 20:43:48'), ('19040', '928', '82', '2', null, null, '2', null, '2015-10-22 20:43:48'), ('19041', '929', '82', '1', null, null, '1', null, '2015-08-14 20:43:48'), ('19042', '930', '82', '4', null, null, '4', null, '2015-08-15 20:43:48'), ('19043', '931', '82', '3', null, null, '3', null, '2015-09-01 20:43:48'), ('19044', '932', '82', '5', null, null, '5', null, '2015-08-14 20:43:48'), ('19045', '945', '82', '5', null, null, '5', null, '2015-12-13 20:43:48'), ('19046', '946', '82', '4', null, null, '4', null, '2015-11-26 20:43:48'), ('19047', '947', '82', '1', null, null, '1', null, '2015-11-12 20:43:48'), ('19048', '948', '82', '1', null, null, '1', null, '2015-12-06 20:43:48'), ('19049', '949', '82', '2', null, null, '2', null, '2015-12-11 20:43:48'), ('19050', '950', '82', '1', null, null, '1', null, '2015-12-07 20:43:48'), ('19051', '951', '82', '5', null, null, '5', null, '2015-11-16 20:43:48'), ('19052', '952', '82', '2', null, null, '2', null, '2015-11-29 20:43:48'), ('19053', '953', '82', '2', null, null, '2', null, '2015-12-22 20:43:48'), ('19054', '954', '82', '1', null, null, '1', null, '2015-12-15 20:43:48'), ('19055', '852', '83', '3', null, null, '3', null, '2015-02-01 20:43:48'), ('19056', '853', '83', '3', null, null, '3', null, '2015-03-06 20:43:48'), ('19057', '854', '83', '5', null, null, '5', null, '2015-01-15 20:43:48'), ('19058', '855', '83', '4', null, null, '4', null, '2015-03-07 20:43:48'), ('19059', '856', '83', '1', null, null, '1', null, '2015-03-09 20:43:48'), ('19060', '857', '83', '5', null, null, '5', null, '2015-01-29 20:43:48'), ('19061', '858', '83', '3', null, null, '3', null, '2015-01-26 20:43:48'), ('19062', '859', '83', '1', null, null, '1', null, '2015-01-30 20:43:48'), ('19063', '860', '83', '1', null, null, '1', null, '2015-02-25 20:43:48'), ('19064', '861', '83', '4', null, null, '4', null, '2015-03-16 20:43:48'), ('19065', '862', '83', '4', null, null, '4', null, '2015-04-03 20:43:48'), ('19066', '863', '83', '3', null, null, '3', null, '2015-01-27 20:43:48'), ('19067', '864', '83', '4', null, null, '4', null, '2015-02-10 20:43:48'), ('19068', '865', '83', '4', null, null, '4', null, '2015-04-19 20:43:48'), ('19069', '866', '83', '3', null, null, '3', null, '2015-04-18 20:43:48'), ('19070', '867', '83', '5', null, null, '5', null, '2015-04-07 20:43:48'), ('19071', '868', '83', '5', null, null, '5', null, '2015-02-15 20:43:48'), ('19072', '869', '83', '4', null, null, '4', null, '2015-01-27 20:43:48'), ('19073', '870', '83', '1', null, null, '1', null, '2015-03-22 20:43:48'), ('19074', '883', '83', '1', null, null, '1', null, '2015-07-31 20:43:48'), ('19075', '884', '83', '1', null, null, '1', null, '2015-07-17 20:43:48'), ('19076', '885', '83', '3', null, null, '3', null, '2015-05-16 20:43:48'), ('19077', '886', '83', '2', null, null, '2', null, '2015-06-25 20:43:48'), ('19078', '887', '83', '5', null, null, '5', null, '2015-06-04 20:43:48'), ('19079', '888', '83', '1', null, null, '1', null, '2015-05-11 20:43:48'), ('19080', '889', '83', '3', null, null, '3', null, '2015-06-28 20:43:48'), ('19081', '890', '83', '4', null, null, '4', null, '2015-07-05 20:43:48'), ('19082', '891', '83', '2', null, null, '2', null, '2015-06-25 20:43:48'), ('19083', '892', '83', '1', null, null, '1', null, '2015-07-25 20:43:48'), ('19084', '893', '83', '5', null, null, '5', null, '2015-07-07 20:43:48'), ('19085', '894', '83', '4', null, null, '4', null, '2015-07-25 20:43:48'), ('19086', '895', '83', '5', null, null, '5', null, '2015-05-31 20:43:48'), ('19087', '896', '83', '4', null, null, '4', null, '2015-05-05 20:43:48'), ('19088', '897', '83', '3', null, null, '3', null, '2015-06-04 20:43:48'), ('19089', '898', '83', '1', null, null, '1', null, '2015-07-04 20:43:48'), ('19090', '899', '83', '3', null, null, '3', null, '2015-05-26 20:43:48'), ('19091', '900', '83', '1', null, null, '1', null, '2015-06-09 20:43:48'), ('19092', '901', '83', '2', null, null, '2', null, '2015-05-26 20:43:48'), ('19093', '914', '83', '5', null, null, '5', null, '2015-08-22 20:43:48'), ('19094', '915', '83', '2', null, null, '2', null, '2015-08-08 20:43:48'), ('19095', '916', '83', '4', null, null, '4', null, '2015-10-10 20:43:48'), ('19096', '917', '83', '1', null, null, '1', null, '2015-08-28 20:43:48'), ('19097', '918', '83', '3', null, null, '3', null, '2015-08-25 20:43:48'), ('19098', '919', '83', '5', null, null, '5', null, '2015-09-06 20:43:48'), ('19099', '920', '83', '1', null, null, '1', null, '2015-08-09 20:43:48'), ('19100', '921', '83', '3', null, null, '3', null, '2015-09-01 20:43:48'), ('19101', '922', '83', '1', null, null, '1', null, '2015-08-29 20:43:48'), ('19102', '923', '83', '5', null, null, '5', null, '2015-09-14 20:43:48'), ('19103', '924', '83', '5', null, null, '5', null, '2015-09-08 20:43:48'), ('19104', '925', '83', '1', null, null, '1', null, '2015-09-25 20:43:48'), ('19105', '926', '83', '1', null, null, '1', null, '2015-09-30 20:43:48'), ('19106', '927', '83', '5', null, null, '5', null, '2015-09-03 20:43:48'), ('19107', '928', '83', '3', null, null, '3', null, '2015-10-22 20:43:48'), ('19108', '929', '83', '5', null, null, '5', null, '2015-08-14 20:43:48'), ('19109', '930', '83', '4', null, null, '4', null, '2015-08-15 20:43:48'), ('19110', '931', '83', '5', null, null, '5', null, '2015-09-01 20:43:48'), ('19111', '932', '83', '4', null, null, '4', null, '2015-08-14 20:43:48'), ('19112', '945', '83', '2', null, null, '2', null, '2015-12-13 20:43:48'), ('19113', '946', '83', '3', null, null, '3', null, '2015-11-26 20:43:48'), ('19114', '947', '83', '2', null, null, '2', null, '2015-11-12 20:43:48'), ('19115', '948', '83', '3', null, null, '3', null, '2015-12-06 20:43:48'), ('19116', '949', '83', '1', null, null, '1', null, '2015-12-11 20:43:48'), ('19117', '950', '83', '1', null, null, '1', null, '2015-12-07 20:43:48'), ('19118', '951', '83', '4', null, null, '4', null, '2015-11-16 20:43:48'), ('19119', '952', '83', '3', null, null, '3', null, '2015-11-29 20:43:48'), ('19120', '953', '83', '5', null, null, '5', null, '2015-12-22 20:43:48'), ('19121', '954', '83', '1', null, null, '1', null, '2015-12-15 20:43:48'), ('19122', '852', '84', '2', null, null, '2', null, '2015-02-01 20:43:48'), ('19123', '853', '84', '3', null, null, '3', null, '2015-03-06 20:43:48'), ('19124', '854', '84', '4', null, null, '4', null, '2015-01-15 20:43:48'), ('19125', '855', '84', '3', null, null, '3', null, '2015-03-07 20:43:48'), ('19126', '856', '84', '5', null, null, '5', null, '2015-03-09 20:43:48'), ('19127', '857', '84', '1', null, null, '1', null, '2015-01-29 20:43:48'), ('19128', '858', '84', '4', null, null, '4', null, '2015-01-26 20:43:48'), ('19129', '859', '84', '2', null, null, '2', null, '2015-01-30 20:43:48'), ('19130', '860', '84', '3', null, null, '3', null, '2015-02-25 20:43:48'), ('19131', '861', '84', '1', null, null, '1', null, '2015-03-16 20:43:48'), ('19132', '862', '84', '3', null, null, '3', null, '2015-04-03 20:43:48'), ('19133', '863', '84', '2', null, null, '2', null, '2015-01-27 20:43:48'), ('19134', '864', '84', '1', null, null, '1', null, '2015-02-10 20:43:48'), ('19135', '865', '84', '4', null, null, '4', null, '2015-04-19 20:43:48'), ('19136', '866', '84', '3', null, null, '3', null, '2015-04-18 20:43:48'), ('19137', '867', '84', '1', null, null, '1', null, '2015-04-07 20:43:48'), ('19138', '868', '84', '3', null, null, '3', null, '2015-02-15 20:43:48'), ('19139', '869', '84', '2', null, null, '2', null, '2015-01-27 20:43:48'), ('19140', '870', '84', '3', null, null, '3', null, '2015-03-22 20:43:48'), ('19141', '883', '84', '1', null, null, '1', null, '2015-07-31 20:43:48'), ('19142', '884', '84', '3', null, null, '3', null, '2015-07-17 20:43:48'), ('19143', '885', '84', '5', null, null, '5', null, '2015-05-16 20:43:48'), ('19144', '886', '84', '5', null, null, '5', null, '2015-06-25 20:43:48'), ('19145', '887', '84', '3', null, null, '3', null, '2015-06-04 20:43:48'), ('19146', '888', '84', '3', null, null, '3', null, '2015-05-11 20:43:48'), ('19147', '889', '84', '3', null, null, '3', null, '2015-06-28 20:43:48'), ('19148', '890', '84', '3', null, null, '3', null, '2015-07-05 20:43:48'), ('19149', '891', '84', '4', null, null, '4', null, '2015-06-25 20:43:48'), ('19150', '892', '84', '5', null, null, '5', null, '2015-07-25 20:43:48'), ('19151', '893', '84', '4', null, null, '4', null, '2015-07-07 20:43:48'), ('19152', '894', '84', '5', null, null, '5', null, '2015-07-25 20:43:48'), ('19153', '895', '84', '3', null, null, '3', null, '2015-05-31 20:43:48'), ('19154', '896', '84', '4', null, null, '4', null, '2015-05-05 20:43:48'), ('19155', '897', '84', '5', null, null, '5', null, '2015-06-04 20:43:48'), ('19156', '898', '84', '3', null, null, '3', null, '2015-07-04 20:43:48'), ('19157', '899', '84', '5', null, null, '5', null, '2015-05-26 20:43:48'), ('19158', '900', '84', '1', null, null, '1', null, '2015-06-09 20:43:48'), ('19159', '901', '84', '5', null, null, '5', null, '2015-05-26 20:43:48'), ('19160', '914', '84', '3', null, null, '3', null, '2015-08-22 20:43:48'), ('19161', '915', '84', '2', null, null, '2', null, '2015-08-08 20:43:48'), ('19162', '916', '84', '5', null, null, '5', null, '2015-10-10 20:43:48'), ('19163', '917', '84', '3', null, null, '3', null, '2015-08-28 20:43:48'), ('19164', '918', '84', '4', null, null, '4', null, '2015-08-25 20:43:48'), ('19165', '919', '84', '2', null, null, '2', null, '2015-09-06 20:43:48'), ('19166', '920', '84', '1', null, null, '1', null, '2015-08-09 20:43:48'), ('19167', '921', '84', '1', null, null, '1', null, '2015-09-01 20:43:48'), ('19168', '922', '84', '1', null, null, '1', null, '2015-08-29 20:43:48'), ('19169', '923', '84', '4', null, null, '4', null, '2015-09-14 20:43:48'), ('19170', '924', '84', '4', null, null, '4', null, '2015-09-08 20:43:48'), ('19171', '925', '84', '3', null, null, '3', null, '2015-09-25 20:43:48'), ('19172', '926', '84', '2', null, null, '2', null, '2015-09-30 20:43:48'), ('19173', '927', '84', '1', null, null, '1', null, '2015-09-03 20:43:48'), ('19174', '928', '84', '5', null, null, '5', null, '2015-10-22 20:43:48'), ('19175', '929', '84', '4', null, null, '4', null, '2015-08-14 20:43:48'), ('19176', '930', '84', '5', null, null, '5', null, '2015-08-15 20:43:48'), ('19177', '931', '84', '1', null, null, '1', null, '2015-09-01 20:43:48'), ('19178', '932', '84', '1', null, null, '1', null, '2015-08-14 20:43:48'), ('19179', '945', '84', '5', null, null, '5', null, '2015-12-13 20:43:48'), ('19180', '946', '84', '4', null, null, '4', null, '2015-11-26 20:43:48'), ('19181', '947', '84', '2', null, null, '2', null, '2015-11-12 20:43:48'), ('19182', '948', '84', '2', null, null, '2', null, '2015-12-06 20:43:48'), ('19183', '949', '84', '4', null, null, '4', null, '2015-12-11 20:43:48'), ('19184', '950', '84', '4', null, null, '4', null, '2015-12-07 20:43:48'), ('19185', '951', '84', '4', null, null, '4', null, '2015-11-16 20:43:48'), ('19186', '952', '84', '3', null, null, '3', null, '2015-11-29 20:43:48'), ('19187', '953', '84', '2', null, null, '2', null, '2015-12-22 20:43:48'), ('19188', '954', '84', '1', null, null, '1', null, '2015-12-15 20:43:48'), ('19189', '852', '85', '5', null, null, '5', null, '2015-02-01 20:43:48'), ('19190', '853', '85', '3', null, null, '3', null, '2015-03-06 20:43:48'), ('19191', '854', '85', '2', null, null, '2', null, '2015-01-15 20:43:48'), ('19192', '855', '85', '1', null, null, '1', null, '2015-03-07 20:43:48'), ('19193', '856', '85', '1', null, null, '1', null, '2015-03-09 20:43:48'), ('19194', '857', '85', '1', null, null, '1', null, '2015-01-29 20:43:48'), ('19195', '858', '85', '2', null, null, '2', null, '2015-01-26 20:43:48'), ('19196', '859', '85', '3', null, null, '3', null, '2015-01-30 20:43:48'), ('19197', '860', '85', '4', null, null, '4', null, '2015-02-25 20:43:48'), ('19198', '861', '85', '1', null, null, '1', null, '2015-03-16 20:43:48'), ('19199', '862', '85', '2', null, null, '2', null, '2015-04-03 20:43:48'), ('19200', '863', '85', '5', null, null, '5', null, '2015-01-27 20:43:48'), ('19201', '864', '85', '3', null, null, '3', null, '2015-02-10 20:43:48'), ('19202', '865', '85', '2', null, null, '2', null, '2015-04-19 20:43:48'), ('19203', '866', '85', '3', null, null, '3', null, '2015-04-18 20:43:48'), ('19204', '867', '85', '2', null, null, '2', null, '2015-04-07 20:43:48'), ('19205', '868', '85', '4', null, null, '4', null, '2015-02-15 20:43:48'), ('19206', '869', '85', '2', null, null, '2', null, '2015-01-27 20:43:48'), ('19207', '870', '85', '3', null, null, '3', null, '2015-03-22 20:43:48'), ('19208', '883', '85', '3', null, null, '3', null, '2015-07-31 20:43:48'), ('19209', '884', '85', '1', null, null, '1', null, '2015-07-17 20:43:48'), ('19210', '885', '85', '2', null, null, '2', null, '2015-05-16 20:43:48'), ('19211', '886', '85', '1', null, null, '1', null, '2015-06-25 20:43:48'), ('19212', '887', '85', '2', null, null, '2', null, '2015-06-04 20:43:48'), ('19213', '888', '85', '3', null, null, '3', null, '2015-05-11 20:43:48'), ('19214', '889', '85', '4', null, null, '4', null, '2015-06-28 20:43:48'), ('19215', '890', '85', '1', null, null, '1', null, '2015-07-05 20:43:48'), ('19216', '891', '85', '1', null, null, '1', null, '2015-06-25 20:43:48'), ('19217', '892', '85', '3', null, null, '3', null, '2015-07-25 20:43:48'), ('19218', '893', '85', '2', null, null, '2', null, '2015-07-07 20:43:48'), ('19219', '894', '85', '4', null, null, '4', null, '2015-07-25 20:43:48'), ('19220', '895', '85', '3', null, null, '3', null, '2015-05-31 20:43:48'), ('19221', '896', '85', '4', null, null, '4', null, '2015-05-05 20:43:48'), ('19222', '897', '85', '5', null, null, '5', null, '2015-06-04 20:43:48'), ('19223', '898', '85', '3', null, null, '3', null, '2015-07-04 20:43:48'), ('19224', '899', '85', '2', null, null, '2', null, '2015-05-26 20:43:48'), ('19225', '900', '85', '2', null, null, '2', null, '2015-06-09 20:43:48'), ('19226', '901', '85', '3', null, null, '3', null, '2015-05-26 20:43:48'), ('19227', '914', '85', '3', null, null, '3', null, '2015-08-22 20:43:48'), ('19228', '915', '85', '1', null, null, '1', null, '2015-08-08 20:43:48'), ('19229', '916', '85', '4', null, null, '4', null, '2015-10-10 20:43:48'), ('19230', '917', '85', '4', null, null, '4', null, '2015-08-28 20:43:48'), ('19231', '918', '85', '5', null, null, '5', null, '2015-08-25 20:43:48'), ('19232', '919', '85', '1', null, null, '1', null, '2015-09-06 20:43:48'), ('19233', '920', '85', '1', null, null, '1', null, '2015-08-09 20:43:48'), ('19234', '921', '85', '4', null, null, '4', null, '2015-09-01 20:43:48'), ('19235', '922', '85', '1', null, null, '1', null, '2015-08-29 20:43:48'), ('19236', '923', '85', '1', null, null, '1', null, '2015-09-14 20:43:48'), ('19237', '924', '85', '1', null, null, '1', null, '2015-09-08 20:43:48'), ('19238', '925', '85', '4', null, null, '4', null, '2015-09-25 20:43:48'), ('19239', '926', '85', '1', null, null, '1', null, '2015-09-30 20:43:48'), ('19240', '927', '85', '5', null, null, '5', null, '2015-09-03 20:43:48'), ('19241', '928', '85', '5', null, null, '5', null, '2015-10-22 20:43:48'), ('19242', '929', '85', '1', null, null, '1', null, '2015-08-14 20:43:48'), ('19243', '930', '85', '1', null, null, '1', null, '2015-08-15 20:43:48'), ('19244', '931', '85', '1', null, null, '1', null, '2015-09-01 20:43:48'), ('19245', '932', '85', '3', null, null, '3', null, '2015-08-14 20:43:48'), ('19246', '945', '85', '1', null, null, '1', null, '2015-12-13 20:43:48'), ('19247', '946', '85', '2', null, null, '2', null, '2015-11-26 20:43:48'), ('19248', '947', '85', '4', null, null, '4', null, '2015-11-12 20:43:48'), ('19249', '948', '85', '4', null, null, '4', null, '2015-12-06 20:43:48'), ('19250', '949', '85', '3', null, null, '3', null, '2015-12-11 20:43:48'), ('19251', '950', '85', '4', null, null, '4', null, '2015-12-07 20:43:48'), ('19252', '951', '85', '4', null, null, '4', null, '2015-11-16 20:43:48'), ('19253', '952', '85', '1', null, null, '1', null, '2015-11-29 20:43:48'), ('19254', '953', '85', '5', null, null, '5', null, '2015-12-22 20:43:48'), ('19255', '954', '85', '4', null, null, '4', null, '2015-12-15 20:43:48'), ('19256', '852', '86', '1', null, null, '1', null, '2015-02-01 20:43:48'), ('19257', '853', '86', '4', null, null, '4', null, '2015-03-06 20:43:48'), ('19258', '854', '86', '4', null, null, '4', null, '2015-01-15 20:43:48'), ('19259', '855', '86', '5', null, null, '5', null, '2015-03-07 20:43:48'), ('19260', '856', '86', '1', null, null, '1', null, '2015-03-09 20:43:48'), ('19261', '857', '86', '3', null, null, '3', null, '2015-01-29 20:43:48'), ('19262', '858', '86', '3', null, null, '3', null, '2015-01-26 20:43:48'), ('19263', '859', '86', '5', null, null, '5', null, '2015-01-30 20:43:48'), ('19264', '860', '86', '2', null, null, '2', null, '2015-02-25 20:43:48'), ('19265', '861', '86', '4', null, null, '4', null, '2015-03-16 20:43:48'), ('19266', '862', '86', '2', null, null, '2', null, '2015-04-03 20:43:48'), ('19267', '863', '86', '3', null, null, '3', null, '2015-01-27 20:43:48'), ('19268', '864', '86', '1', null, null, '1', null, '2015-02-10 20:43:48'), ('19269', '865', '86', '2', null, null, '2', null, '2015-04-19 20:43:48'), ('19270', '866', '86', '5', null, null, '5', null, '2015-04-18 20:43:48'), ('19271', '867', '86', '5', null, null, '5', null, '2015-04-07 20:43:48'), ('19272', '868', '86', '2', null, null, '2', null, '2015-02-15 20:43:48'), ('19273', '869', '86', '4', null, null, '4', null, '2015-01-27 20:43:48'), ('19274', '870', '86', '4', null, null, '4', null, '2015-03-22 20:43:48'), ('19275', '883', '86', '5', null, null, '5', null, '2015-07-31 20:43:48'), ('19276', '884', '86', '5', null, null, '5', null, '2015-07-17 20:43:48'), ('19277', '885', '86', '2', null, null, '2', null, '2015-05-16 20:43:48'), ('19278', '886', '86', '5', null, null, '5', null, '2015-06-25 20:43:48'), ('19279', '887', '86', '1', null, null, '1', null, '2015-06-04 20:43:48'), ('19280', '888', '86', '2', null, null, '2', null, '2015-05-11 20:43:48'), ('19281', '889', '86', '3', null, null, '3', null, '2015-06-28 20:43:48'), ('19282', '890', '86', '1', null, null, '1', null, '2015-07-05 20:43:48'), ('19283', '891', '86', '3', null, null, '3', null, '2015-06-25 20:43:48'), ('19284', '892', '86', '5', null, null, '5', null, '2015-07-25 20:43:48'), ('19285', '893', '86', '1', null, null, '1', null, '2015-07-07 20:43:48'), ('19286', '894', '86', '1', null, null, '1', null, '2015-07-25 20:43:48'), ('19287', '895', '86', '4', null, null, '4', null, '2015-05-31 20:43:48'), ('19288', '896', '86', '5', null, null, '5', null, '2015-05-05 20:43:48'), ('19289', '897', '86', '4', null, null, '4', null, '2015-06-04 20:43:48'), ('19290', '898', '86', '4', null, null, '4', null, '2015-07-04 20:43:48'), ('19291', '899', '86', '5', null, null, '5', null, '2015-05-26 20:43:48'), ('19292', '900', '86', '1', null, null, '1', null, '2015-06-09 20:43:48'), ('19293', '901', '86', '2', null, null, '2', null, '2015-05-26 20:43:48'), ('19294', '914', '86', '5', null, null, '5', null, '2015-08-22 20:43:48'), ('19295', '915', '86', '2', null, null, '2', null, '2015-08-08 20:43:48'), ('19296', '916', '86', '4', null, null, '4', null, '2015-10-10 20:43:48'), ('19297', '917', '86', '4', null, null, '4', null, '2015-08-28 20:43:48'), ('19298', '918', '86', '2', null, null, '2', null, '2015-08-25 20:43:48'), ('19299', '919', '86', '4', null, null, '4', null, '2015-09-06 20:43:48'), ('19300', '920', '86', '1', null, null, '1', null, '2015-08-09 20:43:48'), ('19301', '921', '86', '3', null, null, '3', null, '2015-09-01 20:43:48'), ('19302', '922', '86', '3', null, null, '3', null, '2015-08-29 20:43:48'), ('19303', '923', '86', '3', null, null, '3', null, '2015-09-14 20:43:48'), ('19304', '924', '86', '1', null, null, '1', null, '2015-09-08 20:43:48'), ('19305', '925', '86', '3', null, null, '3', null, '2015-09-25 20:43:48'), ('19306', '926', '86', '1', null, null, '1', null, '2015-09-30 20:43:48'), ('19307', '927', '86', '5', null, null, '5', null, '2015-09-03 20:43:48'), ('19308', '928', '86', '5', null, null, '5', null, '2015-10-22 20:43:48'), ('19309', '929', '86', '2', null, null, '2', null, '2015-08-14 20:43:48'), ('19310', '930', '86', '3', null, null, '3', null, '2015-08-15 20:43:48'), ('19311', '931', '86', '4', null, null, '4', null, '2015-09-01 20:43:48'), ('19312', '932', '86', '2', null, null, '2', null, '2015-08-14 20:43:48'), ('19313', '945', '86', '1', null, null, '1', null, '2015-12-13 20:43:48'), ('19314', '946', '86', '5', null, null, '5', null, '2015-11-26 20:43:48'), ('19315', '947', '86', '5', null, null, '5', null, '2015-11-12 20:43:48'), ('19316', '948', '86', '4', null, null, '4', null, '2015-12-06 20:43:48'), ('19317', '949', '86', '5', null, null, '5', null, '2015-12-11 20:43:48'), ('19318', '950', '86', '3', null, null, '3', null, '2015-12-07 20:43:48'), ('19319', '951', '86', '5', null, null, '5', null, '2015-11-16 20:43:48'), ('19320', '952', '86', '2', null, null, '2', null, '2015-11-29 20:43:48'), ('19321', '953', '86', '2', null, null, '2', null, '2015-12-22 20:43:48'), ('19322', '954', '86', '3', null, null, '3', null, '2015-12-15 20:43:48'), ('19323', '852', '87', '3', null, null, '3', null, '2015-02-01 20:43:48'), ('19324', '853', '87', '2', null, null, '2', null, '2015-03-06 20:43:48'), ('19325', '854', '87', '1', null, null, '1', null, '2015-01-15 20:43:48'), ('19326', '855', '87', '1', null, null, '1', null, '2015-03-07 20:43:48'), ('19327', '856', '87', '3', null, null, '3', null, '2015-03-09 20:43:48'), ('19328', '857', '87', '3', null, null, '3', null, '2015-01-29 20:43:48');
INSERT INTO `assessment_response` VALUES ('19329', '858', '87', '3', null, null, '3', null, '2015-01-26 20:43:48'), ('19330', '859', '87', '3', null, null, '3', null, '2015-01-30 20:43:48'), ('19331', '860', '87', '3', null, null, '3', null, '2015-02-25 20:43:48'), ('19332', '861', '87', '1', null, null, '1', null, '2015-03-16 20:43:48'), ('19333', '862', '87', '3', null, null, '3', null, '2015-04-03 20:43:48'), ('19334', '863', '87', '4', null, null, '4', null, '2015-01-27 20:43:48'), ('19335', '864', '87', '1', null, null, '1', null, '2015-02-10 20:43:48'), ('19336', '865', '87', '3', null, null, '3', null, '2015-04-19 20:43:48'), ('19337', '866', '87', '1', null, null, '1', null, '2015-04-18 20:43:48'), ('19338', '867', '87', '5', null, null, '5', null, '2015-04-07 20:43:48'), ('19339', '868', '87', '5', null, null, '5', null, '2015-02-15 20:43:48'), ('19340', '869', '87', '3', null, null, '3', null, '2015-01-27 20:43:48'), ('19341', '870', '87', '2', null, null, '2', null, '2015-03-22 20:43:48'), ('19342', '883', '87', '1', null, null, '1', null, '2015-07-31 20:43:48'), ('19343', '884', '87', '3', null, null, '3', null, '2015-07-17 20:43:48'), ('19344', '885', '87', '3', null, null, '3', null, '2015-05-16 20:43:48'), ('19345', '886', '87', '4', null, null, '4', null, '2015-06-25 20:43:48'), ('19346', '887', '87', '5', null, null, '5', null, '2015-06-04 20:43:48'), ('19347', '888', '87', '2', null, null, '2', null, '2015-05-11 20:43:48'), ('19348', '889', '87', '4', null, null, '4', null, '2015-06-28 20:43:48'), ('19349', '890', '87', '2', null, null, '2', null, '2015-07-05 20:43:48'), ('19350', '891', '87', '4', null, null, '4', null, '2015-06-25 20:43:48'), ('19351', '892', '87', '3', null, null, '3', null, '2015-07-25 20:43:48'), ('19352', '893', '87', '4', null, null, '4', null, '2015-07-07 20:43:48'), ('19353', '894', '87', '1', null, null, '1', null, '2015-07-25 20:43:48'), ('19354', '895', '87', '3', null, null, '3', null, '2015-05-31 20:43:48'), ('19355', '896', '87', '1', null, null, '1', null, '2015-05-05 20:43:48'), ('19356', '897', '87', '4', null, null, '4', null, '2015-06-04 20:43:48'), ('19357', '898', '87', '4', null, null, '4', null, '2015-07-04 20:43:48'), ('19358', '899', '87', '3', null, null, '3', null, '2015-05-26 20:43:48'), ('19359', '900', '87', '5', null, null, '5', null, '2015-06-09 20:43:48'), ('19360', '901', '87', '2', null, null, '2', null, '2015-05-26 20:43:48'), ('19361', '914', '87', '3', null, null, '3', null, '2015-08-22 20:43:48'), ('19362', '915', '87', '4', null, null, '4', null, '2015-08-08 20:43:48'), ('19363', '916', '87', '2', null, null, '2', null, '2015-10-10 20:43:48'), ('19364', '917', '87', '3', null, null, '3', null, '2015-08-28 20:43:48'), ('19365', '918', '87', '2', null, null, '2', null, '2015-08-25 20:43:48'), ('19366', '919', '87', '1', null, null, '1', null, '2015-09-06 20:43:48'), ('19367', '920', '87', '4', null, null, '4', null, '2015-08-09 20:43:48'), ('19368', '921', '87', '1', null, null, '1', null, '2015-09-01 20:43:48'), ('19369', '922', '87', '2', null, null, '2', null, '2015-08-29 20:43:48'), ('19370', '923', '87', '4', null, null, '4', null, '2015-09-14 20:43:48'), ('19371', '924', '87', '2', null, null, '2', null, '2015-09-08 20:43:48'), ('19372', '925', '87', '2', null, null, '2', null, '2015-09-25 20:43:48'), ('19373', '926', '87', '4', null, null, '4', null, '2015-09-30 20:43:48'), ('19374', '927', '87', '4', null, null, '4', null, '2015-09-03 20:43:48'), ('19375', '928', '87', '1', null, null, '1', null, '2015-10-22 20:43:48'), ('19376', '929', '87', '4', null, null, '4', null, '2015-08-14 20:43:48'), ('19377', '930', '87', '5', null, null, '5', null, '2015-08-15 20:43:48'), ('19378', '931', '87', '3', null, null, '3', null, '2015-09-01 20:43:48'), ('19379', '932', '87', '3', null, null, '3', null, '2015-08-14 20:43:48'), ('19380', '945', '87', '5', null, null, '5', null, '2015-12-13 20:43:48'), ('19381', '946', '87', '5', null, null, '5', null, '2015-11-26 20:43:48'), ('19382', '947', '87', '1', null, null, '1', null, '2015-11-12 20:43:48'), ('19383', '948', '87', '5', null, null, '5', null, '2015-12-06 20:43:48'), ('19384', '949', '87', '1', null, null, '1', null, '2015-12-11 20:43:48'), ('19385', '950', '87', '3', null, null, '3', null, '2015-12-07 20:43:48'), ('19386', '951', '87', '4', null, null, '4', null, '2015-11-16 20:43:48'), ('19387', '952', '87', '1', null, null, '1', null, '2015-11-29 20:43:48'), ('19388', '953', '87', '5', null, null, '5', null, '2015-12-22 20:43:48'), ('19389', '954', '87', '2', null, null, '2', null, '2015-12-15 20:43:48'), ('19390', '852', '88', '4', null, null, '4', null, '2015-02-01 20:43:48'), ('19391', '853', '88', '2', null, null, '2', null, '2015-03-06 20:43:48'), ('19392', '854', '88', '5', null, null, '5', null, '2015-01-15 20:43:48'), ('19393', '855', '88', '3', null, null, '3', null, '2015-03-07 20:43:48'), ('19394', '856', '88', '5', null, null, '5', null, '2015-03-09 20:43:48'), ('19395', '857', '88', '2', null, null, '2', null, '2015-01-29 20:43:48'), ('19396', '858', '88', '4', null, null, '4', null, '2015-01-26 20:43:48'), ('19397', '859', '88', '1', null, null, '1', null, '2015-01-30 20:43:48'), ('19398', '860', '88', '5', null, null, '5', null, '2015-02-25 20:43:48'), ('19399', '861', '88', '2', null, null, '2', null, '2015-03-16 20:43:48'), ('19400', '862', '88', '2', null, null, '2', null, '2015-04-03 20:43:48'), ('19401', '863', '88', '5', null, null, '5', null, '2015-01-27 20:43:48'), ('19402', '864', '88', '3', null, null, '3', null, '2015-02-10 20:43:48'), ('19403', '865', '88', '3', null, null, '3', null, '2015-04-19 20:43:48'), ('19404', '866', '88', '2', null, null, '2', null, '2015-04-18 20:43:48'), ('19405', '867', '88', '4', null, null, '4', null, '2015-04-07 20:43:48'), ('19406', '868', '88', '4', null, null, '4', null, '2015-02-15 20:43:48'), ('19407', '869', '88', '3', null, null, '3', null, '2015-01-27 20:43:48'), ('19408', '870', '88', '1', null, null, '1', null, '2015-03-22 20:43:48'), ('19409', '883', '88', '2', null, null, '2', null, '2015-07-31 20:43:48'), ('19410', '884', '88', '5', null, null, '5', null, '2015-07-17 20:43:48'), ('19411', '885', '88', '1', null, null, '1', null, '2015-05-16 20:43:48'), ('19412', '886', '88', '4', null, null, '4', null, '2015-06-25 20:43:48'), ('19413', '887', '88', '5', null, null, '5', null, '2015-06-04 20:43:48'), ('19414', '888', '88', '2', null, null, '2', null, '2015-05-11 20:43:48'), ('19415', '889', '88', '2', null, null, '2', null, '2015-06-28 20:43:48'), ('19416', '890', '88', '1', null, null, '1', null, '2015-07-05 20:43:48'), ('19417', '891', '88', '1', null, null, '1', null, '2015-06-25 20:43:48'), ('19418', '892', '88', '3', null, null, '3', null, '2015-07-25 20:43:48'), ('19419', '893', '88', '5', null, null, '5', null, '2015-07-07 20:43:48'), ('19420', '894', '88', '3', null, null, '3', null, '2015-07-25 20:43:48'), ('19421', '895', '88', '2', null, null, '2', null, '2015-05-31 20:43:48'), ('19422', '896', '88', '5', null, null, '5', null, '2015-05-05 20:43:48'), ('19423', '897', '88', '1', null, null, '1', null, '2015-06-04 20:43:48'), ('19424', '898', '88', '1', null, null, '1', null, '2015-07-04 20:43:48'), ('19425', '899', '88', '3', null, null, '3', null, '2015-05-26 20:43:48'), ('19426', '900', '88', '4', null, null, '4', null, '2015-06-09 20:43:48'), ('19427', '901', '88', '1', null, null, '1', null, '2015-05-26 20:43:48'), ('19428', '914', '88', '2', null, null, '2', null, '2015-08-22 20:43:48'), ('19429', '915', '88', '1', null, null, '1', null, '2015-08-08 20:43:48'), ('19430', '916', '88', '4', null, null, '4', null, '2015-10-10 20:43:48'), ('19431', '917', '88', '5', null, null, '5', null, '2015-08-28 20:43:48'), ('19432', '918', '88', '4', null, null, '4', null, '2015-08-25 20:43:48'), ('19433', '919', '88', '5', null, null, '5', null, '2015-09-06 20:43:48'), ('19434', '920', '88', '1', null, null, '1', null, '2015-08-09 20:43:48'), ('19435', '921', '88', '4', null, null, '4', null, '2015-09-01 20:43:48'), ('19436', '922', '88', '4', null, null, '4', null, '2015-08-29 20:43:48'), ('19437', '923', '88', '1', null, null, '1', null, '2015-09-14 20:43:48'), ('19438', '924', '88', '1', null, null, '1', null, '2015-09-08 20:43:48'), ('19439', '925', '88', '2', null, null, '2', null, '2015-09-25 20:43:48'), ('19440', '926', '88', '3', null, null, '3', null, '2015-09-30 20:43:48'), ('19441', '927', '88', '4', null, null, '4', null, '2015-09-03 20:43:48'), ('19442', '928', '88', '5', null, null, '5', null, '2015-10-22 20:43:48'), ('19443', '929', '88', '2', null, null, '2', null, '2015-08-14 20:43:48'), ('19444', '930', '88', '5', null, null, '5', null, '2015-08-15 20:43:48'), ('19445', '931', '88', '2', null, null, '2', null, '2015-09-01 20:43:48'), ('19446', '932', '88', '5', null, null, '5', null, '2015-08-14 20:43:48'), ('19447', '945', '88', '4', null, null, '4', null, '2015-12-13 20:43:48'), ('19448', '946', '88', '4', null, null, '4', null, '2015-11-26 20:43:48'), ('19449', '947', '88', '2', null, null, '2', null, '2015-11-12 20:43:48'), ('19450', '948', '88', '2', null, null, '2', null, '2015-12-06 20:43:48'), ('19451', '949', '88', '3', null, null, '3', null, '2015-12-11 20:43:48'), ('19452', '950', '88', '4', null, null, '4', null, '2015-12-07 20:43:48'), ('19453', '951', '88', '2', null, null, '2', null, '2015-11-16 20:43:48'), ('19454', '952', '88', '2', null, null, '2', null, '2015-11-29 20:43:48'), ('19455', '953', '88', '5', null, null, '5', null, '2015-12-22 20:43:48'), ('19456', '954', '88', '5', null, null, '5', null, '2015-12-15 20:43:48'), ('19457', '852', '89', '3', null, null, '3', null, '2015-02-01 20:43:48'), ('19458', '853', '89', '4', null, null, '4', null, '2015-03-06 20:43:48'), ('19459', '854', '89', '5', null, null, '5', null, '2015-01-15 20:43:48'), ('19460', '855', '89', '2', null, null, '2', null, '2015-03-07 20:43:48'), ('19461', '856', '89', '2', null, null, '2', null, '2015-03-09 20:43:48'), ('19462', '857', '89', '2', null, null, '2', null, '2015-01-29 20:43:48'), ('19463', '858', '89', '1', null, null, '1', null, '2015-01-26 20:43:48'), ('19464', '859', '89', '2', null, null, '2', null, '2015-01-30 20:43:48'), ('19465', '860', '89', '1', null, null, '1', null, '2015-02-25 20:43:48'), ('19466', '861', '89', '5', null, null, '5', null, '2015-03-16 20:43:48'), ('19467', '862', '89', '4', null, null, '4', null, '2015-04-03 20:43:48'), ('19468', '863', '89', '1', null, null, '1', null, '2015-01-27 20:43:48'), ('19469', '864', '89', '5', null, null, '5', null, '2015-02-10 20:43:48'), ('19470', '865', '89', '3', null, null, '3', null, '2015-04-19 20:43:48'), ('19471', '866', '89', '2', null, null, '2', null, '2015-04-18 20:43:48'), ('19472', '867', '89', '4', null, null, '4', null, '2015-04-07 20:43:48'), ('19473', '868', '89', '4', null, null, '4', null, '2015-02-15 20:43:48'), ('19474', '869', '89', '5', null, null, '5', null, '2015-01-27 20:43:48'), ('19475', '870', '89', '2', null, null, '2', null, '2015-03-22 20:43:48'), ('19476', '883', '89', '1', null, null, '1', null, '2015-07-31 20:43:48'), ('19477', '884', '89', '4', null, null, '4', null, '2015-07-17 20:43:48'), ('19478', '885', '89', '2', null, null, '2', null, '2015-05-16 20:43:48'), ('19479', '886', '89', '1', null, null, '1', null, '2015-06-25 20:43:48'), ('19480', '887', '89', '4', null, null, '4', null, '2015-06-04 20:43:48'), ('19481', '888', '89', '2', null, null, '2', null, '2015-05-11 20:43:48'), ('19482', '889', '89', '4', null, null, '4', null, '2015-06-28 20:43:48'), ('19483', '890', '89', '3', null, null, '3', null, '2015-07-05 20:43:48'), ('19484', '891', '89', '2', null, null, '2', null, '2015-06-25 20:43:48'), ('19485', '892', '89', '2', null, null, '2', null, '2015-07-25 20:43:48'), ('19486', '893', '89', '1', null, null, '1', null, '2015-07-07 20:43:48'), ('19487', '894', '89', '4', null, null, '4', null, '2015-07-25 20:43:48'), ('19488', '895', '89', '4', null, null, '4', null, '2015-05-31 20:43:48'), ('19489', '896', '89', '4', null, null, '4', null, '2015-05-05 20:43:48'), ('19490', '897', '89', '4', null, null, '4', null, '2015-06-04 20:43:48'), ('19491', '898', '89', '5', null, null, '5', null, '2015-07-04 20:43:48'), ('19492', '899', '89', '1', null, null, '1', null, '2015-05-26 20:43:48'), ('19493', '900', '89', '4', null, null, '4', null, '2015-06-09 20:43:48'), ('19494', '901', '89', '3', null, null, '3', null, '2015-05-26 20:43:48'), ('19495', '914', '89', '1', null, null, '1', null, '2015-08-22 20:43:48'), ('19496', '915', '89', '3', null, null, '3', null, '2015-08-08 20:43:48'), ('19497', '916', '89', '3', null, null, '3', null, '2015-10-10 20:43:48'), ('19498', '917', '89', '2', null, null, '2', null, '2015-08-28 20:43:48'), ('19499', '918', '89', '5', null, null, '5', null, '2015-08-25 20:43:48'), ('19500', '919', '89', '2', null, null, '2', null, '2015-09-06 20:43:48'), ('19501', '920', '89', '2', null, null, '2', null, '2015-08-09 20:43:48'), ('19502', '921', '89', '1', null, null, '1', null, '2015-09-01 20:43:48'), ('19503', '922', '89', '4', null, null, '4', null, '2015-08-29 20:43:48'), ('19504', '923', '89', '2', null, null, '2', null, '2015-09-14 20:43:48'), ('19505', '924', '89', '3', null, null, '3', null, '2015-09-08 20:43:48'), ('19506', '925', '89', '4', null, null, '4', null, '2015-09-25 20:43:48'), ('19507', '926', '89', '1', null, null, '1', null, '2015-09-30 20:43:48'), ('19508', '927', '89', '5', null, null, '5', null, '2015-09-03 20:43:48'), ('19509', '928', '89', '1', null, null, '1', null, '2015-10-22 20:43:48'), ('19510', '929', '89', '2', null, null, '2', null, '2015-08-14 20:43:48'), ('19511', '930', '89', '4', null, null, '4', null, '2015-08-15 20:43:48'), ('19512', '931', '89', '2', null, null, '2', null, '2015-09-01 20:43:48'), ('19513', '932', '89', '4', null, null, '4', null, '2015-08-14 20:43:48'), ('19514', '945', '89', '1', null, null, '1', null, '2015-12-13 20:43:48'), ('19515', '946', '89', '3', null, null, '3', null, '2015-11-26 20:43:48'), ('19516', '947', '89', '2', null, null, '2', null, '2015-11-12 20:43:48'), ('19517', '948', '89', '3', null, null, '3', null, '2015-12-06 20:43:48'), ('19518', '949', '89', '4', null, null, '4', null, '2015-12-11 20:43:48'), ('19519', '950', '89', '4', null, null, '4', null, '2015-12-07 20:43:48'), ('19520', '951', '89', '1', null, null, '1', null, '2015-11-16 20:43:48'), ('19521', '952', '89', '5', null, null, '5', null, '2015-11-29 20:43:48'), ('19522', '953', '89', '5', null, null, '5', null, '2015-12-22 20:43:48'), ('19523', '954', '89', '2', null, null, '2', null, '2015-12-15 20:43:48'), ('19524', '852', '90', '3', null, null, '3', null, '2015-02-01 20:43:48'), ('19525', '853', '90', '5', null, null, '5', null, '2015-03-06 20:43:48'), ('19526', '854', '90', '5', null, null, '5', null, '2015-01-15 20:43:48'), ('19527', '855', '90', '1', null, null, '1', null, '2015-03-07 20:43:48'), ('19528', '856', '90', '2', null, null, '2', null, '2015-03-09 20:43:48'), ('19529', '857', '90', '2', null, null, '2', null, '2015-01-29 20:43:48'), ('19530', '858', '90', '4', null, null, '4', null, '2015-01-26 20:43:48'), ('19531', '859', '90', '3', null, null, '3', null, '2015-01-30 20:43:48'), ('19532', '860', '90', '2', null, null, '2', null, '2015-02-25 20:43:48'), ('19533', '861', '90', '1', null, null, '1', null, '2015-03-16 20:43:48'), ('19534', '862', '90', '2', null, null, '2', null, '2015-04-03 20:43:48'), ('19535', '863', '90', '3', null, null, '3', null, '2015-01-27 20:43:48'), ('19536', '864', '90', '5', null, null, '5', null, '2015-02-10 20:43:48'), ('19537', '865', '90', '2', null, null, '2', null, '2015-04-19 20:43:48'), ('19538', '866', '90', '2', null, null, '2', null, '2015-04-18 20:43:48'), ('19539', '867', '90', '5', null, null, '5', null, '2015-04-07 20:43:48'), ('19540', '868', '90', '1', null, null, '1', null, '2015-02-15 20:43:48'), ('19541', '869', '90', '2', null, null, '2', null, '2015-01-27 20:43:48'), ('19542', '870', '90', '4', null, null, '4', null, '2015-03-22 20:43:48'), ('19543', '883', '90', '5', null, null, '5', null, '2015-07-31 20:43:48'), ('19544', '884', '90', '1', null, null, '1', null, '2015-07-17 20:43:48'), ('19545', '885', '90', '2', null, null, '2', null, '2015-05-16 20:43:48'), ('19546', '886', '90', '1', null, null, '1', null, '2015-06-25 20:43:48'), ('19547', '887', '90', '4', null, null, '4', null, '2015-06-04 20:43:48'), ('19548', '888', '90', '2', null, null, '2', null, '2015-05-11 20:43:48'), ('19549', '889', '90', '5', null, null, '5', null, '2015-06-28 20:43:48'), ('19550', '890', '90', '3', null, null, '3', null, '2015-07-05 20:43:48'), ('19551', '891', '90', '5', null, null, '5', null, '2015-06-25 20:43:48'), ('19552', '892', '90', '5', null, null, '5', null, '2015-07-25 20:43:48'), ('19553', '893', '90', '2', null, null, '2', null, '2015-07-07 20:43:48'), ('19554', '894', '90', '2', null, null, '2', null, '2015-07-25 20:43:48'), ('19555', '895', '90', '4', null, null, '4', null, '2015-05-31 20:43:48'), ('19556', '896', '90', '2', null, null, '2', null, '2015-05-05 20:43:48'), ('19557', '897', '90', '4', null, null, '4', null, '2015-06-04 20:43:48'), ('19558', '898', '90', '2', null, null, '2', null, '2015-07-04 20:43:48'), ('19559', '899', '90', '5', null, null, '5', null, '2015-05-26 20:43:48'), ('19560', '900', '90', '1', null, null, '1', null, '2015-06-09 20:43:48'), ('19561', '901', '90', '2', null, null, '2', null, '2015-05-26 20:43:48'), ('19562', '914', '90', '2', null, null, '2', null, '2015-08-22 20:43:48'), ('19563', '915', '90', '3', null, null, '3', null, '2015-08-08 20:43:48'), ('19564', '916', '90', '3', null, null, '3', null, '2015-10-10 20:43:48'), ('19565', '917', '90', '2', null, null, '2', null, '2015-08-28 20:43:48'), ('19566', '918', '90', '1', null, null, '1', null, '2015-08-25 20:43:48'), ('19567', '919', '90', '1', null, null, '1', null, '2015-09-06 20:43:48'), ('19568', '920', '90', '4', null, null, '4', null, '2015-08-09 20:43:48'), ('19569', '921', '90', '4', null, null, '4', null, '2015-09-01 20:43:48'), ('19570', '922', '90', '2', null, null, '2', null, '2015-08-29 20:43:48'), ('19571', '923', '90', '2', null, null, '2', null, '2015-09-14 20:43:48'), ('19572', '924', '90', '2', null, null, '2', null, '2015-09-08 20:43:48'), ('19573', '925', '90', '5', null, null, '5', null, '2015-09-25 20:43:48'), ('19574', '926', '90', '2', null, null, '2', null, '2015-09-30 20:43:48'), ('19575', '927', '90', '1', null, null, '1', null, '2015-09-03 20:43:48'), ('19576', '928', '90', '4', null, null, '4', null, '2015-10-22 20:43:48'), ('19577', '929', '90', '3', null, null, '3', null, '2015-08-14 20:43:48'), ('19578', '930', '90', '4', null, null, '4', null, '2015-08-15 20:43:48'), ('19579', '931', '90', '2', null, null, '2', null, '2015-09-01 20:43:48'), ('19580', '932', '90', '4', null, null, '4', null, '2015-08-14 20:43:48'), ('19581', '945', '90', '3', null, null, '3', null, '2015-12-13 20:43:48'), ('19582', '946', '90', '3', null, null, '3', null, '2015-11-26 20:43:48'), ('19583', '947', '90', '4', null, null, '4', null, '2015-11-12 20:43:48'), ('19584', '948', '90', '4', null, null, '4', null, '2015-12-06 20:43:48'), ('19585', '949', '90', '1', null, null, '1', null, '2015-12-11 20:43:48'), ('19586', '950', '90', '1', null, null, '1', null, '2015-12-07 20:43:48'), ('19587', '951', '90', '2', null, null, '2', null, '2015-11-16 20:43:48'), ('19588', '952', '90', '5', null, null, '5', null, '2015-11-29 20:43:48'), ('19589', '953', '90', '5', null, null, '5', null, '2015-12-22 20:43:48'), ('19590', '954', '90', '3', null, null, '3', null, '2015-12-15 20:43:48'), ('19591', '852', '91', '5', null, null, '5', null, '2015-02-01 20:43:48'), ('19592', '853', '91', '4', null, null, '4', null, '2015-03-06 20:43:48'), ('19593', '854', '91', '5', null, null, '5', null, '2015-01-15 20:43:48'), ('19594', '855', '91', '2', null, null, '2', null, '2015-03-07 20:43:48'), ('19595', '856', '91', '4', null, null, '4', null, '2015-03-09 20:43:48'), ('19596', '857', '91', '5', null, null, '5', null, '2015-01-29 20:43:48'), ('19597', '858', '91', '1', null, null, '1', null, '2015-01-26 20:43:48'), ('19598', '859', '91', '1', null, null, '1', null, '2015-01-30 20:43:48'), ('19599', '860', '91', '2', null, null, '2', null, '2015-02-25 20:43:48'), ('19600', '861', '91', '2', null, null, '2', null, '2015-03-16 20:43:48'), ('19601', '862', '91', '1', null, null, '1', null, '2015-04-03 20:43:48'), ('19602', '863', '91', '1', null, null, '1', null, '2015-01-27 20:43:48'), ('19603', '864', '91', '4', null, null, '4', null, '2015-02-10 20:43:48'), ('19604', '865', '91', '4', null, null, '4', null, '2015-04-19 20:43:48'), ('19605', '866', '91', '4', null, null, '4', null, '2015-04-18 20:43:48'), ('19606', '867', '91', '4', null, null, '4', null, '2015-04-07 20:43:48'), ('19607', '868', '91', '3', null, null, '3', null, '2015-02-15 20:43:48'), ('19608', '869', '91', '3', null, null, '3', null, '2015-01-27 20:43:48'), ('19609', '870', '91', '3', null, null, '3', null, '2015-03-22 20:43:48'), ('19610', '883', '91', '4', null, null, '4', null, '2015-07-31 20:43:48'), ('19611', '884', '91', '5', null, null, '5', null, '2015-07-17 20:43:48'), ('19612', '885', '91', '3', null, null, '3', null, '2015-05-16 20:43:48'), ('19613', '886', '91', '5', null, null, '5', null, '2015-06-25 20:43:48'), ('19614', '887', '91', '1', null, null, '1', null, '2015-06-04 20:43:48'), ('19615', '888', '91', '1', null, null, '1', null, '2015-05-11 20:43:48'), ('19616', '889', '91', '3', null, null, '3', null, '2015-06-28 20:43:48'), ('19617', '890', '91', '1', null, null, '1', null, '2015-07-05 20:43:48'), ('19618', '891', '91', '3', null, null, '3', null, '2015-06-25 20:43:48'), ('19619', '892', '91', '2', null, null, '2', null, '2015-07-25 20:43:48'), ('19620', '893', '91', '3', null, null, '3', null, '2015-07-07 20:43:48'), ('19621', '894', '91', '5', null, null, '5', null, '2015-07-25 20:43:48'), ('19622', '895', '91', '5', null, null, '5', null, '2015-05-31 20:43:48'), ('19623', '896', '91', '1', null, null, '1', null, '2015-05-05 20:43:48'), ('19624', '897', '91', '2', null, null, '2', null, '2015-06-04 20:43:48'), ('19625', '898', '91', '1', null, null, '1', null, '2015-07-04 20:43:48'), ('19626', '899', '91', '3', null, null, '3', null, '2015-05-26 20:43:48'), ('19627', '900', '91', '2', null, null, '2', null, '2015-06-09 20:43:48'), ('19628', '901', '91', '2', null, null, '2', null, '2015-05-26 20:43:48'), ('19629', '914', '91', '4', null, null, '4', null, '2015-08-22 20:43:48'), ('19630', '915', '91', '3', null, null, '3', null, '2015-08-08 20:43:48'), ('19631', '916', '91', '3', null, null, '3', null, '2015-10-10 20:43:48'), ('19632', '917', '91', '1', null, null, '1', null, '2015-08-28 20:43:48'), ('19633', '918', '91', '1', null, null, '1', null, '2015-08-25 20:43:48'), ('19634', '919', '91', '1', null, null, '1', null, '2015-09-06 20:43:48'), ('19635', '920', '91', '1', null, null, '1', null, '2015-08-09 20:43:48'), ('19636', '921', '91', '5', null, null, '5', null, '2015-09-01 20:43:48'), ('19637', '922', '91', '5', null, null, '5', null, '2015-08-29 20:43:48'), ('19638', '923', '91', '2', null, null, '2', null, '2015-09-14 20:43:48'), ('19639', '924', '91', '3', null, null, '3', null, '2015-09-08 20:43:48'), ('19640', '925', '91', '1', null, null, '1', null, '2015-09-25 20:43:48'), ('19641', '926', '91', '5', null, null, '5', null, '2015-09-30 20:43:48'), ('19642', '927', '91', '1', null, null, '1', null, '2015-09-03 20:43:48'), ('19643', '928', '91', '5', null, null, '5', null, '2015-10-22 20:43:48'), ('19644', '929', '91', '2', null, null, '2', null, '2015-08-14 20:43:48'), ('19645', '930', '91', '1', null, null, '1', null, '2015-08-15 20:43:48'), ('19646', '931', '91', '2', null, null, '2', null, '2015-09-01 20:43:48'), ('19647', '932', '91', '5', null, null, '5', null, '2015-08-14 20:43:48'), ('19648', '945', '91', '4', null, null, '4', null, '2015-12-13 20:43:48'), ('19649', '946', '91', '3', null, null, '3', null, '2015-11-26 20:43:48'), ('19650', '947', '91', '4', null, null, '4', null, '2015-11-12 20:43:48'), ('19651', '948', '91', '5', null, null, '5', null, '2015-12-06 20:43:48'), ('19652', '949', '91', '2', null, null, '2', null, '2015-12-11 20:43:48'), ('19653', '950', '91', '3', null, null, '3', null, '2015-12-07 20:43:48'), ('19654', '951', '91', '2', null, null, '2', null, '2015-11-16 20:43:48'), ('19655', '952', '91', '3', null, null, '3', null, '2015-11-29 20:43:48'), ('19656', '953', '91', '4', null, null, '4', null, '2015-12-22 20:43:48'), ('19657', '954', '91', '4', null, null, '4', null, '2015-12-15 20:43:48'), ('19658', '852', '92', '4', null, null, '4', null, '2015-02-01 20:43:48'), ('19659', '853', '92', '1', null, null, '1', null, '2015-03-06 20:43:48'), ('19660', '854', '92', '5', null, null, '5', null, '2015-01-15 20:43:48'), ('19661', '855', '92', '2', null, null, '2', null, '2015-03-07 20:43:48'), ('19662', '856', '92', '5', null, null, '5', null, '2015-03-09 20:43:48'), ('19663', '857', '92', '1', null, null, '1', null, '2015-01-29 20:43:48'), ('19664', '858', '92', '1', null, null, '1', null, '2015-01-26 20:43:48'), ('19665', '859', '92', '5', null, null, '5', null, '2015-01-30 20:43:48'), ('19666', '860', '92', '5', null, null, '5', null, '2015-02-25 20:43:48'), ('19667', '861', '92', '3', null, null, '3', null, '2015-03-16 20:43:48'), ('19668', '862', '92', '1', null, null, '1', null, '2015-04-03 20:43:48'), ('19669', '863', '92', '3', null, null, '3', null, '2015-01-27 20:43:48'), ('19670', '864', '92', '5', null, null, '5', null, '2015-02-10 20:43:48'), ('19671', '865', '92', '1', null, null, '1', null, '2015-04-19 20:43:48'), ('19672', '866', '92', '1', null, null, '1', null, '2015-04-18 20:43:48'), ('19673', '867', '92', '4', null, null, '4', null, '2015-04-07 20:43:48'), ('19674', '868', '92', '4', null, null, '4', null, '2015-02-15 20:43:48'), ('19675', '869', '92', '5', null, null, '5', null, '2015-01-27 20:43:48'), ('19676', '870', '92', '2', null, null, '2', null, '2015-03-22 20:43:48'), ('19677', '883', '92', '2', null, null, '2', null, '2015-07-31 20:43:48'), ('19678', '884', '92', '2', null, null, '2', null, '2015-07-17 20:43:48'), ('19679', '885', '92', '3', null, null, '3', null, '2015-05-16 20:43:48'), ('19680', '886', '92', '3', null, null, '3', null, '2015-06-25 20:43:48'), ('19681', '887', '92', '3', null, null, '3', null, '2015-06-04 20:43:48'), ('19682', '888', '92', '3', null, null, '3', null, '2015-05-11 20:43:48'), ('19683', '889', '92', '1', null, null, '1', null, '2015-06-28 20:43:48'), ('19684', '890', '92', '1', null, null, '1', null, '2015-07-05 20:43:48'), ('19685', '891', '92', '2', null, null, '2', null, '2015-06-25 20:43:48'), ('19686', '892', '92', '2', null, null, '2', null, '2015-07-25 20:43:48'), ('19687', '893', '92', '4', null, null, '4', null, '2015-07-07 20:43:48'), ('19688', '894', '92', '1', null, null, '1', null, '2015-07-25 20:43:48'), ('19689', '895', '92', '3', null, null, '3', null, '2015-05-31 20:43:48'), ('19690', '896', '92', '1', null, null, '1', null, '2015-05-05 20:43:48'), ('19691', '897', '92', '1', null, null, '1', null, '2015-06-04 20:43:48'), ('19692', '898', '92', '2', null, null, '2', null, '2015-07-04 20:43:48'), ('19693', '899', '92', '1', null, null, '1', null, '2015-05-26 20:43:48'), ('19694', '900', '92', '3', null, null, '3', null, '2015-06-09 20:43:48'), ('19695', '901', '92', '2', null, null, '2', null, '2015-05-26 20:43:48'), ('19696', '914', '92', '5', null, null, '5', null, '2015-08-22 20:43:48'), ('19697', '915', '92', '3', null, null, '3', null, '2015-08-08 20:43:48'), ('19698', '916', '92', '5', null, null, '5', null, '2015-10-10 20:43:48'), ('19699', '917', '92', '5', null, null, '5', null, '2015-08-28 20:43:48'), ('19700', '918', '92', '4', null, null, '4', null, '2015-08-25 20:43:48'), ('19701', '919', '92', '4', null, null, '4', null, '2015-09-06 20:43:48'), ('19702', '920', '92', '3', null, null, '3', null, '2015-08-09 20:43:48'), ('19703', '921', '92', '3', null, null, '3', null, '2015-09-01 20:43:48'), ('19704', '922', '92', '2', null, null, '2', null, '2015-08-29 20:43:48'), ('19705', '923', '92', '4', null, null, '4', null, '2015-09-14 20:43:48'), ('19706', '924', '92', '5', null, null, '5', null, '2015-09-08 20:43:48'), ('19707', '925', '92', '4', null, null, '4', null, '2015-09-25 20:43:48'), ('19708', '926', '92', '3', null, null, '3', null, '2015-09-30 20:43:48'), ('19709', '927', '92', '3', null, null, '3', null, '2015-09-03 20:43:48'), ('19710', '928', '92', '3', null, null, '3', null, '2015-10-22 20:43:48'), ('19711', '929', '92', '1', null, null, '1', null, '2015-08-14 20:43:48'), ('19712', '930', '92', '1', null, null, '1', null, '2015-08-15 20:43:48'), ('19713', '931', '92', '3', null, null, '3', null, '2015-09-01 20:43:48'), ('19714', '932', '92', '4', null, null, '4', null, '2015-08-14 20:43:48'), ('19715', '945', '92', '2', null, null, '2', null, '2015-12-13 20:43:48'), ('19716', '946', '92', '4', null, null, '4', null, '2015-11-26 20:43:48'), ('19717', '947', '92', '3', null, null, '3', null, '2015-11-12 20:43:48'), ('19718', '948', '92', '3', null, null, '3', null, '2015-12-06 20:43:48'), ('19719', '949', '92', '4', null, null, '4', null, '2015-12-11 20:43:48'), ('19720', '950', '92', '2', null, null, '2', null, '2015-12-07 20:43:48'), ('19721', '951', '92', '3', null, null, '3', null, '2015-11-16 20:43:48'), ('19722', '952', '92', '4', null, null, '4', null, '2015-11-29 20:43:48'), ('19723', '953', '92', '4', null, null, '4', null, '2015-12-22 20:43:48'), ('19724', '954', '92', '2', null, null, '2', null, '2015-12-15 20:43:48'), ('19725', '852', '93', '3', null, null, '3', null, '2015-02-01 20:43:48'), ('19726', '853', '93', '3', null, null, '3', null, '2015-03-06 20:43:48'), ('19727', '854', '93', '5', null, null, '5', null, '2015-01-15 20:43:48'), ('19728', '855', '93', '4', null, null, '4', null, '2015-03-07 20:43:48'), ('19729', '856', '93', '3', null, null, '3', null, '2015-03-09 20:43:48'), ('19730', '857', '93', '1', null, null, '1', null, '2015-01-29 20:43:48'), ('19731', '858', '93', '3', null, null, '3', null, '2015-01-26 20:43:48'), ('19732', '859', '93', '3', null, null, '3', null, '2015-01-30 20:43:48'), ('19733', '860', '93', '2', null, null, '2', null, '2015-02-25 20:43:48'), ('19734', '861', '93', '2', null, null, '2', null, '2015-03-16 20:43:48'), ('19735', '862', '93', '2', null, null, '2', null, '2015-04-03 20:43:48'), ('19736', '863', '93', '4', null, null, '4', null, '2015-01-27 20:43:48'), ('19737', '864', '93', '3', null, null, '3', null, '2015-02-10 20:43:48'), ('19738', '865', '93', '3', null, null, '3', null, '2015-04-19 20:43:48'), ('19739', '866', '93', '5', null, null, '5', null, '2015-04-18 20:43:48'), ('19740', '867', '93', '5', null, null, '5', null, '2015-04-07 20:43:48'), ('19741', '868', '93', '2', null, null, '2', null, '2015-02-15 20:43:48'), ('19742', '869', '93', '2', null, null, '2', null, '2015-01-27 20:43:48'), ('19743', '870', '93', '5', null, null, '5', null, '2015-03-22 20:43:48'), ('19744', '883', '93', '4', null, null, '4', null, '2015-07-31 20:43:48'), ('19745', '884', '93', '5', null, null, '5', null, '2015-07-17 20:43:48'), ('19746', '885', '93', '1', null, null, '1', null, '2015-05-16 20:43:48'), ('19747', '886', '93', '3', null, null, '3', null, '2015-06-25 20:43:48'), ('19748', '887', '93', '5', null, null, '5', null, '2015-06-04 20:43:48'), ('19749', '888', '93', '3', null, null, '3', null, '2015-05-11 20:43:48'), ('19750', '889', '93', '1', null, null, '1', null, '2015-06-28 20:43:48'), ('19751', '890', '93', '3', null, null, '3', null, '2015-07-05 20:43:48'), ('19752', '891', '93', '4', null, null, '4', null, '2015-06-25 20:43:48'), ('19753', '892', '93', '3', null, null, '3', null, '2015-07-25 20:43:48'), ('19754', '893', '93', '3', null, null, '3', null, '2015-07-07 20:43:48'), ('19755', '894', '93', '3', null, null, '3', null, '2015-07-25 20:43:48'), ('19756', '895', '93', '4', null, null, '4', null, '2015-05-31 20:43:48'), ('19757', '896', '93', '5', null, null, '5', null, '2015-05-05 20:43:48'), ('19758', '897', '93', '4', null, null, '4', null, '2015-06-04 20:43:48'), ('19759', '898', '93', '5', null, null, '5', null, '2015-07-04 20:43:48'), ('19760', '899', '93', '3', null, null, '3', null, '2015-05-26 20:43:48'), ('19761', '900', '93', '4', null, null, '4', null, '2015-06-09 20:43:48'), ('19762', '901', '93', '3', null, null, '3', null, '2015-05-26 20:43:48'), ('19763', '914', '93', '5', null, null, '5', null, '2015-08-22 20:43:48'), ('19764', '915', '93', '5', null, null, '5', null, '2015-08-08 20:43:48'), ('19765', '916', '93', '5', null, null, '5', null, '2015-10-10 20:43:48'), ('19766', '917', '93', '3', null, null, '3', null, '2015-08-28 20:43:48'), ('19767', '918', '93', '5', null, null, '5', null, '2015-08-25 20:43:48'), ('19768', '919', '93', '1', null, null, '1', null, '2015-09-06 20:43:48'), ('19769', '920', '93', '3', null, null, '3', null, '2015-08-09 20:43:48'), ('19770', '921', '93', '3', null, null, '3', null, '2015-09-01 20:43:48'), ('19771', '922', '93', '5', null, null, '5', null, '2015-08-29 20:43:48'), ('19772', '923', '93', '2', null, null, '2', null, '2015-09-14 20:43:48'), ('19773', '924', '93', '3', null, null, '3', null, '2015-09-08 20:43:48'), ('19774', '925', '93', '5', null, null, '5', null, '2015-09-25 20:43:48'), ('19775', '926', '93', '1', null, null, '1', null, '2015-09-30 20:43:48'), ('19776', '927', '93', '3', null, null, '3', null, '2015-09-03 20:43:48'), ('19777', '928', '93', '2', null, null, '2', null, '2015-10-22 20:43:48'), ('19778', '929', '93', '1', null, null, '1', null, '2015-08-14 20:43:48'), ('19779', '930', '93', '3', null, null, '3', null, '2015-08-15 20:43:48'), ('19780', '931', '93', '1', null, null, '1', null, '2015-09-01 20:43:48'), ('19781', '932', '93', '1', null, null, '1', null, '2015-08-14 20:43:48'), ('19782', '945', '93', '2', null, null, '2', null, '2015-12-13 20:43:48'), ('19783', '946', '93', '2', null, null, '2', null, '2015-11-26 20:43:48'), ('19784', '947', '93', '3', null, null, '3', null, '2015-11-12 20:43:48'), ('19785', '948', '93', '5', null, null, '5', null, '2015-12-06 20:43:48'), ('19786', '949', '93', '5', null, null, '5', null, '2015-12-11 20:43:48'), ('19787', '950', '93', '2', null, null, '2', null, '2015-12-07 20:43:48'), ('19788', '951', '93', '2', null, null, '2', null, '2015-11-16 20:43:48'), ('19789', '952', '93', '3', null, null, '3', null, '2015-11-29 20:43:48'), ('19790', '953', '93', '3', null, null, '3', null, '2015-12-22 20:43:48'), ('19791', '954', '93', '1', null, null, '1', null, '2015-12-15 20:43:48'), ('19792', '852', '94', '4', null, null, '4', null, '2015-02-01 20:43:48'), ('19793', '853', '94', '2', null, null, '2', null, '2015-03-06 20:43:48'), ('19794', '854', '94', '4', null, null, '4', null, '2015-01-15 20:43:48'), ('19795', '855', '94', '2', null, null, '2', null, '2015-03-07 20:43:48'), ('19796', '856', '94', '3', null, null, '3', null, '2015-03-09 20:43:48'), ('19797', '857', '94', '4', null, null, '4', null, '2015-01-29 20:43:48'), ('19798', '858', '94', '4', null, null, '4', null, '2015-01-26 20:43:48'), ('19799', '859', '94', '2', null, null, '2', null, '2015-01-30 20:43:48'), ('19800', '860', '94', '5', null, null, '5', null, '2015-02-25 20:43:48'), ('19801', '861', '94', '5', null, null, '5', null, '2015-03-16 20:43:48'), ('19802', '862', '94', '3', null, null, '3', null, '2015-04-03 20:43:48'), ('19803', '863', '94', '5', null, null, '5', null, '2015-01-27 20:43:48'), ('19804', '864', '94', '2', null, null, '2', null, '2015-02-10 20:43:48'), ('19805', '865', '94', '2', null, null, '2', null, '2015-04-19 20:43:48'), ('19806', '866', '94', '1', null, null, '1', null, '2015-04-18 20:43:48'), ('19807', '867', '94', '1', null, null, '1', null, '2015-04-07 20:43:48'), ('19808', '868', '94', '5', null, null, '5', null, '2015-02-15 20:43:48'), ('19809', '869', '94', '2', null, null, '2', null, '2015-01-27 20:43:48'), ('19810', '870', '94', '4', null, null, '4', null, '2015-03-22 20:43:48'), ('19811', '883', '94', '3', null, null, '3', null, '2015-07-31 20:43:48'), ('19812', '884', '94', '3', null, null, '3', null, '2015-07-17 20:43:48'), ('19813', '885', '94', '4', null, null, '4', null, '2015-05-16 20:43:48'), ('19814', '886', '94', '2', null, null, '2', null, '2015-06-25 20:43:48'), ('19815', '887', '94', '4', null, null, '4', null, '2015-06-04 20:43:48'), ('19816', '888', '94', '4', null, null, '4', null, '2015-05-11 20:43:48'), ('19817', '889', '94', '5', null, null, '5', null, '2015-06-28 20:43:48'), ('19818', '890', '94', '4', null, null, '4', null, '2015-07-05 20:43:48'), ('19819', '891', '94', '2', null, null, '2', null, '2015-06-25 20:43:48'), ('19820', '892', '94', '5', null, null, '5', null, '2015-07-25 20:43:48'), ('19821', '893', '94', '3', null, null, '3', null, '2015-07-07 20:43:48'), ('19822', '894', '94', '1', null, null, '1', null, '2015-07-25 20:43:48'), ('19823', '895', '94', '2', null, null, '2', null, '2015-05-31 20:43:48'), ('19824', '896', '94', '5', null, null, '5', null, '2015-05-05 20:43:48'), ('19825', '897', '94', '5', null, null, '5', null, '2015-06-04 20:43:48'), ('19826', '898', '94', '2', null, null, '2', null, '2015-07-04 20:43:48'), ('19827', '899', '94', '4', null, null, '4', null, '2015-05-26 20:43:48'), ('19828', '900', '94', '1', null, null, '1', null, '2015-06-09 20:43:48'), ('19829', '901', '94', '1', null, null, '1', null, '2015-05-26 20:43:48'), ('19830', '914', '94', '1', null, null, '1', null, '2015-08-22 20:43:48'), ('19831', '915', '94', '4', null, null, '4', null, '2015-08-08 20:43:48'), ('19832', '916', '94', '2', null, null, '2', null, '2015-10-10 20:43:48'), ('19833', '917', '94', '4', null, null, '4', null, '2015-08-28 20:43:48'), ('19834', '918', '94', '3', null, null, '3', null, '2015-08-25 20:43:48'), ('19835', '919', '94', '4', null, null, '4', null, '2015-09-06 20:43:48'), ('19836', '920', '94', '1', null, null, '1', null, '2015-08-09 20:43:48'), ('19837', '921', '94', '1', null, null, '1', null, '2015-09-01 20:43:48'), ('19838', '922', '94', '3', null, null, '3', null, '2015-08-29 20:43:48'), ('19839', '923', '94', '5', null, null, '5', null, '2015-09-14 20:43:48'), ('19840', '924', '94', '2', null, null, '2', null, '2015-09-08 20:43:48'), ('19841', '925', '94', '5', null, null, '5', null, '2015-09-25 20:43:48'), ('19842', '926', '94', '1', null, null, '1', null, '2015-09-30 20:43:48'), ('19843', '927', '94', '2', null, null, '2', null, '2015-09-03 20:43:48'), ('19844', '928', '94', '2', null, null, '2', null, '2015-10-22 20:43:48'), ('19845', '929', '94', '1', null, null, '1', null, '2015-08-14 20:43:48'), ('19846', '930', '94', '4', null, null, '4', null, '2015-08-15 20:43:48'), ('19847', '931', '94', '2', null, null, '2', null, '2015-09-01 20:43:48'), ('19848', '932', '94', '4', null, null, '4', null, '2015-08-14 20:43:48'), ('19849', '945', '94', '5', null, null, '5', null, '2015-12-13 20:43:48'), ('19850', '946', '94', '5', null, null, '5', null, '2015-11-26 20:43:48'), ('19851', '947', '94', '1', null, null, '1', null, '2015-11-12 20:43:48'), ('19852', '948', '94', '2', null, null, '2', null, '2015-12-06 20:43:48'), ('19853', '949', '94', '3', null, null, '3', null, '2015-12-11 20:43:48'), ('19854', '950', '94', '3', null, null, '3', null, '2015-12-07 20:43:48'), ('19855', '951', '94', '1', null, null, '1', null, '2015-11-16 20:43:48'), ('19856', '952', '94', '5', null, null, '5', null, '2015-11-29 20:43:48'), ('19857', '953', '94', '5', null, null, '5', null, '2015-12-22 20:43:48'), ('19858', '954', '94', '2', null, null, '2', null, '2015-12-15 20:43:48'), ('19859', '852', '95', '2', null, null, '2', null, '2015-02-01 20:43:48'), ('19860', '853', '95', '4', null, null, '4', null, '2015-03-06 20:43:48'), ('19861', '854', '95', '1', null, null, '1', null, '2015-01-15 20:43:48'), ('19862', '855', '95', '4', null, null, '4', null, '2015-03-07 20:43:48'), ('19863', '856', '95', '2', null, null, '2', null, '2015-03-09 20:43:48'), ('19864', '857', '95', '5', null, null, '5', null, '2015-01-29 20:43:48'), ('19865', '858', '95', '2', null, null, '2', null, '2015-01-26 20:43:48'), ('19866', '859', '95', '4', null, null, '4', null, '2015-01-30 20:43:48'), ('19867', '860', '95', '4', null, null, '4', null, '2015-02-25 20:43:48'), ('19868', '861', '95', '3', null, null, '3', null, '2015-03-16 20:43:48'), ('19869', '862', '95', '1', null, null, '1', null, '2015-04-03 20:43:48'), ('19870', '863', '95', '3', null, null, '3', null, '2015-01-27 20:43:48'), ('19871', '864', '95', '1', null, null, '1', null, '2015-02-10 20:43:48'), ('19872', '865', '95', '2', null, null, '2', null, '2015-04-19 20:43:48'), ('19873', '866', '95', '4', null, null, '4', null, '2015-04-18 20:43:48'), ('19874', '867', '95', '5', null, null, '5', null, '2015-04-07 20:43:48'), ('19875', '868', '95', '3', null, null, '3', null, '2015-02-15 20:43:48'), ('19876', '869', '95', '5', null, null, '5', null, '2015-01-27 20:43:48'), ('19877', '870', '95', '4', null, null, '4', null, '2015-03-22 20:43:48'), ('19878', '883', '95', '5', null, null, '5', null, '2015-07-31 20:43:48'), ('19879', '884', '95', '3', null, null, '3', null, '2015-07-17 20:43:48'), ('19880', '885', '95', '1', null, null, '1', null, '2015-05-16 20:43:48'), ('19881', '886', '95', '2', null, null, '2', null, '2015-06-25 20:43:48'), ('19882', '887', '95', '3', null, null, '3', null, '2015-06-04 20:43:48'), ('19883', '888', '95', '5', null, null, '5', null, '2015-05-11 20:43:48'), ('19884', '889', '95', '5', null, null, '5', null, '2015-06-28 20:43:48'), ('19885', '890', '95', '2', null, null, '2', null, '2015-07-05 20:43:48'), ('19886', '891', '95', '2', null, null, '2', null, '2015-06-25 20:43:48'), ('19887', '892', '95', '1', null, null, '1', null, '2015-07-25 20:43:48'), ('19888', '893', '95', '2', null, null, '2', null, '2015-07-07 20:43:48'), ('19889', '894', '95', '3', null, null, '3', null, '2015-07-25 20:43:48'), ('19890', '895', '95', '1', null, null, '1', null, '2015-05-31 20:43:48'), ('19891', '896', '95', '1', null, null, '1', null, '2015-05-05 20:43:48'), ('19892', '897', '95', '4', null, null, '4', null, '2015-06-04 20:43:48'), ('19893', '898', '95', '2', null, null, '2', null, '2015-07-04 20:43:48'), ('19894', '899', '95', '2', null, null, '2', null, '2015-05-26 20:43:48'), ('19895', '900', '95', '3', null, null, '3', null, '2015-06-09 20:43:48'), ('19896', '901', '95', '1', null, null, '1', null, '2015-05-26 20:43:48'), ('19897', '914', '95', '1', null, null, '1', null, '2015-08-22 20:43:48'), ('19898', '915', '95', '1', null, null, '1', null, '2015-08-08 20:43:48'), ('19899', '916', '95', '5', null, null, '5', null, '2015-10-10 20:43:48'), ('19900', '917', '95', '1', null, null, '1', null, '2015-08-28 20:43:48'), ('19901', '918', '95', '1', null, null, '1', null, '2015-08-25 20:43:48'), ('19902', '919', '95', '5', null, null, '5', null, '2015-09-06 20:43:48'), ('19903', '920', '95', '3', null, null, '3', null, '2015-08-09 20:43:48'), ('19904', '921', '95', '4', null, null, '4', null, '2015-09-01 20:43:48'), ('19905', '922', '95', '5', null, null, '5', null, '2015-08-29 20:43:48'), ('19906', '923', '95', '1', null, null, '1', null, '2015-09-14 20:43:48'), ('19907', '924', '95', '1', null, null, '1', null, '2015-09-08 20:43:48'), ('19908', '925', '95', '2', null, null, '2', null, '2015-09-25 20:43:48'), ('19909', '926', '95', '5', null, null, '5', null, '2015-09-30 20:43:48'), ('19910', '927', '95', '1', null, null, '1', null, '2015-09-03 20:43:48'), ('19911', '928', '95', '4', null, null, '4', null, '2015-10-22 20:43:48'), ('19912', '929', '95', '3', null, null, '3', null, '2015-08-14 20:43:48'), ('19913', '930', '95', '5', null, null, '5', null, '2015-08-15 20:43:48'), ('19914', '931', '95', '1', null, null, '1', null, '2015-09-01 20:43:48'), ('19915', '932', '95', '1', null, null, '1', null, '2015-08-14 20:43:48'), ('19916', '945', '95', '2', null, null, '2', null, '2015-12-13 20:43:48'), ('19917', '946', '95', '1', null, null, '1', null, '2015-11-26 20:43:48'), ('19918', '947', '95', '3', null, null, '3', null, '2015-11-12 20:43:48'), ('19919', '948', '95', '1', null, null, '1', null, '2015-12-06 20:43:48'), ('19920', '949', '95', '3', null, null, '3', null, '2015-12-11 20:43:48'), ('19921', '950', '95', '4', null, null, '4', null, '2015-12-07 20:43:48'), ('19922', '951', '95', '5', null, null, '5', null, '2015-11-16 20:43:48'), ('19923', '952', '95', '2', null, null, '2', null, '2015-11-29 20:43:48'), ('19924', '953', '95', '1', null, null, '1', null, '2015-12-22 20:43:48'), ('19925', '954', '95', '3', null, null, '3', null, '2015-12-15 20:43:48'), ('19926', '852', '96', '5', null, null, '5', null, '2015-02-01 20:43:48'), ('19927', '853', '96', '2', null, null, '2', null, '2015-03-06 20:43:48'), ('19928', '854', '96', '4', null, null, '4', null, '2015-01-15 20:43:48'), ('19929', '855', '96', '5', null, null, '5', null, '2015-03-07 20:43:48'), ('19930', '856', '96', '2', null, null, '2', null, '2015-03-09 20:43:48'), ('19931', '857', '96', '4', null, null, '4', null, '2015-01-29 20:43:48'), ('19932', '858', '96', '3', null, null, '3', null, '2015-01-26 20:43:48'), ('19933', '859', '96', '4', null, null, '4', null, '2015-01-30 20:43:48'), ('19934', '860', '96', '1', null, null, '1', null, '2015-02-25 20:43:48'), ('19935', '861', '96', '5', null, null, '5', null, '2015-03-16 20:43:48'), ('19936', '862', '96', '1', null, null, '1', null, '2015-04-03 20:43:48'), ('19937', '863', '96', '1', null, null, '1', null, '2015-01-27 20:43:48'), ('19938', '864', '96', '2', null, null, '2', null, '2015-02-10 20:43:48'), ('19939', '865', '96', '5', null, null, '5', null, '2015-04-19 20:43:48'), ('19940', '866', '96', '4', null, null, '4', null, '2015-04-18 20:43:48'), ('19941', '867', '96', '5', null, null, '5', null, '2015-04-07 20:43:48'), ('19942', '868', '96', '3', null, null, '3', null, '2015-02-15 20:43:48'), ('19943', '869', '96', '5', null, null, '5', null, '2015-01-27 20:43:48'), ('19944', '870', '96', '1', null, null, '1', null, '2015-03-22 20:43:48'), ('19945', '883', '96', '5', null, null, '5', null, '2015-07-31 20:43:48'), ('19946', '884', '96', '5', null, null, '5', null, '2015-07-17 20:43:48'), ('19947', '885', '96', '4', null, null, '4', null, '2015-05-16 20:43:48'), ('19948', '886', '96', '5', null, null, '5', null, '2015-06-25 20:43:48'), ('19949', '887', '96', '2', null, null, '2', null, '2015-06-04 20:43:48'), ('19950', '888', '96', '1', null, null, '1', null, '2015-05-11 20:43:48'), ('19951', '889', '96', '2', null, null, '2', null, '2015-06-28 20:43:48'), ('19952', '890', '96', '3', null, null, '3', null, '2015-07-05 20:43:48'), ('19953', '891', '96', '3', null, null, '3', null, '2015-06-25 20:43:48'), ('19954', '892', '96', '2', null, null, '2', null, '2015-07-25 20:43:48'), ('19955', '893', '96', '5', null, null, '5', null, '2015-07-07 20:43:48'), ('19956', '894', '96', '3', null, null, '3', null, '2015-07-25 20:43:48'), ('19957', '895', '96', '4', null, null, '4', null, '2015-05-31 20:43:48'), ('19958', '896', '96', '2', null, null, '2', null, '2015-05-05 20:43:48'), ('19959', '897', '96', '3', null, null, '3', null, '2015-06-04 20:43:48'), ('19960', '898', '96', '2', null, null, '2', null, '2015-07-04 20:43:48'), ('19961', '899', '96', '1', null, null, '1', null, '2015-05-26 20:43:48'), ('19962', '900', '96', '3', null, null, '3', null, '2015-06-09 20:43:48'), ('19963', '901', '96', '5', null, null, '5', null, '2015-05-26 20:43:48'), ('19964', '914', '96', '2', null, null, '2', null, '2015-08-22 20:43:48'), ('19965', '915', '96', '4', null, null, '4', null, '2015-08-08 20:43:48'), ('19966', '916', '96', '4', null, null, '4', null, '2015-10-10 20:43:48'), ('19967', '917', '96', '4', null, null, '4', null, '2015-08-28 20:43:48'), ('19968', '918', '96', '3', null, null, '3', null, '2015-08-25 20:43:48'), ('19969', '919', '96', '2', null, null, '2', null, '2015-09-06 20:43:48'), ('19970', '920', '96', '3', null, null, '3', null, '2015-08-09 20:43:48'), ('19971', '921', '96', '1', null, null, '1', null, '2015-09-01 20:43:48'), ('19972', '922', '96', '3', null, null, '3', null, '2015-08-29 20:43:48'), ('19973', '923', '96', '4', null, null, '4', null, '2015-09-14 20:43:48'), ('19974', '924', '96', '1', null, null, '1', null, '2015-09-08 20:43:48'), ('19975', '925', '96', '5', null, null, '5', null, '2015-09-25 20:43:48'), ('19976', '926', '96', '2', null, null, '2', null, '2015-09-30 20:43:48'), ('19977', '927', '96', '5', null, null, '5', null, '2015-09-03 20:43:48'), ('19978', '928', '96', '2', null, null, '2', null, '2015-10-22 20:43:48'), ('19979', '929', '96', '1', null, null, '1', null, '2015-08-14 20:43:48'), ('19980', '930', '96', '4', null, null, '4', null, '2015-08-15 20:43:48'), ('19981', '931', '96', '1', null, null, '1', null, '2015-09-01 20:43:48'), ('19982', '932', '96', '1', null, null, '1', null, '2015-08-14 20:43:48'), ('19983', '945', '96', '5', null, null, '5', null, '2015-12-13 20:43:48'), ('19984', '946', '96', '5', null, null, '5', null, '2015-11-26 20:43:48'), ('19985', '947', '96', '5', null, null, '5', null, '2015-11-12 20:43:48'), ('19986', '948', '96', '2', null, null, '2', null, '2015-12-06 20:43:48'), ('19987', '949', '96', '2', null, null, '2', null, '2015-12-11 20:43:48'), ('19988', '950', '96', '4', null, null, '4', null, '2015-12-07 20:43:48'), ('19989', '951', '96', '1', null, null, '1', null, '2015-11-16 20:43:48'), ('19990', '952', '96', '2', null, null, '2', null, '2015-11-29 20:43:48'), ('19991', '953', '96', '4', null, null, '4', null, '2015-12-22 20:43:48'), ('19992', '954', '96', '2', null, null, '2', null, '2015-12-15 20:43:48'), ('19993', '852', '97', '3', null, null, '3', null, '2015-02-01 20:43:48'), ('19994', '853', '97', '3', null, null, '3', null, '2015-03-06 20:43:48'), ('19995', '854', '97', '1', null, null, '1', null, '2015-01-15 20:43:48'), ('19996', '855', '97', '2', null, null, '2', null, '2015-03-07 20:43:48'), ('19997', '856', '97', '5', null, null, '5', null, '2015-03-09 20:43:48'), ('19998', '857', '97', '4', null, null, '4', null, '2015-01-29 20:43:48'), ('19999', '858', '97', '4', null, null, '4', null, '2015-01-26 20:43:48'), ('20000', '859', '97', '2', null, null, '2', null, '2015-01-30 20:43:48'), ('20001', '860', '97', '2', null, null, '2', null, '2015-02-25 20:43:48'), ('20002', '861', '97', '5', null, null, '5', null, '2015-03-16 20:43:48'), ('20003', '862', '97', '2', null, null, '2', null, '2015-04-03 20:43:48'), ('20004', '863', '97', '1', null, null, '1', null, '2015-01-27 20:43:48'), ('20005', '864', '97', '5', null, null, '5', null, '2015-02-10 20:43:48'), ('20006', '865', '97', '4', null, null, '4', null, '2015-04-19 20:43:48'), ('20007', '866', '97', '5', null, null, '5', null, '2015-04-18 20:43:48'), ('20008', '867', '97', '1', null, null, '1', null, '2015-04-07 20:43:48'), ('20009', '868', '97', '2', null, null, '2', null, '2015-02-15 20:43:48'), ('20010', '869', '97', '4', null, null, '4', null, '2015-01-27 20:43:48'), ('20011', '870', '97', '3', null, null, '3', null, '2015-03-22 20:43:48'), ('20012', '883', '97', '4', null, null, '4', null, '2015-07-31 20:43:48'), ('20013', '884', '97', '4', null, null, '4', null, '2015-07-17 20:43:48'), ('20014', '885', '97', '2', null, null, '2', null, '2015-05-16 20:43:48'), ('20015', '886', '97', '3', null, null, '3', null, '2015-06-25 20:43:48'), ('20016', '887', '97', '3', null, null, '3', null, '2015-06-04 20:43:48'), ('20017', '888', '97', '1', null, null, '1', null, '2015-05-11 20:43:48'), ('20018', '889', '97', '5', null, null, '5', null, '2015-06-28 20:43:48'), ('20019', '890', '97', '2', null, null, '2', null, '2015-07-05 20:43:48'), ('20020', '891', '97', '1', null, null, '1', null, '2015-06-25 20:43:48'), ('20021', '892', '97', '3', null, null, '3', null, '2015-07-25 20:43:48'), ('20022', '893', '97', '1', null, null, '1', null, '2015-07-07 20:43:48'), ('20023', '894', '97', '4', null, null, '4', null, '2015-07-25 20:43:48'), ('20024', '895', '97', '3', null, null, '3', null, '2015-05-31 20:43:48'), ('20025', '896', '97', '3', null, null, '3', null, '2015-05-05 20:43:48'), ('20026', '897', '97', '1', null, null, '1', null, '2015-06-04 20:43:48'), ('20027', '898', '97', '3', null, null, '3', null, '2015-07-04 20:43:48'), ('20028', '899', '97', '2', null, null, '2', null, '2015-05-26 20:43:48'), ('20029', '900', '97', '3', null, null, '3', null, '2015-06-09 20:43:48'), ('20030', '901', '97', '2', null, null, '2', null, '2015-05-26 20:43:48'), ('20031', '914', '97', '3', null, null, '3', null, '2015-08-22 20:43:48'), ('20032', '915', '97', '2', null, null, '2', null, '2015-08-08 20:43:48'), ('20033', '916', '97', '1', null, null, '1', null, '2015-10-10 20:43:48'), ('20034', '917', '97', '2', null, null, '2', null, '2015-08-28 20:43:48'), ('20035', '918', '97', '4', null, null, '4', null, '2015-08-25 20:43:48'), ('20036', '919', '97', '5', null, null, '5', null, '2015-09-06 20:43:48'), ('20037', '920', '97', '5', null, null, '5', null, '2015-08-09 20:43:48'), ('20038', '921', '97', '5', null, null, '5', null, '2015-09-01 20:43:48'), ('20039', '922', '97', '5', null, null, '5', null, '2015-08-29 20:43:48'), ('20040', '923', '97', '3', null, null, '3', null, '2015-09-14 20:43:48'), ('20041', '924', '97', '4', null, null, '4', null, '2015-09-08 20:43:48'), ('20042', '925', '97', '1', null, null, '1', null, '2015-09-25 20:43:48'), ('20043', '926', '97', '1', null, null, '1', null, '2015-09-30 20:43:48'), ('20044', '927', '97', '4', null, null, '4', null, '2015-09-03 20:43:48'), ('20045', '928', '97', '1', null, null, '1', null, '2015-10-22 20:43:48'), ('20046', '929', '97', '3', null, null, '3', null, '2015-08-14 20:43:48'), ('20047', '930', '97', '3', null, null, '3', null, '2015-08-15 20:43:48'), ('20048', '931', '97', '4', null, null, '4', null, '2015-09-01 20:43:48'), ('20049', '932', '97', '4', null, null, '4', null, '2015-08-14 20:43:48'), ('20050', '945', '97', '5', null, null, '5', null, '2015-12-13 20:43:48'), ('20051', '946', '97', '3', null, null, '3', null, '2015-11-26 20:43:48'), ('20052', '947', '97', '4', null, null, '4', null, '2015-11-12 20:43:48'), ('20053', '948', '97', '4', null, null, '4', null, '2015-12-06 20:43:48'), ('20054', '949', '97', '3', null, null, '3', null, '2015-12-11 20:43:48'), ('20055', '950', '97', '3', null, null, '3', null, '2015-12-07 20:43:48'), ('20056', '951', '97', '1', null, null, '1', null, '2015-11-16 20:43:48'), ('20057', '952', '97', '5', null, null, '5', null, '2015-11-29 20:43:48'), ('20058', '953', '97', '3', null, null, '3', null, '2015-12-22 20:43:48'), ('20059', '954', '97', '2', null, null, '2', null, '2015-12-15 20:43:48'), ('20060', '852', '98', '4', null, null, '4', null, '2015-02-01 20:43:48'), ('20061', '853', '98', '2', null, null, '2', null, '2015-03-06 20:43:48'), ('20062', '854', '98', '2', null, null, '2', null, '2015-01-15 20:43:48'), ('20063', '855', '98', '4', null, null, '4', null, '2015-03-07 20:43:48'), ('20064', '856', '98', '2', null, null, '2', null, '2015-03-09 20:43:48'), ('20065', '857', '98', '2', null, null, '2', null, '2015-01-29 20:43:48'), ('20066', '858', '98', '4', null, null, '4', null, '2015-01-26 20:43:48'), ('20067', '859', '98', '5', null, null, '5', null, '2015-01-30 20:43:48'), ('20068', '860', '98', '2', null, null, '2', null, '2015-02-25 20:43:48'), ('20069', '861', '98', '3', null, null, '3', null, '2015-03-16 20:43:48'), ('20070', '862', '98', '1', null, null, '1', null, '2015-04-03 20:43:48'), ('20071', '863', '98', '3', null, null, '3', null, '2015-01-27 20:43:48'), ('20072', '864', '98', '3', null, null, '3', null, '2015-02-10 20:43:48'), ('20073', '865', '98', '4', null, null, '4', null, '2015-04-19 20:43:48'), ('20074', '866', '98', '2', null, null, '2', null, '2015-04-18 20:43:48'), ('20075', '867', '98', '2', null, null, '2', null, '2015-04-07 20:43:48'), ('20076', '868', '98', '3', null, null, '3', null, '2015-02-15 20:43:48'), ('20077', '869', '98', '3', null, null, '3', null, '2015-01-27 20:43:48'), ('20078', '870', '98', '2', null, null, '2', null, '2015-03-22 20:43:48'), ('20079', '883', '98', '5', null, null, '5', null, '2015-07-31 20:43:48'), ('20080', '884', '98', '4', null, null, '4', null, '2015-07-17 20:43:48'), ('20081', '885', '98', '4', null, null, '4', null, '2015-05-16 20:43:48'), ('20082', '886', '98', '1', null, null, '1', null, '2015-06-25 20:43:48'), ('20083', '887', '98', '3', null, null, '3', null, '2015-06-04 20:43:48'), ('20084', '888', '98', '3', null, null, '3', null, '2015-05-11 20:43:48'), ('20085', '889', '98', '2', null, null, '2', null, '2015-06-28 20:43:48'), ('20086', '890', '98', '2', null, null, '2', null, '2015-07-05 20:43:48'), ('20087', '891', '98', '5', null, null, '5', null, '2015-06-25 20:43:48'), ('20088', '892', '98', '3', null, null, '3', null, '2015-07-25 20:43:48'), ('20089', '893', '98', '1', null, null, '1', null, '2015-07-07 20:43:48'), ('20090', '894', '98', '3', null, null, '3', null, '2015-07-25 20:43:48'), ('20091', '895', '98', '2', null, null, '2', null, '2015-05-31 20:43:48'), ('20092', '896', '98', '3', null, null, '3', null, '2015-05-05 20:43:48'), ('20093', '897', '98', '1', null, null, '1', null, '2015-06-04 20:43:48'), ('20094', '898', '98', '3', null, null, '3', null, '2015-07-04 20:43:48'), ('20095', '899', '98', '5', null, null, '5', null, '2015-05-26 20:43:48'), ('20096', '900', '98', '4', null, null, '4', null, '2015-06-09 20:43:48'), ('20097', '901', '98', '4', null, null, '4', null, '2015-05-26 20:43:48'), ('20098', '914', '98', '4', null, null, '4', null, '2015-08-22 20:43:48'), ('20099', '915', '98', '3', null, null, '3', null, '2015-08-08 20:43:48'), ('20100', '916', '98', '1', null, null, '1', null, '2015-10-10 20:43:48'), ('20101', '917', '98', '5', null, null, '5', null, '2015-08-28 20:43:48'), ('20102', '918', '98', '5', null, null, '5', null, '2015-08-25 20:43:48'), ('20103', '919', '98', '2', null, null, '2', null, '2015-09-06 20:43:48'), ('20104', '920', '98', '4', null, null, '4', null, '2015-08-09 20:43:48'), ('20105', '921', '98', '4', null, null, '4', null, '2015-09-01 20:43:48'), ('20106', '922', '98', '1', null, null, '1', null, '2015-08-29 20:43:48'), ('20107', '923', '98', '5', null, null, '5', null, '2015-09-14 20:43:48'), ('20108', '924', '98', '1', null, null, '1', null, '2015-09-08 20:43:48'), ('20109', '925', '98', '2', null, null, '2', null, '2015-09-25 20:43:48'), ('20110', '926', '98', '3', null, null, '3', null, '2015-09-30 20:43:48'), ('20111', '927', '98', '3', null, null, '3', null, '2015-09-03 20:43:48'), ('20112', '928', '98', '5', null, null, '5', null, '2015-10-22 20:43:48'), ('20113', '929', '98', '5', null, null, '5', null, '2015-08-14 20:43:48'), ('20114', '930', '98', '2', null, null, '2', null, '2015-08-15 20:43:48'), ('20115', '931', '98', '2', null, null, '2', null, '2015-09-01 20:43:48'), ('20116', '932', '98', '4', null, null, '4', null, '2015-08-14 20:43:48'), ('20117', '945', '98', '4', null, null, '4', null, '2015-12-13 20:43:48'), ('20118', '946', '98', '1', null, null, '1', null, '2015-11-26 20:43:48'), ('20119', '947', '98', '3', null, null, '3', null, '2015-11-12 20:43:48'), ('20120', '948', '98', '5', null, null, '5', null, '2015-12-06 20:43:48'), ('20121', '949', '98', '2', null, null, '2', null, '2015-12-11 20:43:48'), ('20122', '950', '98', '3', null, null, '3', null, '2015-12-07 20:43:48'), ('20123', '951', '98', '2', null, null, '2', null, '2015-11-16 20:43:48'), ('20124', '952', '98', '4', null, null, '4', null, '2015-11-29 20:43:48'), ('20125', '953', '98', '3', null, null, '3', null, '2015-12-22 20:43:48'), ('20126', '954', '98', '5', null, null, '5', null, '2015-12-15 20:43:48'), ('20127', '852', '99', '2', null, null, '2', null, '2015-02-01 20:43:48'), ('20128', '853', '99', '4', null, null, '4', null, '2015-03-06 20:43:48'), ('20129', '854', '99', '5', null, null, '5', null, '2015-01-15 20:43:48'), ('20130', '855', '99', '3', null, null, '3', null, '2015-03-07 20:43:48'), ('20131', '856', '99', '5', null, null, '5', null, '2015-03-09 20:43:48'), ('20132', '857', '99', '2', null, null, '2', null, '2015-01-29 20:43:48'), ('20133', '858', '99', '3', null, null, '3', null, '2015-01-26 20:43:48'), ('20134', '859', '99', '4', null, null, '4', null, '2015-01-30 20:43:48'), ('20135', '860', '99', '3', null, null, '3', null, '2015-02-25 20:43:48'), ('20136', '861', '99', '4', null, null, '4', null, '2015-03-16 20:43:48'), ('20137', '862', '99', '5', null, null, '5', null, '2015-04-03 20:43:48'), ('20138', '863', '99', '1', null, null, '1', null, '2015-01-27 20:43:48'), ('20139', '864', '99', '3', null, null, '3', null, '2015-02-10 20:43:48'), ('20140', '865', '99', '5', null, null, '5', null, '2015-04-19 20:43:48'), ('20141', '866', '99', '5', null, null, '5', null, '2015-04-18 20:43:48'), ('20142', '867', '99', '5', null, null, '5', null, '2015-04-07 20:43:48'), ('20143', '868', '99', '2', null, null, '2', null, '2015-02-15 20:43:48'), ('20144', '869', '99', '1', null, null, '1', null, '2015-01-27 20:43:48'), ('20145', '870', '99', '5', null, null, '5', null, '2015-03-22 20:43:48'), ('20146', '883', '99', '5', null, null, '5', null, '2015-07-31 20:43:48'), ('20147', '884', '99', '4', null, null, '4', null, '2015-07-17 20:43:48'), ('20148', '885', '99', '1', null, null, '1', null, '2015-05-16 20:43:48'), ('20149', '886', '99', '4', null, null, '4', null, '2015-06-25 20:43:48'), ('20150', '887', '99', '3', null, null, '3', null, '2015-06-04 20:43:48'), ('20151', '888', '99', '4', null, null, '4', null, '2015-05-11 20:43:48'), ('20152', '889', '99', '4', null, null, '4', null, '2015-06-28 20:43:48'), ('20153', '890', '99', '2', null, null, '2', null, '2015-07-05 20:43:48'), ('20154', '891', '99', '4', null, null, '4', null, '2015-06-25 20:43:48'), ('20155', '892', '99', '4', null, null, '4', null, '2015-07-25 20:43:48'), ('20156', '893', '99', '4', null, null, '4', null, '2015-07-07 20:43:48'), ('20157', '894', '99', '5', null, null, '5', null, '2015-07-25 20:43:48'), ('20158', '895', '99', '2', null, null, '2', null, '2015-05-31 20:43:48'), ('20159', '896', '99', '4', null, null, '4', null, '2015-05-05 20:43:48'), ('20160', '897', '99', '4', null, null, '4', null, '2015-06-04 20:43:48'), ('20161', '898', '99', '2', null, null, '2', null, '2015-07-04 20:43:48'), ('20162', '899', '99', '1', null, null, '1', null, '2015-05-26 20:43:48'), ('20163', '900', '99', '2', null, null, '2', null, '2015-06-09 20:43:48'), ('20164', '901', '99', '4', null, null, '4', null, '2015-05-26 20:43:48'), ('20165', '914', '99', '4', null, null, '4', null, '2015-08-22 20:43:48'), ('20166', '915', '99', '1', null, null, '1', null, '2015-08-08 20:43:48'), ('20167', '916', '99', '4', null, null, '4', null, '2015-10-10 20:43:48'), ('20168', '917', '99', '1', null, null, '1', null, '2015-08-28 20:43:48'), ('20169', '918', '99', '2', null, null, '2', null, '2015-08-25 20:43:48'), ('20170', '919', '99', '2', null, null, '2', null, '2015-09-06 20:43:48'), ('20171', '920', '99', '5', null, null, '5', null, '2015-08-09 20:43:48'), ('20172', '921', '99', '1', null, null, '1', null, '2015-09-01 20:43:48'), ('20173', '922', '99', '5', null, null, '5', null, '2015-08-29 20:43:48'), ('20174', '923', '99', '1', null, null, '1', null, '2015-09-14 20:43:48'), ('20175', '924', '99', '4', null, null, '4', null, '2015-09-08 20:43:48'), ('20176', '925', '99', '2', null, null, '2', null, '2015-09-25 20:43:48'), ('20177', '926', '99', '3', null, null, '3', null, '2015-09-30 20:43:48'), ('20178', '927', '99', '4', null, null, '4', null, '2015-09-03 20:43:48'), ('20179', '928', '99', '2', null, null, '2', null, '2015-10-22 20:43:48'), ('20180', '929', '99', '4', null, null, '4', null, '2015-08-14 20:43:48'), ('20181', '930', '99', '2', null, null, '2', null, '2015-08-15 20:43:48'), ('20182', '931', '99', '5', null, null, '5', null, '2015-09-01 20:43:48'), ('20183', '932', '99', '5', null, null, '5', null, '2015-08-14 20:43:48'), ('20184', '945', '99', '5', null, null, '5', null, '2015-12-13 20:43:48'), ('20185', '946', '99', '5', null, null, '5', null, '2015-11-26 20:43:48'), ('20186', '947', '99', '2', null, null, '2', null, '2015-11-12 20:43:48'), ('20187', '948', '99', '4', null, null, '4', null, '2015-12-06 20:43:48'), ('20188', '949', '99', '5', null, null, '5', null, '2015-12-11 20:43:48'), ('20189', '950', '99', '4', null, null, '4', null, '2015-12-07 20:43:48'), ('20190', '951', '99', '3', null, null, '3', null, '2015-11-16 20:43:48'), ('20191', '952', '99', '1', null, null, '1', null, '2015-11-29 20:43:48'), ('20192', '953', '99', '2', null, null, '2', null, '2015-12-22 20:43:48'), ('20193', '954', '99', '5', null, null, '5', null, '2015-12-15 20:43:48'), ('20194', '852', '100', '1', null, null, '1', null, '2015-02-01 20:43:48'), ('20195', '853', '100', '4', null, null, '4', null, '2015-03-06 20:43:48'), ('20196', '854', '100', '5', null, null, '5', null, '2015-01-15 20:43:48'), ('20197', '855', '100', '3', null, null, '3', null, '2015-03-07 20:43:48'), ('20198', '856', '100', '1', null, null, '1', null, '2015-03-09 20:43:48'), ('20199', '857', '100', '3', null, null, '3', null, '2015-01-29 20:43:48'), ('20200', '858', '100', '4', null, null, '4', null, '2015-01-26 20:43:48'), ('20201', '859', '100', '1', null, null, '1', null, '2015-01-30 20:43:48'), ('20202', '860', '100', '5', null, null, '5', null, '2015-02-25 20:43:48');
INSERT INTO `assessment_response` VALUES ('20203', '861', '100', '1', null, null, '1', null, '2015-03-16 20:43:48'), ('20204', '862', '100', '1', null, null, '1', null, '2015-04-03 20:43:48'), ('20205', '863', '100', '5', null, null, '5', null, '2015-01-27 20:43:48'), ('20206', '864', '100', '2', null, null, '2', null, '2015-02-10 20:43:48'), ('20207', '865', '100', '4', null, null, '4', null, '2015-04-19 20:43:48'), ('20208', '866', '100', '1', null, null, '1', null, '2015-04-18 20:43:48'), ('20209', '867', '100', '2', null, null, '2', null, '2015-04-07 20:43:48'), ('20210', '868', '100', '4', null, null, '4', null, '2015-02-15 20:43:48'), ('20211', '869', '100', '2', null, null, '2', null, '2015-01-27 20:43:48'), ('20212', '870', '100', '1', null, null, '1', null, '2015-03-22 20:43:48'), ('20213', '883', '100', '2', null, null, '2', null, '2015-07-31 20:43:48'), ('20214', '884', '100', '5', null, null, '5', null, '2015-07-17 20:43:48'), ('20215', '885', '100', '2', null, null, '2', null, '2015-05-16 20:43:48'), ('20216', '886', '100', '3', null, null, '3', null, '2015-06-25 20:43:48'), ('20217', '887', '100', '1', null, null, '1', null, '2015-06-04 20:43:48'), ('20218', '888', '100', '2', null, null, '2', null, '2015-05-11 20:43:48'), ('20219', '889', '100', '5', null, null, '5', null, '2015-06-28 20:43:48'), ('20220', '890', '100', '2', null, null, '2', null, '2015-07-05 20:43:48'), ('20221', '891', '100', '3', null, null, '3', null, '2015-06-25 20:43:48'), ('20222', '892', '100', '3', null, null, '3', null, '2015-07-25 20:43:48'), ('20223', '893', '100', '5', null, null, '5', null, '2015-07-07 20:43:48'), ('20224', '894', '100', '1', null, null, '1', null, '2015-07-25 20:43:48'), ('20225', '895', '100', '3', null, null, '3', null, '2015-05-31 20:43:48'), ('20226', '896', '100', '3', null, null, '3', null, '2015-05-05 20:43:48'), ('20227', '897', '100', '1', null, null, '1', null, '2015-06-04 20:43:48'), ('20228', '898', '100', '5', null, null, '5', null, '2015-07-04 20:43:48'), ('20229', '899', '100', '3', null, null, '3', null, '2015-05-26 20:43:48'), ('20230', '900', '100', '4', null, null, '4', null, '2015-06-09 20:43:48'), ('20231', '901', '100', '2', null, null, '2', null, '2015-05-26 20:43:48'), ('20232', '914', '100', '2', null, null, '2', null, '2015-08-22 20:43:48'), ('20233', '915', '100', '2', null, null, '2', null, '2015-08-08 20:43:48'), ('20234', '916', '100', '4', null, null, '4', null, '2015-10-10 20:43:48'), ('20235', '917', '100', '4', null, null, '4', null, '2015-08-28 20:43:48'), ('20236', '918', '100', '1', null, null, '1', null, '2015-08-25 20:43:48'), ('20237', '919', '100', '2', null, null, '2', null, '2015-09-06 20:43:48'), ('20238', '920', '100', '3', null, null, '3', null, '2015-08-09 20:43:48'), ('20239', '921', '100', '2', null, null, '2', null, '2015-09-01 20:43:48'), ('20240', '922', '100', '1', null, null, '1', null, '2015-08-29 20:43:48'), ('20241', '923', '100', '3', null, null, '3', null, '2015-09-14 20:43:48'), ('20242', '924', '100', '2', null, null, '2', null, '2015-09-08 20:43:48'), ('20243', '925', '100', '5', null, null, '5', null, '2015-09-25 20:43:48'), ('20244', '926', '100', '2', null, null, '2', null, '2015-09-30 20:43:48'), ('20245', '927', '100', '1', null, null, '1', null, '2015-09-03 20:43:48'), ('20246', '928', '100', '3', null, null, '3', null, '2015-10-22 20:43:48'), ('20247', '929', '100', '5', null, null, '5', null, '2015-08-14 20:43:48'), ('20248', '930', '100', '1', null, null, '1', null, '2015-08-15 20:43:48'), ('20249', '931', '100', '1', null, null, '1', null, '2015-09-01 20:43:48'), ('20250', '932', '100', '3', null, null, '3', null, '2015-08-14 20:43:48'), ('20251', '945', '100', '5', null, null, '5', null, '2015-12-13 20:43:48'), ('20252', '946', '100', '4', null, null, '4', null, '2015-11-26 20:43:48'), ('20253', '947', '100', '2', null, null, '2', null, '2015-11-12 20:43:48'), ('20254', '948', '100', '1', null, null, '1', null, '2015-12-06 20:43:48'), ('20255', '949', '100', '2', null, null, '2', null, '2015-12-11 20:43:48'), ('20256', '950', '100', '2', null, null, '2', null, '2015-12-07 20:43:48'), ('20257', '951', '100', '4', null, null, '4', null, '2015-11-16 20:43:48'), ('20258', '952', '100', '4', null, null, '4', null, '2015-11-29 20:43:48'), ('20259', '953', '100', '4', null, null, '4', null, '2015-12-22 20:43:48'), ('20260', '954', '100', '2', null, null, '2', null, '2015-12-15 20:43:48'), ('20261', '852', '101', '1', null, null, '1', null, '2015-02-01 20:43:48'), ('20262', '853', '101', '4', null, null, '4', null, '2015-03-06 20:43:48'), ('20263', '854', '101', '5', null, null, '5', null, '2015-01-15 20:43:48'), ('20264', '855', '101', '1', null, null, '1', null, '2015-03-07 20:43:48'), ('20265', '856', '101', '2', null, null, '2', null, '2015-03-09 20:43:48'), ('20266', '857', '101', '5', null, null, '5', null, '2015-01-29 20:43:48'), ('20267', '858', '101', '1', null, null, '1', null, '2015-01-26 20:43:48'), ('20268', '859', '101', '5', null, null, '5', null, '2015-01-30 20:43:48'), ('20269', '860', '101', '2', null, null, '2', null, '2015-02-25 20:43:48'), ('20270', '861', '101', '4', null, null, '4', null, '2015-03-16 20:43:48'), ('20271', '862', '101', '5', null, null, '5', null, '2015-04-03 20:43:48'), ('20272', '863', '101', '4', null, null, '4', null, '2015-01-27 20:43:48'), ('20273', '864', '101', '3', null, null, '3', null, '2015-02-10 20:43:48'), ('20274', '865', '101', '5', null, null, '5', null, '2015-04-19 20:43:48'), ('20275', '866', '101', '2', null, null, '2', null, '2015-04-18 20:43:48'), ('20276', '867', '101', '5', null, null, '5', null, '2015-04-07 20:43:48'), ('20277', '868', '101', '3', null, null, '3', null, '2015-02-15 20:43:48'), ('20278', '869', '101', '4', null, null, '4', null, '2015-01-27 20:43:48'), ('20279', '870', '101', '4', null, null, '4', null, '2015-03-22 20:43:48'), ('20280', '883', '101', '3', null, null, '3', null, '2015-07-31 20:43:48'), ('20281', '884', '101', '3', null, null, '3', null, '2015-07-17 20:43:48'), ('20282', '885', '101', '4', null, null, '4', null, '2015-05-16 20:43:48'), ('20283', '886', '101', '3', null, null, '3', null, '2015-06-25 20:43:48'), ('20284', '887', '101', '3', null, null, '3', null, '2015-06-04 20:43:48'), ('20285', '888', '101', '1', null, null, '1', null, '2015-05-11 20:43:48'), ('20286', '889', '101', '4', null, null, '4', null, '2015-06-28 20:43:48'), ('20287', '890', '101', '1', null, null, '1', null, '2015-07-05 20:43:48'), ('20288', '891', '101', '2', null, null, '2', null, '2015-06-25 20:43:48'), ('20289', '892', '101', '4', null, null, '4', null, '2015-07-25 20:43:48'), ('20290', '893', '101', '2', null, null, '2', null, '2015-07-07 20:43:48'), ('20291', '894', '101', '3', null, null, '3', null, '2015-07-25 20:43:48'), ('20292', '895', '101', '2', null, null, '2', null, '2015-05-31 20:43:48'), ('20293', '896', '101', '3', null, null, '3', null, '2015-05-05 20:43:48'), ('20294', '897', '101', '3', null, null, '3', null, '2015-06-04 20:43:48'), ('20295', '898', '101', '4', null, null, '4', null, '2015-07-04 20:43:48'), ('20296', '899', '101', '5', null, null, '5', null, '2015-05-26 20:43:48'), ('20297', '900', '101', '2', null, null, '2', null, '2015-06-09 20:43:48'), ('20298', '901', '101', '3', null, null, '3', null, '2015-05-26 20:43:48'), ('20299', '914', '101', '2', null, null, '2', null, '2015-08-22 20:43:48'), ('20300', '915', '101', '1', null, null, '1', null, '2015-08-08 20:43:48'), ('20301', '916', '101', '1', null, null, '1', null, '2015-10-10 20:43:48'), ('20302', '917', '101', '1', null, null, '1', null, '2015-08-28 20:43:48'), ('20303', '918', '101', '4', null, null, '4', null, '2015-08-25 20:43:48'), ('20304', '919', '101', '5', null, null, '5', null, '2015-09-06 20:43:48'), ('20305', '920', '101', '5', null, null, '5', null, '2015-08-09 20:43:48'), ('20306', '921', '101', '1', null, null, '1', null, '2015-09-01 20:43:48'), ('20307', '922', '101', '2', null, null, '2', null, '2015-08-29 20:43:48'), ('20308', '923', '101', '1', null, null, '1', null, '2015-09-14 20:43:48'), ('20309', '924', '101', '4', null, null, '4', null, '2015-09-08 20:43:48'), ('20310', '925', '101', '3', null, null, '3', null, '2015-09-25 20:43:48'), ('20311', '926', '101', '2', null, null, '2', null, '2015-09-30 20:43:48'), ('20312', '927', '101', '3', null, null, '3', null, '2015-09-03 20:43:48'), ('20313', '928', '101', '2', null, null, '2', null, '2015-10-22 20:43:48'), ('20314', '929', '101', '3', null, null, '3', null, '2015-08-14 20:43:48'), ('20315', '930', '101', '5', null, null, '5', null, '2015-08-15 20:43:48'), ('20316', '931', '101', '1', null, null, '1', null, '2015-09-01 20:43:48'), ('20317', '932', '101', '3', null, null, '3', null, '2015-08-14 20:43:48'), ('20318', '945', '101', '4', null, null, '4', null, '2015-12-13 20:43:48'), ('20319', '946', '101', '4', null, null, '4', null, '2015-11-26 20:43:48'), ('20320', '947', '101', '1', null, null, '1', null, '2015-11-12 20:43:48'), ('20321', '948', '101', '2', null, null, '2', null, '2015-12-06 20:43:48'), ('20322', '949', '101', '4', null, null, '4', null, '2015-12-11 20:43:48'), ('20323', '950', '101', '3', null, null, '3', null, '2015-12-07 20:43:48'), ('20324', '951', '101', '2', null, null, '2', null, '2015-11-16 20:43:48'), ('20325', '952', '101', '5', null, null, '5', null, '2015-11-29 20:43:48'), ('20326', '953', '101', '1', null, null, '1', null, '2015-12-22 20:43:48'), ('20327', '954', '101', '2', null, null, '2', null, '2015-12-15 20:43:48'), ('20328', '852', '102', '5', null, null, '5', null, '2015-02-01 20:43:48'), ('20329', '853', '102', '1', null, null, '1', null, '2015-03-06 20:43:48'), ('20330', '854', '102', '5', null, null, '5', null, '2015-01-15 20:43:48'), ('20331', '855', '102', '3', null, null, '3', null, '2015-03-07 20:43:48'), ('20332', '856', '102', '1', null, null, '1', null, '2015-03-09 20:43:48'), ('20333', '857', '102', '2', null, null, '2', null, '2015-01-29 20:43:48'), ('20334', '858', '102', '1', null, null, '1', null, '2015-01-26 20:43:48'), ('20335', '859', '102', '5', null, null, '5', null, '2015-01-30 20:43:48'), ('20336', '860', '102', '4', null, null, '4', null, '2015-02-25 20:43:48'), ('20337', '861', '102', '5', null, null, '5', null, '2015-03-16 20:43:48'), ('20338', '862', '102', '4', null, null, '4', null, '2015-04-03 20:43:48'), ('20339', '863', '102', '5', null, null, '5', null, '2015-01-27 20:43:48'), ('20340', '864', '102', '1', null, null, '1', null, '2015-02-10 20:43:48'), ('20341', '865', '102', '5', null, null, '5', null, '2015-04-19 20:43:48'), ('20342', '866', '102', '2', null, null, '2', null, '2015-04-18 20:43:48'), ('20343', '867', '102', '1', null, null, '1', null, '2015-04-07 20:43:48'), ('20344', '868', '102', '2', null, null, '2', null, '2015-02-15 20:43:48'), ('20345', '869', '102', '5', null, null, '5', null, '2015-01-27 20:43:48'), ('20346', '870', '102', '1', null, null, '1', null, '2015-03-22 20:43:48'), ('20347', '883', '102', '3', null, null, '3', null, '2015-07-31 20:43:48'), ('20348', '884', '102', '2', null, null, '2', null, '2015-07-17 20:43:48'), ('20349', '885', '102', '5', null, null, '5', null, '2015-05-16 20:43:48'), ('20350', '886', '102', '2', null, null, '2', null, '2015-06-25 20:43:48'), ('20351', '887', '102', '3', null, null, '3', null, '2015-06-04 20:43:48'), ('20352', '888', '102', '5', null, null, '5', null, '2015-05-11 20:43:48'), ('20353', '889', '102', '4', null, null, '4', null, '2015-06-28 20:43:48'), ('20354', '890', '102', '3', null, null, '3', null, '2015-07-05 20:43:48'), ('20355', '891', '102', '2', null, null, '2', null, '2015-06-25 20:43:48'), ('20356', '892', '102', '2', null, null, '2', null, '2015-07-25 20:43:48'), ('20357', '893', '102', '1', null, null, '1', null, '2015-07-07 20:43:48'), ('20358', '894', '102', '5', null, null, '5', null, '2015-07-25 20:43:48'), ('20359', '895', '102', '3', null, null, '3', null, '2015-05-31 20:43:48'), ('20360', '896', '102', '4', null, null, '4', null, '2015-05-05 20:43:48'), ('20361', '897', '102', '2', null, null, '2', null, '2015-06-04 20:43:48'), ('20362', '898', '102', '1', null, null, '1', null, '2015-07-04 20:43:48'), ('20363', '899', '102', '1', null, null, '1', null, '2015-05-26 20:43:48'), ('20364', '900', '102', '5', null, null, '5', null, '2015-06-09 20:43:48'), ('20365', '901', '102', '1', null, null, '1', null, '2015-05-26 20:43:48'), ('20366', '914', '102', '1', null, null, '1', null, '2015-08-22 20:43:48'), ('20367', '915', '102', '4', null, null, '4', null, '2015-08-08 20:43:48'), ('20368', '916', '102', '3', null, null, '3', null, '2015-10-10 20:43:48'), ('20369', '917', '102', '4', null, null, '4', null, '2015-08-28 20:43:48'), ('20370', '918', '102', '3', null, null, '3', null, '2015-08-25 20:43:48'), ('20371', '919', '102', '2', null, null, '2', null, '2015-09-06 20:43:48'), ('20372', '920', '102', '5', null, null, '5', null, '2015-08-09 20:43:48'), ('20373', '921', '102', '4', null, null, '4', null, '2015-09-01 20:43:48'), ('20374', '922', '102', '3', null, null, '3', null, '2015-08-29 20:43:48'), ('20375', '923', '102', '5', null, null, '5', null, '2015-09-14 20:43:48'), ('20376', '924', '102', '5', null, null, '5', null, '2015-09-08 20:43:48'), ('20377', '925', '102', '5', null, null, '5', null, '2015-09-25 20:43:48'), ('20378', '926', '102', '1', null, null, '1', null, '2015-09-30 20:43:48'), ('20379', '927', '102', '4', null, null, '4', null, '2015-09-03 20:43:48'), ('20380', '928', '102', '4', null, null, '4', null, '2015-10-22 20:43:48'), ('20381', '929', '102', '4', null, null, '4', null, '2015-08-14 20:43:48'), ('20382', '930', '102', '4', null, null, '4', null, '2015-08-15 20:43:48'), ('20383', '931', '102', '5', null, null, '5', null, '2015-09-01 20:43:48'), ('20384', '932', '102', '3', null, null, '3', null, '2015-08-14 20:43:48'), ('20385', '945', '102', '5', null, null, '5', null, '2015-12-13 20:43:48'), ('20386', '946', '102', '5', null, null, '5', null, '2015-11-26 20:43:48'), ('20387', '947', '102', '3', null, null, '3', null, '2015-11-12 20:43:48'), ('20388', '948', '102', '1', null, null, '1', null, '2015-12-06 20:43:48'), ('20389', '949', '102', '4', null, null, '4', null, '2015-12-11 20:43:48'), ('20390', '950', '102', '2', null, null, '2', null, '2015-12-07 20:43:48'), ('20391', '951', '102', '2', null, null, '2', null, '2015-11-16 20:43:48'), ('20392', '952', '102', '3', null, null, '3', null, '2015-11-29 20:43:48'), ('20393', '953', '102', '1', null, null, '1', null, '2015-12-22 20:43:48'), ('20394', '954', '102', '2', null, null, '2', null, '2015-12-15 20:43:48'), ('20395', '852', '103', '5', null, null, '5', null, '2015-02-01 20:43:48'), ('20396', '853', '103', '2', null, null, '2', null, '2015-03-06 20:43:48'), ('20397', '854', '103', '1', null, null, '1', null, '2015-01-15 20:43:48'), ('20398', '855', '103', '2', null, null, '2', null, '2015-03-07 20:43:48'), ('20399', '856', '103', '5', null, null, '5', null, '2015-03-09 20:43:48'), ('20400', '857', '103', '2', null, null, '2', null, '2015-01-29 20:43:48'), ('20401', '858', '103', '2', null, null, '2', null, '2015-01-26 20:43:48'), ('20402', '859', '103', '4', null, null, '4', null, '2015-01-30 20:43:48'), ('20403', '860', '103', '2', null, null, '2', null, '2015-02-25 20:43:48'), ('20404', '861', '103', '1', null, null, '1', null, '2015-03-16 20:43:48'), ('20405', '862', '103', '5', null, null, '5', null, '2015-04-03 20:43:48'), ('20406', '863', '103', '4', null, null, '4', null, '2015-01-27 20:43:48'), ('20407', '864', '103', '3', null, null, '3', null, '2015-02-10 20:43:48'), ('20408', '865', '103', '4', null, null, '4', null, '2015-04-19 20:43:48'), ('20409', '866', '103', '1', null, null, '1', null, '2015-04-18 20:43:48'), ('20410', '867', '103', '5', null, null, '5', null, '2015-04-07 20:43:48'), ('20411', '868', '103', '3', null, null, '3', null, '2015-02-15 20:43:48'), ('20412', '869', '103', '3', null, null, '3', null, '2015-01-27 20:43:48'), ('20413', '870', '103', '2', null, null, '2', null, '2015-03-22 20:43:48'), ('20414', '883', '103', '5', null, null, '5', null, '2015-07-31 20:43:48'), ('20415', '884', '103', '1', null, null, '1', null, '2015-07-17 20:43:48'), ('20416', '885', '103', '3', null, null, '3', null, '2015-05-16 20:43:48'), ('20417', '886', '103', '1', null, null, '1', null, '2015-06-25 20:43:48'), ('20418', '887', '103', '3', null, null, '3', null, '2015-06-04 20:43:48'), ('20419', '888', '103', '3', null, null, '3', null, '2015-05-11 20:43:48'), ('20420', '889', '103', '3', null, null, '3', null, '2015-06-28 20:43:48'), ('20421', '890', '103', '4', null, null, '4', null, '2015-07-05 20:43:48'), ('20422', '891', '103', '5', null, null, '5', null, '2015-06-25 20:43:48'), ('20423', '892', '103', '1', null, null, '1', null, '2015-07-25 20:43:48'), ('20424', '893', '103', '1', null, null, '1', null, '2015-07-07 20:43:48'), ('20425', '894', '103', '2', null, null, '2', null, '2015-07-25 20:43:48'), ('20426', '895', '103', '3', null, null, '3', null, '2015-05-31 20:43:48'), ('20427', '896', '103', '1', null, null, '1', null, '2015-05-05 20:43:48'), ('20428', '897', '103', '3', null, null, '3', null, '2015-06-04 20:43:48'), ('20429', '898', '103', '1', null, null, '1', null, '2015-07-04 20:43:48'), ('20430', '899', '103', '3', null, null, '3', null, '2015-05-26 20:43:48'), ('20431', '900', '103', '3', null, null, '3', null, '2015-06-09 20:43:48'), ('20432', '901', '103', '1', null, null, '1', null, '2015-05-26 20:43:48'), ('20433', '914', '103', '5', null, null, '5', null, '2015-08-22 20:43:48'), ('20434', '915', '103', '3', null, null, '3', null, '2015-08-08 20:43:48'), ('20435', '916', '103', '4', null, null, '4', null, '2015-10-10 20:43:48'), ('20436', '917', '103', '5', null, null, '5', null, '2015-08-28 20:43:48'), ('20437', '918', '103', '4', null, null, '4', null, '2015-08-25 20:43:48'), ('20438', '919', '103', '5', null, null, '5', null, '2015-09-06 20:43:48'), ('20439', '920', '103', '4', null, null, '4', null, '2015-08-09 20:43:48'), ('20440', '921', '103', '3', null, null, '3', null, '2015-09-01 20:43:48'), ('20441', '922', '103', '5', null, null, '5', null, '2015-08-29 20:43:48'), ('20442', '923', '103', '5', null, null, '5', null, '2015-09-14 20:43:48'), ('20443', '924', '103', '1', null, null, '1', null, '2015-09-08 20:43:48'), ('20444', '925', '103', '1', null, null, '1', null, '2015-09-25 20:43:48'), ('20445', '926', '103', '4', null, null, '4', null, '2015-09-30 20:43:48'), ('20446', '927', '103', '4', null, null, '4', null, '2015-09-03 20:43:48'), ('20447', '928', '103', '3', null, null, '3', null, '2015-10-22 20:43:48'), ('20448', '929', '103', '5', null, null, '5', null, '2015-08-14 20:43:48'), ('20449', '930', '103', '2', null, null, '2', null, '2015-08-15 20:43:48'), ('20450', '931', '103', '4', null, null, '4', null, '2015-09-01 20:43:48'), ('20451', '932', '103', '2', null, null, '2', null, '2015-08-14 20:43:48'), ('20452', '945', '103', '5', null, null, '5', null, '2015-12-13 20:43:48'), ('20453', '946', '103', '1', null, null, '1', null, '2015-11-26 20:43:48'), ('20454', '947', '103', '4', null, null, '4', null, '2015-11-12 20:43:48'), ('20455', '948', '103', '3', null, null, '3', null, '2015-12-06 20:43:48'), ('20456', '949', '103', '2', null, null, '2', null, '2015-12-11 20:43:48'), ('20457', '950', '103', '5', null, null, '5', null, '2015-12-07 20:43:48'), ('20458', '951', '103', '1', null, null, '1', null, '2015-11-16 20:43:48'), ('20459', '952', '103', '2', null, null, '2', null, '2015-11-29 20:43:48'), ('20460', '953', '103', '3', null, null, '3', null, '2015-12-22 20:43:48'), ('20461', '954', '103', '3', null, null, '3', null, '2015-12-15 20:43:48'), ('20462', '852', '104', '5', null, null, '5', null, '2015-02-01 20:43:48'), ('20463', '853', '104', '1', null, null, '1', null, '2015-03-06 20:43:48'), ('20464', '854', '104', '1', null, null, '1', null, '2015-01-15 20:43:48'), ('20465', '855', '104', '4', null, null, '4', null, '2015-03-07 20:43:48'), ('20466', '856', '104', '4', null, null, '4', null, '2015-03-09 20:43:48'), ('20467', '857', '104', '5', null, null, '5', null, '2015-01-29 20:43:48'), ('20468', '858', '104', '2', null, null, '2', null, '2015-01-26 20:43:48'), ('20469', '859', '104', '1', null, null, '1', null, '2015-01-30 20:43:48'), ('20470', '860', '104', '4', null, null, '4', null, '2015-02-25 20:43:48'), ('20471', '861', '104', '4', null, null, '4', null, '2015-03-16 20:43:48'), ('20472', '862', '104', '3', null, null, '3', null, '2015-04-03 20:43:48'), ('20473', '863', '104', '4', null, null, '4', null, '2015-01-27 20:43:48'), ('20474', '864', '104', '5', null, null, '5', null, '2015-02-10 20:43:48'), ('20475', '865', '104', '1', null, null, '1', null, '2015-04-19 20:43:48'), ('20476', '866', '104', '3', null, null, '3', null, '2015-04-18 20:43:48'), ('20477', '867', '104', '5', null, null, '5', null, '2015-04-07 20:43:48'), ('20478', '868', '104', '4', null, null, '4', null, '2015-02-15 20:43:48'), ('20479', '869', '104', '3', null, null, '3', null, '2015-01-27 20:43:48'), ('20480', '870', '104', '3', null, null, '3', null, '2015-03-22 20:43:48'), ('20481', '883', '104', '2', null, null, '2', null, '2015-07-31 20:43:48'), ('20482', '884', '104', '1', null, null, '1', null, '2015-07-17 20:43:48'), ('20483', '885', '104', '1', null, null, '1', null, '2015-05-16 20:43:48'), ('20484', '886', '104', '3', null, null, '3', null, '2015-06-25 20:43:48'), ('20485', '887', '104', '1', null, null, '1', null, '2015-06-04 20:43:48'), ('20486', '888', '104', '4', null, null, '4', null, '2015-05-11 20:43:48'), ('20487', '889', '104', '1', null, null, '1', null, '2015-06-28 20:43:48'), ('20488', '890', '104', '2', null, null, '2', null, '2015-07-05 20:43:48'), ('20489', '891', '104', '4', null, null, '4', null, '2015-06-25 20:43:48'), ('20490', '892', '104', '3', null, null, '3', null, '2015-07-25 20:43:48'), ('20491', '893', '104', '1', null, null, '1', null, '2015-07-07 20:43:48'), ('20492', '894', '104', '5', null, null, '5', null, '2015-07-25 20:43:48'), ('20493', '895', '104', '4', null, null, '4', null, '2015-05-31 20:43:48'), ('20494', '896', '104', '4', null, null, '4', null, '2015-05-05 20:43:48'), ('20495', '897', '104', '4', null, null, '4', null, '2015-06-04 20:43:48'), ('20496', '898', '104', '4', null, null, '4', null, '2015-07-04 20:43:48'), ('20497', '899', '104', '5', null, null, '5', null, '2015-05-26 20:43:48'), ('20498', '900', '104', '3', null, null, '3', null, '2015-06-09 20:43:48'), ('20499', '901', '104', '1', null, null, '1', null, '2015-05-26 20:43:48'), ('20500', '914', '104', '2', null, null, '2', null, '2015-08-22 20:43:48'), ('20501', '915', '104', '3', null, null, '3', null, '2015-08-08 20:43:48'), ('20502', '916', '104', '2', null, null, '2', null, '2015-10-10 20:43:48'), ('20503', '917', '104', '1', null, null, '1', null, '2015-08-28 20:43:48'), ('20504', '918', '104', '5', null, null, '5', null, '2015-08-25 20:43:48'), ('20505', '919', '104', '4', null, null, '4', null, '2015-09-06 20:43:48'), ('20506', '920', '104', '4', null, null, '4', null, '2015-08-09 20:43:48'), ('20507', '921', '104', '3', null, null, '3', null, '2015-09-01 20:43:48'), ('20508', '922', '104', '4', null, null, '4', null, '2015-08-29 20:43:48'), ('20509', '923', '104', '4', null, null, '4', null, '2015-09-14 20:43:48'), ('20510', '924', '104', '4', null, null, '4', null, '2015-09-08 20:43:48'), ('20511', '925', '104', '2', null, null, '2', null, '2015-09-25 20:43:48'), ('20512', '926', '104', '3', null, null, '3', null, '2015-09-30 20:43:48'), ('20513', '927', '104', '4', null, null, '4', null, '2015-09-03 20:43:48'), ('20514', '928', '104', '4', null, null, '4', null, '2015-10-22 20:43:48'), ('20515', '929', '104', '3', null, null, '3', null, '2015-08-14 20:43:48'), ('20516', '930', '104', '2', null, null, '2', null, '2015-08-15 20:43:48'), ('20517', '931', '104', '1', null, null, '1', null, '2015-09-01 20:43:48'), ('20518', '932', '104', '4', null, null, '4', null, '2015-08-14 20:43:48'), ('20519', '945', '104', '1', null, null, '1', null, '2015-12-13 20:43:48'), ('20520', '946', '104', '3', null, null, '3', null, '2015-11-26 20:43:48'), ('20521', '947', '104', '5', null, null, '5', null, '2015-11-12 20:43:48'), ('20522', '948', '104', '3', null, null, '3', null, '2015-12-06 20:43:48'), ('20523', '949', '104', '5', null, null, '5', null, '2015-12-11 20:43:48'), ('20524', '950', '104', '5', null, null, '5', null, '2015-12-07 20:43:48'), ('20525', '951', '104', '3', null, null, '3', null, '2015-11-16 20:43:48'), ('20526', '952', '104', '4', null, null, '4', null, '2015-11-29 20:43:48'), ('20527', '953', '104', '3', null, null, '3', null, '2015-12-22 20:43:48'), ('20528', '954', '104', '1', null, null, '1', null, '2015-12-15 20:43:48');
COMMIT;

-- ----------------------------
--  Table structure for `badge`
-- ----------------------------
DROP TABLE IF EXISTS `badge`;
CREATE TABLE `badge` (
  `id` int(11) NOT NULL AUTO_INCREMENT,
  `name` varchar(255) COLLATE utf8_bin DEFAULT NULL,
  `description` varchar(4000) COLLATE utf8_bin DEFAULT NULL,
  `image` varchar(500) COLLATE utf8_bin DEFAULT NULL,
  `issuer` varchar(500) COLLATE utf8_bin DEFAULT NULL,
  `tags` varchar(500) COLLATE utf8_bin DEFAULT NULL,
  PRIMARY KEY (`id`),
  UNIQUE KEY `id` (`id`)
) ENGINE=InnoDB AUTO_INCREMENT=42 DEFAULT CHARSET=utf8 COLLATE=utf8_bin ROW_FORMAT=COMPACT;

-- ----------------------------
--  Records of `badge`
-- ----------------------------
BEGIN;
INSERT INTO `badge` VALUES ('32', 'CSS3', 'CSS3 mastery module.', '/site/default/badges/css3.png', 'CogentQI.com', null), ('33', 'Caring Workplace', 'Developing a caring workplace environment.', '/site/default/badges/cup.png', 'CogentQI.com', null), ('34', 'Legal Issues', 'Legal issues in our profession.', '/site/default/badges/gavel.png', 'CogentQI.com', null), ('35', 'Internet Technology', 'How the Internet affects our workplace.', '/site/default/badges/ipv6.png', 'CogentQI.com', null), ('36', 'Team Participation', 'Working as a member of a professional team.', '/site/default/badges/participation.png', 'CogentQI.com', null), ('37', 'Prescription Management', 'Managing prescriptions safely, optimally and accurately.', '/site/default/badges/prescriptions.png', 'CogentQI.com', null), ('38', 'Security 101', 'Security awareness in the workplace.', '/site/default/badges/security.png', 'CogentQI.com', null), ('39', 'Support Technologies', 'Technologies that can help you do your job better.', '/site/default/badges/technology.png', 'CogentQI.com', null), ('40', 'Communication', 'Basic communications skills.', '/site/default/badges/telegraph.png', 'CogentQI.com', null), ('41', 'Planning', 'Wise planning and time management.', '/site/default/badges/wisdom.png', 'CogentQI.com', null);
COMMIT;

-- ----------------------------
--  Table structure for `configuration`
-- ----------------------------
DROP TABLE IF EXISTS `configuration`;
CREATE TABLE `configuration` (
  `id` int(11) NOT NULL,
  `assessment_weight` int(11) NOT NULL DEFAULT '5',
  `outcome_weight` int(11) NOT NULL DEFAULT '5',
  PRIMARY KEY (`id`),
  UNIQUE KEY `configuration_id_uindex` (`id`)
) ENGINE=InnoDB DEFAULT CHARSET=utf8 COLLATE=utf8_bin ROW_FORMAT=COMPACT;

-- ----------------------------
--  Records of `configuration`
-- ----------------------------
BEGIN;
INSERT INTO `configuration` VALUES ('0', '3', '7');
COMMIT;

-- ----------------------------
--  Table structure for `event`
-- ----------------------------
DROP TABLE IF EXISTS `event`;
CREATE TABLE `event` (
  `id` int(11) NOT NULL AUTO_INCREMENT,
  `name` varchar(100) COLLATE utf8_bin NOT NULL,
  `description` text COLLATE utf8_bin NOT NULL,
  `category` varchar(100) COLLATE utf8_bin NOT NULL DEFAULT 'Generic',
  `threshold` int(11) NOT NULL DEFAULT '1',
  PRIMARY KEY (`id`)
) ENGINE=InnoDB AUTO_INCREMENT=40 DEFAULT CHARSET=utf8 COLLATE=utf8_bin ROW_FORMAT=COMPACT;

-- ----------------------------
--  Records of `event`
-- ----------------------------
BEGIN;
INSERT INTO `event` VALUES ('27', 'Speeding Ticket', 'A speeding ticket was issued to the driver.', 'Medication', '1'), ('28', 'Damaged Shipment', 'Shipment items were damaged in transit, packing or delivery.', 'Medication', '1'), ('29', 'Customer Complaint', 'A complaint was submitted by a customer.', 'Customer Relations', '1'), ('30', 'Tardiness', 'The employee was late to work without sufficient explanation or notice.', 'Work Ethic', '1'), ('31', 'Failure to Notify', 'The employee failed to communicate important information about a customer/patient.', 'Communication', '1'), ('32', 'Improper Attire', 'The employee arrived for work dressed inappropriately for professional work.', 'Work Ethic', '1'), ('33', 'Parking Ticket', 'A parking ticket was issued to the driver.', 'Medication', '1'), ('34', 'Weigh Station Ticket', 'Drive failed weigh station test.', 'Medication', '1'), ('35', 'Failure to Complete Routine Maintenance Task', 'A regular maintenance task was not performed as scheduled/required.', 'Medication', '1'), ('36', 'Accident', 'The driver was involved in an accident, whether at fault or not.', 'Medication', '1'), ('37', 'Failure to Complete 7 Point Check', 'No attempt to complete the required 7 point check before delivering a medication.', 'Medication', '1'), ('38', 'Inspection Failure', 'The driver\'s truck failed a standard inspection.', 'Medication', '1'), ('39', 'Complaint from Other Drivers on the Road', 'Other drivers on the road contacted the organization to complain about driver.', 'Customer Relations', '1');
COMMIT;

-- ----------------------------
--  Table structure for `event_alignment`
-- ----------------------------
DROP TABLE IF EXISTS `event_alignment`;
CREATE TABLE `event_alignment` (
  `id` int(11) NOT NULL AUTO_INCREMENT,
  `increment` int(11) NOT NULL DEFAULT '1',
  `event_id` int(11) NOT NULL,
  `question_id` int(11) NOT NULL,
  `weight` int(11) NOT NULL DEFAULT '1',
  PRIMARY KEY (`id`),
  KEY `event_key` (`event_id`),
  KEY `question_key` (`question_id`),
  CONSTRAINT `event_alignment_ibfk_1` FOREIGN KEY (`event_id`) REFERENCES `event` (`id`),
  CONSTRAINT `event_alignment_ibfk_2` FOREIGN KEY (`question_id`) REFERENCES `question` (`id`)
) ENGINE=InnoDB DEFAULT CHARSET=utf8 COLLATE=utf8_bin ROW_FORMAT=COMPACT;

-- ----------------------------
--  Table structure for `homepage`
-- ----------------------------
DROP TABLE IF EXISTS `homepage`;
CREATE TABLE `homepage` (
  `id` int(11) NOT NULL AUTO_INCREMENT,
  `title` varchar(255) DEFAULT 'Home Page',
  `description` longtext,
  PRIMARY KEY (`id`),
  UNIQUE KEY `id` (`id`)
) ENGINE=InnoDB DEFAULT CHARSET=utf8 ROW_FORMAT=COMPACT;

-- ----------------------------
--  Table structure for `instrument`
-- ----------------------------
DROP TABLE IF EXISTS `instrument`;
CREATE TABLE `instrument` (
  `id` int(11) NOT NULL AUTO_INCREMENT,
  `name` varchar(100) DEFAULT NULL,
  `role_id` char(1) NOT NULL DEFAULT 'P',
  `usage_id` char(1) NOT NULL DEFAULT 'R',
  `description` varchar(5000) DEFAULT NULL,
  `summary` varchar(500) DEFAULT NULL,
  `is_uniform` tinyint(1) DEFAULT '1',
  `question_type_id` int(11) DEFAULT NULL,
  `max_range` int(11) NOT NULL DEFAULT '0',
  `min_range` int(11) NOT NULL DEFAULT '5',
  `sort_order` int(11) NOT NULL DEFAULT '0',
  `status` char(1) NOT NULL DEFAULT 'A',
  PRIMARY KEY (`id`),
  KEY `role_id` (`role_id`),
  KEY `usage_id` (`usage_id`),
  CONSTRAINT `instrument_ibfk_1` FOREIGN KEY (`role_id`) REFERENCES `role` (`id`),
  CONSTRAINT `instrument_ibfk_2` FOREIGN KEY (`usage_id`) REFERENCES `algorithm_usage` (`id`)
) ENGINE=InnoDB AUTO_INCREMENT=2 DEFAULT CHARSET=utf8 ROW_FORMAT=COMPACT;

-- ----------------------------
--  Records of `instrument`
-- ----------------------------
BEGIN;
INSERT INTO `instrument` VALUES ('1', 'Driver Evaluation', 'T', 'R', null, 'This form is a suggested method of recording a driver evaluation.  It may not meet regulatory requirements in all jurisdictions and must be reviewed for suitability before use.  The form should be edited to include any specific requirements that may apply to your particular circumstances.', '1', '1', '5', '0', '1', 'A');
COMMIT;

-- ----------------------------
--  Table structure for `instrument_schedule`
-- ----------------------------
DROP TABLE IF EXISTS `instrument_schedule`;
CREATE TABLE `instrument_schedule` (
  `id` int(11) NOT NULL AUTO_INCREMENT,
  `instrument_id` int(11) NOT NULL,
  `starts` date DEFAULT NULL,
  `ends` date DEFAULT NULL,
  `locked_on` datetime DEFAULT NULL,
  `nag_window_start` int(11) DEFAULT '0',
  `nag_window_end` int(11) DEFAULT '0',
  `is_shared` tinyint(4) NOT NULL DEFAULT '1',
  `status_id` char(1) DEFAULT 'A',
  `name` varchar(255) NOT NULL DEFAULT 'Schedule',
  PRIMARY KEY (`id`),
  UNIQUE KEY `unique_id` (`id`),
  KEY `instrument_id` (`instrument_id`),
  CONSTRAINT `instrument_schedule_ibfk_1` FOREIGN KEY (`instrument_id`) REFERENCES `instrument` (`id`),
  CONSTRAINT `instrument_schedule_ibfk_2` FOREIGN KEY (`instrument_id`) REFERENCES `instrument` (`id`)
) ENGINE=InnoDB AUTO_INCREMENT=2 DEFAULT CHARSET=utf8 ROW_FORMAT=COMPACT;

-- ----------------------------
--  Records of `instrument_schedule`
-- ----------------------------
BEGIN;
INSERT INTO `instrument_schedule` VALUES ('1', '1', '2015-10-01', '2016-07-31', null, '0', '0', '1', 'A', '2015 Q3');
COMMIT;

-- ----------------------------
--  Table structure for `instrument_schedule_operation`
-- ----------------------------
DROP TABLE IF EXISTS `instrument_schedule_operation`;
CREATE TABLE `instrument_schedule_operation` (
  `id` int(11) NOT NULL AUTO_INCREMENT,
  `instrument_schedule_id` int(11) NOT NULL,
  `role_id` char(1) NOT NULL,
  `operation_id` char(1) NOT NULL DEFAULT 'R',
  PRIMARY KEY (`id`),
  UNIQUE KEY `id` (`id`),
  KEY `instrument_schedule_id` (`instrument_schedule_id`),
  KEY `role_id` (`role_id`),
  KEY `operation_id` (`operation_id`),
  CONSTRAINT `instrument_schedule_operation_ibfk_1` FOREIGN KEY (`instrument_schedule_id`) REFERENCES `instrument_schedule` (`id`),
  CONSTRAINT `instrument_schedule_operation_ibfk_2` FOREIGN KEY (`role_id`) REFERENCES `role` (`id`),
  CONSTRAINT `instrument_schedule_operation_ibfk_3` FOREIGN KEY (`operation_id`) REFERENCES `operation` (`id`)
) ENGINE=InnoDB AUTO_INCREMENT=12 DEFAULT CHARSET=utf8 ROW_FORMAT=COMPACT;

-- ----------------------------
--  Records of `instrument_schedule_operation`
-- ----------------------------
BEGIN;
INSERT INTO `instrument_schedule_operation` VALUES ('1', '1', 'T', 'X'), ('2', '1', 'T', 'C'), ('3', '1', 'T', 'R'), ('4', '1', 'T', 'U'), ('5', '1', 'T', 'D'), ('6', '1', 'A', 'R'), ('7', '1', 'A', 'U'), ('8', '1', 'A', 'D'), ('9', '1', 'M', 'R'), ('10', '1', 'M', 'U'), ('11', '1', 'P', 'R');
COMMIT;

-- ----------------------------
--  Table structure for `member`
-- ----------------------------
DROP TABLE IF EXISTS `member`;
CREATE TABLE `member` (
  `id` int(11) NOT NULL AUTO_INCREMENT,
  `organization_id` int(11) NOT NULL,
  `role_id` char(1) NOT NULL DEFAULT 'P',
  `first_name` varchar(50) NOT NULL,
  `last_name` varchar(50) NOT NULL,
  `job_title` varchar(50) DEFAULT NULL,
  `email` varchar(100) DEFAULT NULL,
  `username` varchar(100) NOT NULL,
  `password` varchar(50) DEFAULT NULL,
  `avatar` varchar(200) DEFAULT NULL,
  `level` int(11) DEFAULT NULL,
  `is_assessable` tinyint(4) DEFAULT '1',
  `phone` varchar(20) NOT NULL,
  `mobile` varchar(20) NOT NULL,
  `address` varchar(500) NOT NULL,
  `city` varchar(100) DEFAULT NULL,
  `state` char(2) DEFAULT NULL,
  `postal` varchar(20) DEFAULT NULL,
  `message_format` varchar(50) DEFAULT NULL,
  `active_start` datetime DEFAULT CURRENT_TIMESTAMP,
  `active_end` datetime DEFAULT NULL,
  PRIMARY KEY (`id`),
  UNIQUE KEY `username_index` (`username`),
  UNIQUE KEY `unique_email` (`email`),
  KEY `organization_id_index` (`organization_id`),
  KEY `message_provder_name` (`message_format`),
  KEY `member_ibfk_2` (`role_id`),
  CONSTRAINT `member_ibfk_1` FOREIGN KEY (`organization_id`) REFERENCES `organization` (`id`),
  CONSTRAINT `member_ibfk_2` FOREIGN KEY (`role_id`) REFERENCES `role` (`id`)
) ENGINE=InnoDB AUTO_INCREMENT=34 DEFAULT CHARSET=utf8 ROW_FORMAT=COMPACT;

-- ----------------------------
--  Records of `member`
-- ----------------------------
BEGIN;
INSERT INTO `member` VALUES ('1', '1', 'S', 'David', 'Quinn-Jacobs', 'CTO', 'dqj@cogentqi.com', 'dqj', 'd7da283e8c6f9506b9e96b45a7582a07', '/site/pharmacy/avatars/1.png', '0', '1', '3335711480', '7391522670', '888 Any St.\nAnytown, ZA 12345', 'Anytown', 'NY', '12345-6789', '{n}@messaging.sprintpcs.com', '2015-10-01 00:00:00', null), ('3', '2', 'A', 'Melissa', 'Barbache', '', 'admin1@cogentqi.com', 'admin1', 'd7da283e8c6f9506b9e96b45a7582a07', '/site/pharmacy/avatars/3.png', '0', '0', '3871126890', '5831418880', '657 Any St.\nAnytown, ZA 12345', 'Anytown', 'NY', '12345-6789', '{n}@messaging.sprintpcs.com', '2015-10-01 00:00:00', null), ('4', '3', 'M', 'Benjamin', 'Foreman', null, 'manager1@cogentqi.com', 'manager1', 'd7da283e8c6f9506b9e96b45a7582a07', '/site/pharmacy/avatars/4.png', '0', '0', '2313237760', '8432954612', '798 Any St', 'Anytown', 'NY', '12345-6789', '{n}@messaging.sprintpcs.com', '2015-10-01 00:00:00', null), ('5', '3', 'M', 'Andrea', 'Franklin', null, 'manager2@cogentqi.com', 'manager2', 'd7da283e8c6f9506b9e96b45a7582a07', '/site/pharmacy/avatars/5.png', '1', '0', '2675454340', '1119846590', '341 Any St.\nAnytown, ZA 12345', 'Anytown', 'NY', '12345-6789', '{n}@tmomail.net', '2015-10-01 00:00:00', '2015-10-24 19:00:56'), ('6', '3', 'P', 'Regina', 'Shipmans', null, 'pa1@cogentqi.com', 'pharm1', 'd7da283e8c6f9506b9e96b45a7582a07', '/site/pharmacy/avatars/6.png', '1', '1', '5865537760', '1272472880', '293 Any St.\nAnytown, ZA 12345', 'Anytown', 'NY', '12345-6789', '{n}@myboostmobile.com', '2015-10-01 00:00:00', null), ('7', '4', 'T', 'Maggie', 'Westover', null, 'nurse1@cogentqi.com', 'ptech1', 'd7da283e8c6f9506b9e96b45a7582a07', '/site/pharmacy/avatars/7.png', '4', '1', '4683129990', '2747323640', '677 Any St.\nAnytown, ZA 12345', 'Anytown', 'NY', '12345-6789', '{n}@messaging.nextel.com', '2015-10-01 00:00:00', null), ('8', '4', 'P', 'Perry', 'Constable', null, 'pa2@cogentqi.com', 'pharm2', 'd7da283e8c6f9506b9e96b45a7582a07', '/site/pharmacy/avatars/8.png', '2', '1', '4893426750', '5238434110', '113 Any St.\nAnytown, ZA 12345', 'Anytown', 'NY', '12345-6789', '{n}@vtext.com', '2015-10-01 00:00:00', null), ('9', '4', 'T', 'Jim', 'Harris', null, 'nurse2@cogentqi.com', 'ptech2', 'd7da283e8c6f9506b9e96b45a7582a07', '/site/pharmacy/avatars/9.png', '4', '1', '4342838310', '5572712730', '126 Any St.\nAnytown, ZA 12345', 'Anytown', 'NY', '12345-6789', '{n}@message.alltel.com', '2015-10-01 00:00:00', null), ('10', '4', 'T', 'Marion', 'Wight', null, 'nurse3@cogentqi.com', 'ptech3', 'd7da283e8c6f9506b9e96b45a7582a07', '/site/pharmacy/avatars/10.png', '4', '1', '5245312140', '8888472540', '865 Any St.\nAnytown, ZA 12345', 'Anytown', 'NY', '12345-6789', '{n}@message.alltel.com', '2015-10-01 00:00:00', null), ('11', '3', 'T', 'Roger', 'Bitworthy', null, 'nurse4@cogentqi.com', 'ptech4', 'd7da283e8c6f9506b9e96b45a7582a07', '/site/pharmacy/avatars/11.png', '4', '1', '1336342660', '3627539820', '494 Any St.\nAnytown, ZA 12345', 'Anytown', 'NY', '12345-6789', '{n}@myboostmobile.com', '2015-10-01 00:00:00', null), ('12', '3', 'T', 'Greg', 'Abernathy', null, 'nurse5@cogentqi.com', 'ptech5', 'd7da283e8c6f9506b9e96b45a7582a07', '/site/pharmacy/avatars/12.png', '5', '1', '4329148360', '4944721560', '529 Any St.\nAnytown, ZA 12345', 'Anytown', 'NY', '12345-6789', '{n}@email.uscc.net', '2015-10-01 00:00:00', null), ('13', '3', 'T', 'Sarah', 'Zinkowksi', null, 'nurse6@cogentqi.com', 'ptech6', 'd7da283e8c6f9506b9e96b45a7582a07', '/site/pharmacy/avatars/13.png', '2', '1', '2156548870', '1336912140', '583 Any St.\nAnytown, ZA 12345', 'Anytown', 'NY', '12345-6789', '{n}@message.alltel.com', '2015-10-01 00:00:00', null), ('14', '3', 'P', 'Rachael', 'Creighton', null, 'pa3@cogentqi.com', 'pharm3', 'd7da283e8c6f9506b9e96b45a7582a07', '/site/pharmacy/avatars/14.png', '1', '1', '9634267940', '9648968470', '111 Any St.\nAnytown, ZA 12345', 'Anytown', 'NY', '12345-6789', '{n}@vmobl.com', '2015-10-01 00:00:00', null), ('15', '3', 'P', 'Bob', 'Waters', null, 'pa4@cogentqi.com', 'pharm4', 'd7da283e8c6f9506b9e96b45a7582a07', '/site/pharmacy/avatars/15.png', '1', '1', '1579622250', '7127266350', '455 Any St.\nAnytown, ZA 12345', 'Anytown', 'NY', '12345-6789', '{n}@message.alltel.com', '2015-10-01 00:00:00', null), ('16', '4', 'P', 'Jerry', 'Rinehart', null, 'pa5@cogentqi.com', 'pharm5', 'd7da283e8c6f9506b9e96b45a7582a07', '/site/pharmacy/avatars/16.png', '2', '1', '4184353990', '1334272510', '859 Any St.\nAnytown, ZA 12345', 'Anytown', 'NY', '12345-6789', '{n}@vmobl.com', '2015-10-01 00:00:00', null), ('17', '4', 'T', 'Karim', 'Shahir', null, 'nurse7@cogentqi.com', 'ptech7', 'd7da283e8c6f9506b9e96b45a7582a07', '/site/pharmacy/avatars/17.png', '4', '1', '3825915370', '1133364830', '938 Any St.\nAnytown, ZA 12345', 'Anytown', 'NY', '12345-6789', '{n}@txt.att.net', '2015-10-01 00:00:00', null), ('18', '4', 'T', 'Elizabeth', 'Ainsley', null, 'nurse8@cogentqi.com', 'ptech8', 'd7da283e8c6f9506b9e96b45a7582a07', '/site/pharmacy/avatars/18.png', '1', '1', '5428511890', '2225933960', '112 Any St.\nAnytown, ZA 12345', 'Anytown', 'NY', '12345-6789', '{n}@messaging.sprintpcs.com', '2015-10-01 00:00:00', null), ('20', '5', 'T', 'Becky', 'Jackson', null, 'nurse9@cogentqi.com', 'ptech9', 'd7da283e8c6f9506b9e96b45a7582a07', '/site/pharmacy/avatars/20.png', '1', '1', '5885188910', '5315567880', '356 Any St.\nAnytown, ZA 12345', 'Anytown', 'NY', '12345-6789', '{n}@messaging.sprintpcs.com', '2015-10-01 00:00:00', null), ('21', '5', 'T', 'Roxanne', 'Babcock', null, 'nurse10@cogentqi.com', 'ptech10', 'd7da283e8c6f9506b9e96b45a7582a07', '/site/pharmacy/avatars/21.png', '2', '1', '8314767880', '6761476630', '739 Any St.\nAnytown, ZA 12345', 'Anytown', 'NY', '12345-6789', '{n}@email.uscc.net', '2015-10-01 00:00:00', null), ('22', '5', 'T', 'Judy', 'Parsons', null, 'nurse11@cogentqi.com', 'ptech11', 'd7da283e8c6f9506b9e96b45a7582a07', '/site/pharmacy/avatars/22.png', '2', '1', '5399789230', '7955195850', '754 Any St.\nAnytown, ZA 12345', 'Anytown', 'NY', '12345-6789', '{n}@messaging.nextel.com', '2015-10-01 00:00:00', null), ('23', '5', 'T', 'Ralph', 'Simpson', null, 'nurse12@cogentqi.com', 'ptech12', 'd7da283e8c6f9506b9e96b45a7582a07', '/site/pharmacy/avatars/23.png', '2', '1', '9288489290', '2899287380', '225 Any St.\nAnytown, ZA 12345', 'Anytown', 'NY', '12345-6789', '{n}@vmobl.com', '2015-10-01 00:00:00', null), ('24', '5', 'T', 'Jacob', 'Smith', null, 'nurse13@cogentqi.com', 'ptech13', 'd7da283e8c6f9506b9e96b45a7582a07', '/site/pharmacy/avatars/24.png', '1', '1', '3356621620', '9927596970', '777 Any St.\nAnytown, ZA 12345', 'Anytown', 'NY', '12345-6789', '{n}@txt.att.net', '2015-10-01 00:00:00', null), ('25', '6', 'T', 'Jerry', 'Coleman', null, 'nurse14@cogentqi.com', 'ptech14', 'd7da283e8c6f9506b9e96b45a7582a07', '/site/pharmacy/avatars/25.png', '3', '1', '4489494330', '6916983780', '126 Any St.\nAnytown, ZA 12345', 'Anytown', 'NY', '12345-6789', '{n}@myboostmobile.com', '2015-10-01 00:00:00', null), ('26', '6', 'T', 'Blake', 'Whitman', null, 'nurse15@cogentqi.com', 'ptech15', 'd7da283e8c6f9506b9e96b45a7582a07', '/site/pharmacy/avatars/26.png', '2', '1', '8541334190', '9951613550', '225 Any St.\nAnytown, ZA 12345', 'Anytown', 'NY', '12345-6789', '{n}@vmobl.com', '2015-10-01 00:00:00', null), ('27', '6', 'T', 'Marcia', 'Simonson', null, 'nurse16@cogentqi.com', 'ptech16', 'd7da283e8c6f9506b9e96b45a7582a07', '/site/pharmacy/avatars/27.png', '2', '1', '6419769830', '8372486570', '923 Any St.\nAnytown, ZA 12345', 'Anytown', 'NY', '12345-6789', '{n}@email.uscc.net', '2015-10-01 00:00:00', null), ('28', '6', 'T', 'Bob', 'Mason', null, 'nurse17@cogentqi.com', 'ptech17', 'd7da283e8c6f9506b9e96b45a7582a07', '/site/pharmacy/avatars/28.png', '2', '1', '1145328590', '4839999840', '964 Any St.\nAnytown, ZA 12345', 'Anytown', 'NY', '12345-6789', '{n}@txt.att.net', '2015-10-01 00:00:00', null), ('29', '6', 'T', 'Connie', 'Sung', null, 'nurse18@cogentqi.com', 'ptech18', 'd7da283e8c6f9506b9e96b45a7582a07', '/site/pharmacy/avatars/29.png', '1', '1', '1934542910', '5246126620', '518 Any St.\nAnytown, ZA 12345', 'Anytown', 'NY', '12345-6789', '{n}@tmomail.net', '2015-10-01 00:00:00', null), ('30', '4', 'T', 'Bill', 'Hart', null, 'nurse19@cogentqi.com', 'ptech19', 'd7da283e8c6f9506b9e96b45a7582a07', '/site/pharmacy/avatars/30.png', '2', '1', '4322465670', '7662365780', '956 Any St.\nAnytown, ZA 12345', 'Anytown', 'NY', '12345-6789', '{n}@messaging.nextel.com', '2015-10-01 00:00:00', null), ('31', '4', 'M', 'Sharon', 'Myers', null, 'manager30@cogentqi.com', 'manager3', 'd7da283e8c6f9506b9e96b45a7582a07', '/site/pharmacy/avatars/31.png', '0', '0', '1824294880', '1558884360', '381 Any St.\nAnytown, ZA 12345', 'Anytown', 'NY', '12345-6789', '{n}@txt.att.net', '2015-10-01 00:00:00', null), ('32', '5', 'M', 'Wade', 'Hitchens', null, 'manager4@cogentqi.com', 'manager4', 'd7da283e8c6f9506b9e96b45a7582a07', '/site/pharmacy/avatars/32.png', '0', '0', '1677734950', '7995865720', '289 Any St.\nAnytown, ZA 12345', 'Anytown', 'NY', '12345-6789', '{n}@messaging.sprintpcs.com', '2015-10-01 00:00:00', null), ('33', '6', 'M', 'Makesh', 'Patel', null, 'manager5@cogentqi.com', 'manager5', 'd7da283e8c6f9506b9e96b45a7582a07', '/site/pharmacy/avatars/33.png', '0', '0', '6775432210', '1842664380', '658 Any St.\nAnytown, ZA 12345', 'Anytown', 'NY', '12345-6789', '{n}@email.uscc.net', '2015-10-01 00:00:00', null);
COMMIT;

-- ----------------------------
--  Table structure for `member_badge`
-- ----------------------------
DROP TABLE IF EXISTS `member_badge`;
CREATE TABLE `member_badge` (
  `id` int(11) NOT NULL AUTO_INCREMENT,
  `title` varchar(100) NOT NULL,
  `member_id` int(11) NOT NULL,
  `earned` datetime NOT NULL DEFAULT CURRENT_TIMESTAMP,
  `badge_id` int(11) DEFAULT NULL,
  PRIMARY KEY (`id`),
  UNIQUE KEY `unique_id` (`id`),
  KEY `member_id_index` (`member_id`),
  KEY `member_badge_badge__fk` (`badge_id`),
  CONSTRAINT `member_badge_badge__fk` FOREIGN KEY (`badge_id`) REFERENCES `badge` (`id`)
) ENGINE=InnoDB AUTO_INCREMENT=92 DEFAULT CHARSET=utf8 ROW_FORMAT=COMPACT;

-- ----------------------------
--  Records of `member_badge`
-- ----------------------------
BEGIN;
INSERT INTO `member_badge` VALUES ('1', 'Internet Technology', '14', '2015-03-21 21:12:39', '35'), ('2', 'Communication', '14', '2015-03-21 21:13:08', '40'), ('3', 'Legal Issues', '8', '2015-03-21 21:13:46', '34'), ('4', 'Caring Workplace', '15', '2015-03-21 21:13:59', '33'), ('5', 'Security 101', '8', '2015-03-21 21:14:15', '38'), ('6', 'Support Technologies', '8', '2015-03-21 21:14:49', '39'), ('7', 'Security 101', '14', '2015-03-21 21:15:03', '38'), ('8', 'Planning', '16', '2015-03-21 21:15:22', '41'), ('9', 'Prescription Management', '26', '2015-10-22 09:51:26', '37'), ('10', 'Team Participation', '21', '2015-10-22 09:51:26', '36'), ('11', 'Security 101', '12', '2015-10-22 09:51:26', '38'), ('12', 'Security 101', '17', '2015-10-22 09:51:26', '38'), ('13', 'Planning', '24', '2015-10-22 09:51:26', '41'), ('14', 'Team Participation', '29', '2015-10-22 09:51:26', '36'), ('15', 'CSS3', '25', '2015-10-22 09:51:26', '32'), ('16', 'Caring Workplace', '6', '2015-10-22 09:51:26', '33'), ('17', 'Team Participation', '23', '2015-10-22 09:51:26', '36'), ('18', 'Internet Technology', '30', '2015-10-22 09:51:26', '35'), ('19', 'CSS3', '8', '2015-10-22 09:51:26', '32'), ('20', 'Security 101', '21', '2015-10-22 09:51:26', '38'), ('21', 'Team Participation', '8', '2015-10-22 09:51:26', '36'), ('22', 'Legal Issues', '29', '2015-10-22 09:51:26', '34'), ('23', 'Caring Workplace', '25', '2015-10-22 09:51:26', '33'), ('24', 'Legal Issues', '30', '2015-10-22 09:51:26', '34'), ('25', 'Internet Technology', '18', '2015-10-22 09:51:26', '35'), ('26', 'Team Participation', '20', '2015-10-22 09:51:26', '36'), ('27', 'Communication', '10', '2015-10-22 09:51:26', '40'), ('28', 'Planning', '18', '2015-10-22 09:51:26', '41'), ('29', 'Legal Issues', '13', '2015-10-22 09:51:26', '34'), ('30', 'Support Technologies', '7', '2015-10-22 09:51:26', '39'), ('31', 'Internet Technology', '11', '2015-10-22 09:51:26', '35'), ('32', 'Internet Technology', '23', '2015-10-22 09:51:26', '35'), ('33', 'Internet Technology', '9', '2015-10-22 09:51:26', '35'), ('34', 'Prescription Management', '8', '2015-10-22 09:51:26', '37'), ('35', 'Prescription Management', '21', '2015-10-22 09:51:26', '37'), ('36', 'Communication', '22', '2015-10-22 09:51:26', '40'), ('37', 'Planning', '11', '2015-10-22 09:51:26', '41'), ('38', 'Planning', '7', '2015-10-22 09:51:26', '41'), ('39', 'Planning', '13', '2015-10-22 09:51:26', '41'), ('40', 'CSS3', '16', '2015-10-22 09:51:26', '32'), ('41', 'Internet Technology', '23', '2015-10-22 09:51:26', '35'), ('42', 'Prescription Management', '9', '2015-10-22 09:51:26', '37'), ('43', 'Communication', '28', '2015-10-22 09:51:26', '40'), ('44', 'Security 101', '12', '2015-10-22 09:51:26', '38'), ('45', 'Planning', '17', '2015-10-22 09:51:26', '41'), ('46', 'Team Participation', '27', '2015-10-22 09:51:26', '36'), ('47', 'Internet Technology', '26', '2015-10-22 09:51:26', '35'), ('48', 'Team Participation', '14', '2015-10-22 09:51:26', '36'), ('72', 'Legal Issues', '20', '2015-10-22 09:54:18', '34'), ('73', 'Team Participation', '18', '2015-10-22 09:54:18', '36'), ('74', 'Prescription Management', '6', '2015-10-22 09:54:18', '37'), ('75', 'Security 101', '11', '2015-10-22 09:54:18', '38'), ('76', 'Team Participation', '23', '2015-10-22 09:54:18', '36'), ('77', 'CSS3', '27', '2015-10-22 09:54:18', '32'), ('78', 'Security 101', '15', '2015-10-22 09:54:18', '38'), ('79', 'Support Technologies', '12', '2015-10-22 09:54:18', '39'), ('80', 'Security 101', '29', '2015-10-22 09:54:18', '38'), ('81', 'Internet Technology', '8', '2015-10-22 09:54:18', '35'), ('82', 'Planning', '22', '2015-10-22 09:54:18', '41'), ('83', 'Support Technologies', '29', '2015-10-22 09:54:18', '39'), ('84', 'Internet Technology', '13', '2015-10-22 09:54:18', '35'), ('85', 'Support Technologies', '9', '2015-10-22 09:54:18', '39'), ('86', 'Planning', '8', '2015-10-22 09:54:18', '41'), ('87', 'Support Technologies', '24', '2015-10-22 09:54:18', '39'), ('88', 'Security 101', '21', '2015-10-22 09:54:18', '38'), ('89', 'CSS3', '22', '2015-10-22 09:54:18', '32'), ('90', 'Communication', '6', '2015-10-22 09:54:18', '40'), ('91', 'Support Technologies', '13', '2015-10-22 09:54:18', '39');
COMMIT;

-- ----------------------------
--  Table structure for `member_event`
-- ----------------------------
DROP TABLE IF EXISTS `member_event`;
CREATE TABLE `member_event` (
  `id` int(11) NOT NULL AUTO_INCREMENT,
  `member_id` int(11) NOT NULL,
  `event_id` int(11) NOT NULL,
  `comments` text COLLATE utf8_bin,
  `occurred` datetime NOT NULL DEFAULT CURRENT_TIMESTAMP,
  PRIMARY KEY (`id`),
  KEY `event_key` (`event_id`),
  KEY `member_key` (`member_id`),
  CONSTRAINT `member_event_ibfk_1` FOREIGN KEY (`event_id`) REFERENCES `event` (`id`),
  CONSTRAINT `member_event_ibfk_2` FOREIGN KEY (`member_id`) REFERENCES `member` (`id`)
) ENGINE=InnoDB AUTO_INCREMENT=91 DEFAULT CHARSET=utf8 COLLATE=utf8_bin ROW_FORMAT=COMPACT;

-- ----------------------------
--  Records of `member_event`
-- ----------------------------
BEGIN;
INSERT INTO `member_event` VALUES ('1', '17', '37', null, '2015-09-28 13:22:53'), ('2', '31', '35', null, '2015-06-04 13:22:53'), ('3', '4', '29', null, '2015-07-26 13:22:53'), ('4', '25', '32', null, '2015-08-31 13:22:53'), ('5', '17', '29', null, '2015-07-20 13:22:53'), ('6', '17', '36', null, '2015-11-02 13:22:53'), ('7', '26', '39', null, '2015-08-23 13:22:53'), ('8', '20', '36', null, '2015-08-31 13:22:53'), ('9', '20', '30', null, '2015-09-18 13:22:53'), ('10', '24', '35', null, '2015-06-27 13:22:53'), ('11', '31', '27', null, '2015-11-09 13:22:53'), ('12', '3', '30', null, '2015-11-17 13:22:53'), ('13', '23', '35', null, '2015-10-30 13:22:53'), ('14', '9', '36', null, '2015-08-27 13:22:53'), ('15', '1', '27', null, '2015-07-24 13:22:53'), ('16', '24', '27', null, '2015-08-07 13:22:53'), ('17', '17', '39', null, '2015-10-19 13:22:53'), ('18', '17', '27', null, '2015-08-31 13:22:53'), ('19', '10', '38', null, '2015-08-21 13:22:53'), ('20', '22', '31', null, '2015-06-08 13:22:53'), ('21', '28', '32', null, '2015-10-20 13:22:53'), ('22', '25', '31', null, '2015-06-27 13:22:53'), ('23', '29', '27', null, '2015-11-16 13:22:53'), ('24', '10', '37', null, '2015-10-22 13:22:53'), ('25', '15', '28', null, '2015-10-27 13:22:53'), ('26', '4', '38', null, '2015-10-13 13:22:53'), ('27', '12', '32', null, '2015-06-07 13:22:53'), ('28', '33', '33', null, '2015-07-18 13:22:53'), ('29', '7', '27', null, '2015-08-25 13:22:53'), ('30', '16', '27', null, '2015-07-25 13:22:53'), ('31', '11', '33', null, '2015-09-17 13:22:53'), ('32', '15', '30', null, '2015-08-31 13:22:53'), ('33', '7', '36', null, '2015-10-07 13:22:53'), ('34', '30', '31', null, '2015-08-05 13:22:53'), ('35', '26', '37', null, '2015-10-30 13:22:53'), ('36', '20', '31', null, '2015-11-09 13:22:53'), ('37', '1', '32', null, '2015-10-15 13:22:53'), ('38', '8', '39', null, '2015-10-25 13:22:53'), ('39', '30', '39', null, '2015-10-02 13:22:53'), ('40', '24', '36', null, '2015-12-13 13:22:53'), ('41', '25', '36', null, '2015-11-25 13:22:53'), ('42', '8', '37', null, '2015-11-22 13:22:53'), ('43', '24', '39', null, '2015-08-03 13:22:53'), ('44', '1', '38', null, '2015-05-31 13:22:53'), ('45', '11', '31', null, '2015-11-13 13:22:53'), ('46', '24', '30', null, '2015-08-07 13:22:53'), ('47', '10', '35', null, '2015-10-09 13:22:53'), ('48', '6', '30', null, '2015-06-01 13:22:53'), ('49', '14', '28', null, '2015-08-12 13:22:53'), ('50', '15', '38', null, '2015-10-14 13:22:53'), ('51', '18', '33', null, '2015-11-20 13:22:53'), ('52', '24', '38', null, '2015-10-16 13:22:53'), ('53', '10', '29', null, '2015-11-22 13:22:53'), ('54', '12', '27', null, '2015-08-04 13:22:53'), ('55', '31', '33', null, '2015-07-03 13:22:53'), ('56', '21', '39', null, '2015-10-19 13:22:53'), ('57', '10', '30', null, '2015-10-03 13:22:53'), ('58', '28', '27', null, '2015-11-15 13:22:53'), ('59', '28', '34', null, '2015-06-06 13:22:53'), ('60', '4', '37', null, '2015-07-26 13:22:53'), ('61', '21', '32', null, '2015-05-29 13:22:53'), ('62', '25', '37', null, '2015-09-16 13:22:53'), ('63', '8', '28', null, '2015-10-01 13:22:53'), ('64', '28', '33', null, '2015-06-13 13:22:53'), ('65', '5', '36', null, '2015-06-29 13:22:53'), ('66', '8', '27', null, '2015-11-19 13:22:53'), ('67', '3', '35', null, '2015-09-17 13:22:53'), ('68', '18', '31', null, '2015-08-19 13:22:53'), ('69', '12', '34', null, '2015-10-26 13:22:53'), ('70', '31', '31', null, '2015-09-10 13:22:53'), ('71', '33', '28', null, '2015-09-30 13:22:53'), ('72', '9', '35', null, '2015-06-15 13:22:53'), ('73', '29', '38', null, '2015-07-03 13:22:53'), ('74', '15', '39', null, '2015-06-13 13:22:53'), ('75', '27', '29', null, '2015-09-10 13:22:53'), ('76', '30', '37', null, '2015-10-29 13:22:53'), ('77', '26', '35', null, '2015-10-23 13:22:53'), ('78', '29', '33', null, '2015-10-29 13:22:53'), ('79', '1', '33', null, '2015-12-03 13:22:53'), ('80', '18', '27', null, '2015-11-23 13:22:53'), ('81', '33', '27', null, '2015-11-14 13:22:53'), ('82', '10', '33', null, '2015-06-18 13:22:53'), ('83', '27', '36', null, '2015-09-15 13:22:53'), ('84', '4', '32', null, '2015-08-10 13:22:53'), ('85', '15', '35', null, '2015-06-02 13:22:53'), ('86', '10', '32', null, '2015-10-03 13:22:53'), ('87', '26', '28', null, '2015-07-11 13:22:53'), ('88', '20', '27', null, '2015-07-12 13:22:53'), ('89', '8', '38', null, '2015-07-17 13:22:53'), ('90', '29', '32', null, '2015-08-22 13:22:53');
COMMIT;

-- ----------------------------
--  Table structure for `member_note`
-- ----------------------------
DROP TABLE IF EXISTS `member_note`;
CREATE TABLE `member_note` (
  `id` int(11) NOT NULL AUTO_INCREMENT,
  `member_id` int(11) NOT NULL,
  `creator_id` int(11) DEFAULT NULL,
  `is_private` tinyint(4) NOT NULL DEFAULT '1',
  `content` longtext NOT NULL,
  `last_modified` timestamp NOT NULL DEFAULT CURRENT_TIMESTAMP ON UPDATE CURRENT_TIMESTAMP,
  `flag` int(11) DEFAULT '0',
  PRIMARY KEY (`id`),
  UNIQUE KEY `unique_id` (`id`),
  KEY `creatorId_index` (`creator_id`),
  KEY `memberId_index` (`member_id`),
  CONSTRAINT `member_note_ibfk_1` FOREIGN KEY (`member_id`) REFERENCES `member` (`id`),
  CONSTRAINT `member_note_ibfk_2` FOREIGN KEY (`creator_id`) REFERENCES `member` (`id`),
  CONSTRAINT `member_note_ibfk_3` FOREIGN KEY (`member_id`) REFERENCES `member` (`id`),
  CONSTRAINT `member_note_ibfk_4` FOREIGN KEY (`creator_id`) REFERENCES `member` (`id`)
) ENGINE=InnoDB AUTO_INCREMENT=54 DEFAULT CHARSET=utf8 ROW_FORMAT=COMPACT;

-- ----------------------------
--  Records of `member_note`
-- ----------------------------
BEGIN;
INSERT INTO `member_note` VALUES ('2', '5', '10', '1', 'asdfasdf', '2015-10-07 18:20:20', '0'), ('3', '4', '4', '0', 'Welcome to the Professional Development app.', '2015-09-10 18:20:20', '0'), ('4', '5', '4', '0', 'Welcome to the Professional Development app.', '2015-09-19 18:20:20', '0'), ('5', '6', '4', '0', 'Welcome to the Professional Development app.', '2015-07-29 18:20:20', '0'), ('6', '11', '4', '0', 'Welcome to the Professional Development app.', '2015-10-11 18:20:20', '0'), ('7', '12', '4', '0', 'Welcome to the Professional Development app.', '2015-12-15 23:00:39', '0'), ('8', '13', '4', '0', 'Welcome to the Professional Development app.', '2015-12-05 18:20:20', '0'), ('9', '14', '4', '0', 'Welcome to the Professional Development app.', '2015-07-01 18:20:20', '0'), ('10', '15', '4', '0', 'Welcome to the Professional Development app.', '2015-09-29 18:20:20', '0'), ('18', '7', '31', '0', 'Welcome to the Professional Development app.', '2015-10-23 18:20:20', '0'), ('19', '8', '31', '0', 'Welcome to the Professional Development app.', '2015-11-18 18:20:20', '0'), ('20', '9', '31', '0', 'Welcome to the Professional Development app.', '2015-07-22 18:20:20', '0'), ('21', '10', '31', '0', 'Welcome to the Professional Development app.', '2015-09-03 18:20:20', '0'), ('22', '16', '31', '0', 'Welcome to the Professional Development app.', '2015-10-10 18:20:20', '0'), ('23', '17', '31', '0', 'Welcome to the Professional Development app.', '2015-12-01 18:20:20', '0'), ('24', '18', '31', '0', 'Welcome to the Professional Development app.', '2015-11-02 18:20:20', '0'), ('25', '30', '31', '0', 'Welcome to the Professional Development app.', '2015-07-02 18:20:20', '0'), ('26', '31', '31', '0', 'Welcome to the Professional Development app.', '2015-07-15 18:20:20', '0'), ('33', '20', '32', '0', 'Welcome to the Professional Development app.', '2015-09-27 18:20:20', '0'), ('34', '21', '32', '0', 'Welcome to the Professional Development app.', '2015-08-30 18:20:20', '0'), ('35', '22', '32', '0', 'Welcome to the Professional Development app.', '2015-08-27 18:20:20', '0'), ('36', '23', '32', '0', 'Welcome to the Professional Development app.', '2015-11-07 18:20:20', '0'), ('37', '24', '32', '0', 'Welcome to the Professional Development app.', '2015-11-13 18:20:20', '0'), ('38', '32', '32', '0', 'Welcome to the Professional Development app.', '2015-11-08 18:20:20', '0'), ('40', '25', '33', '0', 'Welcome to the Professional Development app.', '2015-09-25 18:20:20', '0'), ('41', '26', '33', '0', 'Welcome to the Professional Development app.', '2015-08-31 18:20:20', '0'), ('42', '27', '33', '0', 'Welcome to the Professional Development app.', '2015-09-10 18:20:20', '0'), ('52', '12', '4', '1', 'a sdf asdfsadfsadf', '2015-12-16 22:42:42', '2'), ('53', '12', '4', '0', 'asdfsaf', '2015-12-16 22:42:34', '1');
COMMIT;

-- ----------------------------
--  Table structure for `message`
-- ----------------------------
DROP TABLE IF EXISTS `message`;
CREATE TABLE `message` (
  `id` int(11) NOT NULL AUTO_INCREMENT,
  `address` varchar(255) NOT NULL,
  `content` longtext NOT NULL,
  `sent` datetime NOT NULL,
  PRIMARY KEY (`id`),
  UNIQUE KEY `unique_id` (`id`)
) ENGINE=InnoDB DEFAULT CHARSET=utf8 ROW_FORMAT=COMPACT;

-- ----------------------------
--  Table structure for `message_provider`
-- ----------------------------
DROP TABLE IF EXISTS `message_provider`;
CREATE TABLE `message_provider` (
  `name` varchar(50) NOT NULL,
  `format` varchar(255) NOT NULL,
  PRIMARY KEY (`name`),
  UNIQUE KEY `unique_name` (`name`)
) ENGINE=InnoDB DEFAULT CHARSET=utf8 ROW_FORMAT=COMPACT;

-- ----------------------------
--  Table structure for `module`
-- ----------------------------
DROP TABLE IF EXISTS `module`;
CREATE TABLE `module` (
  `id` int(11) NOT NULL AUTO_INCREMENT,
  `resource_id` int(11) NOT NULL,
  `ends` datetime NOT NULL,
  `sched_type` char(1) NOT NULL,
  `starts` datetime NOT NULL,
  PRIMARY KEY (`id`),
  UNIQUE KEY `unique_id` (`id`),
  KEY `resource_id_index` (`resource_id`),
  CONSTRAINT `module_ibfk_1` FOREIGN KEY (`resource_id`) REFERENCES `resource` (`id`)
) ENGINE=InnoDB AUTO_INCREMENT=66 DEFAULT CHARSET=utf8 ROW_FORMAT=COMPACT;

-- ----------------------------
--  Records of `module`
-- ----------------------------
BEGIN;
INSERT INTO `module` VALUES ('43', '1', '2016-03-15 13:03:53', 'C', '2016-02-04 13:03:53'), ('44', '2', '2016-02-03 13:03:53', 'C', '2015-12-24 13:03:53'), ('45', '3', '2016-09-02 13:03:53', 'C', '2016-06-08 13:03:53'), ('46', '4', '2016-10-02 13:03:53', 'C', '2016-08-30 13:03:53'), ('47', '5', '2016-06-13 13:03:53', 'C', '2016-06-12 13:03:53'), ('48', '6', '2016-07-03 13:03:53', 'C', '2016-04-06 13:03:53'), ('49', '7', '2016-03-14 13:03:53', 'C', '2015-12-30 13:03:53'), ('50', '8', '2016-01-25 13:03:53', 'C', '2016-01-06 13:03:53'), ('51', '9', '2016-04-01 13:03:53', 'C', '2016-02-07 13:03:53'), ('52', '10', '2016-07-29 13:03:53', 'C', '2016-06-28 13:03:53'), ('53', '11', '2016-10-20 13:03:53', 'C', '2016-07-28 13:03:53'), ('54', '12', '2016-10-06 13:03:53', 'C', '2016-08-14 13:03:53'), ('58', '9', '2016-01-09 13:03:53', 'C', '2015-12-24 13:03:53'), ('59', '8', '2016-06-07 13:03:53', 'C', '2016-05-25 13:03:53'), ('60', '4', '2016-09-28 13:03:53', 'C', '2016-09-13 13:03:53'), ('61', '11', '2016-10-26 13:03:53', 'C', '2016-09-18 13:03:53'), ('62', '2', '2016-03-30 13:03:53', 'C', '2016-02-04 13:03:53'), ('63', '12', '2016-05-14 13:03:53', 'C', '2016-03-06 13:03:53'), ('64', '10', '2016-03-08 13:03:53', 'C', '2016-03-08 13:03:53'), ('65', '3', '2016-11-03 13:03:53', 'C', '2016-08-28 13:03:53');
COMMIT;

-- ----------------------------
--  Table structure for `module_badge`
-- ----------------------------
DROP TABLE IF EXISTS `module_badge`;
CREATE TABLE `module_badge` (
  `id` int(11) NOT NULL AUTO_INCREMENT,
  `module_id` int(11) DEFAULT NULL,
  `badge_id` int(11) DEFAULT NULL,
  PRIMARY KEY (`id`),
  UNIQUE KEY `id` (`id`),
  KEY `module_id` (`module_id`),
  KEY `badge_id` (`badge_id`),
  CONSTRAINT `module_badge_ibfk_1` FOREIGN KEY (`module_id`) REFERENCES `module` (`id`),
  CONSTRAINT `module_badge_ibfk_2` FOREIGN KEY (`badge_id`) REFERENCES `badge` (`id`)
) ENGINE=InnoDB AUTO_INCREMENT=308 DEFAULT CHARSET=utf8 COLLATE=utf8_bin ROW_FORMAT=COMPACT;

-- ----------------------------
--  Records of `module_badge`
-- ----------------------------
BEGIN;
INSERT INTO `module_badge` VALUES ('288', '43', '39'), ('289', '44', '39'), ('290', '45', '35'), ('291', '46', '37'), ('292', '47', '35'), ('293', '48', '37'), ('294', '49', '39'), ('295', '50', '35'), ('296', '51', '39'), ('297', '52', '40'), ('298', '53', '40'), ('299', '54', '36'), ('300', '58', '40'), ('301', '59', '37'), ('302', '60', '34'), ('303', '61', '34'), ('304', '62', '35'), ('305', '63', '32'), ('306', '64', '36'), ('307', '65', '32');
COMMIT;

-- ----------------------------
--  Table structure for `operation`
-- ----------------------------
DROP TABLE IF EXISTS `operation`;
CREATE TABLE `operation` (
  `id` char(1) NOT NULL,
  `name` varchar(50) DEFAULT NULL,
  PRIMARY KEY (`id`),
  UNIQUE KEY `id` (`id`)
) ENGINE=InnoDB DEFAULT CHARSET=utf8 ROW_FORMAT=COMPACT;

-- ----------------------------
--  Records of `operation`
-- ----------------------------
BEGIN;
INSERT INTO `operation` VALUES ('C', 'CREATE'), ('D', 'DELETE'), ('R', 'READ'), ('U', 'UPDATE'), ('X', 'EXECUTE');
COMMIT;

-- ----------------------------
--  Table structure for `organization`
-- ----------------------------
DROP TABLE IF EXISTS `organization`;
CREATE TABLE `organization` (
  `id` int(11) NOT NULL AUTO_INCREMENT,
  `parent_id` int(11) DEFAULT NULL,
  `name` varchar(100) NOT NULL,
  `summary` varchar(5000) DEFAULT NULL,
  `description` text,
  `address` varchar(4000) DEFAULT NULL,
  `phone` varchar(50) DEFAULT NULL,
  `fax` varchar(50) NOT NULL,
  `city` varchar(50) DEFAULT NULL,
  `state` varchar(50) NOT NULL,
  `postal` varchar(20) DEFAULT NULL,
  `is_department` tinyint(4) NOT NULL DEFAULT '0',
  PRIMARY KEY (`id`),
  KEY `parent_id` (`parent_id`),
  CONSTRAINT `organization_ibfk_1` FOREIGN KEY (`parent_id`) REFERENCES `organization` (`id`)
) ENGINE=InnoDB AUTO_INCREMENT=7 DEFAULT CHARSET=utf8 ROW_FORMAT=COMPACT;

-- ----------------------------
--  Records of `organization`
-- ----------------------------
BEGIN;
INSERT INTO `organization` VALUES ('1', null, 'CogentQI', null, null, '123 Any St.', '(123) 456-7890', '(123) 456-7890', 'Anytown', 'ST', '012345', '0'), ('2', '1', 'Pharmacy Management', null, null, '123 Any St.', '(123) 456-7890', '(123) 456-7890', 'Anytown', 'ST', '012345', '0'), ('3', '2', 'Store 001 - Basil, NM', null, null, '123 Any St.', '(123) 456-7890', '(123) 456-7890', 'Anytown', 'ST', '012345', '0'), ('4', '2', 'Store 002 - Frankfurt, IN', null, null, '123 Any St.', '(123) 456-7890', '(123) 456-7890', 'Anytown', 'ST', '012345', '0'), ('5', '2', 'Store 003 - Evansburg, OH', null, null, '123 Any St.', '(123) 456-7890', '(123) 456-7890', 'Anytown', 'ST', '012345', '0'), ('6', '2', 'Store 004 - Charlottesville, PA', null, null, '123 Any St.', '(123) 456-7890', '(123) 456-7890', 'Anytown', 'ST', '012345', '0');
COMMIT;

-- ----------------------------
--  Table structure for `organization_outcome`
-- ----------------------------
DROP TABLE IF EXISTS `organization_outcome`;
CREATE TABLE `organization_outcome` (
  `id` int(11) NOT NULL AUTO_INCREMENT,
  `organization_id` int(11) NOT NULL,
  `outcome_id` int(11) NOT NULL,
  `evaluated` datetime NOT NULL DEFAULT CURRENT_TIMESTAMP,
  `evaluator_id` int(11) DEFAULT NULL,
  `evaluator_comments` varchar(5000) DEFAULT NULL,
  `level` float NOT NULL DEFAULT '0',
  PRIMARY KEY (`id`),
  UNIQUE KEY `unique_id` (`id`),
  KEY `organization_id_index` (`organization_id`),
  KEY `outcome_id_index` (`outcome_id`),
  KEY `evaluator_id_index` (`evaluator_id`),
  CONSTRAINT `organization_outcome_ibfk_1` FOREIGN KEY (`organization_id`) REFERENCES `organization` (`id`),
  CONSTRAINT `organization_outcome_ibfk_2` FOREIGN KEY (`outcome_id`) REFERENCES `outcome` (`id`),
  CONSTRAINT `organization_outcome_ibfk_3` FOREIGN KEY (`evaluator_id`) REFERENCES `member` (`id`)
) ENGINE=InnoDB AUTO_INCREMENT=482 DEFAULT CHARSET=utf8 ROW_FORMAT=COMPACT;

-- ----------------------------
--  Records of `organization_outcome`
-- ----------------------------
BEGIN;
INSERT INTO `organization_outcome` VALUES ('32', '3', '1', '2015-12-18 14:49:46', '3', null, '0.0136254'), ('33', '4', '1', '2015-03-28 15:48:12', null, null, '0.652454'), ('34', '5', '1', '2015-03-28 15:48:12', null, null, '0.221392'), ('35', '6', '1', '2015-12-18 14:45:25', '3', null, '0.149599'), ('36', '3', '2', '2015-12-18 14:49:46', '3', null, '0.0838182'), ('37', '4', '2', '2015-03-28 15:48:12', null, null, '0.970294'), ('38', '5', '2', '2015-03-28 15:48:12', null, null, '0.600018'), ('39', '6', '2', '2015-12-18 14:45:25', '3', null, '0.089206'), ('40', '3', '3', '2015-12-18 14:49:46', '3', null, '0.645976'), ('41', '4', '3', '2015-03-28 15:48:12', null, null, '0.962264'), ('42', '5', '3', '2015-03-28 15:48:12', null, null, '0.873393'), ('43', '6', '3', '2015-12-18 14:45:25', '3', null, '0.480171'), ('44', '3', '4', '2015-12-18 14:49:46', '3', null, '0.780676'), ('45', '4', '4', '2015-03-28 15:48:12', null, null, '0.462866'), ('46', '5', '4', '2015-03-28 15:48:12', null, null, '0.972303'), ('47', '6', '4', '2015-12-18 14:45:25', '3', null, '0.472916'), ('48', '3', '5', '2015-12-18 14:49:46', '3', null, '0.447672'), ('49', '4', '5', '2015-03-28 15:48:12', null, null, '0.81961'), ('50', '5', '5', '2015-03-28 15:48:12', null, null, '0.755036'), ('51', '6', '5', '2015-12-18 14:45:25', '3', null, '0.316351'), ('52', '3', '6', '2015-12-18 14:49:46', '3', null, '0.316644'), ('53', '4', '6', '2015-03-28 15:48:12', null, null, '0.63417'), ('54', '5', '6', '2015-03-28 15:48:12', null, null, '0.220917'), ('55', '6', '6', '2015-12-18 14:45:25', '3', null, '0.202075'), ('56', '3', '1', '2014-12-01 00:00:00', '1', null, '0.347626'), ('57', '4', '1', '2014-12-01 00:00:00', '1', null, '0.131904'), ('58', '5', '1', '2014-12-01 00:00:00', '1', null, '0.616641'), ('59', '6', '1', '2014-12-01 00:00:00', '1', null, '0.687494'), ('60', '3', '2', '2014-12-01 00:00:00', '1', null, '0.587549'), ('61', '4', '2', '2014-12-01 00:00:00', '1', null, '0.875259'), ('62', '5', '2', '2014-12-01 00:00:00', '1', null, '0.613652'), ('63', '6', '2', '2014-12-01 00:00:00', '1', null, '0.44248'), ('64', '3', '3', '2014-12-01 00:00:00', '1', null, '0.371444'), ('65', '4', '3', '2014-12-01 00:00:00', '1', null, '0.529781'), ('66', '5', '3', '2014-12-01 00:00:00', '1', null, '0.534571'), ('67', '6', '3', '2014-12-01 00:00:00', '1', null, '0.0835154'), ('68', '3', '4', '2014-12-01 00:00:00', '1', null, '0.813862'), ('69', '4', '4', '2014-12-01 00:00:00', '1', null, '0.818766'), ('70', '5', '4', '2014-12-01 00:00:00', '1', null, '0.652244'), ('71', '6', '4', '2014-12-01 00:00:00', '1', null, '0.80492'), ('72', '3', '5', '2014-12-01 00:00:00', '1', null, '0.0678679'), ('73', '4', '5', '2014-12-01 00:00:00', '1', null, '0.92458'), ('74', '5', '5', '2014-12-01 00:00:00', '1', null, '0.419298'), ('75', '6', '5', '2014-12-01 00:00:00', '1', null, '0.322749'), ('76', '3', '6', '2014-12-01 00:00:00', '1', null, '0.355851'), ('77', '4', '6', '2014-12-01 00:00:00', '1', null, '0.811007'), ('78', '5', '6', '2014-12-01 00:00:00', '1', null, '0.987482'), ('79', '6', '6', '2014-12-01 00:00:00', '1', null, '0.50439'), ('80', '3', '7', '2015-12-18 14:49:46', '3', null, '0.559504'), ('81', '4', '7', '2014-12-01 00:00:00', '1', null, '0.284348'), ('82', '5', '7', '2014-12-01 00:00:00', '1', null, '0.74323'), ('83', '6', '7', '2014-12-01 00:00:00', '1', null, '0.863105'), ('84', '3', '8', '2015-12-18 14:49:46', '3', null, '0.0858356'), ('85', '4', '8', '2014-12-01 00:00:00', '1', null, '0.839863'), ('86', '5', '8', '2014-12-01 00:00:00', '1', null, '0.941809'), ('87', '6', '8', '2014-12-01 00:00:00', '1', null, '0.189453'), ('88', '3', '9', '2015-12-18 14:49:46', '3', null, '0.121841'), ('89', '4', '9', '2014-12-01 00:00:00', '1', null, '0.0408468'), ('90', '5', '9', '2014-12-01 00:00:00', '1', null, '0.83871'), ('91', '6', '9', '2014-12-01 00:00:00', '1', null, '0.0710082'), ('92', '3', '10', '2015-12-18 14:49:46', '3', null, '0.838912'), ('93', '4', '10', '2014-12-01 00:00:00', '1', null, '0.981535'), ('94', '5', '10', '2014-12-01 00:00:00', '1', null, '0.39094'), ('95', '6', '10', '2014-12-01 00:00:00', '1', null, '0.0100952'), ('96', '3', '11', '2015-12-18 14:49:46', '3', null, '0.877656'), ('97', '4', '11', '2014-12-01 00:00:00', '1', null, '0.357992'), ('98', '5', '11', '2014-12-01 00:00:00', '1', null, '0.156993'), ('99', '6', '11', '2014-12-01 00:00:00', '1', null, '0.71099'), ('119', '3', '1', '2015-01-01 00:00:00', '1', null, '0.083972'), ('120', '4', '1', '2015-01-01 00:00:00', '1', null, '0.286889'), ('121', '5', '1', '2015-01-01 00:00:00', '1', null, '0.182529'), ('122', '6', '1', '2015-01-01 00:00:00', '1', null, '0.051977'), ('123', '3', '2', '2015-01-01 00:00:00', '1', null, '0.712299'), ('124', '4', '2', '2015-01-01 00:00:00', '1', null, '0.405562'), ('125', '5', '2', '2015-01-01 00:00:00', '1', null, '0.890916'), ('126', '6', '2', '2015-01-01 00:00:00', '1', null, '0.237892'), ('127', '3', '3', '2015-01-01 00:00:00', '1', null, '0.516713'), ('128', '4', '3', '2015-01-01 00:00:00', '1', null, '0.869887'), ('129', '5', '3', '2015-01-01 00:00:00', '1', null, '0.799299'), ('130', '6', '3', '2015-01-01 00:00:00', '1', null, '0.386834'), ('131', '3', '4', '2015-01-01 00:00:00', '1', null, '0.536273'), ('132', '4', '4', '2015-01-01 00:00:00', '1', null, '0.520864'), ('133', '5', '4', '2015-01-01 00:00:00', '1', null, '0.9955'), ('134', '6', '4', '2015-01-01 00:00:00', '1', null, '0.414908'), ('135', '3', '5', '2015-01-01 00:00:00', '1', null, '0.0880422'), ('136', '4', '5', '2015-01-01 00:00:00', '1', null, '0.195486'), ('137', '5', '5', '2015-01-01 00:00:00', '1', null, '0.713302'), ('138', '6', '5', '2015-01-01 00:00:00', '1', null, '0.980052'), ('139', '3', '6', '2015-01-01 00:00:00', '1', null, '0.760356'), ('140', '4', '6', '2015-01-01 00:00:00', '1', null, '0.861623'), ('141', '5', '6', '2015-01-01 00:00:00', '1', null, '0.0270463'), ('142', '6', '6', '2015-01-01 00:00:00', '1', null, '0.550363'), ('143', '3', '7', '2015-01-01 00:00:00', '1', null, '0.670676'), ('144', '4', '7', '2015-01-01 00:00:00', '1', null, '0.702293'), ('145', '5', '7', '2015-01-01 00:00:00', '1', null, '0.499435'), ('146', '6', '7', '2015-01-01 00:00:00', '1', null, '0.390297'), ('147', '3', '8', '2015-01-01 00:00:00', '1', null, '0.453181'), ('148', '4', '8', '2015-01-01 00:00:00', '1', null, '0.095013'), ('149', '5', '8', '2015-01-01 00:00:00', '1', null, '0.115522'), ('150', '6', '8', '2015-01-01 00:00:00', '1', null, '0.292572'), ('151', '3', '9', '2015-01-01 00:00:00', '1', null, '0.116293'), ('152', '4', '9', '2015-01-01 00:00:00', '1', null, '0.703751'), ('153', '5', '9', '2015-01-01 00:00:00', '1', null, '0.169876'), ('154', '6', '9', '2015-01-01 00:00:00', '1', null, '0.738125'), ('155', '3', '10', '2015-01-01 00:00:00', '1', null, '0.180997'), ('156', '4', '10', '2015-01-01 00:00:00', '1', null, '0.69061'), ('157', '5', '10', '2015-01-01 00:00:00', '1', null, '0.910059'), ('158', '6', '10', '2015-01-01 00:00:00', '1', null, '0.478465'), ('159', '3', '11', '2015-01-01 00:00:00', '1', null, '0.662147'), ('160', '4', '11', '2015-01-01 00:00:00', '1', null, '0.875341'), ('161', '5', '11', '2015-01-01 00:00:00', '1', null, '0.390266'), ('162', '6', '11', '2015-01-01 00:00:00', '1', null, '0.325306'), ('182', '3', '1', '2015-02-01 00:00:00', '1', null, '0.45573'), ('183', '4', '1', '2015-02-01 00:00:00', '1', null, '0.302733'), ('184', '5', '1', '2015-02-01 00:00:00', '1', null, '0.146475'), ('185', '6', '1', '2015-02-01 00:00:00', '1', null, '0.824177'), ('186', '3', '2', '2015-02-01 00:00:00', '1', null, '0.681459'), ('187', '4', '2', '2015-02-01 00:00:00', '1', null, '0.934762'), ('188', '5', '2', '2015-02-01 00:00:00', '1', null, '0.629436'), ('189', '6', '2', '2015-02-01 00:00:00', '1', null, '0.342895'), ('190', '3', '3', '2015-02-01 00:00:00', '1', null, '0.826164'), ('191', '4', '3', '2015-02-01 00:00:00', '1', null, '0.102135'), ('192', '5', '3', '2015-02-01 00:00:00', '1', null, '0.0321852'), ('193', '6', '3', '2015-02-01 00:00:00', '1', null, '0.85452'), ('194', '3', '4', '2015-02-01 00:00:00', '1', null, '0.176045'), ('195', '4', '4', '2015-02-01 00:00:00', '1', null, '0.316665'), ('196', '5', '4', '2015-02-01 00:00:00', '1', null, '0.0551885'), ('197', '6', '4', '2015-02-01 00:00:00', '1', null, '0.325949'), ('198', '3', '5', '2015-02-01 00:00:00', '1', null, '0.464177'), ('199', '4', '5', '2015-02-01 00:00:00', '1', null, '0.343042'), ('200', '5', '5', '2015-02-01 00:00:00', '1', null, '0.322675'), ('201', '6', '5', '2015-02-01 00:00:00', '1', null, '0.584251'), ('202', '3', '6', '2015-02-01 00:00:00', '1', null, '0.953232'), ('203', '4', '6', '2015-02-01 00:00:00', '1', null, '0.0134033'), ('204', '5', '6', '2015-02-01 00:00:00', '1', null, '0.207322'), ('205', '6', '6', '2015-02-01 00:00:00', '1', null, '0.9964'), ('206', '3', '7', '2015-02-01 00:00:00', '1', null, '0.360034'), ('207', '4', '7', '2015-02-01 00:00:00', '1', null, '0.810969'), ('208', '5', '7', '2015-02-01 00:00:00', '1', null, '0.974742'), ('209', '6', '7', '2015-02-01 00:00:00', '1', null, '0.440803'), ('210', '3', '8', '2015-02-01 00:00:00', '1', null, '0.279789'), ('211', '4', '8', '2015-02-01 00:00:00', '1', null, '0.0765386'), ('212', '5', '8', '2015-02-01 00:00:00', '1', null, '0.543325'), ('213', '6', '8', '2015-02-01 00:00:00', '1', null, '0.487008'), ('214', '3', '9', '2015-02-01 00:00:00', '1', null, '0.805064'), ('215', '4', '9', '2015-02-01 00:00:00', '1', null, '0.564299'), ('216', '5', '9', '2015-02-01 00:00:00', '1', null, '0.406303'), ('217', '6', '9', '2015-02-01 00:00:00', '1', null, '0.338618'), ('218', '3', '10', '2015-02-01 00:00:00', '1', null, '0.474181'), ('219', '4', '10', '2015-02-01 00:00:00', '1', null, '0.35505'), ('220', '5', '10', '2015-02-01 00:00:00', '1', null, '0.352706'), ('221', '6', '10', '2015-02-01 00:00:00', '1', null, '0.69838'), ('222', '3', '11', '2015-02-01 00:00:00', '1', null, '0.433782'), ('223', '4', '11', '2015-02-01 00:00:00', '1', null, '0.0737712'), ('224', '5', '11', '2015-02-01 00:00:00', '1', null, '0.0675095'), ('225', '6', '11', '2015-02-01 00:00:00', '1', null, '0.116234'), ('245', '3', '1', '2015-03-01 00:00:00', '1', null, '0.378641'), ('246', '4', '1', '2015-03-01 00:00:00', '1', null, '0.544504'), ('247', '5', '1', '2015-03-01 00:00:00', '1', null, '0.586595'), ('248', '6', '1', '2015-03-01 00:00:00', '1', null, '0.299463'), ('249', '3', '2', '2015-03-01 00:00:00', '1', null, '0.73753'), ('250', '4', '2', '2015-03-01 00:00:00', '1', null, '0.78926'), ('251', '5', '2', '2015-03-01 00:00:00', '1', null, '0.733712'), ('252', '6', '2', '2015-03-01 00:00:00', '1', null, '0.300781'), ('253', '3', '3', '2015-03-01 00:00:00', '1', null, '0.302767'), ('254', '4', '3', '2015-03-01 00:00:00', '1', null, '0.611493'), ('255', '5', '3', '2015-03-01 00:00:00', '1', null, '0.149162'), ('256', '6', '3', '2015-03-01 00:00:00', '1', null, '0.911331'), ('257', '3', '4', '2015-03-01 00:00:00', '1', null, '0.10917'), ('258', '4', '4', '2015-03-01 00:00:00', '1', null, '0.811856'), ('259', '5', '4', '2015-03-01 00:00:00', '1', null, '0.731771'), ('260', '6', '4', '2015-03-01 00:00:00', '1', null, '0.223288'), ('261', '3', '5', '2015-03-01 00:00:00', '1', null, '0.921127'), ('262', '4', '5', '2015-03-01 00:00:00', '1', null, '0.935772'), ('263', '5', '5', '2015-03-01 00:00:00', '1', null, '0.915479'), ('264', '6', '5', '2015-03-01 00:00:00', '1', null, '0.77008'), ('265', '3', '6', '2015-03-01 00:00:00', '1', null, '0.103963'), ('266', '4', '6', '2015-03-01 00:00:00', '1', null, '0.209573'), ('267', '5', '6', '2015-03-01 00:00:00', '1', null, '0.735976'), ('268', '6', '6', '2015-03-01 00:00:00', '1', null, '0.0511636'), ('269', '3', '7', '2015-03-01 00:00:00', '1', null, '0.0478887'), ('270', '4', '7', '2015-03-01 00:00:00', '1', null, '0.0859527'), ('271', '5', '7', '2015-03-01 00:00:00', '1', null, '0.286097'), ('272', '6', '7', '2015-12-18 14:45:25', '3', null, '0.172628'), ('273', '3', '8', '2015-03-01 00:00:00', '1', null, '0.00485009'), ('274', '4', '8', '2015-03-01 00:00:00', '1', null, '0.506365'), ('275', '5', '8', '2015-03-01 00:00:00', '1', null, '0.517277'), ('276', '6', '8', '2015-12-18 14:45:25', '3', null, '0.0672868'), ('277', '3', '9', '2015-03-01 00:00:00', '1', null, '0.784604'), ('278', '4', '9', '2015-03-01 00:00:00', '1', null, '0.721161'), ('279', '5', '9', '2015-03-01 00:00:00', '1', null, '0.251994'), ('280', '6', '9', '2015-12-18 14:45:25', '3', null, '0.0964875'), ('281', '3', '10', '2015-03-01 00:00:00', '1', null, '0.726454'), ('282', '4', '10', '2015-03-01 00:00:00', '1', null, '0.34281'), ('283', '5', '10', '2015-03-01 00:00:00', '1', null, '0.534685'), ('284', '6', '10', '2015-12-18 14:45:25', '3', null, '0.644996'), ('285', '3', '11', '2015-03-01 00:00:00', '1', null, '0.620924'), ('286', '4', '11', '2015-03-01 00:00:00', '1', null, '0.169634'), ('287', '5', '11', '2015-03-01 00:00:00', '1', null, '0.985399'), ('288', '6', '11', '2015-12-18 14:45:25', '3', null, '0.418091'), ('289', '1', '1', '2015-12-31 20:42:02', null, '', '0.134258'), ('290', '2', '1', '2015-12-31 20:42:02', null, '', '0.417019'), ('291', '3', '1', '2015-12-31 20:42:02', null, '', '0.682319'), ('292', '4', '1', '2015-12-31 20:42:02', null, '', '0.160537'), ('293', '5', '1', '2015-12-31 20:42:02', null, '', '0.755728'), ('294', '6', '1', '2015-12-31 20:42:02', null, '', '0.297028'), ('295', '1', '2', '2015-12-31 20:42:02', null, '', '0.217959'), ('296', '2', '2', '2015-12-31 20:42:02', null, '', '0.198711'), ('297', '3', '2', '2015-12-31 20:42:02', null, '', '0.339678'), ('298', '4', '2', '2015-12-31 20:42:02', null, '', '0.102255'), ('299', '5', '2', '2015-12-31 20:42:02', null, '', '0.49224'), ('300', '6', '2', '2015-12-31 20:42:02', null, '', '0.154439'), ('301', '1', '3', '2015-12-31 20:42:02', null, '', '0.295472'), ('302', '2', '3', '2015-12-31 20:42:02', null, '', '0.0140418'), ('303', '3', '3', '2015-12-31 20:42:02', null, '', '0.183795'), ('304', '4', '3', '2015-12-31 20:42:02', null, '', '0.876848'), ('305', '5', '3', '2015-12-31 20:42:02', null, '', '0.832855'), ('306', '6', '3', '2015-12-31 20:42:02', null, '', '0.533734'), ('307', '1', '4', '2015-12-31 20:42:02', null, '', '0.170102'), ('308', '2', '4', '2015-12-31 20:42:02', null, '', '0.24931'), ('309', '3', '4', '2015-12-31 20:42:02', null, '', '0.736245'), ('310', '4', '4', '2015-12-31 20:42:02', null, '', '0.933293'), ('311', '5', '4', '2015-12-31 20:42:02', null, '', '0.457729'), ('312', '6', '4', '2015-12-31 20:42:02', null, '', '0.488765'), ('313', '1', '5', '2015-12-31 20:42:02', null, '', '0.0706404'), ('314', '2', '5', '2015-12-31 20:42:02', null, '', '0.886906'), ('315', '3', '5', '2015-12-31 20:42:02', null, '', '0.222611'), ('316', '4', '5', '2015-12-31 20:42:02', null, '', '0.452336'), ('317', '5', '5', '2015-12-31 20:42:02', null, '', '0.593849'), ('318', '6', '5', '2015-12-31 20:42:02', null, '', '0.612235'), ('319', '1', '6', '2015-12-31 20:42:02', null, '', '0.279627'), ('320', '2', '6', '2015-12-31 20:42:02', null, '', '0.561433'), ('321', '3', '6', '2015-12-31 20:42:02', null, '', '0.968281'), ('322', '4', '6', '2015-12-31 20:42:02', null, '', '0.157106'), ('323', '5', '6', '2015-12-31 20:42:02', null, '', '0.880686'), ('324', '6', '6', '2015-12-31 20:42:02', null, '', '0.932115'), ('325', '1', '7', '2015-12-31 20:42:02', null, '', '0.018516'), ('326', '2', '7', '2015-12-31 20:42:02', null, '', '0.296235'), ('327', '3', '7', '2015-12-31 20:42:02', null, '', '0.425627'), ('328', '4', '7', '2015-12-31 20:42:02', null, '', '0.239431'), ('329', '5', '7', '2015-12-31 20:42:02', null, '', '0.920273'), ('330', '6', '7', '2015-12-31 20:42:02', null, '', '0.88307'), ('331', '1', '8', '2015-12-31 20:42:02', null, '', '0.654534'), ('332', '2', '8', '2015-12-31 20:42:02', null, '', '0.623459'), ('333', '3', '8', '2015-12-31 20:42:02', null, '', '0.153692'), ('334', '4', '8', '2015-12-31 20:42:02', null, '', '0.898086'), ('335', '5', '8', '2015-12-31 20:42:02', null, '', '0.0293513'), ('336', '6', '8', '2015-12-31 20:42:02', null, '', '0.4525'), ('337', '1', '9', '2015-12-31 20:42:02', null, '', '0.174444'), ('338', '2', '9', '2015-12-31 20:42:02', null, '', '0.51472'), ('339', '3', '9', '2015-12-31 20:42:02', null, '', '0.0502697'), ('340', '4', '9', '2015-12-31 20:42:02', null, '', '0.707188'), ('341', '5', '9', '2015-12-31 20:42:02', null, '', '0.385131'), ('342', '6', '9', '2015-12-31 20:42:02', null, '', '0.804092'), ('343', '1', '10', '2015-12-31 20:42:02', null, '', '0.865065'), ('344', '2', '10', '2015-12-31 20:42:02', null, '', '0.913051'), ('345', '3', '10', '2015-12-31 20:42:02', null, '', '0.970059'), ('346', '4', '10', '2015-12-31 20:42:02', null, '', '0.111143'), ('347', '5', '10', '2015-12-31 20:42:02', null, '', '0.645537'), ('348', '6', '10', '2015-12-31 20:42:02', null, '', '0.894257'), ('349', '1', '11', '2015-12-31 20:42:02', null, '', '0.534675'), ('350', '2', '11', '2015-12-31 20:42:02', null, '', '0.990603'), ('351', '3', '11', '2015-12-31 20:42:02', null, '', '0.34899'), ('352', '4', '11', '2015-12-31 20:42:02', null, '', '0.77314'), ('353', '5', '11', '2015-12-31 20:42:02', null, '', '0.818729'), ('354', '6', '11', '2015-12-31 20:42:02', null, '', '0.774226'), ('416', '1', '1', '2015-12-31 20:43:07', null, '', '0.414943'), ('417', '2', '1', '2015-12-31 20:43:07', null, '', '0.752038'), ('418', '3', '1', '2015-12-31 20:43:07', null, '', '0.515362'), ('419', '4', '1', '2015-12-31 20:43:07', null, '', '0.320694'), ('420', '5', '1', '2015-12-31 20:43:07', null, '', '0.0573841'), ('421', '6', '1', '2015-12-31 20:43:07', null, '', '0.324839'), ('422', '1', '2', '2015-12-31 20:43:07', null, '', '0.452042'), ('423', '2', '2', '2015-12-31 20:43:07', null, '', '0.285695'), ('424', '3', '2', '2015-12-31 20:43:07', null, '', '0.0723481'), ('425', '4', '2', '2015-12-31 20:43:07', null, '', '0.504655'), ('426', '5', '2', '2015-12-31 20:43:07', null, '', '0.306233'), ('427', '6', '2', '2015-12-31 20:43:07', null, '', '0.0171977'), ('428', '1', '3', '2015-12-31 20:43:07', null, '', '0.16729'), ('429', '2', '3', '2015-12-31 20:43:07', null, '', '0.784859'), ('430', '3', '3', '2015-12-31 20:43:07', null, '', '0.422422'), ('431', '4', '3', '2015-12-31 20:43:07', null, '', '0.757534'), ('432', '5', '3', '2015-12-31 20:43:07', null, '', '0.520405'), ('433', '6', '3', '2015-12-31 20:43:07', null, '', '0.329424'), ('434', '1', '4', '2015-12-31 20:43:07', null, '', '0.0859056'), ('435', '2', '4', '2015-12-31 20:43:07', null, '', '0.441255'), ('436', '3', '4', '2015-12-31 20:43:07', null, '', '0.948557'), ('437', '4', '4', '2015-12-31 20:43:07', null, '', '0.419021'), ('438', '5', '4', '2015-12-31 20:43:07', null, '', '0.249433'), ('439', '6', '4', '2015-12-31 20:43:07', null, '', '0.990102'), ('440', '1', '5', '2015-12-31 20:43:07', null, '', '0.202212'), ('441', '2', '5', '2015-12-31 20:43:07', null, '', '0.0407538'), ('442', '3', '5', '2015-12-31 20:43:07', null, '', '0.597133'), ('443', '4', '5', '2015-12-31 20:43:07', null, '', '0.863404'), ('444', '5', '5', '2015-12-31 20:43:07', null, '', '0.525622'), ('445', '6', '5', '2015-12-31 20:43:07', null, '', '0.0378971'), ('446', '1', '6', '2015-12-31 20:43:07', null, '', '0.612619'), ('447', '2', '6', '2015-12-31 20:43:07', null, '', '0.949406'), ('448', '3', '6', '2015-12-31 20:43:07', null, '', '0.909173'), ('449', '4', '6', '2015-12-31 20:43:07', null, '', '0.697644'), ('450', '5', '6', '2015-12-31 20:43:07', null, '', '0.760704'), ('451', '6', '6', '2015-12-31 20:43:07', null, '', '0.710588'), ('452', '1', '7', '2015-12-31 20:43:07', null, '', '0.270826'), ('453', '2', '7', '2015-12-31 20:43:07', null, '', '0.222367'), ('454', '3', '7', '2015-12-31 20:43:07', null, '', '0.299359'), ('455', '4', '7', '2015-12-31 20:43:07', null, '', '0.829692'), ('456', '5', '7', '2015-12-31 20:43:07', null, '', '0.250385'), ('457', '6', '7', '2015-12-31 20:43:07', null, '', '0.76285'), ('458', '1', '8', '2015-12-31 20:43:07', null, '', '0.0630937'), ('459', '2', '8', '2015-12-31 20:43:07', null, '', '0.0269185'), ('460', '3', '8', '2015-12-31 20:43:07', null, '', '0.945311'), ('461', '4', '8', '2015-12-31 20:43:07', null, '', '0.645802'), ('462', '5', '8', '2015-12-31 20:43:07', null, '', '0.393075'), ('463', '6', '8', '2015-12-31 20:43:07', null, '', '0.0279711'), ('464', '1', '9', '2015-12-31 20:43:07', null, '', '0.960629'), ('465', '2', '9', '2015-12-31 20:43:07', null, '', '0.719234'), ('466', '3', '9', '2015-12-31 20:43:07', null, '', '0.71428'), ('467', '4', '9', '2015-12-31 20:43:07', null, '', '0.413699'), ('468', '5', '9', '2015-12-31 20:43:07', null, '', '0.925656'), ('469', '6', '9', '2015-12-31 20:43:07', null, '', '0.387184'), ('470', '1', '10', '2015-12-31 20:43:07', null, '', '0.158951'), ('471', '2', '10', '2015-12-31 20:43:07', null, '', '0.633204'), ('472', '3', '10', '2015-12-31 20:43:07', null, '', '0.689167'), ('473', '4', '10', '2015-12-31 20:43:07', null, '', '0.546222'), ('474', '5', '10', '2015-12-31 20:43:07', null, '', '0.663611'), ('475', '6', '10', '2015-12-31 20:43:07', null, '', '0.679386'), ('476', '1', '11', '2015-12-31 20:43:07', null, '', '0.4061'), ('477', '2', '11', '2015-12-31 20:43:07', null, '', '0.992341'), ('478', '3', '11', '2015-12-31 20:43:07', null, '', '0.743404'), ('479', '4', '11', '2015-12-31 20:43:07', null, '', '0.739999'), ('480', '5', '11', '2015-12-31 20:43:07', null, '', '0.469783'), ('481', '6', '11', '2015-12-31 20:43:07', null, '', '0.128917');
COMMIT;

-- ----------------------------
--  Table structure for `outcome`
-- ----------------------------
DROP TABLE IF EXISTS `outcome`;
CREATE TABLE `outcome` (
  `id` int(11) NOT NULL AUTO_INCREMENT,
  `number` varchar(40) DEFAULT NULL,
  `name` varchar(500) NOT NULL,
  `summary` varchar(5000) DEFAULT NULL,
  `calc_method_id` char(1) DEFAULT NULL,
  `method` char(1) NOT NULL DEFAULT 'M',
  `sort_order` int(11) NOT NULL DEFAULT '0',
  PRIMARY KEY (`id`),
  UNIQUE KEY `unique_id` (`id`)
) ENGINE=InnoDB AUTO_INCREMENT=12 DEFAULT CHARSET=utf8 ROW_FORMAT=COMPACT;

-- ----------------------------
--  Records of `outcome`
-- ----------------------------
BEGIN;
INSERT INTO `outcome` VALUES ('1', '1.1', 'Incorrect Drug Events', 'The frequency of incorrect medication events.', null, 'D', '1'), ('2', '1.2', 'Incorrect DAW Events', 'How well we are doing with respect to the frequency of mis-labeled medication events.', null, 'D', '2'), ('3', '1.3', 'Customer Complaints about Staff', 'How well we are doing with respect to the frequency of customer complaints about staff behavior or treatment.', null, 'M', '3'), ('4', '1.4', 'Missed Drug Interactions', 'The frequency of missed drug interaction events.', null, 'D', '4'), ('5', '1.5', 'Preventive Care Opportunities Missed', 'How well we are doing in identifying and acting on preventive care opportunities.', null, 'M', '5'), ('6', '1.6', 'Time-to Fill for Prescriptions', 'The timelieness of prescription fills.', null, 'M', '6'), ('7', '1.7', 'Incorrect Directions Events', 'How often we have incorrect directions events.', null, 'D', '7'), ('8', '1.8', 'Incorrect Dosage Form Events', 'The frequency of incorrect dosage form events.', null, 'D', '8'), ('9', '1.9', 'Incorrect Release Form Events', 'The frequency of incorrect release form events.', null, 'D', '9'), ('10', '1.10', 'Timeliness Complaint Events', 'The frequency of customer complaints about timeliness of prescription fills.', null, 'M', '10'), ('11', '1.11', 'Customer Service Complaint Events', 'The frequency of customer complaints about service.', null, 'M', '11');
COMMIT;

-- ----------------------------
--  Table structure for `outcome_alignment`
-- ----------------------------
DROP TABLE IF EXISTS `outcome_alignment`;
CREATE TABLE `outcome_alignment` (
  `id` int(11) NOT NULL AUTO_INCREMENT,
  `outcome_id` int(11) NOT NULL,
  `question_id` int(11) NOT NULL,
  `weight` int(11) NOT NULL DEFAULT '1',
  `rel_wt` double DEFAULT '0.5',
  PRIMARY KEY (`id`),
  KEY `outcome_id_index` (`outcome_id`),
  KEY `question_id_index` (`question_id`),
  CONSTRAINT `outcome_alignment_ibfk_1` FOREIGN KEY (`outcome_id`) REFERENCES `outcome` (`id`),
  CONSTRAINT `outcome_alignment_ibfk_2` FOREIGN KEY (`question_id`) REFERENCES `question` (`id`)
) ENGINE=InnoDB AUTO_INCREMENT=1333 DEFAULT CHARSET=utf8 ROW_FORMAT=COMPACT;

-- ----------------------------
--  Records of `outcome_alignment`
-- ----------------------------
BEGIN;
INSERT INTO `outcome_alignment` VALUES ('722', '1', '61', '0', '1'), ('723', '2', '61', '1', '1'), ('724', '3', '61', '2', '1'), ('725', '4', '61', '0', '1'), ('726', '5', '61', '0', '1'), ('727', '6', '61', '1', '1'), ('728', '7', '61', '1', '1'), ('729', '8', '61', '2', '1'), ('730', '9', '61', '0', '1'), ('731', '10', '61', '2', '1'), ('732', '11', '61', '2', '1'), ('733', '1', '62', '0', '1'), ('734', '2', '62', '2', '1'), ('735', '3', '62', '2', '1'), ('736', '4', '62', '1', '1'), ('737', '5', '62', '1', '1'), ('738', '6', '62', '0', '1'), ('739', '7', '62', '1', '1'), ('740', '8', '62', '0', '1'), ('741', '9', '62', '0', '1'), ('742', '10', '62', '1', '1'), ('743', '11', '62', '0', '1'), ('744', '1', '63', '0', '1'), ('745', '2', '63', '0', '1'), ('746', '3', '63', '2', '1'), ('747', '4', '63', '1', '1'), ('748', '5', '63', '0', '1'), ('749', '6', '63', '2', '1'), ('750', '7', '63', '0', '1'), ('751', '8', '63', '2', '1'), ('752', '9', '63', '2', '1'), ('753', '10', '63', '2', '1'), ('754', '11', '63', '1', '1'), ('755', '1', '64', '2', '1'), ('756', '2', '64', '0', '1'), ('757', '3', '64', '0', '1'), ('758', '4', '64', '0', '1'), ('759', '5', '64', '0', '1'), ('760', '6', '64', '0', '1'), ('761', '7', '64', '0', '1'), ('762', '8', '64', '2', '1'), ('763', '9', '64', '1', '1'), ('764', '10', '64', '1', '1'), ('765', '11', '64', '0', '1'), ('766', '1', '65', '2', '1'), ('767', '2', '65', '0', '1'), ('768', '3', '65', '2', '1'), ('769', '4', '65', '0', '1'), ('770', '5', '65', '2', '1'), ('771', '6', '65', '2', '1'), ('772', '7', '65', '0', '1'), ('773', '8', '65', '2', '1'), ('774', '9', '65', '2', '1'), ('775', '10', '65', '0', '1'), ('776', '11', '65', '0', '1'), ('777', '1', '66', '2', '1'), ('778', '2', '66', '0', '1'), ('779', '3', '66', '0', '1'), ('780', '4', '66', '0', '1'), ('781', '5', '66', '1', '1'), ('782', '6', '66', '2', '1'), ('783', '7', '66', '1', '1'), ('784', '8', '66', '2', '1'), ('785', '9', '66', '2', '1'), ('786', '10', '66', '2', '1'), ('787', '11', '66', '1', '1'), ('788', '1', '67', '1', '1'), ('789', '2', '67', '0', '1'), ('790', '3', '67', '1', '1'), ('791', '4', '67', '2', '1'), ('792', '5', '67', '1', '1'), ('793', '6', '67', '1', '1'), ('794', '7', '67', '0', '1'), ('795', '8', '67', '0', '1'), ('796', '9', '67', '0', '1'), ('797', '10', '67', '2', '1'), ('798', '11', '67', '2', '1'), ('799', '1', '68', '2', '1'), ('800', '2', '68', '0', '1'), ('801', '3', '68', '0', '1'), ('802', '4', '68', '2', '1'), ('803', '5', '68', '2', '1'), ('804', '6', '68', '2', '1'), ('805', '7', '68', '2', '1'), ('806', '8', '68', '2', '1'), ('807', '9', '68', '0', '1'), ('808', '10', '68', '0', '1'), ('809', '11', '68', '1', '1'), ('810', '1', '69', '1', '1'), ('811', '2', '69', '0', '1'), ('812', '3', '69', '1', '1'), ('813', '4', '69', '2', '1'), ('814', '5', '69', '1', '1'), ('815', '6', '69', '0', '1'), ('816', '7', '69', '2', '1'), ('817', '8', '69', '1', '1'), ('818', '9', '69', '0', '1'), ('819', '10', '69', '2', '1'), ('820', '11', '69', '0', '1'), ('821', '1', '70', '0', '1'), ('822', '2', '70', '2', '1'), ('823', '3', '70', '0', '1'), ('824', '4', '70', '1', '1'), ('825', '5', '70', '2', '1'), ('826', '6', '70', '2', '1'), ('827', '7', '70', '0', '1'), ('828', '8', '70', '1', '1'), ('829', '9', '70', '1', '1'), ('830', '10', '70', '2', '1'), ('831', '11', '70', '1', '1'), ('832', '1', '71', '1', '1'), ('833', '2', '71', '1', '1'), ('834', '3', '71', '2', '1'), ('835', '4', '71', '2', '1'), ('836', '5', '71', '0', '1'), ('837', '6', '71', '1', '1'), ('838', '7', '71', '1', '1'), ('839', '8', '71', '1', '1'), ('840', '9', '71', '1', '1'), ('841', '10', '71', '2', '1'), ('842', '11', '71', '2', '1'), ('843', '1', '72', '0', '1'), ('844', '2', '72', '1', '1'), ('845', '3', '72', '0', '1'), ('846', '4', '72', '0', '1'), ('847', '5', '72', '1', '1'), ('848', '6', '72', '2', '1'), ('849', '7', '72', '1', '1'), ('850', '8', '72', '0', '1'), ('851', '9', '72', '0', '1'), ('852', '10', '72', '0', '1'), ('853', '11', '72', '1', '1'), ('854', '1', '73', '1', '1'), ('855', '2', '73', '0', '1'), ('856', '3', '73', '2', '1'), ('857', '4', '73', '0', '1'), ('858', '5', '73', '1', '1'), ('859', '6', '73', '2', '1'), ('860', '7', '73', '2', '1'), ('861', '8', '73', '1', '1'), ('862', '9', '73', '1', '1'), ('863', '10', '73', '0', '1'), ('864', '11', '73', '1', '1'), ('865', '1', '74', '2', '1'), ('866', '2', '74', '1', '1'), ('867', '3', '74', '2', '1'), ('868', '4', '74', '2', '1'), ('869', '5', '74', '0', '1'), ('870', '6', '74', '2', '1'), ('871', '7', '74', '2', '1'), ('872', '8', '74', '0', '1'), ('873', '9', '74', '0', '1'), ('874', '10', '74', '0', '1'), ('875', '11', '74', '2', '1'), ('876', '1', '75', '2', '1'), ('877', '2', '75', '1', '1'), ('878', '3', '75', '2', '1'), ('879', '4', '75', '2', '1'), ('880', '5', '75', '0', '1'), ('881', '6', '75', '2', '1'), ('882', '7', '75', '0', '1'), ('883', '8', '75', '0', '1'), ('884', '9', '75', '2', '1'), ('885', '10', '75', '0', '1'), ('886', '11', '75', '0', '1'), ('887', '1', '76', '2', '1'), ('888', '2', '76', '2', '1'), ('889', '3', '76', '0', '1'), ('890', '4', '76', '2', '1'), ('891', '5', '76', '1', '1'), ('892', '6', '76', '0', '1'), ('893', '7', '76', '1', '1'), ('894', '8', '76', '2', '1'), ('895', '9', '76', '2', '1'), ('896', '10', '76', '2', '1'), ('897', '11', '76', '0', '1'), ('898', '1', '77', '2', '1'), ('899', '2', '77', '0', '1'), ('900', '3', '77', '1', '1'), ('901', '4', '77', '2', '1'), ('902', '5', '77', '0', '1'), ('903', '6', '77', '2', '1'), ('904', '7', '77', '2', '1'), ('905', '8', '77', '2', '1'), ('906', '9', '77', '1', '1'), ('907', '10', '77', '2', '1'), ('908', '11', '77', '1', '1'), ('909', '1', '78', '0', '1'), ('910', '2', '78', '2', '1'), ('911', '3', '78', '1', '1'), ('912', '4', '78', '2', '1'), ('913', '5', '78', '0', '1'), ('914', '6', '78', '1', '1'), ('915', '7', '78', '1', '1'), ('916', '8', '78', '0', '1'), ('917', '9', '78', '2', '1'), ('918', '10', '78', '0', '1'), ('919', '11', '78', '1', '1'), ('920', '1', '79', '0', '1'), ('921', '2', '79', '1', '1'), ('922', '3', '79', '0', '1'), ('923', '4', '79', '0', '1'), ('924', '5', '79', '2', '1'), ('925', '6', '79', '0', '1'), ('926', '7', '79', '0', '1'), ('927', '8', '79', '0', '1'), ('928', '9', '79', '0', '1'), ('929', '10', '79', '2', '1'), ('930', '11', '79', '2', '1'), ('931', '1', '80', '2', '1'), ('932', '2', '80', '2', '1'), ('933', '3', '80', '2', '1'), ('934', '4', '80', '1', '1'), ('935', '5', '80', '0', '1'), ('936', '6', '80', '1', '1'), ('937', '7', '80', '0', '1'), ('938', '8', '80', '0', '1'), ('939', '9', '80', '1', '1'), ('940', '10', '80', '0', '1'), ('941', '11', '80', '2', '1'), ('942', '1', '81', '2', '1'), ('943', '2', '81', '1', '1'), ('944', '3', '81', '0', '1'), ('945', '4', '81', '1', '1'), ('946', '5', '81', '1', '1'), ('947', '6', '81', '0', '1'), ('948', '7', '81', '2', '1'), ('949', '8', '81', '0', '1'), ('950', '9', '81', '0', '1'), ('951', '10', '81', '0', '1'), ('952', '11', '81', '0', '1'), ('953', '1', '82', '1', '1'), ('954', '2', '82', '2', '1'), ('955', '3', '82', '1', '1'), ('956', '4', '82', '1', '1'), ('957', '5', '82', '1', '1'), ('958', '6', '82', '0', '1'), ('959', '7', '82', '1', '1'), ('960', '8', '82', '0', '1'), ('961', '9', '82', '2', '1'), ('962', '10', '82', '2', '1'), ('963', '11', '82', '0', '1'), ('964', '1', '83', '2', '1'), ('965', '2', '83', '1', '1'), ('966', '3', '83', '0', '1'), ('967', '4', '83', '0', '1'), ('968', '5', '83', '1', '1'), ('969', '6', '83', '0', '1'), ('970', '7', '83', '2', '1'), ('971', '8', '83', '2', '1'), ('972', '9', '83', '1', '1'), ('973', '10', '83', '2', '1'), ('974', '11', '83', '2', '1'), ('975', '1', '84', '1', '1'), ('976', '2', '84', '1', '1'), ('977', '3', '84', '2', '1'), ('978', '4', '84', '2', '1'), ('979', '5', '84', '2', '1'), ('980', '6', '84', '2', '1'), ('981', '7', '84', '2', '1'), ('982', '8', '84', '2', '1'), ('983', '9', '84', '0', '1'), ('984', '10', '84', '2', '1'), ('985', '11', '84', '0', '1'), ('986', '1', '85', '2', '1'), ('987', '2', '85', '1', '1'), ('988', '3', '85', '2', '1'), ('989', '4', '85', '1', '1'), ('990', '5', '85', '2', '1'), ('991', '6', '85', '0', '1'), ('992', '7', '85', '1', '1'), ('993', '8', '85', '2', '1'), ('994', '9', '85', '1', '1'), ('995', '10', '85', '1', '1'), ('996', '11', '85', '1', '1'), ('997', '1', '86', '0', '1'), ('998', '2', '86', '1', '1'), ('999', '3', '86', '2', '1'), ('1000', '4', '86', '2', '1'), ('1001', '5', '86', '0', '1'), ('1002', '6', '86', '2', '1'), ('1003', '7', '86', '1', '1'), ('1004', '8', '86', '0', '1'), ('1005', '9', '86', '2', '1'), ('1006', '10', '86', '0', '1'), ('1007', '11', '86', '1', '1'), ('1008', '1', '87', '0', '1'), ('1009', '2', '87', '2', '1'), ('1010', '3', '87', '0', '1'), ('1011', '4', '87', '0', '1'), ('1012', '5', '87', '1', '1'), ('1013', '6', '87', '1', '1'), ('1014', '7', '87', '0', '1'), ('1015', '8', '87', '1', '1'), ('1016', '9', '87', '0', '1'), ('1017', '10', '87', '1', '1'), ('1018', '11', '87', '2', '1'), ('1019', '1', '88', '1', '1'), ('1020', '2', '88', '2', '1'), ('1021', '3', '88', '0', '1'), ('1022', '4', '88', '1', '1'), ('1023', '5', '88', '1', '1'), ('1024', '6', '88', '2', '1'), ('1025', '7', '88', '2', '1'), ('1026', '8', '88', '2', '1'), ('1027', '9', '88', '2', '1'), ('1028', '10', '88', '2', '1'), ('1029', '11', '88', '1', '1'), ('1030', '1', '89', '1', '1'), ('1031', '2', '89', '1', '1'), ('1032', '3', '89', '0', '1'), ('1033', '4', '89', '0', '1'), ('1034', '5', '89', '2', '1'), ('1035', '6', '89', '2', '1'), ('1036', '7', '89', '2', '1'), ('1037', '8', '89', '0', '1'), ('1038', '9', '89', '0', '1'), ('1039', '10', '89', '0', '1'), ('1040', '11', '89', '2', '1'), ('1041', '1', '90', '2', '1'), ('1042', '2', '90', '2', '1'), ('1043', '3', '90', '0', '1'), ('1044', '4', '90', '2', '1'), ('1045', '5', '90', '2', '1'), ('1046', '6', '90', '1', '1'), ('1047', '7', '90', '2', '1'), ('1048', '8', '90', '2', '1'), ('1049', '9', '90', '1', '1'), ('1050', '10', '90', '0', '1'), ('1051', '11', '90', '1', '1'), ('1052', '1', '91', '1', '1'), ('1053', '2', '91', '1', '1'), ('1054', '3', '91', '2', '1'), ('1055', '4', '91', '2', '1'), ('1056', '5', '91', '0', '1'), ('1057', '6', '91', '2', '1'), ('1058', '7', '91', '1', '1'), ('1059', '8', '91', '1', '1'), ('1060', '9', '91', '0', '1'), ('1061', '10', '91', '1', '1'), ('1062', '11', '91', '0', '1'), ('1063', '1', '92', '1', '1'), ('1064', '2', '92', '0', '1'), ('1065', '3', '92', '0', '1'), ('1066', '4', '92', '2', '1'), ('1067', '5', '92', '0', '1'), ('1068', '6', '92', '2', '1'), ('1069', '7', '92', '0', '1'), ('1070', '8', '92', '0', '1'), ('1071', '9', '92', '0', '1'), ('1072', '10', '92', '0', '1'), ('1073', '11', '92', '1', '1'), ('1074', '1', '93', '1', '1'), ('1075', '2', '93', '1', '1'), ('1076', '3', '93', '1', '1'), ('1077', '4', '93', '1', '1'), ('1078', '5', '93', '2', '1'), ('1079', '6', '93', '0', '1'), ('1080', '7', '93', '0', '1'), ('1081', '8', '93', '0', '1'), ('1082', '9', '93', '1', '1'), ('1083', '10', '93', '1', '1'), ('1084', '11', '93', '2', '1'), ('1085', '1', '94', '1', '1'), ('1086', '2', '94', '2', '1'), ('1087', '3', '94', '0', '1'), ('1088', '4', '94', '1', '1'), ('1089', '5', '94', '2', '1'), ('1090', '6', '94', '1', '1'), ('1091', '7', '94', '2', '1'), ('1092', '8', '94', '0', '1'), ('1093', '9', '94', '2', '1'), ('1094', '10', '94', '1', '1'), ('1095', '11', '94', '0', '1'), ('1096', '1', '95', '0', '1'), ('1097', '2', '95', '1', '1'), ('1098', '3', '95', '0', '1'), ('1099', '4', '95', '0', '1'), ('1100', '5', '95', '1', '1'), ('1101', '6', '95', '1', '1'), ('1102', '7', '95', '0', '1'), ('1103', '8', '95', '2', '1'), ('1104', '9', '95', '0', '1'), ('1105', '10', '95', '0', '1'), ('1106', '11', '95', '0', '1'), ('1107', '1', '96', '0', '1'), ('1108', '2', '96', '0', '1'), ('1109', '3', '96', '2', '1'), ('1110', '4', '96', '1', '1'), ('1111', '5', '96', '2', '1'), ('1112', '6', '96', '2', '1'), ('1113', '7', '96', '1', '1'), ('1114', '8', '96', '0', '1'), ('1115', '9', '96', '0', '1'), ('1116', '10', '96', '2', '1'), ('1117', '11', '96', '2', '1'), ('1118', '1', '97', '0', '1'), ('1119', '2', '97', '1', '1'), ('1120', '3', '97', '2', '1'), ('1121', '4', '97', '2', '1'), ('1122', '5', '97', '1', '1'), ('1123', '6', '97', '1', '1'), ('1124', '7', '97', '2', '1'), ('1125', '8', '97', '0', '1'), ('1126', '9', '97', '2', '1'), ('1127', '10', '97', '2', '1'), ('1128', '11', '97', '2', '1'), ('1129', '1', '98', '1', '1'), ('1130', '2', '98', '2', '1'), ('1131', '3', '98', '2', '1'), ('1132', '4', '98', '0', '1'), ('1133', '5', '98', '0', '1'), ('1134', '6', '98', '2', '1'), ('1135', '7', '98', '2', '1'), ('1136', '8', '98', '2', '1'), ('1137', '9', '98', '0', '1'), ('1138', '10', '98', '1', '1'), ('1139', '11', '98', '2', '1'), ('1140', '1', '99', '0', '1'), ('1141', '2', '99', '2', '1'), ('1142', '3', '99', '0', '1'), ('1143', '4', '99', '0', '1'), ('1144', '5', '99', '1', '1'), ('1145', '6', '99', '1', '1'), ('1146', '7', '99', '0', '1'), ('1147', '8', '99', '0', '1'), ('1148', '9', '99', '1', '1'), ('1149', '10', '99', '2', '1'), ('1150', '11', '99', '2', '1'), ('1151', '1', '100', '1', '1'), ('1152', '2', '100', '0', '1'), ('1153', '3', '100', '2', '1'), ('1154', '4', '100', '1', '1'), ('1155', '5', '100', '1', '1'), ('1156', '6', '100', '0', '1'), ('1157', '7', '100', '2', '1'), ('1158', '8', '100', '1', '1'), ('1159', '9', '100', '2', '1'), ('1160', '10', '100', '0', '1'), ('1161', '11', '100', '0', '1'), ('1162', '1', '101', '0', '1'), ('1163', '2', '101', '0', '1'), ('1164', '3', '101', '1', '1'), ('1165', '4', '101', '0', '1'), ('1166', '5', '101', '2', '1'), ('1167', '6', '101', '1', '1'), ('1168', '7', '101', '1', '1'), ('1169', '8', '101', '1', '1'), ('1170', '9', '101', '0', '1'), ('1171', '10', '101', '0', '1'), ('1172', '11', '101', '2', '1'), ('1173', '1', '102', '0', '1'), ('1174', '2', '102', '2', '1'), ('1175', '3', '102', '0', '1'), ('1176', '4', '102', '2', '1'), ('1177', '5', '102', '1', '1'), ('1178', '6', '102', '2', '1'), ('1179', '7', '102', '2', '1'), ('1180', '8', '102', '1', '1'), ('1181', '9', '102', '1', '1'), ('1182', '10', '102', '2', '1'), ('1183', '11', '102', '0', '1'), ('1184', '1', '103', '1', '1'), ('1185', '2', '103', '1', '1'), ('1186', '3', '103', '2', '1'), ('1187', '4', '103', '1', '1'), ('1188', '5', '103', '1', '1'), ('1189', '6', '103', '0', '1'), ('1190', '7', '103', '1', '1'), ('1191', '8', '103', '0', '1'), ('1192', '9', '103', '2', '1'), ('1193', '10', '103', '2', '1'), ('1194', '11', '103', '2', '1'), ('1195', '1', '104', '1', '1'), ('1196', '2', '104', '2', '1'), ('1197', '3', '104', '2', '1'), ('1198', '4', '104', '2', '1'), ('1199', '5', '104', '1', '1'), ('1200', '6', '104', '0', '1'), ('1201', '7', '104', '2', '1'), ('1202', '8', '104', '0', '1'), ('1203', '9', '104', '2', '1'), ('1204', '10', '104', '1', '1'), ('1205', '11', '104', '2', '1'), ('1233', '1', '61', '3', '0.5'), ('1234', '2', '61', '3', '0.5'), ('1235', '3', '61', '1', '0.5'), ('1236', '4', '61', '1', '0.5'), ('1237', '5', '61', '2', '0.5'), ('1238', '6', '61', '2', '0.5'), ('1239', '7', '61', '1', '0.5'), ('1240', '8', '61', '3', '0.5'), ('1241', '9', '61', '2', '0.5'), ('1242', '10', '61', '1', '0.5'), ('1243', '11', '61', '3', '0.5'), ('1244', '1', '62', '3', '0.5'), ('1245', '2', '62', '1', '0.5'), ('1246', '3', '62', '3', '0.5'), ('1247', '4', '62', '3', '0.5'), ('1248', '5', '62', '3', '0.5'), ('1249', '6', '62', '2', '0.5'), ('1250', '7', '62', '1', '0.5'), ('1251', '8', '62', '2', '0.5'), ('1252', '9', '62', '3', '0.5'), ('1253', '10', '62', '1', '0.5'), ('1254', '11', '62', '2', '0.5'), ('1255', '1', '63', '2', '0.5'), ('1256', '2', '63', '3', '0.5'), ('1257', '3', '63', '3', '0.5'), ('1258', '4', '63', '2', '0.5'), ('1259', '5', '63', '2', '0.5'), ('1260', '6', '63', '1', '0.5'), ('1261', '7', '63', '1', '0.5'), ('1262', '8', '63', '1', '0.5'), ('1263', '9', '63', '2', '0.5'), ('1264', '10', '63', '3', '0.5'), ('1265', '11', '63', '3', '0.5'), ('1266', '1', '64', '2', '0.5'), ('1267', '2', '64', '3', '0.5'), ('1268', '3', '64', '3', '0.5'), ('1269', '4', '64', '3', '0.5'), ('1270', '5', '64', '1', '0.5'), ('1271', '6', '64', '1', '0.5'), ('1272', '7', '64', '3', '0.5'), ('1273', '8', '64', '2', '0.5'), ('1274', '9', '64', '2', '0.5'), ('1275', '10', '64', '3', '0.5'), ('1276', '11', '64', '2', '0.5'), ('1277', '1', '65', '2', '0.5'), ('1278', '2', '65', '2', '0.5'), ('1279', '3', '65', '3', '0.5'), ('1280', '4', '65', '2', '0.5'), ('1281', '5', '65', '3', '0.5'), ('1282', '6', '65', '3', '0.5'), ('1283', '7', '65', '1', '0.5'), ('1284', '8', '65', '1', '0.5'), ('1285', '9', '65', '2', '0.5'), ('1286', '10', '65', '2', '0.5'), ('1287', '11', '65', '1', '0.5'), ('1288', '1', '66', '1', '0.5'), ('1289', '2', '66', '1', '0.5'), ('1290', '3', '66', '2', '0.5'), ('1291', '4', '66', '2', '0.5'), ('1292', '5', '66', '1', '0.5'), ('1293', '6', '66', '1', '0.5'), ('1294', '7', '66', '2', '0.5'), ('1295', '8', '66', '2', '0.5'), ('1296', '9', '66', '3', '0.5'), ('1297', '10', '66', '2', '0.5'), ('1298', '11', '66', '3', '0.5'), ('1299', '1', '67', '3', '0.5'), ('1300', '2', '67', '1', '0.5'), ('1301', '3', '67', '2', '0.5'), ('1302', '4', '67', '1', '0.5'), ('1303', '5', '67', '3', '0.5'), ('1304', '6', '67', '2', '0.5'), ('1305', '7', '67', '1', '0.5'), ('1306', '8', '67', '1', '0.5'), ('1307', '9', '67', '1', '0.5'), ('1308', '10', '67', '3', '0.5'), ('1309', '11', '67', '1', '0.5'), ('1310', '1', '68', '1', '0.5'), ('1311', '2', '68', '3', '0.5'), ('1312', '3', '68', '1', '0.5'), ('1313', '4', '68', '2', '0.5'), ('1314', '5', '68', '2', '0.5'), ('1315', '6', '68', '3', '0.5'), ('1316', '7', '68', '3', '0.5'), ('1317', '8', '68', '2', '0.5'), ('1318', '9', '68', '2', '0.5'), ('1319', '10', '68', '2', '0.5'), ('1320', '11', '68', '1', '0.5'), ('1321', '1', '69', '1', '0.5'), ('1322', '2', '69', '2', '0.5'), ('1323', '3', '69', '3', '0.5'), ('1324', '4', '69', '3', '0.5'), ('1325', '5', '69', '1', '0.5'), ('1326', '6', '69', '3', '0.5'), ('1327', '7', '69', '3', '0.5'), ('1328', '8', '69', '2', '0.5'), ('1329', '9', '69', '1', '0.5'), ('1330', '10', '69', '2', '0.5'), ('1331', '11', '69', '1', '0.5'), ('1332', '1', '70', '2', '0.5');
COMMIT;

-- ----------------------------
--  Table structure for `outcome_event`
-- ----------------------------
DROP TABLE IF EXISTS `outcome_event`;
CREATE TABLE `outcome_event` (
  `id` int(11) NOT NULL AUTO_INCREMENT,
  `outcome_id` int(11) NOT NULL,
  `member_id` int(11) NOT NULL,
  `occurred` datetime NOT NULL,
  `name` varchar(100) NOT NULL,
  `category` varchar(100) NOT NULL,
  PRIMARY KEY (`id`,`outcome_id`),
  UNIQUE KEY `unique_id` (`id`),
  KEY `outcome_id_index` (`outcome_id`),
  KEY `member_id_index` (`member_id`),
  CONSTRAINT `outcome_event_ibfk_1` FOREIGN KEY (`outcome_id`) REFERENCES `outcome` (`id`),
  CONSTRAINT `outcome_event_ibfk_2` FOREIGN KEY (`member_id`) REFERENCES `member` (`id`)
) ENGINE=InnoDB AUTO_INCREMENT=237 DEFAULT CHARSET=utf8 ROW_FORMAT=COMPACT;

-- ----------------------------
--  Records of `outcome_event`
-- ----------------------------
BEGIN;
INSERT INTO `outcome_event` VALUES ('35', '10', '1', '2015-03-14 12:00:00', 'Customer Service Complaint', 'Code of Conduct'), ('36', '10', '2', '2015-03-14 12:00:00', 'Customer Service Complaint', 'Code of Conduct'), ('37', '10', '3', '2015-03-14 12:00:00', 'Customer Service Complaint', 'Code of Conduct'), ('38', '10', '4', '2015-03-14 12:00:00', 'Customer Service Complaint', 'Code of Conduct'), ('39', '10', '5', '2015-03-14 12:00:00', 'Customer Service Complaint', 'Code of Conduct'), ('40', '10', '6', '2015-03-14 12:00:00', 'Customer Service Complaint', 'Code of Conduct'), ('41', '10', '11', '2015-03-14 12:00:00', 'Customer Service Complaint', 'Code of Conduct'), ('42', '10', '12', '2015-03-14 12:00:00', 'Customer Service Complaint', 'Code of Conduct'), ('43', '10', '13', '2015-03-14 12:00:00', 'Customer Service Complaint', 'Code of Conduct'), ('44', '10', '14', '2015-03-14 12:00:00', 'Customer Service Complaint', 'Code of Conduct'), ('45', '10', '15', '2015-03-14 12:00:00', 'Customer Service Complaint', 'Code of Conduct'), ('46', '10', '7', '2015-03-14 12:00:00', 'Customer Service Complaint', 'Code of Conduct'), ('47', '10', '8', '2015-03-14 12:00:00', 'Customer Service Complaint', 'Code of Conduct'), ('48', '10', '9', '2015-03-14 12:00:00', 'Customer Service Complaint', 'Code of Conduct'), ('49', '10', '10', '2015-03-14 12:00:00', 'Customer Service Complaint', 'Code of Conduct'), ('50', '10', '16', '2015-03-14 12:00:00', 'Customer Service Complaint', 'Code of Conduct'), ('51', '10', '17', '2015-03-14 12:00:00', 'Customer Service Complaint', 'Code of Conduct'), ('52', '10', '18', '2015-03-14 12:00:00', 'Customer Service Complaint', 'Code of Conduct'), ('53', '10', '30', '2015-03-14 12:00:00', 'Customer Service Complaint', 'Code of Conduct'), ('54', '10', '20', '2015-03-14 12:00:00', 'Customer Service Complaint', 'Code of Conduct'), ('55', '10', '21', '2015-03-14 12:00:00', 'Customer Service Complaint', 'Code of Conduct'), ('56', '10', '22', '2015-03-14 12:00:00', 'Customer Service Complaint', 'Code of Conduct'), ('57', '10', '23', '2015-03-14 12:00:00', 'Customer Service Complaint', 'Code of Conduct'), ('58', '10', '24', '2015-03-14 12:00:00', 'Customer Service Complaint', 'Code of Conduct'), ('59', '10', '25', '2015-03-14 12:00:00', 'Customer Service Complaint', 'Code of Conduct'), ('60', '10', '26', '2015-03-14 12:00:00', 'Customer Service Complaint', 'Code of Conduct'), ('61', '10', '27', '2015-03-14 12:00:00', 'Customer Service Complaint', 'Code of Conduct'), ('62', '10', '28', '2015-03-14 12:00:00', 'Customer Service Complaint', 'Code of Conduct'), ('63', '10', '29', '2015-03-14 12:00:00', 'Customer Service Complaint', 'Code of Conduct'), ('66', '11', '1', '2015-03-14 12:00:00', 'Timeliness Complaint', 'Filling'), ('67', '11', '2', '2015-03-14 12:00:00', 'Timeliness Complaint', 'Filling'), ('68', '11', '3', '2015-03-14 12:00:00', 'Timeliness Complaint', 'Filling'), ('69', '11', '4', '2015-03-14 12:00:00', 'Timeliness Complaint', 'Filling'), ('70', '11', '5', '2015-03-14 12:00:00', 'Timeliness Complaint', 'Filling'), ('71', '11', '6', '2015-03-14 12:00:00', 'Timeliness Complaint', 'Filling'), ('72', '11', '11', '2015-03-14 12:00:00', 'Timeliness Complaint', 'Filling'), ('73', '11', '12', '2015-03-14 12:00:00', 'Timeliness Complaint', 'Filling'), ('74', '11', '13', '2015-03-14 12:00:00', 'Timeliness Complaint', 'Filling'), ('75', '11', '14', '2015-03-14 12:00:00', 'Timeliness Complaint', 'Filling'), ('76', '11', '15', '2015-03-14 12:00:00', 'Timeliness Complaint', 'Filling'), ('77', '11', '7', '2015-03-14 12:00:00', 'Timeliness Complaint', 'Filling'), ('78', '11', '8', '2015-03-14 12:00:00', 'Timeliness Complaint', 'Filling'), ('79', '11', '9', '2015-03-14 12:00:00', 'Timeliness Complaint', 'Filling'), ('80', '11', '10', '2015-03-14 12:00:00', 'Timeliness Complaint', 'Filling'), ('81', '11', '16', '2015-03-14 12:00:00', 'Timeliness Complaint', 'Filling'), ('82', '11', '17', '2015-03-14 12:00:00', 'Timeliness Complaint', 'Filling'), ('83', '11', '18', '2015-03-14 12:00:00', 'Timeliness Complaint', 'Filling'), ('84', '11', '30', '2015-03-14 12:00:00', 'Timeliness Complaint', 'Filling'), ('85', '11', '20', '2015-03-14 12:00:00', 'Timeliness Complaint', 'Filling'), ('86', '11', '21', '2015-03-14 12:00:00', 'Timeliness Complaint', 'Filling'), ('87', '11', '22', '2015-03-14 12:00:00', 'Timeliness Complaint', 'Filling'), ('88', '11', '23', '2015-03-14 12:00:00', 'Timeliness Complaint', 'Filling'), ('89', '11', '24', '2015-03-14 12:00:00', 'Timeliness Complaint', 'Filling'), ('90', '11', '25', '2015-03-14 12:00:00', 'Timeliness Complaint', 'Filling'), ('91', '11', '26', '2015-03-14 12:00:00', 'Timeliness Complaint', 'Filling'), ('92', '11', '27', '2015-03-14 12:00:00', 'Timeliness Complaint', 'Filling'), ('93', '11', '28', '2015-03-14 12:00:00', 'Timeliness Complaint', 'Filling'), ('94', '11', '29', '2015-03-14 12:00:00', 'Timeliness Complaint', 'Filling'), ('97', '1', '6', '2015-01-14 12:00:00', 'Incorrect Drug', 'Filling'), ('98', '1', '14', '2015-01-24 11:00:00', 'Incorrect Drug', 'Filling'), ('99', '1', '15', '2015-03-14 09:00:00', 'Incorrect Drug', 'Filling'), ('100', '1', '16', '2015-03-14 16:00:00', 'Incorrect Drug', 'Filling'), ('101', '8', '6', '2015-03-27 13:00:00', 'Incorrect Strength', 'Filling'), ('102', '8', '8', '2015-03-27 15:00:00', 'Incorrect Strength', 'Filling'), ('103', '8', '16', '2015-03-27 12:00:00', 'Incorrect Strength', 'Filling'), ('104', '2', '8', '2015-01-12 18:00:00', 'Incorrect DAW', 'Filling'), ('105', '2', '14', '2015-01-12 18:00:00', 'Incorrect DAW', 'Filling'), ('106', '2', '15', '2015-01-12 18:00:00', 'Incorrect DAW', 'Filling'), ('107', '2', '16', '2015-01-12 18:00:00', 'Incorrect DAW', 'Filling'), ('108', '9', '6', '2015-03-04 18:00:00', 'Incorrect Release Form', 'Filling'), ('109', '9', '8', '2015-02-18 18:00:00', 'Incorrect Release Form', 'Filling'), ('110', '9', '14', '2015-01-16 18:00:00', 'Incorrect Release Form', 'Filling'), ('111', '9', '15', '2015-01-16 18:00:00', 'Incorrect Release Form', 'Filling'), ('112', '8', '8', '2015-02-18 18:00:00', 'Incorrect Dosage Form', 'Filling'), ('113', '8', '14', '2015-01-16 18:00:00', 'Incorrect Dosage Form', 'Filling'), ('114', '8', '15', '2015-01-16 18:00:00', 'Incorrect Dosage Form', 'Filling'), ('115', '7', '8', '2015-02-22 10:00:00', 'Incorrect Directions', 'Entering'), ('116', '7', '6', '2015-01-19 15:00:00', 'Incorrect Directions', 'Entering'), ('117', '7', '14', '2015-01-08 01:00:00', 'Incorrect Directions', 'Entering'), ('118', '7', '16', '2015-01-10 11:00:00', 'Incorrect Directions', 'Entering'), ('119', '10', '16', '2015-12-31 20:42:02', 'Timeliness Complaint Events Event', 'Events'), ('120', '6', '15', '2015-12-31 20:42:02', 'Time-to Fill for Prescriptions Event', 'Events'), ('121', '7', '8', '2015-12-31 20:42:02', 'Incorrect Directions Events Event', 'Events'), ('122', '5', '15', '2015-12-31 20:42:02', 'Preventive Care Opportunities Missed Event', 'Events'), ('123', '11', '14', '2015-12-31 20:42:02', 'Customer Service Complaint Events Event', 'Events'), ('124', '4', '16', '2015-12-31 20:42:02', 'Missed Drug Interactions Event', 'Events'), ('125', '1', '16', '2015-12-31 20:42:02', 'Incorrect Drug Events Event', 'Events'), ('126', '8', '8', '2015-12-31 20:42:02', 'Incorrect Dosage Form Events Event', 'Events'), ('127', '9', '8', '2015-12-31 20:42:02', 'Incorrect Release Form Events Event', 'Events'), ('128', '7', '14', '2015-12-31 20:42:02', 'Incorrect Directions Events Event', 'Events'), ('129', '5', '8', '2015-12-31 20:42:02', 'Preventive Care Opportunities Missed Event', 'Events'), ('130', '6', '16', '2015-12-31 20:42:02', 'Time-to Fill for Prescriptions Event', 'Events'), ('131', '1', '15', '2015-12-31 20:42:02', 'Incorrect Drug Events Event', 'Events'), ('132', '3', '6', '2015-12-31 20:42:02', 'Customer Complaints about Staff Event', 'Events'), ('133', '11', '16', '2015-12-31 20:42:02', 'Customer Service Complaint Events Event', 'Events'), ('134', '7', '16', '2015-12-31 20:42:02', 'Incorrect Directions Events Event', 'Events'), ('135', '8', '15', '2015-12-31 20:42:02', 'Incorrect Dosage Form Events Event', 'Events'), ('136', '1', '6', '2015-12-31 20:42:02', 'Incorrect Drug Events Event', 'Events'), ('137', '1', '8', '2015-12-31 20:42:02', 'Incorrect Drug Events Event', 'Events'), ('138', '3', '16', '2015-12-31 20:42:02', 'Customer Complaints about Staff Event', 'Events'), ('139', '5', '14', '2015-12-31 20:42:02', 'Preventive Care Opportunities Missed Event', 'Events'), ('140', '4', '15', '2015-12-31 20:42:02', 'Missed Drug Interactions Event', 'Events'), ('141', '4', '6', '2015-12-31 20:42:02', 'Missed Drug Interactions Event', 'Events'), ('142', '5', '16', '2015-12-31 20:42:02', 'Preventive Care Opportunities Missed Event', 'Events'), ('143', '10', '14', '2015-12-31 20:42:02', 'Timeliness Complaint Events Event', 'Events'), ('144', '10', '15', '2015-12-31 20:42:02', 'Timeliness Complaint Events Event', 'Events'), ('145', '3', '14', '2015-12-31 20:42:02', 'Customer Complaints about Staff Event', 'Events'), ('146', '9', '14', '2015-12-31 20:42:02', 'Incorrect Release Form Events Event', 'Events'), ('147', '4', '14', '2015-12-31 20:42:02', 'Missed Drug Interactions Event', 'Events'), ('148', '5', '6', '2015-12-31 20:42:02', 'Preventive Care Opportunities Missed Event', 'Events'), ('149', '2', '8', '2015-12-31 20:42:02', 'Incorrect DAW Events Event', 'Events'), ('150', '8', '16', '2015-12-31 20:42:02', 'Incorrect Dosage Form Events Event', 'Events'), ('151', '2', '15', '2015-12-31 20:42:02', 'Incorrect DAW Events Event', 'Events'), ('152', '7', '15', '2015-12-31 20:42:02', 'Incorrect Directions Events Event', 'Events'), ('153', '8', '6', '2015-12-31 20:42:02', 'Incorrect Dosage Form Events Event', 'Events'), ('154', '6', '6', '2015-12-31 20:42:02', 'Time-to Fill for Prescriptions Event', 'Events'), ('155', '2', '14', '2015-12-31 20:42:02', 'Incorrect DAW Events Event', 'Events'), ('156', '1', '14', '2015-12-31 20:42:02', 'Incorrect Drug Events Event', 'Events'), ('157', '4', '8', '2015-12-31 20:42:02', 'Missed Drug Interactions Event', 'Events'), ('158', '11', '15', '2015-12-31 20:42:02', 'Customer Service Complaint Events Event', 'Events'), ('159', '7', '6', '2015-12-31 20:42:02', 'Incorrect Directions Events Event', 'Events'), ('160', '3', '15', '2015-12-31 20:42:02', 'Customer Complaints about Staff Event', 'Events'), ('161', '9', '6', '2015-12-31 20:42:02', 'Incorrect Release Form Events Event', 'Events'), ('162', '2', '16', '2015-12-31 20:42:02', 'Incorrect DAW Events Event', 'Events'), ('163', '11', '6', '2015-12-31 20:42:02', 'Customer Service Complaint Events Event', 'Events'), ('164', '10', '8', '2015-12-31 20:42:02', 'Timeliness Complaint Events Event', 'Events'), ('165', '3', '8', '2015-12-31 20:42:02', 'Customer Complaints about Staff Event', 'Events'), ('166', '9', '15', '2015-12-31 20:42:02', 'Incorrect Release Form Events Event', 'Events'), ('167', '9', '16', '2015-12-31 20:42:02', 'Incorrect Release Form Events Event', 'Events'), ('168', '11', '8', '2015-12-31 20:42:02', 'Customer Service Complaint Events Event', 'Events'), ('169', '10', '6', '2015-12-31 20:42:02', 'Timeliness Complaint Events Event', 'Events'), ('170', '8', '14', '2015-12-31 20:42:02', 'Incorrect Dosage Form Events Event', 'Events'), ('171', '6', '8', '2015-12-31 20:42:02', 'Time-to Fill for Prescriptions Event', 'Events'), ('172', '2', '6', '2015-12-31 20:42:02', 'Incorrect DAW Events Event', 'Events'), ('173', '6', '14', '2015-12-31 20:42:02', 'Time-to Fill for Prescriptions Event', 'Events'), ('182', '7', '16', '2015-12-31 20:43:07', 'Incorrect Directions Events Event', 'Events'), ('183', '6', '6', '2015-12-31 20:43:07', 'Time-to Fill for Prescriptions Event', 'Events'), ('184', '1', '8', '2015-12-31 20:43:07', 'Incorrect Drug Events Event', 'Events'), ('185', '11', '14', '2015-12-31 20:43:07', 'Customer Service Complaint Events Event', 'Events'), ('186', '10', '15', '2015-12-31 20:43:07', 'Timeliness Complaint Events Event', 'Events'), ('187', '8', '16', '2015-12-31 20:43:07', 'Incorrect Dosage Form Events Event', 'Events'), ('188', '9', '6', '2015-12-31 20:43:07', 'Incorrect Release Form Events Event', 'Events'), ('189', '1', '14', '2015-12-31 20:43:07', 'Incorrect Drug Events Event', 'Events'), ('190', '2', '15', '2015-12-31 20:43:07', 'Incorrect DAW Events Event', 'Events'), ('191', '8', '15', '2015-12-31 20:43:07', 'Incorrect Dosage Form Events Event', 'Events'), ('192', '4', '15', '2015-12-31 20:43:07', 'Missed Drug Interactions Event', 'Events'), ('193', '4', '16', '2015-12-31 20:43:07', 'Missed Drug Interactions Event', 'Events'), ('194', '8', '14', '2015-12-31 20:43:07', 'Incorrect Dosage Form Events Event', 'Events'), ('195', '6', '14', '2015-12-31 20:43:07', 'Time-to Fill for Prescriptions Event', 'Events'), ('196', '4', '6', '2015-12-31 20:43:07', 'Missed Drug Interactions Event', 'Events'), ('197', '6', '8', '2015-12-31 20:43:07', 'Time-to Fill for Prescriptions Event', 'Events'), ('198', '7', '6', '2015-12-31 20:43:07', 'Incorrect Directions Events Event', 'Events'), ('199', '2', '8', '2015-12-31 20:43:07', 'Incorrect DAW Events Event', 'Events'), ('200', '6', '15', '2015-12-31 20:43:07', 'Time-to Fill for Prescriptions Event', 'Events'), ('201', '5', '14', '2015-12-31 20:43:07', 'Preventive Care Opportunities Missed Event', 'Events'), ('202', '8', '6', '2015-12-31 20:43:07', 'Incorrect Dosage Form Events Event', 'Events'), ('203', '9', '8', '2015-12-31 20:43:07', 'Incorrect Release Form Events Event', 'Events'), ('204', '9', '14', '2015-12-31 20:43:07', 'Incorrect Release Form Events Event', 'Events'), ('205', '2', '16', '2015-12-31 20:43:07', 'Incorrect DAW Events Event', 'Events'), ('206', '3', '6', '2015-12-31 20:43:07', 'Customer Complaints about Staff Event', 'Events'), ('207', '1', '16', '2015-12-31 20:43:07', 'Incorrect Drug Events Event', 'Events'), ('208', '11', '8', '2015-12-31 20:43:07', 'Customer Service Complaint Events Event', 'Events'), ('209', '7', '14', '2015-12-31 20:43:07', 'Incorrect Directions Events Event', 'Events'), ('210', '5', '6', '2015-12-31 20:43:07', 'Preventive Care Opportunities Missed Event', 'Events'), ('211', '2', '6', '2015-12-31 20:43:07', 'Incorrect DAW Events Event', 'Events'), ('212', '11', '16', '2015-12-31 20:43:07', 'Customer Service Complaint Events Event', 'Events'), ('213', '4', '14', '2015-12-31 20:43:07', 'Missed Drug Interactions Event', 'Events'), ('214', '10', '14', '2015-12-31 20:43:07', 'Timeliness Complaint Events Event', 'Events'), ('215', '3', '14', '2015-12-31 20:43:07', 'Customer Complaints about Staff Event', 'Events'), ('216', '1', '15', '2015-12-31 20:43:07', 'Incorrect Drug Events Event', 'Events'), ('217', '9', '16', '2015-12-31 20:43:07', 'Incorrect Release Form Events Event', 'Events'), ('218', '8', '8', '2015-12-31 20:43:07', 'Incorrect Dosage Form Events Event', 'Events'), ('219', '5', '16', '2015-12-31 20:43:07', 'Preventive Care Opportunities Missed Event', 'Events'), ('220', '1', '6', '2015-12-31 20:43:07', 'Incorrect Drug Events Event', 'Events'), ('221', '5', '15', '2015-12-31 20:43:07', 'Preventive Care Opportunities Missed Event', 'Events'), ('222', '9', '15', '2015-12-31 20:43:07', 'Incorrect Release Form Events Event', 'Events'), ('223', '3', '16', '2015-12-31 20:43:07', 'Customer Complaints about Staff Event', 'Events'), ('224', '11', '6', '2015-12-31 20:43:07', 'Customer Service Complaint Events Event', 'Events'), ('225', '2', '14', '2015-12-31 20:43:07', 'Incorrect DAW Events Event', 'Events'), ('226', '10', '16', '2015-12-31 20:43:07', 'Timeliness Complaint Events Event', 'Events'), ('227', '6', '16', '2015-12-31 20:43:07', 'Time-to Fill for Prescriptions Event', 'Events'), ('228', '4', '8', '2015-12-31 20:43:07', 'Missed Drug Interactions Event', 'Events'), ('229', '7', '8', '2015-12-31 20:43:07', 'Incorrect Directions Events Event', 'Events'), ('230', '10', '8', '2015-12-31 20:43:07', 'Timeliness Complaint Events Event', 'Events'), ('231', '3', '15', '2015-12-31 20:43:07', 'Customer Complaints about Staff Event', 'Events'), ('232', '7', '15', '2015-12-31 20:43:07', 'Incorrect Directions Events Event', 'Events'), ('233', '11', '15', '2015-12-31 20:43:07', 'Customer Service Complaint Events Event', 'Events'), ('234', '3', '8', '2015-12-31 20:43:07', 'Customer Complaints about Staff Event', 'Events'), ('235', '10', '6', '2015-12-31 20:43:07', 'Timeliness Complaint Events Event', 'Events'), ('236', '5', '8', '2015-12-31 20:43:07', 'Preventive Care Opportunities Missed Event', 'Events');
COMMIT;

-- ----------------------------
--  Table structure for `plan_item`
-- ----------------------------
DROP TABLE IF EXISTS `plan_item`;
CREATE TABLE `plan_item` (
  `id` int(11) NOT NULL AUTO_INCREMENT,
  `module_id` int(11) DEFAULT NULL,
  `plan_item_status_id` char(1) DEFAULT NULL,
  `status_stamp` timestamp NOT NULL DEFAULT CURRENT_TIMESTAMP,
  `member_id` int(11) NOT NULL,
  `recommendation_id` int(11) DEFAULT NULL,
  `score` float NOT NULL DEFAULT '0',
  `rank` int(11) NOT NULL DEFAULT '0',
  PRIMARY KEY (`id`),
  UNIQUE KEY `unique_id` (`id`),
  KEY `learning_module_id_index` (`module_id`),
  KEY `member_id_index` (`member_id`),
  KEY `plan_item_status_id` (`plan_item_status_id`),
  KEY `plan_item_recommendation__fk` (`recommendation_id`),
  CONSTRAINT `plan_item_ibfk_1` FOREIGN KEY (`module_id`) REFERENCES `module` (`id`),
  CONSTRAINT `plan_item_ibfk_2` FOREIGN KEY (`member_id`) REFERENCES `member` (`id`),
  CONSTRAINT `plan_item_ibfk_3` FOREIGN KEY (`plan_item_status_id`) REFERENCES `plan_item_status` (`id`),
  CONSTRAINT `plan_item_recommendation__fk` FOREIGN KEY (`recommendation_id`) REFERENCES `recommendation` (`id`)
) ENGINE=InnoDB DEFAULT CHARSET=utf8 ROW_FORMAT=COMPACT;

-- ----------------------------
--  Table structure for `plan_item_status`
-- ----------------------------
DROP TABLE IF EXISTS `plan_item_status`;
CREATE TABLE `plan_item_status` (
  `id` char(1) NOT NULL,
  `name` varchar(25) NOT NULL,
  `description` varchar(4000) NOT NULL,
  `const_name` varchar(25) NOT NULL,
  PRIMARY KEY (`id`),
  UNIQUE KEY `unique_id` (`id`),
  UNIQUE KEY `unique_name` (`name`),
  UNIQUE KEY `unique_const_name` (`const_name`)
) ENGINE=InnoDB DEFAULT CHARSET=utf8 ROW_FORMAT=COMPACT;

-- ----------------------------
--  Records of `plan_item_status`
-- ----------------------------
BEGIN;
INSERT INTO `plan_item_status` VALUES ('C', 'Completed', 'Course completed by member.', 'COMPLETED'), ('E', 'Enrolled', 'Enrolled in course, or accepted by member.', 'ENROLLED'), ('R', 'Recommended', 'Recommended by the system.', 'RECOMMENDED'), ('W', 'Withdrawn', 'Enrolled, but withdrawn and will not complete.', 'WITHDRAWN');
COMMIT;

-- ----------------------------
--  Table structure for `question`
-- ----------------------------
DROP TABLE IF EXISTS `question`;
CREATE TABLE `question` (
  `id` int(11) NOT NULL AUTO_INCREMENT,
  `question_group_id` int(11) NOT NULL,
  `question_type_id` int(11) NOT NULL DEFAULT '0',
  `sort_order` int(11) NOT NULL,
  `number` varchar(40) DEFAULT NULL,
  `name` varchar(1024) DEFAULT NULL,
  `summary` varchar(500) DEFAULT NULL,
  `description` varchar(5000) DEFAULT NULL,
  `importance` int(11) NOT NULL DEFAULT '1',
  PRIMARY KEY (`id`),
  KEY `question_group_id_index` (`question_group_id`),
  KEY `question_type_id_index` (`question_type_id`),
  CONSTRAINT `question_ibfk_1` FOREIGN KEY (`question_group_id`) REFERENCES `question_group` (`id`)
) ENGINE=InnoDB AUTO_INCREMENT=105 DEFAULT CHARSET=utf8 ROW_FORMAT=COMPACT;

-- ----------------------------
--  Records of `question`
-- ----------------------------
BEGIN;
INSERT INTO `question` VALUES ('61', '10', '1', '1', '1', 'General Checks', 'Checks general condition approaching unit including leakage of coolants, fuel, and lubricants.', null, '1'), ('62', '10', '1', '2', '2', 'Under-the-hood Checks', 'Checks under hood  Oil levels, fluid levels, coolant, belts, steering, and general condition of compartment.', null, '1'), ('63', '10', '1', '3', '3', 'Circle Checks', 'Tires, lights, signals, trailer hookup, brake/light lines, body, doors, horn, and windshield wipers.', null, '1'), ('64', '10', '1', '4', '4', 'Air System Checks', 'Static and dynamic air loss, build time etc., brake action, tractor protection valve, parking brake, rolling test.', null, '1'), ('65', '10', '1', '5', '5', 'Emergency Equipment Checks', 'Checks jacks, tools, emergency warning devices, tire chains, fire extinguisher, spare fuses, 4 way flashers, flares.', null, '1'), ('66', '10', '1', '6', '6', 'Instrument Checks', 'Checks instruments and sets mirrors.', null, '1'), ('67', '10', '1', '7', '7', 'Visibility Checks', 'Cleans windshield.', null, '1'), ('68', '11', '1', '8', '1', 'Motor', '\n* Starts motor without difficulty\n* Allows proper warm-up\n* Understands gauges on instrument panel\n* Maintains proper engine speed\n* Has basic knowledge of motors  Gas/Diesel\n* No abuse of motor\n', null, '1'), ('69', '11', '1', '9', '1', 'Clutch and Transmission', '\n* Starts loaded unit smoothly\n* Uses clutch properly\n* Times shifting properly and shifts smoothly\n* Uses proper gear sequence\n', null, '1'), ('70', '11', '1', '10', '2', 'Brakes', '\n* Knows operating principals of air brakes\n* Proper use of tractor protection valve\n* Understands low air warning\n* Tests brakes before starting trip\n', null, '1'), ('71', '11', '1', '11', '3', 'Steering', '\n* Does not fight steering wheel\n* Does not allow truck to wander\n* Good driving posture\n* Maintains grip on wheel\n', null, '1'), ('72', '11', '1', '12', '4', 'Lights', '\n* Knows lighting regulations\n* Uses proper headlight beam\n* Dims lights when following or meeting traffic\n* Adjusts speed to range of headlights\n* Proper use of auxiliary lights\n', null, '1'), ('73', '12', '1', '13', '1', 'Line-up', 'Lines up units.', null, '1'), ('74', '12', '1', '14', '2', 'Brakes and Electric', 'Hooks brake and electric lines properly.', null, '1'), ('75', '12', '1', '15', '3', 'Anchoring', 'Secures trailer against movement.', null, '1'), ('76', '12', '1', '16', '4', 'Backing', 'Backs under slowly.', null, '1'), ('77', '12', '1', '17', '5', 'Testing', 'Tests hookup with power and visually.', null, '1'), ('78', '12', '1', '18', '6', 'Landing Gear', 'Handles landing gear properly.', null, '1'), ('79', '12', '1', '19', '7', 'Hookup', 'Proper hookup of full trailer.', null, '1'), ('80', '12', '1', '20', '8', 'Power Unit', 'Secures power unit against movement.', null, '1'), ('81', '13', '1', '21', '1', 'Backing', '\n* Gets out and checks before backing\n* Looks back as well as checks mirrors\n* Gets out to re-check on long back (over one truck length)\n* Avoids backing from blind side\n* Sounds horn when backing  before moving and every half truck length\n* Controls speed and direction when backing\n', null, '1'), ('82', '13', '1', '22', '2', 'Parking (City)', '\n* Does not take too many pull-ups\n* Does not hit nearby vehicles/stationary objects\n* Does not hit curb\n* Parks close to curb\n* Secures unit  sets park brake, puts in gear, blocks wheels, shuts off motor\n* Shoulder checks traffic conditions and/or signal when pulling out of parked position\n* Parks in legal and safe location\n', null, '1'), ('83', '13', '1', '23', '3', 'Parking (Road)', '\n* Parks off pavement\n* Avoids parking on soft shoulder\n* Uses emergency signals when needed\n* Secures unit properly\n', null, '1'), ('84', '14', '1', '24', '1', 'Ascending Gears', 'Uses gears properly when ascending.', null, '1'), ('85', '14', '1', '25', '2', 'Descending Gears', 'Gears down properly when descending.', null, '1'), ('86', '14', '1', '26', '3', 'Stopping/Restarting', 'Stops and re-starts without rolling backwards (no rollbacks).', null, '1'), ('87', '14', '1', '27', '4', 'Brake Tests', 'Tests brakes at top of hills.', null, '1'), ('88', '14', '1', '28', '5', 'Brake Use on Hills', 'Uses brakes properly on hills.', null, '1'), ('89', '14', '1', '29', '6', 'Mirror Use', 'Uses mirrors to monitor traffic at rear.', null, '1'), ('90', '14', '1', '30', '7', 'Signalling', 'Signals following traffic.', null, '1'), ('91', '14', '1', '31', '8', 'No Sudden Stopping', 'Avoids sudden stops.', null, '1'), ('92', '14', '1', '32', '9', 'Stopping Smoothly', 'Stops smoothly without excessive fanning.', null, '1'), ('93', '14', '1', '33', '10', 'Stopping When Required', 'Stops before crosswalk when coming out of driveway or alley.', null, '1'), ('94', '14', '1', '34', '11', 'Stopping Position', 'Stops  clear of pedestrian crosswalks.', null, '1'), ('95', '15', '1', '35', '1', 'Turning', '\n* Selects correct lane well in advance\n* Signals well in advance\n* Monitors traffic conditions and turns only when safe to proceed\n* Does not swing wide or cut short\n* Completes turn in correct lane\n', null, '1'), ('96', '15', '1', '36', '2', 'Traffic Signs and Signals', '\n* Approaches signal prepared to stop if needed (aware of stale green lights)\n* Does not violate traffic signal\n* Does not run yellow lights\n* Does not start up up too fast or too slow on green signal\n* Notices and heeds traffic signs\n* Does not STOP signs (crosses stop line without stopping first)\n', null, '1'), ('97', '15', '1', '37', '3', 'Intersections', '\n* Adjusts speed to permit stopping if required\n* Checks for cross traffic regardless of signals or signs\n* Yields right-of-way for safety\n', null, '1'), ('98', '15', '1', '38', '4', 'Grade Crossings', '\n* Adjusts speed to conditions\n* Makes safe stop if required\n* Selects proper gear\n', null, '1'), ('99', '15', '1', '39', '5', 'Passing', '\n* Passes with sufficient clear space ahead\n* Passes in safe locations only:  not on hill, curve, at intersection, etc.\n* Does not fail to signal lane change or change lanes too quickly (waits at least 4 signal flashes before moving)\n* Does not fail to warn driver being passed (sound horn, flash lights)\n* Does not tailgate, waiting chance to pass\n* Does not block traffic with slow pass\n* Does not cut in too short returning to right lane\n', null, '1'), ('100', '15', '1', '40', '6', 'Speed', '\n* Speed consistent with basic ability\n* Adjusts speed according to road, weather, traffic conditions or legal limits\n* Slows down for rough roads or crossings\n* Slows down in advance of curves, intersections, hazards, etc.\n* Maintains consistent speed\n', null, '1'), ('101', '15', '1', '41', '7', 'Courtesy and Safety', '\n* Does not depend on others for safety\n* Does not crowd other drivers or force way through (aggressive driving)\n* Allows faster traffic to pass\n* Keeps right and in own lane\n* Only necessary use of horn\n* Courteous and proper conduct\n', null, '1'), ('102', '16', '1', '42', '1', 'General Driving Habits and Ability', '\n* Uses seatbelt\n* Consistently alert and attentive, aware of changing traffic conditions\n* Reacts to changing conditions\n* Performs routine functions without taking eyes off road\n* Checks instruments regularly\n* Distracted by phone, radio, GPS\n* Willing to take instructions and suggestions\n* Adequate self-confidence in driving\n* Nervous, apprehensive\n* Easily angered\n* Complains too much\n* Professional personal appearance, manner\n* Good physical stamina\n', null, '1'), ('103', '16', '1', '43', '2', 'Freight Handling', '\n* Checks freight properly\n* Handles and loads freight properly\n* Handles bills properly\n* Breaks down load as required\n', null, '1'), ('104', '16', '1', '44', '3', 'Rules and Regulations', '\n* Knowledge of company rules\n* Knowledge of regulations: Federal, Provincial, local\n* Knowledge of special truck routes\n', null, '1');
COMMIT;

-- ----------------------------
--  Table structure for `question_choice`
-- ----------------------------
DROP TABLE IF EXISTS `question_choice`;
CREATE TABLE `question_choice` (
  `id` int(11) NOT NULL AUTO_INCREMENT,
  `question_type_id` int(11) NOT NULL,
  `sort_order` int(11) NOT NULL,
  `name` varchar(200) DEFAULT NULL,
  `value` varchar(500) DEFAULT NULL,
  `rubric` varchar(500) DEFAULT NULL,
  `icon_prefix` varchar(50) DEFAULT NULL,
  PRIMARY KEY (`id`),
  KEY `question_type_id_index` (`question_type_id`),
  CONSTRAINT `question_choice_ibfk_1` FOREIGN KEY (`question_type_id`) REFERENCES `question_type` (`id`)
) ENGINE=InnoDB AUTO_INCREMENT=10 DEFAULT CHARSET=utf8 ROW_FORMAT=COMPACT;

-- ----------------------------
--  Records of `question_choice`
-- ----------------------------
BEGIN;
INSERT INTO `question_choice` VALUES ('1', '1', '0', '-unset-', '-1', 'There is no response to this item.', 'levelBg'), ('2', '1', '1', 'Unacceptable', '0', 'The performance is not meeting the needs of the position.  Significant improvement is needed.', 'levelBg'), ('3', '1', '2', 'Needs Improvement', '1', 'Performance must improve somewhat to meet expectations.', 'levelBg'), ('4', '1', '3', 'Proficient', '2', 'Performance meets expectations.', 'levelBg'), ('5', '1', '4', 'Highly Proficient', '3', 'The level of performance exceeds expectations.', 'levelBg'), ('6', '2', '0', '-unset-', '-1', '', 'yesNoBg'), ('7', '2', '1', 'Yes', '2', 'Performance is satisfactory.', 'yesNoBg'), ('8', '2', '2', 'No', '1', 'Performance is not satisfactory.', 'yesNoBg'), ('9', '1', '5', 'Distinguished', '4', 'The level of performance is extraordinary, greatly exceeding expectations.', 'levelBg');
COMMIT;

-- ----------------------------
--  Table structure for `question_group`
-- ----------------------------
DROP TABLE IF EXISTS `question_group`;
CREATE TABLE `question_group` (
  `id` int(11) NOT NULL AUTO_INCREMENT,
  `instrument_id` int(11) NOT NULL,
  `tag` varchar(100) DEFAULT NULL,
  `number` varchar(40) DEFAULT NULL,
  `sort_order` int(11) NOT NULL DEFAULT '0',
  `summary` varchar(500) DEFAULT NULL,
  `description` varchar(5000) DEFAULT NULL,
  PRIMARY KEY (`id`),
  KEY `instrument_id_index` (`instrument_id`),
  CONSTRAINT `question_group_ibfk_1` FOREIGN KEY (`instrument_id`) REFERENCES `instrument` (`id`)
) ENGINE=InnoDB AUTO_INCREMENT=17 DEFAULT CHARSET=utf8 ROW_FORMAT=COMPACT;

-- ----------------------------
--  Records of `question_group`
-- ----------------------------
BEGIN;
INSERT INTO `question_group` VALUES ('10', '1', 'Pre-Trip Inspection', 'A', '1', null, null), ('11', '1', 'Placing Vehicle in Motion and Use of Controls', 'A', '2', null, null), ('12', '1', 'Coupling and Uncoupling', 'A', '3', null, null), ('13', '1', 'Backing and Parking', 'A', '4', null, null), ('14', '1', 'Slowing and Stopping', 'A', '5', null, null), ('15', '1', 'Traffic Operations', 'A', '6', null, null), ('16', '1', 'Miscellaneous', 'A', '7', null, null);
COMMIT;

-- ----------------------------
--  Table structure for `question_type`
-- ----------------------------
DROP TABLE IF EXISTS `question_type`;
CREATE TABLE `question_type` (
  `id` int(11) NOT NULL AUTO_INCREMENT,
  `name` varchar(200) NOT NULL,
  `summary` varchar(500) DEFAULT NULL,
  `min_range` double DEFAULT '0',
  `max_range` double DEFAULT '0',
  `entry_type` varchar(12) NOT NULL DEFAULT 'LIKERT',
  PRIMARY KEY (`id`),
  UNIQUE KEY `name` (`name`)
) ENGINE=InnoDB AUTO_INCREMENT=3 DEFAULT CHARSET=utf8 ROW_FORMAT=COMPACT;

-- ----------------------------
--  Records of `question_type`
-- ----------------------------
BEGIN;
INSERT INTO `question_type` VALUES ('1', 'LIKERT5', 'Likert scale, 0 t0 5.', '0', '5', 'LIKERT'), ('2', 'NAYesNo', 'N/A,Yes,No', '0', '2', 'YESNO');
COMMIT;

-- ----------------------------
--  Table structure for `recommendation`
-- ----------------------------
DROP TABLE IF EXISTS `recommendation`;
CREATE TABLE `recommendation` (
  `id` int(11) NOT NULL AUTO_INCREMENT,
  `member_id` int(11) NOT NULL,
  `created_on` timestamp NOT NULL DEFAULT CURRENT_TIMESTAMP,
  `assessment_id` int(11) NOT NULL,
  PRIMARY KEY (`id`),
  UNIQUE KEY `id` (`id`),
  KEY `member_id` (`member_id`),
  KEY `assessment_id` (`assessment_id`),
  CONSTRAINT `recommendation_ibfk_1` FOREIGN KEY (`member_id`) REFERENCES `member` (`id`),
  CONSTRAINT `recommendation_ibfk_2` FOREIGN KEY (`assessment_id`) REFERENCES `assessment` (`id`)
) ENGINE=InnoDB DEFAULT CHARSET=utf8 ROW_FORMAT=COMPACT;

-- ----------------------------
--  Table structure for `relationship`
-- ----------------------------
DROP TABLE IF EXISTS `relationship`;
CREATE TABLE `relationship` (
  `id` int(11) NOT NULL AUTO_INCREMENT,
  `superior_id` int(11) NOT NULL,
  `subordinate_id` int(11) NOT NULL,
  `relationship_type_id` char(1) NOT NULL DEFAULT 'S',
  PRIMARY KEY (`id`),
  UNIQUE KEY `id` (`id`)
) ENGINE=InnoDB AUTO_INCREMENT=2 DEFAULT CHARSET=utf8 ROW_FORMAT=COMPACT;

-- ----------------------------
--  Records of `relationship`
-- ----------------------------
BEGIN;
INSERT INTO `relationship` VALUES ('1', '4', '7', 'S');
COMMIT;

-- ----------------------------
--  Table structure for `relationship_type`
-- ----------------------------
DROP TABLE IF EXISTS `relationship_type`;
CREATE TABLE `relationship_type` (
  `id` char(1) NOT NULL,
  `name` varchar(25) NOT NULL,
  `superior_verb` varchar(25) NOT NULL,
  `subordinate_verb` varchar(25) NOT NULL,
  PRIMARY KEY (`id`),
  UNIQUE KEY `id` (`id`)
) ENGINE=InnoDB DEFAULT CHARSET=utf8 ROW_FORMAT=COMPACT;

-- ----------------------------
--  Records of `relationship_type`
-- ----------------------------
BEGIN;
INSERT INTO `relationship_type` VALUES ('S', 'Supervisor', 'Supervise', 'Works for');
COMMIT;

-- ----------------------------
--  Table structure for `resource`
-- ----------------------------
DROP TABLE IF EXISTS `resource`;
CREATE TABLE `resource` (
  `id` int(11) NOT NULL AUTO_INCREMENT,
  `resource_type_id` char(1) DEFAULT 'T',
  `role_ids` varchar(10) DEFAULT 'PM',
  `number` varchar(40) DEFAULT NULL,
  `name` varchar(200) DEFAULT NULL,
  `location` varchar(500) DEFAULT NULL,
  `summary` varchar(5000) DEFAULT NULL,
  `description` varchar(5000) DEFAULT NULL,
  `creator_id` int(11) DEFAULT NULL,
  `create_on` timestamp NOT NULL DEFAULT CURRENT_TIMESTAMP,
  `last_modified` timestamp NOT NULL DEFAULT CURRENT_TIMESTAMP,
  PRIMARY KEY (`id`),
  KEY `resource_type_id` (`resource_type_id`),
  KEY `resource_user__fk` (`creator_id`),
  CONSTRAINT `resource_ibfk_1` FOREIGN KEY (`resource_type_id`) REFERENCES `resource_type` (`id`),
  CONSTRAINT `resource_user__fk` FOREIGN KEY (`creator_id`) REFERENCES `member` (`id`)
) ENGINE=InnoDB AUTO_INCREMENT=32 DEFAULT CHARSET=utf8 ROW_FORMAT=COMPACT;

-- ----------------------------
--  Records of `resource`
-- ----------------------------
BEGIN;
INSERT INTO `resource` VALUES ('1', 'T', 'PM', 'TRD-00001', 'Accident Procedures', 'http://www.ryderfleetproducts.com/Accident-Procedures-Online-Training-ot-TRD-00001', 'Covers procedures and methods for handling an accident scene.', 'Covers procedures and methods for handling an accident scene.', null, '2015-10-26 15:53:38', '2015-10-26 15:53:38'), ('2', 'T', 'PM', 'TRD-00002', 'Air Brakes', null, 'This module provides comprehensive coverage regarding Air Brakes.', 'This module provides comprehensive coverage regarding Air Brakes.', null, '2015-10-26 15:53:38', '2015-10-26 15:53:38'), ('3', 'T', 'PM', 'TRD-00003', 'Backing & Docking', null, 'This module provides comprehensive coverage regarding Backing & Docking.', 'This module provides comprehensive coverage regarding Backing & Docking.', null, '2015-10-26 15:53:38', '2015-10-26 15:53:38'), ('4', 'T', 'PM', 'TRD-00004', 'Cargo Handling', null, 'This module provides comprehensive coverage regarding Cargo Handling.', 'This module provides comprehensive coverage regarding Cargo Handling.', null, '2015-10-26 15:53:38', '2015-10-26 15:53:38'), ('5', 'T', 'PM', 'TRD-00005', 'Cargo Security', null, 'This module provides comprehensive coverage regarding Cargo Security.', 'This module provides comprehensive coverage regarding Cargo Security.', null, '2015-10-26 15:53:38', '2015-10-26 15:53:38'), ('6', 'T', 'PM', 'TRD-00006', 'Communication', null, 'This module provides comprehensive coverage regarding Communication.', 'This module provides comprehensive coverage regarding Communication.', null, '2015-10-26 15:53:38', '2015-10-26 15:53:38'), ('7', 'T', 'PM', 'TRD-00007', 'Counter-Terrorism', null, 'This module provides comprehensive coverage regarding Counter-Terrorism.', 'This module provides comprehensive coverage regarding Counter-Terrorism.', null, '2015-10-26 15:53:38', '2015-10-26 15:53:38'), ('8', 'T', 'PM', 'TRD-00008', 'Defensive Driving', null, 'This module provides comprehensive coverage regarding Defensive Driving.', 'This module provides comprehensive coverage regarding Defensive Driving.', null, '2015-10-26 15:53:38', '2015-10-26 15:53:38'), ('9', 'T', 'PM', 'TRD-00009', 'Driver Qualifications', null, 'This module provides comprehensive coverage regarding Driver Qualifications.', 'This module provides comprehensive coverage regarding Driver Qualifications.', null, '2015-10-26 15:53:38', '2015-10-26 15:53:38'), ('10', 'T', 'PM', 'TRD-00010', 'Driver Wellness', null, 'This module provides comprehensive coverage regarding Driver Wellness.', 'This module provides comprehensive coverage regarding Driver Wellness.', null, '2015-10-26 15:53:38', '2015-10-26 15:53:38'), ('11', 'T', 'PM', 'TRD-00011', 'Emergency Maneuvers', null, 'This module provides comprehensive coverage regarding Emergency Maneuvers.', 'This module provides comprehensive coverage regarding Emergency Maneuvers.', null, '2015-10-26 15:53:38', '2015-10-26 15:53:38'), ('12', 'T', 'PM', 'TRD-00012', 'The Environment', null, 'This module provides comprehensive coverage regarding The Environment.', 'This module provides comprehensive coverage regarding The Environment.', null, '2015-10-26 15:53:38', '2015-10-26 15:53:38'), ('14', 'T', 'PM', 'TRD-00014', 'Extreme Conditions I', null, 'This module provides comprehensive coverage regarding Extreme Conditions I.', 'This module provides comprehensive coverage regarding Extreme Conditions I.', '1', '2015-12-31 20:36:27', '2015-12-31 20:36:27'), ('15', 'T', 'PM', 'TRD-00015', 'Extreme Conditions II', null, 'This module provides comprehensive coverage regarding Extreme Conditions II.', 'This module provides comprehensive coverage regarding Extreme Conditions II.', '1', '2015-12-31 20:36:27', '2015-12-31 20:36:27'), ('16', 'T', 'PM', 'TRD-00016', 'Extreme Conditions III', null, 'This module provides comprehensive coverage regarding Extreme Conditions III.', 'This module provides comprehensive coverage regarding Extreme Conditions III.', '1', '2015-12-31 20:36:27', '2015-12-31 20:36:27'), ('17', 'T', 'PM', 'TRD-00017', 'Fuel Management', null, 'This module provides comprehensive coverage regarding Fuel Management.', 'This module provides comprehensive coverage regarding Fuel Management.', '1', '2015-12-31 20:36:27', '2015-12-31 20:36:27'), ('18', 'T', 'PM', 'TRD-00018', 'HazMat', null, 'This module provides comprehensive coverage regarding HazMat.', 'This module provides comprehensive coverage regarding HazMat.', '1', '2015-12-31 20:36:27', '2015-12-31 20:36:27'), ('19', 'T', 'PM', 'TRD-00148', 'Hours of Service', 'http://www.ryderfleetproducts.com/hours-of-service-online-training-ot-trd-00148', 'Discusses HOS regulations. covers the hours a driver is allowed to drive and work each shift; mandatory off duty times between shifts; preparation and filing of logs and compliance with regulations. (with or without sleeper berths)\n      Approximately 30 minutes of training time.', 'Discusses HOS regulations. covers the hours a driver is allowed to drive and work each shift; mandatory off duty times between shifts; preparation and filing of logs and compliance with regulations. (with or without sleeper berths)\n      Approximately 30 minutes of training time.', '1', '2015-12-31 20:36:27', '2015-12-31 20:36:27'), ('20', 'T', 'PM', 'TRD-00020', 'Logbooks', null, 'This module provides comprehensive coverage regarding Logbooks.', 'This module provides comprehensive coverage regarding Logbooks.', '1', '2015-12-31 20:36:27', '2015-12-31 20:36:27'), ('21', 'T', 'PM', 'TRD-00021', 'Malfunctions', null, 'This module provides comprehensive coverage regarding Malfunctions.', 'This module provides comprehensive coverage regarding Malfunctions.', '1', '2015-12-31 20:36:27', '2015-12-31 20:36:27'), ('22', 'T', 'PM', 'TRD-00022', 'Night Driving', null, 'This module provides comprehensive coverage regarding Night Driving.', 'This module provides comprehensive coverage regarding Night Driving.', '1', '2015-12-31 20:36:27', '2015-12-31 20:36:27'), ('23', 'T', 'PM', 'TRD-00023', 'Pre-Trip', null, 'This module provides comprehensive coverage regarding Pre-Trip.', 'This module provides comprehensive coverage regarding Pre-Trip.', '1', '2015-12-31 20:36:27', '2015-12-31 20:36:27'), ('24', 'T', 'PM', 'TRD-00024', 'Preventive Maintenance', null, 'This module provides comprehensive coverage regarding Preventive Maintenance.', 'This module provides comprehensive coverage regarding Preventive Maintenance.', '1', '2015-12-31 20:36:27', '2015-12-31 20:36:27'), ('25', 'T', 'PM', 'TRD-00025', 'Skid Control', null, 'This module provides comprehensive coverage regarding Skid Control.', 'This module provides comprehensive coverage regarding Skid Control.', '1', '2015-12-31 20:36:27', '2015-12-31 20:36:27'), ('26', 'T', 'PM', 'TRD-00026', 'Space Management', null, 'This module provides comprehensive coverage regarding Space Management.', 'This module provides comprehensive coverage regarding Space Management.', '1', '2015-12-31 20:36:27', '2015-12-31 20:36:27'), ('27', 'T', 'PM', 'TRD-00027', 'Speed Management', null, 'This module provides comprehensive coverage regarding Speed Management.', 'This module provides comprehensive coverage regarding Speed Management.', '1', '2015-12-31 20:36:27', '2015-12-31 20:36:27'), ('28', 'T', 'PM', 'TRD-00028', 'Trip Planning', null, 'This module provides comprehensive coverage regarding Trip Planning.', 'This module provides comprehensive coverage regarding Trip Planning.', '1', '2015-12-31 20:36:27', '2015-12-31 20:36:27'), ('29', 'T', 'PM', 'TRD-00029', 'Visual Search', null, 'This module provides comprehensive coverage regarding Visual Search.', 'This module provides comprehensive coverage regarding Visual Search.', '1', '2015-12-31 20:36:27', '2015-12-31 20:36:27'), ('30', 'T', 'PM', 'TRD-00030', 'Whistleblower', null, 'This module provides comprehensive coverage regarding Whistleblower.', 'This module provides comprehensive coverage regarding Whistleblower.', '1', '2015-12-31 20:36:27', '2015-12-31 20:36:27'), ('31', 'T', 'PM', 'TRD-00031', 'Workplace Safety', null, 'This module provides comprehensive coverage regarding Workplace Safety.', 'This module provides comprehensive coverage regarding Workplace Safety.', '1', '2015-12-31 20:36:28', '2015-12-31 20:36:28');
COMMIT;

-- ----------------------------
--  Table structure for `resource_alignment`
-- ----------------------------
DROP TABLE IF EXISTS `resource_alignment`;
CREATE TABLE `resource_alignment` (
  `id` int(11) NOT NULL AUTO_INCREMENT,
  `resource_id` int(11) NOT NULL,
  `question_id` int(11) NOT NULL,
  PRIMARY KEY (`id`),
  KEY `resource_id_index` (`resource_id`),
  KEY `question_id_index` (`question_id`),
  CONSTRAINT `resource_alignment_ibfk_1` FOREIGN KEY (`resource_id`) REFERENCES `resource` (`id`),
  CONSTRAINT `resource_alignment_ibfk_2` FOREIGN KEY (`question_id`) REFERENCES `question` (`id`)
) ENGINE=InnoDB AUTO_INCREMENT=1041 DEFAULT CHARSET=utf8 ROW_FORMAT=COMPACT;

-- ----------------------------
--  Records of `resource_alignment`
-- ----------------------------
BEGIN;
INSERT INTO `resource_alignment` VALUES ('557', '1', '61'), ('558', '2', '61'), ('559', '3', '61'), ('560', '4', '61'), ('561', '5', '61'), ('562', '6', '61'), ('563', '7', '61'), ('564', '8', '61'), ('565', '9', '61'), ('566', '10', '61'), ('567', '11', '61'), ('568', '1', '62'), ('569', '2', '62'), ('570', '3', '62'), ('571', '4', '62'), ('572', '5', '62'), ('573', '6', '62'), ('574', '7', '62'), ('575', '8', '62'), ('576', '9', '62'), ('577', '10', '62'), ('578', '11', '62'), ('579', '1', '63'), ('580', '2', '63'), ('581', '3', '63'), ('582', '4', '63'), ('583', '5', '63'), ('584', '6', '63'), ('585', '7', '63'), ('586', '8', '63'), ('587', '9', '63'), ('588', '10', '63'), ('589', '11', '63'), ('590', '1', '64'), ('591', '2', '64'), ('592', '3', '64'), ('593', '4', '64'), ('594', '5', '64'), ('595', '6', '64'), ('596', '7', '64'), ('597', '8', '64'), ('598', '9', '64'), ('599', '10', '64'), ('600', '11', '64'), ('601', '1', '65'), ('602', '2', '65'), ('603', '3', '65'), ('604', '4', '65'), ('605', '5', '65'), ('606', '6', '65'), ('607', '7', '65'), ('608', '8', '65'), ('609', '9', '65'), ('610', '10', '65'), ('611', '11', '65'), ('612', '1', '66'), ('613', '2', '66'), ('614', '3', '66'), ('615', '4', '66'), ('616', '5', '66'), ('617', '6', '66'), ('618', '7', '66'), ('619', '8', '66'), ('620', '9', '66'), ('621', '10', '66'), ('622', '11', '66'), ('623', '1', '67'), ('624', '2', '67'), ('625', '3', '67'), ('626', '4', '67'), ('627', '5', '67'), ('628', '6', '67'), ('629', '7', '67'), ('630', '8', '67'), ('631', '9', '67'), ('632', '10', '67'), ('633', '11', '67'), ('634', '1', '68'), ('635', '2', '68'), ('636', '3', '68'), ('637', '4', '68'), ('638', '5', '68'), ('639', '6', '68'), ('640', '7', '68'), ('641', '8', '68'), ('642', '9', '68'), ('643', '10', '68'), ('644', '11', '68'), ('645', '1', '69'), ('646', '2', '69'), ('647', '3', '69'), ('648', '4', '69'), ('649', '5', '69'), ('650', '6', '69'), ('651', '7', '69'), ('652', '8', '69'), ('653', '9', '69'), ('654', '10', '69'), ('655', '11', '69'), ('656', '1', '70'), ('657', '2', '70'), ('658', '3', '70'), ('659', '4', '70'), ('660', '5', '70'), ('661', '6', '70'), ('662', '7', '70'), ('663', '8', '70'), ('664', '9', '70'), ('665', '10', '70'), ('666', '11', '70'), ('667', '1', '71'), ('668', '2', '71'), ('669', '3', '71'), ('670', '4', '71'), ('671', '5', '71'), ('672', '6', '71'), ('673', '7', '71'), ('674', '8', '71'), ('675', '9', '71'), ('676', '10', '71'), ('677', '11', '71'), ('678', '1', '72'), ('679', '2', '72'), ('680', '3', '72'), ('681', '4', '72'), ('682', '5', '72'), ('683', '6', '72'), ('684', '7', '72'), ('685', '8', '72'), ('686', '9', '72'), ('687', '10', '72'), ('688', '11', '72'), ('689', '1', '73'), ('690', '2', '73'), ('691', '3', '73'), ('692', '4', '73'), ('693', '5', '73'), ('694', '6', '73'), ('695', '7', '73'), ('696', '8', '73'), ('697', '9', '73'), ('698', '10', '73'), ('699', '11', '73'), ('700', '1', '74'), ('701', '2', '74'), ('702', '3', '74'), ('703', '4', '74'), ('704', '5', '74'), ('705', '6', '74'), ('706', '7', '74'), ('707', '8', '74'), ('708', '9', '74'), ('709', '10', '74'), ('710', '11', '74'), ('711', '1', '75'), ('712', '2', '75'), ('713', '3', '75'), ('714', '4', '75'), ('715', '5', '75'), ('716', '6', '75'), ('717', '7', '75'), ('718', '8', '75'), ('719', '9', '75'), ('720', '10', '75'), ('721', '11', '75'), ('722', '1', '76'), ('723', '2', '76'), ('724', '3', '76'), ('725', '4', '76'), ('726', '5', '76'), ('727', '6', '76'), ('728', '7', '76'), ('729', '8', '76'), ('730', '9', '76'), ('731', '10', '76'), ('732', '11', '76'), ('733', '1', '77'), ('734', '2', '77'), ('735', '3', '77'), ('736', '4', '77'), ('737', '5', '77'), ('738', '6', '77'), ('739', '7', '77'), ('740', '8', '77'), ('741', '9', '77'), ('742', '10', '77'), ('743', '11', '77'), ('744', '1', '78'), ('745', '2', '78'), ('746', '3', '78'), ('747', '4', '78'), ('748', '5', '78'), ('749', '6', '78'), ('750', '7', '78'), ('751', '8', '78'), ('752', '9', '78'), ('753', '10', '78'), ('754', '11', '78'), ('755', '1', '79'), ('756', '2', '79'), ('757', '3', '79'), ('758', '4', '79'), ('759', '5', '79'), ('760', '6', '79'), ('761', '7', '79'), ('762', '8', '79'), ('763', '9', '79'), ('764', '10', '79'), ('765', '11', '79'), ('766', '1', '80'), ('767', '2', '80'), ('768', '3', '80'), ('769', '4', '80'), ('770', '5', '80'), ('771', '6', '80'), ('772', '7', '80'), ('773', '8', '80'), ('774', '9', '80'), ('775', '10', '80'), ('776', '11', '80'), ('777', '1', '81'), ('778', '2', '81'), ('779', '3', '81'), ('780', '4', '81'), ('781', '5', '81'), ('782', '6', '81'), ('783', '7', '81'), ('784', '8', '81'), ('785', '9', '81'), ('786', '10', '81'), ('787', '11', '81'), ('788', '1', '82'), ('789', '2', '82'), ('790', '3', '82'), ('791', '4', '82'), ('792', '5', '82'), ('793', '6', '82'), ('794', '7', '82'), ('795', '8', '82'), ('796', '9', '82'), ('797', '10', '82'), ('798', '11', '82'), ('799', '1', '83'), ('800', '2', '83'), ('801', '3', '83'), ('802', '4', '83'), ('803', '5', '83'), ('804', '6', '83'), ('805', '7', '83'), ('806', '8', '83'), ('807', '9', '83'), ('808', '10', '83'), ('809', '11', '83'), ('810', '1', '84'), ('811', '2', '84'), ('812', '3', '84'), ('813', '4', '84'), ('814', '5', '84'), ('815', '6', '84'), ('816', '7', '84'), ('817', '8', '84'), ('818', '9', '84'), ('819', '10', '84'), ('820', '11', '84'), ('821', '1', '85'), ('822', '2', '85'), ('823', '3', '85'), ('824', '4', '85'), ('825', '5', '85'), ('826', '6', '85'), ('827', '7', '85'), ('828', '8', '85'), ('829', '9', '85'), ('830', '10', '85'), ('831', '11', '85'), ('832', '1', '86'), ('833', '2', '86'), ('834', '3', '86'), ('835', '4', '86'), ('836', '5', '86'), ('837', '6', '86'), ('838', '7', '86'), ('839', '8', '86'), ('840', '9', '86'), ('841', '10', '86'), ('842', '11', '86'), ('843', '1', '87'), ('844', '2', '87'), ('845', '3', '87'), ('846', '4', '87'), ('847', '5', '87'), ('848', '6', '87'), ('849', '7', '87'), ('850', '8', '87'), ('851', '9', '87'), ('852', '10', '87'), ('853', '11', '87'), ('854', '1', '88'), ('855', '2', '88'), ('856', '3', '88'), ('857', '4', '88'), ('858', '5', '88'), ('859', '6', '88'), ('860', '7', '88'), ('861', '8', '88'), ('862', '9', '88'), ('863', '10', '88'), ('864', '11', '88'), ('865', '1', '89'), ('866', '2', '89'), ('867', '3', '89'), ('868', '4', '89'), ('869', '5', '89'), ('870', '6', '89'), ('871', '7', '89'), ('872', '8', '89'), ('873', '9', '89'), ('874', '10', '89'), ('875', '11', '89'), ('876', '1', '90'), ('877', '2', '90'), ('878', '3', '90'), ('879', '4', '90'), ('880', '5', '90'), ('881', '6', '90'), ('882', '7', '90'), ('883', '8', '90'), ('884', '9', '90'), ('885', '10', '90'), ('886', '11', '90'), ('887', '1', '91'), ('888', '2', '91'), ('889', '3', '91'), ('890', '4', '91'), ('891', '5', '91'), ('892', '6', '91'), ('893', '7', '91'), ('894', '8', '91'), ('895', '9', '91'), ('896', '10', '91'), ('897', '11', '91'), ('898', '1', '92'), ('899', '2', '92'), ('900', '3', '92'), ('901', '4', '92'), ('902', '5', '92'), ('903', '6', '92'), ('904', '7', '92'), ('905', '8', '92'), ('906', '9', '92'), ('907', '10', '92'), ('908', '11', '92'), ('909', '1', '93'), ('910', '2', '93'), ('911', '3', '93'), ('912', '4', '93'), ('913', '5', '93'), ('914', '6', '93'), ('915', '7', '93'), ('916', '8', '93'), ('917', '9', '93'), ('918', '10', '93'), ('919', '11', '93'), ('920', '1', '94'), ('921', '2', '94'), ('922', '3', '94'), ('923', '4', '94'), ('924', '5', '94'), ('925', '6', '94'), ('926', '7', '94'), ('927', '8', '94'), ('928', '9', '94'), ('929', '10', '94'), ('930', '11', '94'), ('931', '1', '95'), ('932', '2', '95'), ('933', '3', '95'), ('934', '4', '95'), ('935', '5', '95'), ('936', '6', '95'), ('937', '7', '95'), ('938', '8', '95'), ('939', '9', '95'), ('940', '10', '95'), ('941', '11', '95'), ('942', '1', '96'), ('943', '2', '96'), ('944', '3', '96'), ('945', '4', '96'), ('946', '5', '96'), ('947', '6', '96'), ('948', '7', '96'), ('949', '8', '96'), ('950', '9', '96'), ('951', '10', '96'), ('952', '11', '96'), ('953', '1', '97'), ('954', '2', '97'), ('955', '3', '97'), ('956', '4', '97'), ('957', '5', '97'), ('958', '6', '97'), ('959', '7', '97'), ('960', '8', '97'), ('961', '9', '97'), ('962', '10', '97'), ('963', '11', '97'), ('964', '1', '98'), ('965', '2', '98'), ('966', '3', '98'), ('967', '4', '98'), ('968', '5', '98'), ('969', '6', '98'), ('970', '7', '98'), ('971', '8', '98'), ('972', '9', '98'), ('973', '10', '98'), ('974', '11', '98'), ('975', '1', '99'), ('976', '2', '99'), ('977', '3', '99'), ('978', '4', '99'), ('979', '5', '99'), ('980', '6', '99'), ('981', '7', '99'), ('982', '8', '99'), ('983', '9', '99'), ('984', '10', '99'), ('985', '11', '99'), ('986', '1', '100'), ('987', '2', '100'), ('988', '3', '100'), ('989', '4', '100'), ('990', '5', '100'), ('991', '6', '100'), ('992', '7', '100'), ('993', '8', '100'), ('994', '9', '100'), ('995', '10', '100'), ('996', '11', '100'), ('997', '1', '101'), ('998', '2', '101'), ('999', '3', '101'), ('1000', '4', '101'), ('1001', '5', '101'), ('1002', '6', '101'), ('1003', '7', '101'), ('1004', '8', '101'), ('1005', '9', '101'), ('1006', '10', '101'), ('1007', '11', '101'), ('1008', '1', '102'), ('1009', '2', '102'), ('1010', '3', '102'), ('1011', '4', '102'), ('1012', '5', '102'), ('1013', '6', '102'), ('1014', '7', '102'), ('1015', '8', '102'), ('1016', '9', '102'), ('1017', '10', '102'), ('1018', '11', '102'), ('1019', '1', '103'), ('1020', '2', '103'), ('1021', '3', '103'), ('1022', '4', '103'), ('1023', '5', '103'), ('1024', '6', '103'), ('1025', '7', '103'), ('1026', '8', '103'), ('1027', '9', '103'), ('1028', '10', '103'), ('1029', '11', '103'), ('1030', '1', '104'), ('1031', '2', '104'), ('1032', '3', '104'), ('1033', '4', '104'), ('1034', '5', '104'), ('1035', '6', '104'), ('1036', '7', '104'), ('1037', '8', '104'), ('1038', '9', '104'), ('1039', '10', '104'), ('1040', '11', '104');
COMMIT;

-- ----------------------------
--  Table structure for `resource_alignment_map`
-- ----------------------------
DROP TABLE IF EXISTS `resource_alignment_map`;
CREATE TABLE `resource_alignment_map` (
  `id` int(11) NOT NULL AUTO_INCREMENT,
  `resource_alignment_id` int(11) NOT NULL,
  `response` int(11) NOT NULL,
  `utility` int(11) NOT NULL DEFAULT '0',
  PRIMARY KEY (`id`),
  UNIQUE KEY `resource_alignment_id` (`resource_alignment_id`,`response`),
  KEY `resource_alignment_id_index` (`resource_alignment_id`),
  CONSTRAINT `resource_alignment_maps_ibfk_1` FOREIGN KEY (`resource_alignment_id`) REFERENCES `resource_alignment` (`id`) ON DELETE CASCADE
) ENGINE=InnoDB AUTO_INCREMENT=2529 DEFAULT CHARSET=utf8;

-- ----------------------------
--  Records of `resource_alignment_map`
-- ----------------------------
BEGIN;
INSERT INTO `resource_alignment_map` VALUES ('1', '557', '1', '4'), ('2', '558', '1', '2'), ('3', '559', '1', '5'), ('4', '560', '1', '4'), ('5', '561', '1', '2'), ('6', '562', '1', '3'), ('7', '563', '1', '3'), ('8', '564', '1', '3'), ('9', '565', '1', '4'), ('10', '566', '1', '4'), ('11', '567', '1', '2'), ('12', '568', '1', '1'), ('13', '569', '1', '3'), ('14', '570', '1', '1'), ('15', '571', '1', '1'), ('16', '572', '1', '1'), ('17', '573', '1', '1'), ('18', '574', '1', '3'), ('19', '575', '1', '4'), ('20', '576', '1', '3'), ('21', '577', '1', '1'), ('22', '578', '1', '4'), ('23', '579', '1', '3'), ('24', '580', '1', '1'), ('25', '581', '1', '2'), ('26', '582', '1', '1'), ('27', '583', '1', '4'), ('28', '584', '1', '1'), ('29', '585', '1', '2'), ('30', '586', '1', '3'), ('31', '587', '1', '1'), ('32', '588', '1', '1'), ('33', '589', '1', '2'), ('34', '590', '1', '5'), ('35', '591', '1', '4'), ('36', '592', '1', '1'), ('37', '593', '1', '2'), ('38', '594', '1', '3'), ('39', '595', '1', '3'), ('40', '596', '1', '2'), ('41', '597', '1', '4'), ('42', '598', '1', '3'), ('43', '599', '1', '3'), ('44', '600', '1', '5'), ('45', '601', '1', '4'), ('46', '602', '1', '2'), ('47', '603', '1', '1'), ('48', '604', '1', '2'), ('49', '605', '1', '2'), ('50', '606', '1', '2'), ('51', '607', '1', '4'), ('52', '608', '1', '5'), ('53', '609', '1', '3'), ('54', '610', '1', '2'), ('55', '611', '1', '2'), ('56', '612', '1', '4'), ('57', '613', '1', '4'), ('58', '614', '1', '3'), ('59', '615', '1', '3'), ('60', '616', '1', '2'), ('61', '617', '1', '3'), ('62', '618', '1', '4'), ('63', '619', '1', '3'), ('64', '620', '1', '4'), ('65', '621', '1', '5'), ('66', '622', '1', '4'), ('67', '623', '1', '5'), ('68', '624', '1', '2'), ('69', '625', '1', '4'), ('70', '626', '1', '5'), ('71', '627', '1', '3'), ('72', '628', '1', '3'), ('73', '629', '1', '2'), ('74', '630', '1', '4'), ('75', '631', '1', '2'), ('76', '632', '1', '2'), ('77', '633', '1', '3'), ('78', '634', '1', '4'), ('79', '635', '1', '5'), ('80', '636', '1', '3'), ('81', '637', '1', '2'), ('82', '638', '1', '4'), ('83', '639', '1', '3'), ('84', '640', '1', '3'), ('85', '641', '1', '2'), ('86', '642', '1', '5'), ('87', '643', '1', '4'), ('88', '644', '1', '3'), ('89', '645', '1', '2'), ('90', '646', '1', '1'), ('91', '647', '1', '2'), ('92', '648', '1', '2'), ('93', '649', '1', '4'), ('94', '650', '1', '5'), ('95', '651', '1', '1'), ('96', '652', '1', '4'), ('97', '653', '1', '2'), ('98', '654', '1', '5'), ('99', '655', '1', '5'), ('100', '656', '1', '4'), ('101', '657', '1', '3'), ('102', '658', '1', '4'), ('103', '659', '1', '2'), ('104', '660', '1', '4'), ('105', '661', '1', '5'), ('106', '662', '1', '4'), ('107', '663', '1', '3'), ('108', '664', '1', '5'), ('109', '665', '1', '4'), ('110', '666', '1', '2'), ('111', '667', '1', '5'), ('112', '668', '1', '4'), ('113', '669', '1', '5'), ('114', '670', '1', '3'), ('115', '671', '1', '1'), ('116', '672', '1', '3'), ('117', '673', '1', '5'), ('118', '674', '1', '3'), ('119', '675', '1', '5'), ('120', '676', '1', '5'), ('121', '677', '1', '4'), ('122', '678', '1', '5'), ('123', '679', '1', '4'), ('124', '680', '1', '3'), ('125', '681', '1', '2'), ('126', '682', '1', '2'), ('127', '683', '1', '3'), ('128', '684', '1', '4'), ('129', '685', '1', '1'), ('130', '686', '1', '1'), ('131', '687', '1', '1'), ('132', '688', '1', '2'), ('133', '689', '1', '1'), ('134', '690', '1', '3'), ('135', '691', '1', '5'), ('136', '692', '1', '3'), ('137', '693', '1', '3'), ('138', '694', '1', '2'), ('139', '695', '1', '2'), ('140', '696', '1', '4'), ('141', '697', '1', '5'), ('142', '698', '1', '3'), ('143', '699', '1', '4'), ('144', '700', '1', '4'), ('145', '701', '1', '5'), ('146', '702', '1', '2'), ('147', '703', '1', '1'), ('148', '704', '1', '4'), ('149', '705', '1', '3'), ('150', '706', '1', '4'), ('151', '707', '1', '5'), ('152', '708', '1', '3'), ('153', '709', '1', '3'), ('154', '710', '1', '2'), ('155', '711', '1', '3'), ('156', '712', '1', '3'), ('157', '713', '1', '4'), ('158', '714', '1', '3'), ('159', '715', '1', '1'), ('160', '716', '1', '1'), ('161', '717', '1', '2'), ('162', '718', '1', '4'), ('163', '719', '1', '3'), ('164', '720', '1', '1'), ('165', '721', '1', '3'), ('166', '722', '1', '5'), ('167', '723', '1', '2'), ('168', '724', '1', '4'), ('169', '725', '1', '2'), ('170', '726', '1', '4'), ('171', '727', '1', '4'), ('172', '728', '1', '3'), ('173', '729', '1', '5'), ('174', '730', '1', '5'), ('175', '731', '1', '4'), ('176', '732', '1', '5'), ('177', '733', '1', '3'), ('178', '734', '1', '5'), ('179', '735', '1', '2'), ('180', '736', '1', '2'), ('181', '737', '1', '2'), ('182', '738', '1', '2'), ('183', '739', '1', '2'), ('184', '740', '1', '3'), ('185', '741', '1', '1'), ('186', '742', '1', '1'), ('187', '743', '1', '5'), ('188', '744', '1', '3'), ('189', '745', '1', '2'), ('190', '746', '1', '1'), ('191', '747', '1', '3'), ('192', '748', '1', '4'), ('193', '749', '1', '3'), ('194', '750', '1', '3'), ('195', '751', '1', '2'), ('196', '752', '1', '4'), ('197', '753', '1', '2'), ('198', '754', '1', '4'), ('199', '755', '1', '3'), ('200', '756', '1', '2'), ('201', '757', '1', '4'), ('202', '758', '1', '4'), ('203', '759', '1', '3'), ('204', '760', '1', '2'), ('205', '761', '1', '4'), ('206', '762', '1', '4'), ('207', '763', '1', '5'), ('208', '764', '1', '3'), ('209', '765', '1', '1'), ('210', '766', '1', '5'), ('211', '767', '1', '2'), ('212', '768', '1', '2'), ('213', '769', '1', '4'), ('214', '770', '1', '5'), ('215', '771', '1', '3'), ('216', '772', '1', '4'), ('217', '773', '1', '5'), ('218', '774', '1', '5'), ('219', '775', '1', '3'), ('220', '776', '1', '5'), ('221', '777', '1', '2'), ('222', '778', '1', '4'), ('223', '779', '1', '5'), ('224', '780', '1', '1'), ('225', '781', '1', '3'), ('226', '782', '1', '4'), ('227', '783', '1', '4'), ('228', '784', '1', '1'), ('229', '785', '1', '3'), ('230', '786', '1', '3'), ('231', '787', '1', '3'), ('232', '788', '1', '2'), ('233', '789', '1', '4'), ('234', '790', '1', '1'), ('235', '791', '1', '5'), ('236', '792', '1', '4'), ('237', '793', '1', '2'), ('238', '794', '1', '1'), ('239', '795', '1', '1'), ('240', '796', '1', '3'), ('241', '797', '1', '1'), ('242', '798', '1', '4'), ('243', '799', '1', '2'), ('244', '800', '1', '2'), ('245', '801', '1', '4'), ('246', '802', '1', '4'), ('247', '803', '1', '5'), ('248', '804', '1', '1'), ('249', '805', '1', '4'), ('250', '806', '1', '4'), ('251', '807', '1', '1'), ('252', '808', '1', '3'), ('253', '809', '1', '5'), ('254', '810', '1', '2'), ('255', '811', '1', '5'), ('256', '812', '1', '3'), ('257', '813', '1', '2'), ('258', '814', '1', '2'), ('259', '815', '1', '4'), ('260', '816', '1', '2'), ('261', '817', '1', '3'), ('262', '818', '1', '2'), ('263', '819', '1', '4'), ('264', '820', '1', '2'), ('265', '821', '1', '3'), ('266', '822', '1', '4'), ('267', '823', '1', '4'), ('268', '824', '1', '4'), ('269', '825', '1', '5'), ('270', '826', '1', '3'), ('271', '827', '1', '3'), ('272', '828', '1', '3'), ('273', '829', '1', '2'), ('274', '830', '1', '2'), ('275', '831', '1', '4'), ('276', '832', '1', '3'), ('277', '833', '1', '2'), ('278', '834', '1', '3'), ('279', '835', '1', '1'), ('280', '836', '1', '1'), ('281', '837', '1', '4'), ('282', '838', '1', '2'), ('283', '839', '1', '2'), ('284', '840', '1', '1'), ('285', '841', '1', '2'), ('286', '842', '1', '4'), ('287', '843', '1', '5'), ('288', '844', '1', '3'), ('289', '845', '1', '3'), ('290', '846', '1', '2'), ('291', '847', '1', '4'), ('292', '848', '1', '1'), ('293', '849', '1', '2'), ('294', '850', '1', '4'), ('295', '851', '1', '4'), ('296', '852', '1', '5'), ('297', '853', '1', '3'), ('298', '854', '1', '3'), ('299', '855', '1', '2'), ('300', '856', '1', '2'), ('301', '857', '1', '3'), ('302', '858', '1', '3'), ('303', '859', '1', '2'), ('304', '860', '1', '2'), ('305', '861', '1', '2'), ('306', '862', '1', '2'), ('307', '863', '1', '4'), ('308', '864', '1', '3'), ('309', '865', '1', '4'), ('310', '866', '1', '2'), ('311', '867', '1', '2'), ('312', '868', '1', '3'), ('313', '869', '1', '2'), ('314', '870', '1', '1'), ('315', '871', '1', '3'), ('316', '872', '1', '2'), ('317', '873', '1', '2'), ('318', '874', '1', '4'), ('319', '875', '1', '2'), ('320', '876', '1', '3'), ('321', '877', '1', '4'), ('322', '878', '1', '3'), ('323', '879', '1', '4'), ('324', '880', '1', '2'), ('325', '881', '1', '2'), ('326', '882', '1', '2'), ('327', '883', '1', '3'), ('328', '884', '1', '2'), ('329', '885', '1', '2'), ('330', '886', '1', '1'), ('331', '887', '1', '2'), ('332', '888', '1', '3'), ('333', '889', '1', '2'), ('334', '890', '1', '2'), ('335', '891', '1', '3'), ('336', '892', '1', '1'), ('337', '893', '1', '3'), ('338', '894', '1', '3'), ('339', '895', '1', '3'), ('340', '896', '1', '4'), ('341', '897', '1', '4'), ('342', '898', '1', '5'), ('343', '899', '1', '5'), ('344', '900', '1', '4'), ('345', '901', '1', '1'), ('346', '902', '1', '4'), ('347', '903', '1', '1'), ('348', '904', '1', '3'), ('349', '905', '1', '5'), ('350', '906', '1', '1'), ('351', '907', '1', '4'), ('352', '908', '1', '4'), ('353', '909', '1', '1'), ('354', '910', '1', '4'), ('355', '911', '1', '2'), ('356', '912', '1', '2'), ('357', '913', '1', '3'), ('358', '914', '1', '3'), ('359', '915', '1', '4'), ('360', '916', '1', '5'), ('361', '917', '1', '2'), ('362', '918', '1', '3'), ('363', '919', '1', '5'), ('364', '920', '1', '1'), ('365', '921', '1', '4'), ('366', '922', '1', '2'), ('367', '923', '1', '3'), ('368', '924', '1', '4'), ('369', '925', '1', '1'), ('370', '926', '1', '2'), ('371', '927', '1', '5'), ('372', '928', '1', '2'), ('373', '929', '1', '5'), ('374', '930', '1', '2'), ('375', '931', '1', '2'), ('376', '932', '1', '1'), ('377', '933', '1', '1'), ('378', '934', '1', '3'), ('379', '935', '1', '5'), ('380', '936', '1', '1'), ('381', '937', '1', '4'), ('382', '938', '1', '3'), ('383', '939', '1', '2'), ('384', '940', '1', '4'), ('385', '941', '1', '1'), ('386', '942', '1', '1'), ('387', '943', '1', '2'), ('388', '944', '1', '3'), ('389', '945', '1', '2'), ('390', '946', '1', '2'), ('391', '947', '1', '3'), ('392', '948', '1', '4'), ('393', '949', '1', '1'), ('394', '950', '1', '5'), ('395', '951', '1', '3'), ('396', '952', '1', '2'), ('397', '953', '1', '4'), ('398', '954', '1', '3'), ('399', '955', '1', '4'), ('400', '956', '1', '4'), ('401', '957', '1', '4'), ('402', '958', '1', '5'), ('403', '959', '1', '4'), ('404', '960', '1', '2'), ('405', '961', '1', '3'), ('406', '962', '1', '3'), ('407', '963', '1', '2'), ('408', '964', '1', '1'), ('409', '965', '1', '3'), ('410', '966', '1', '5'), ('411', '967', '1', '3'), ('412', '968', '1', '3'), ('413', '969', '1', '2'), ('414', '970', '1', '3'), ('415', '971', '1', '5'), ('416', '972', '1', '2'), ('417', '973', '1', '4'), ('418', '974', '1', '4'), ('419', '975', '1', '2'), ('420', '976', '1', '3'), ('421', '977', '1', '3'), ('422', '978', '1', '3'), ('423', '979', '1', '2'), ('424', '980', '1', '3'), ('425', '981', '1', '2'), ('426', '982', '1', '2'), ('427', '983', '1', '3'), ('428', '984', '1', '4'), ('429', '985', '1', '4'), ('430', '986', '1', '1'), ('431', '987', '1', '2'), ('432', '988', '1', '4'), ('433', '989', '1', '4'), ('434', '990', '1', '4'), ('435', '991', '1', '3'), ('436', '992', '1', '3'), ('437', '993', '1', '2'), ('438', '994', '1', '2'), ('439', '995', '1', '3'), ('440', '996', '1', '2'), ('441', '997', '1', '3'), ('442', '998', '1', '3'), ('443', '999', '1', '4'), ('444', '1000', '1', '2'), ('445', '1001', '1', '4'), ('446', '1002', '1', '4'), ('447', '1003', '1', '4'), ('448', '1004', '1', '4'), ('449', '1005', '1', '3'), ('450', '1006', '1', '3'), ('451', '1007', '1', '5'), ('452', '1008', '1', '5'), ('453', '1009', '1', '5'), ('454', '1010', '1', '5'), ('455', '1011', '1', '1'), ('456', '1012', '1', '3'), ('457', '1013', '1', '2'), ('458', '1014', '1', '3'), ('459', '1015', '1', '3'), ('460', '1016', '1', '3'), ('461', '1017', '1', '5'), ('462', '1018', '1', '2'), ('463', '1019', '1', '1'), ('464', '1020', '1', '4'), ('465', '1021', '1', '2'), ('466', '1022', '1', '2'), ('467', '1023', '1', '4'), ('468', '1024', '1', '3'), ('469', '1025', '1', '2'), ('470', '1026', '1', '2'), ('471', '1027', '1', '3'), ('472', '1028', '1', '4'), ('473', '1029', '1', '4'), ('474', '1030', '1', '5'), ('475', '1031', '1', '1'), ('476', '1032', '1', '4'), ('477', '1033', '1', '4'), ('478', '1034', '1', '3'), ('479', '1035', '1', '2'), ('480', '1036', '1', '5'), ('481', '1037', '1', '4'), ('482', '1038', '1', '4'), ('483', '1039', '1', '3'), ('484', '1040', '1', '3'), ('512', '557', '2', '5'), ('513', '558', '2', '5'), ('514', '559', '2', '1'), ('515', '560', '2', '3'), ('516', '561', '2', '5'), ('517', '562', '2', '3'), ('518', '563', '2', '4'), ('519', '564', '2', '4'), ('520', '565', '2', '5'), ('521', '566', '2', '3'), ('522', '567', '2', '3'), ('523', '568', '2', '4'), ('524', '569', '2', '3'), ('525', '570', '2', '4'), ('526', '571', '2', '4'), ('527', '572', '2', '2'), ('528', '573', '2', '3'), ('529', '574', '2', '5'), ('530', '575', '2', '4'), ('531', '576', '2', '4'), ('532', '577', '2', '4'), ('533', '578', '2', '4'), ('534', '579', '2', '3'), ('535', '580', '2', '4'), ('536', '581', '2', '4'), ('537', '582', '2', '3'), ('538', '583', '2', '3'), ('539', '584', '2', '3'), ('540', '585', '2', '3'), ('541', '586', '2', '1'), ('542', '587', '2', '3'), ('543', '588', '2', '5'), ('544', '589', '2', '3'), ('545', '590', '2', '2'), ('546', '591', '2', '3'), ('547', '592', '2', '3'), ('548', '593', '2', '4'), ('549', '594', '2', '3'), ('550', '595', '2', '3'), ('551', '596', '2', '1'), ('552', '597', '2', '3'), ('553', '598', '2', '1'), ('554', '599', '2', '5'), ('555', '600', '2', '4'), ('556', '601', '2', '5'), ('557', '602', '2', '2'), ('558', '603', '2', '3'), ('559', '604', '2', '2'), ('560', '605', '2', '2'), ('561', '606', '2', '4'), ('562', '607', '2', '2'), ('563', '608', '2', '4'), ('564', '609', '2', '4'), ('565', '610', '2', '5'), ('566', '611', '2', '2'), ('567', '612', '2', '2'), ('568', '613', '2', '2'), ('569', '614', '2', '4'), ('570', '615', '2', '1'), ('571', '616', '2', '1'), ('572', '617', '2', '2'), ('573', '618', '2', '2'), ('574', '619', '2', '1'), ('575', '620', '2', '3'), ('576', '621', '2', '4'), ('577', '622', '2', '2'), ('578', '623', '2', '4'), ('579', '624', '2', '3'), ('580', '625', '2', '1'), ('581', '626', '2', '3'), ('582', '627', '2', '5'), ('583', '628', '2', '1'), ('584', '629', '2', '3'), ('585', '630', '2', '1'), ('586', '631', '2', '1'), ('587', '632', '2', '2'), ('588', '633', '2', '3'), ('589', '634', '2', '4'), ('590', '635', '2', '2'), ('591', '636', '2', '4'), ('592', '637', '2', '2'), ('593', '638', '2', '1'), ('594', '639', '2', '4'), ('595', '640', '2', '2'), ('596', '641', '2', '2'), ('597', '642', '2', '5'), ('598', '643', '2', '1'), ('599', '644', '2', '4'), ('600', '645', '2', '3'), ('601', '646', '2', '2'), ('602', '647', '2', '2'), ('603', '648', '2', '1'), ('604', '649', '2', '2'), ('605', '650', '2', '2'), ('606', '651', '2', '4'), ('607', '652', '2', '1'), ('608', '653', '2', '5'), ('609', '654', '2', '2'), ('610', '655', '2', '2'), ('611', '656', '2', '1'), ('612', '657', '2', '2'), ('613', '658', '2', '2'), ('614', '659', '2', '4'), ('615', '660', '2', '5'), ('616', '661', '2', '2'), ('617', '662', '2', '4'), ('618', '663', '2', '2'), ('619', '664', '2', '4'), ('620', '665', '2', '3'), ('621', '666', '2', '2'), ('622', '667', '2', '1'), ('623', '668', '2', '2'), ('624', '669', '2', '3'), ('625', '670', '2', '4'), ('626', '671', '2', '3'), ('627', '672', '2', '3'), ('628', '673', '2', '2'), ('629', '674', '2', '5'), ('630', '675', '2', '4'), ('631', '676', '2', '2'), ('632', '677', '2', '2'), ('633', '678', '2', '1'), ('634', '679', '2', '4'), ('635', '680', '2', '2'), ('636', '681', '2', '1'), ('637', '682', '2', '4'), ('638', '683', '2', '4'), ('639', '684', '2', '2'), ('640', '685', '2', '3'), ('641', '686', '2', '3'), ('642', '687', '2', '3'), ('643', '688', '2', '2'), ('644', '689', '2', '3'), ('645', '690', '2', '1'), ('646', '691', '2', '1'), ('647', '692', '2', '2'), ('648', '693', '2', '4'), ('649', '694', '2', '2'), ('650', '695', '2', '2'), ('651', '696', '2', '3'), ('652', '697', '2', '2'), ('653', '698', '2', '5'), ('654', '699', '2', '1'), ('655', '700', '2', '3'), ('656', '701', '2', '1'), ('657', '702', '2', '4'), ('658', '703', '2', '4'), ('659', '704', '2', '4'), ('660', '705', '2', '3'), ('661', '706', '2', '2'), ('662', '707', '2', '4'), ('663', '708', '2', '1'), ('664', '709', '2', '1'), ('665', '710', '2', '2'), ('666', '711', '2', '4'), ('667', '712', '2', '3'), ('668', '713', '2', '1'), ('669', '714', '2', '4'), ('670', '715', '2', '1'), ('671', '716', '2', '3'), ('672', '717', '2', '3'), ('673', '718', '2', '4'), ('674', '719', '2', '2'), ('675', '720', '2', '3'), ('676', '721', '2', '2'), ('677', '722', '2', '4'), ('678', '723', '2', '3'), ('679', '724', '2', '2'), ('680', '725', '2', '2'), ('681', '726', '2', '4'), ('682', '727', '2', '2'), ('683', '728', '2', '5'), ('684', '729', '2', '2'), ('685', '730', '2', '4'), ('686', '731', '2', '2'), ('687', '732', '2', '2'), ('688', '733', '2', '5'), ('689', '734', '2', '4'), ('690', '735', '2', '3'), ('691', '736', '2', '4'), ('692', '737', '2', '3'), ('693', '738', '2', '5'), ('694', '739', '2', '1'), ('695', '740', '2', '5'), ('696', '741', '2', '2'), ('697', '742', '2', '2'), ('698', '743', '2', '2'), ('699', '744', '2', '4'), ('700', '745', '2', '4'), ('701', '746', '2', '4'), ('702', '747', '2', '4'), ('703', '748', '2', '3'), ('704', '749', '2', '3'), ('705', '750', '2', '4'), ('706', '751', '2', '2'), ('707', '752', '2', '4'), ('708', '753', '2', '2'), ('709', '754', '2', '1'), ('710', '755', '2', '3'), ('711', '756', '2', '2'), ('712', '757', '2', '2'), ('713', '758', '2', '2'), ('714', '759', '2', '1'), ('715', '760', '2', '4'), ('716', '761', '2', '3'), ('717', '762', '2', '5'), ('718', '763', '2', '3'), ('719', '764', '2', '2'), ('720', '765', '2', '3'), ('721', '766', '2', '3'), ('722', '767', '2', '3'), ('723', '768', '2', '4'), ('724', '769', '2', '4'), ('725', '770', '2', '4'), ('726', '771', '2', '4'), ('727', '772', '2', '4'), ('728', '773', '2', '1'), ('729', '774', '2', '4'), ('730', '775', '2', '1'), ('731', '776', '2', '4'), ('732', '777', '2', '3'), ('733', '778', '2', '2'), ('734', '779', '2', '3'), ('735', '780', '2', '2'), ('736', '781', '2', '2'), ('737', '782', '2', '2'), ('738', '783', '2', '4'), ('739', '784', '2', '5'), ('740', '785', '2', '4'), ('741', '786', '2', '3'), ('742', '787', '2', '2'), ('743', '788', '2', '5'), ('744', '789', '2', '4'), ('745', '790', '2', '4'), ('746', '791', '2', '4'), ('747', '792', '2', '5'), ('748', '793', '2', '1'), ('749', '794', '2', '4'), ('750', '795', '2', '2'), ('751', '796', '2', '4'), ('752', '797', '2', '5'), ('753', '798', '2', '4'), ('754', '799', '2', '3'), ('755', '800', '2', '5'), ('756', '801', '2', '4'), ('757', '802', '2', '2'), ('758', '803', '2', '5'), ('759', '804', '2', '1'), ('760', '805', '2', '2'), ('761', '806', '2', '2'), ('762', '807', '2', '2'), ('763', '808', '2', '4'), ('764', '809', '2', '3'), ('765', '810', '2', '3'), ('766', '811', '2', '4'), ('767', '812', '2', '3'), ('768', '813', '2', '1'), ('769', '814', '2', '1'), ('770', '815', '2', '1'), ('771', '816', '2', '2'), ('772', '817', '2', '3'), ('773', '818', '2', '3'), ('774', '819', '2', '2'), ('775', '820', '2', '4'), ('776', '821', '2', '2'), ('777', '822', '2', '1'), ('778', '823', '2', '3'), ('779', '824', '2', '4'), ('780', '825', '2', '3'), ('781', '826', '2', '1'), ('782', '827', '2', '5'), ('783', '828', '2', '4'), ('784', '829', '2', '2'), ('785', '830', '2', '3'), ('786', '831', '2', '4'), ('787', '832', '2', '2'), ('788', '833', '2', '3'), ('789', '834', '2', '5'), ('790', '835', '2', '2'), ('791', '836', '2', '2'), ('792', '837', '2', '2'), ('793', '838', '2', '2'), ('794', '839', '2', '2'), ('795', '840', '2', '3'), ('796', '841', '2', '1'), ('797', '842', '2', '4'), ('798', '843', '2', '2'), ('799', '844', '2', '4'), ('800', '845', '2', '3'), ('801', '846', '2', '4'), ('802', '847', '2', '1'), ('803', '848', '2', '3'), ('804', '849', '2', '1'), ('805', '850', '2', '2'), ('806', '851', '2', '3'), ('807', '852', '2', '4'), ('808', '853', '2', '5'), ('809', '854', '2', '1'), ('810', '855', '2', '1'), ('811', '856', '2', '3'), ('812', '857', '2', '5'), ('813', '858', '2', '2'), ('814', '859', '2', '1'), ('815', '860', '2', '4'), ('816', '861', '2', '5'), ('817', '862', '2', '1'), ('818', '863', '2', '4'), ('819', '864', '2', '3'), ('820', '865', '2', '2'), ('821', '866', '2', '4'), ('822', '867', '2', '3'), ('823', '868', '2', '4'), ('824', '869', '2', '4'), ('825', '870', '2', '2'), ('826', '871', '2', '4'), ('827', '872', '2', '2'), ('828', '873', '2', '5'), ('829', '874', '2', '3'), ('830', '875', '2', '3'), ('831', '876', '2', '3'), ('832', '877', '2', '4'), ('833', '878', '2', '2'), ('834', '879', '2', '4'), ('835', '880', '2', '2'), ('836', '881', '2', '3'), ('837', '882', '2', '1'), ('838', '883', '2', '5'), ('839', '884', '2', '3'), ('840', '885', '2', '1'), ('841', '886', '2', '4'), ('842', '887', '2', '2'), ('843', '888', '2', '5'), ('844', '889', '2', '4'), ('845', '890', '2', '4'), ('846', '891', '2', '4'), ('847', '892', '2', '5'), ('848', '893', '2', '2'), ('849', '894', '2', '3'), ('850', '895', '2', '3'), ('851', '896', '2', '2'), ('852', '897', '2', '3'), ('853', '898', '2', '2'), ('854', '899', '2', '5'), ('855', '900', '2', '4'), ('856', '901', '2', '2'), ('857', '902', '2', '4'), ('858', '903', '2', '4'), ('859', '904', '2', '2'), ('860', '905', '2', '1'), ('861', '906', '2', '1'), ('862', '907', '2', '2'), ('863', '908', '2', '4'), ('864', '909', '2', '4'), ('865', '910', '2', '3'), ('866', '911', '2', '3'), ('867', '912', '2', '3'), ('868', '913', '2', '4'), ('869', '914', '2', '3'), ('870', '915', '2', '2'), ('871', '916', '2', '1'), ('872', '917', '2', '3'), ('873', '918', '2', '4'), ('874', '919', '2', '5'), ('875', '920', '2', '2'), ('876', '921', '2', '3'), ('877', '922', '2', '1'), ('878', '923', '2', '3'), ('879', '924', '2', '1'), ('880', '925', '2', '1'), ('881', '926', '2', '2'), ('882', '927', '2', '5'), ('883', '928', '2', '5'), ('884', '929', '2', '4'), ('885', '930', '2', '3'), ('886', '931', '2', '4'), ('887', '932', '2', '2'), ('888', '933', '2', '2'), ('889', '934', '2', '4'), ('890', '935', '2', '3'), ('891', '936', '2', '4'), ('892', '937', '2', '5'), ('893', '938', '2', '3'), ('894', '939', '2', '3'), ('895', '940', '2', '4'), ('896', '941', '2', '3'), ('897', '942', '2', '1'), ('898', '943', '2', '2'), ('899', '944', '2', '2'), ('900', '945', '2', '3'), ('901', '946', '2', '2'), ('902', '947', '2', '3'), ('903', '948', '2', '3'), ('904', '949', '2', '3'), ('905', '950', '2', '4'), ('906', '951', '2', '2'), ('907', '952', '2', '3'), ('908', '953', '2', '3'), ('909', '954', '2', '2'), ('910', '955', '2', '1'), ('911', '956', '2', '5'), ('912', '957', '2', '4'), ('913', '958', '2', '4'), ('914', '959', '2', '3'), ('915', '960', '2', '1'), ('916', '961', '2', '4'), ('917', '962', '2', '4'), ('918', '963', '2', '4'), ('919', '964', '2', '3'), ('920', '965', '2', '5'), ('921', '966', '2', '2'), ('922', '967', '2', '1'), ('923', '968', '2', '4'), ('924', '969', '2', '2'), ('925', '970', '2', '4'), ('926', '971', '2', '3'), ('927', '972', '2', '5'), ('928', '973', '2', '3'), ('929', '974', '2', '2'), ('930', '975', '2', '2'), ('931', '976', '2', '3'), ('932', '977', '2', '2'), ('933', '978', '2', '2'), ('934', '979', '2', '2'), ('935', '980', '2', '4'), ('936', '981', '2', '4'), ('937', '982', '2', '5'), ('938', '983', '2', '3'), ('939', '984', '2', '2'), ('940', '985', '2', '1'), ('941', '986', '2', '2'), ('942', '987', '2', '3'), ('943', '988', '2', '2'), ('944', '989', '2', '2'), ('945', '990', '2', '3'), ('946', '991', '2', '4'), ('947', '992', '2', '4'), ('948', '993', '2', '3'), ('949', '994', '2', '2'), ('950', '995', '2', '4'), ('951', '996', '2', '3'), ('952', '997', '2', '3'), ('953', '998', '2', '3'), ('954', '999', '2', '2'), ('955', '1000', '2', '5'), ('956', '1001', '2', '3'), ('957', '1002', '2', '1'), ('958', '1003', '2', '3'), ('959', '1004', '2', '4'), ('960', '1005', '2', '3'), ('961', '1006', '2', '3'), ('962', '1007', '2', '3'), ('963', '1008', '2', '1'), ('964', '1009', '2', '5'), ('965', '1010', '2', '3'), ('966', '1011', '2', '4'), ('967', '1012', '2', '4'), ('968', '1013', '2', '3'), ('969', '1014', '2', '2'), ('970', '1015', '2', '2'), ('971', '1016', '2', '3'), ('972', '1017', '2', '2'), ('973', '1018', '2', '2'), ('974', '1019', '2', '2'), ('975', '1020', '2', '1'), ('976', '1021', '2', '4'), ('977', '1022', '2', '2'), ('978', '1023', '2', '3'), ('979', '1024', '2', '4'), ('980', '1025', '2', '2'), ('981', '1026', '2', '4'), ('982', '1027', '2', '1'), ('983', '1028', '2', '2'), ('984', '1029', '2', '5'), ('985', '1030', '2', '4'), ('986', '1031', '2', '3'), ('987', '1032', '2', '2'), ('988', '1033', '2', '5'), ('989', '1034', '2', '4'), ('990', '1035', '2', '4'), ('991', '1036', '2', '1'), ('992', '1037', '2', '4'), ('993', '1038', '2', '2'), ('994', '1039', '2', '3'), ('995', '1040', '2', '2'), ('1023', '557', '3', '3'), ('1024', '558', '3', '1'), ('1025', '559', '3', '1'), ('1026', '560', '3', '5'), ('1027', '561', '3', '3'), ('1028', '562', '3', '2'), ('1029', '563', '3', '2'), ('1030', '564', '3', '2'), ('1031', '565', '3', '4'), ('1032', '566', '3', '3'), ('1033', '567', '3', '2'), ('1034', '568', '3', '3'), ('1035', '569', '3', '5'), ('1036', '570', '3', '4'), ('1037', '571', '3', '2'), ('1038', '572', '3', '3'), ('1039', '573', '3', '3'), ('1040', '574', '3', '3'), ('1041', '575', '3', '2'), ('1042', '576', '3', '2'), ('1043', '577', '3', '3'), ('1044', '578', '3', '3'), ('1045', '579', '3', '5'), ('1046', '580', '3', '4'), ('1047', '581', '3', '2'), ('1048', '582', '3', '2'), ('1049', '583', '3', '3'), ('1050', '584', '3', '5'), ('1051', '585', '3', '2'), ('1052', '586', '3', '3'), ('1053', '587', '3', '2'), ('1054', '588', '3', '1'), ('1055', '589', '3', '3'), ('1056', '590', '3', '3'), ('1057', '591', '3', '1'), ('1058', '592', '3', '4'), ('1059', '593', '3', '4'), ('1060', '594', '3', '5'), ('1061', '595', '3', '4'), ('1062', '596', '3', '2'), ('1063', '597', '3', '4'), ('1064', '598', '3', '4'), ('1065', '599', '3', '4'), ('1066', '600', '3', '5'), ('1067', '601', '3', '5'), ('1068', '602', '3', '1'), ('1069', '603', '3', '3'), ('1070', '604', '3', '2'), ('1071', '605', '3', '3'), ('1072', '606', '3', '2'), ('1073', '607', '3', '1'), ('1074', '608', '3', '4'), ('1075', '609', '3', '3'), ('1076', '610', '3', '3'), ('1077', '611', '3', '4'), ('1078', '612', '3', '1'), ('1079', '613', '3', '2'), ('1080', '614', '3', '3'), ('1081', '615', '3', '3'), ('1082', '616', '3', '2'), ('1083', '617', '3', '4'), ('1084', '618', '3', '4'), ('1085', '619', '3', '5'), ('1086', '620', '3', '1'), ('1087', '621', '3', '3'), ('1088', '622', '3', '3'), ('1089', '623', '3', '2'), ('1090', '624', '3', '3'), ('1091', '625', '3', '2'), ('1092', '626', '3', '2'), ('1093', '627', '3', '2'), ('1094', '628', '3', '3'), ('1095', '629', '3', '1'), ('1096', '630', '3', '4'), ('1097', '631', '3', '4'), ('1098', '632', '3', '4'), ('1099', '633', '3', '3'), ('1100', '634', '3', '2'), ('1101', '635', '3', '5'), ('1102', '636', '3', '4'), ('1103', '637', '3', '1'), ('1104', '638', '3', '5'), ('1105', '639', '3', '4'), ('1106', '640', '3', '4'), ('1107', '641', '3', '3'), ('1108', '642', '3', '3'), ('1109', '643', '3', '4'), ('1110', '644', '3', '1'), ('1111', '645', '3', '2'), ('1112', '646', '3', '4'), ('1113', '647', '3', '4'), ('1114', '648', '3', '4'), ('1115', '649', '3', '2'), ('1116', '650', '3', '4'), ('1117', '651', '3', '3'), ('1118', '652', '3', '5'), ('1119', '653', '3', '3'), ('1120', '654', '3', '2'), ('1121', '655', '3', '2'), ('1122', '656', '3', '2'), ('1123', '657', '3', '1'), ('1124', '658', '3', '5'), ('1125', '659', '3', '3'), ('1126', '660', '3', '3'), ('1127', '661', '3', '2'), ('1128', '662', '3', '3'), ('1129', '663', '3', '2'), ('1130', '664', '3', '1'), ('1131', '665', '3', '3'), ('1132', '666', '3', '5'), ('1133', '667', '3', '5'), ('1134', '668', '3', '4'), ('1135', '669', '3', '2'), ('1136', '670', '3', '2'), ('1137', '671', '3', '3'), ('1138', '672', '3', '4'), ('1139', '673', '3', '3'), ('1140', '674', '3', '2'), ('1141', '675', '3', '1'), ('1142', '676', '3', '4'), ('1143', '677', '3', '1'), ('1144', '678', '3', '2'), ('1145', '679', '3', '3'), ('1146', '680', '3', '2'), ('1147', '681', '3', '3'), ('1148', '682', '3', '3'), ('1149', '683', '3', '2'), ('1150', '684', '3', '2'), ('1151', '685', '3', '1'), ('1152', '686', '3', '1'), ('1153', '687', '3', '4'), ('1154', '688', '3', '1'), ('1155', '689', '3', '4'), ('1156', '690', '3', '4'), ('1157', '691', '3', '3'), ('1158', '692', '3', '3'), ('1159', '693', '3', '2'), ('1160', '694', '3', '3'), ('1161', '695', '3', '4'), ('1162', '696', '3', '2'), ('1163', '697', '3', '5'), ('1164', '698', '3', '5'), ('1165', '699', '3', '4'), ('1166', '700', '3', '4'), ('1167', '701', '3', '1'), ('1168', '702', '3', '5'), ('1169', '703', '3', '2'), ('1170', '704', '3', '4'), ('1171', '705', '3', '4'), ('1172', '706', '3', '3'), ('1173', '707', '3', '1'), ('1174', '708', '3', '4'), ('1175', '709', '3', '4'), ('1176', '710', '3', '3'), ('1177', '711', '3', '2'), ('1178', '712', '3', '5'), ('1179', '713', '3', '4'), ('1180', '714', '3', '2'), ('1181', '715', '3', '4'), ('1182', '716', '3', '3'), ('1183', '717', '3', '4'), ('1184', '718', '3', '3'), ('1185', '719', '3', '4'), ('1186', '720', '3', '3'), ('1187', '721', '3', '1'), ('1188', '722', '3', '1'), ('1189', '723', '3', '1'), ('1190', '724', '3', '2'), ('1191', '725', '3', '1'), ('1192', '726', '3', '2'), ('1193', '727', '3', '4'), ('1194', '728', '3', '2'), ('1195', '729', '3', '3'), ('1196', '730', '3', '3'), ('1197', '731', '3', '2'), ('1198', '732', '3', '3'), ('1199', '733', '3', '2'), ('1200', '734', '3', '5'), ('1201', '735', '3', '3'), ('1202', '736', '3', '3'), ('1203', '737', '3', '4'), ('1204', '738', '3', '4'), ('1205', '739', '3', '2'), ('1206', '740', '3', '3'), ('1207', '741', '3', '2'), ('1208', '742', '3', '2'), ('1209', '743', '3', '1'), ('1210', '744', '3', '2'), ('1211', '745', '3', '3'), ('1212', '746', '3', '5'), ('1213', '747', '3', '1'), ('1214', '748', '3', '2'), ('1215', '749', '3', '1'), ('1216', '750', '3', '3'), ('1217', '751', '3', '4'), ('1218', '752', '3', '1'), ('1219', '753', '3', '2'), ('1220', '754', '3', '3'), ('1221', '755', '3', '3'), ('1222', '756', '3', '3'), ('1223', '757', '3', '2'), ('1224', '758', '3', '5'), ('1225', '759', '3', '3'), ('1226', '760', '3', '3'), ('1227', '761', '3', '4'), ('1228', '762', '3', '3'), ('1229', '763', '3', '2'), ('1230', '764', '3', '4'), ('1231', '765', '3', '2'), ('1232', '766', '3', '1'), ('1233', '767', '3', '3'), ('1234', '768', '3', '5'), ('1235', '769', '3', '3'), ('1236', '770', '3', '5'), ('1237', '771', '3', '2'), ('1238', '772', '3', '1'), ('1239', '773', '3', '3'), ('1240', '774', '3', '4'), ('1241', '775', '3', '3'), ('1242', '776', '3', '4'), ('1243', '777', '3', '3'), ('1244', '778', '3', '2'), ('1245', '779', '3', '4'), ('1246', '780', '3', '4'), ('1247', '781', '3', '1'), ('1248', '782', '3', '4'), ('1249', '783', '3', '1'), ('1250', '784', '3', '2'), ('1251', '785', '3', '3'), ('1252', '786', '3', '4'), ('1253', '787', '3', '3'), ('1254', '788', '3', '3'), ('1255', '789', '3', '2'), ('1256', '790', '3', '4'), ('1257', '791', '3', '3'), ('1258', '792', '3', '3'), ('1259', '793', '3', '2'), ('1260', '794', '3', '2'), ('1261', '795', '3', '3'), ('1262', '796', '3', '3'), ('1263', '797', '3', '1'), ('1264', '798', '3', '3'), ('1265', '799', '3', '4'), ('1266', '800', '3', '2'), ('1267', '801', '3', '3'), ('1268', '802', '3', '4'), ('1269', '803', '3', '3'), ('1270', '804', '3', '3'), ('1271', '805', '3', '4'), ('1272', '806', '3', '5'), ('1273', '807', '3', '3'), ('1274', '808', '3', '2'), ('1275', '809', '3', '4'), ('1276', '810', '3', '2'), ('1277', '811', '3', '2'), ('1278', '812', '3', '4'), ('1279', '813', '3', '2'), ('1280', '814', '3', '4'), ('1281', '815', '3', '3'), ('1282', '816', '3', '5'), ('1283', '817', '3', '5'), ('1284', '818', '3', '2'), ('1285', '819', '3', '5'), ('1286', '820', '3', '5'), ('1287', '821', '3', '2'), ('1288', '822', '3', '3'), ('1289', '823', '3', '3'), ('1290', '824', '3', '3'), ('1291', '825', '3', '5'), ('1292', '826', '3', '4'), ('1293', '827', '3', '4'), ('1294', '828', '3', '2'), ('1295', '829', '3', '4'), ('1296', '830', '3', '2'), ('1297', '831', '3', '4'), ('1298', '832', '3', '3'), ('1299', '833', '3', '1'), ('1300', '834', '3', '2'), ('1301', '835', '3', '5'), ('1302', '836', '3', '5'), ('1303', '837', '3', '4'), ('1304', '838', '3', '2'), ('1305', '839', '3', '2'), ('1306', '840', '3', '2'), ('1307', '841', '3', '3'), ('1308', '842', '3', '4'), ('1309', '843', '3', '4'), ('1310', '844', '3', '2'), ('1311', '845', '3', '2'), ('1312', '846', '3', '3'), ('1313', '847', '3', '4'), ('1314', '848', '3', '3'), ('1315', '849', '3', '1'), ('1316', '850', '3', '2'), ('1317', '851', '3', '2'), ('1318', '852', '3', '4'), ('1319', '853', '3', '4'), ('1320', '854', '3', '4'), ('1321', '855', '3', '2'), ('1322', '856', '3', '2'), ('1323', '857', '3', '3'), ('1324', '858', '3', '4'), ('1325', '859', '3', '5'), ('1326', '860', '3', '4'), ('1327', '861', '3', '4'), ('1328', '862', '3', '1'), ('1329', '863', '3', '2'), ('1330', '864', '3', '2'), ('1331', '865', '3', '5'), ('1332', '866', '3', '3'), ('1333', '867', '3', '2'), ('1334', '868', '3', '3'), ('1335', '869', '3', '2'), ('1336', '870', '3', '3'), ('1337', '871', '3', '3'), ('1338', '872', '3', '3'), ('1339', '873', '3', '2'), ('1340', '874', '3', '2'), ('1341', '875', '3', '2'), ('1342', '876', '3', '4'), ('1343', '877', '3', '4'), ('1344', '878', '3', '2'), ('1345', '879', '3', '4'), ('1346', '880', '3', '2'), ('1347', '881', '3', '2'), ('1348', '882', '3', '3'), ('1349', '883', '3', '3'), ('1350', '884', '3', '2'), ('1351', '885', '3', '2'), ('1352', '886', '3', '4'), ('1353', '887', '3', '3'), ('1354', '888', '3', '4'), ('1355', '889', '3', '4'), ('1356', '890', '3', '3'), ('1357', '891', '3', '5'), ('1358', '892', '3', '5'), ('1359', '893', '3', '4'), ('1360', '894', '3', '3'), ('1361', '895', '3', '5'), ('1362', '896', '3', '2'), ('1363', '897', '3', '1'), ('1364', '898', '3', '1'), ('1365', '899', '3', '5'), ('1366', '900', '3', '3'), ('1367', '901', '3', '2'), ('1368', '902', '3', '5'), ('1369', '903', '3', '2'), ('1370', '904', '3', '5'), ('1371', '905', '3', '2'), ('1372', '906', '3', '3'), ('1373', '907', '3', '2'), ('1374', '908', '3', '2'), ('1375', '909', '3', '1'), ('1376', '910', '3', '4'), ('1377', '911', '3', '2'), ('1378', '912', '3', '2'), ('1379', '913', '3', '3'), ('1380', '914', '3', '1'), ('1381', '915', '3', '4'), ('1382', '916', '3', '3'), ('1383', '917', '3', '4'), ('1384', '918', '3', '2'), ('1385', '919', '3', '4'), ('1386', '920', '3', '4'), ('1387', '921', '3', '5'), ('1388', '922', '3', '5'), ('1389', '923', '3', '4'), ('1390', '924', '3', '3'), ('1391', '925', '3', '3'), ('1392', '926', '3', '3'), ('1393', '927', '3', '4'), ('1394', '928', '3', '2'), ('1395', '929', '3', '4'), ('1396', '930', '3', '1'), ('1397', '931', '3', '2'), ('1398', '932', '3', '1'), ('1399', '933', '3', '3'), ('1400', '934', '3', '3'), ('1401', '935', '3', '2'), ('1402', '936', '3', '5'), ('1403', '937', '3', '3'), ('1404', '938', '3', '2'), ('1405', '939', '3', '4'), ('1406', '940', '3', '1'), ('1407', '941', '3', '2'), ('1408', '942', '3', '2'), ('1409', '943', '3', '4'), ('1410', '944', '3', '3'), ('1411', '945', '3', '1'), ('1412', '946', '3', '4'), ('1413', '947', '3', '5'), ('1414', '948', '3', '2'), ('1415', '949', '3', '5'), ('1416', '950', '3', '3'), ('1417', '951', '3', '4'), ('1418', '952', '3', '4'), ('1419', '953', '3', '2'), ('1420', '954', '3', '5'), ('1421', '955', '3', '4'), ('1422', '956', '3', '4'), ('1423', '957', '3', '2'), ('1424', '958', '3', '3'), ('1425', '959', '3', '4'), ('1426', '960', '3', '4'), ('1427', '961', '3', '3'), ('1428', '962', '3', '4'), ('1429', '963', '3', '2'), ('1430', '964', '3', '4'), ('1431', '965', '3', '3'), ('1432', '966', '3', '4'), ('1433', '967', '3', '2'), ('1434', '968', '3', '3'), ('1435', '969', '3', '2'), ('1436', '970', '3', '3'), ('1437', '971', '3', '2'), ('1438', '972', '3', '3'), ('1439', '973', '3', '4'), ('1440', '974', '3', '4'), ('1441', '975', '3', '2'), ('1442', '976', '3', '2'), ('1443', '977', '3', '2'), ('1444', '978', '3', '5'), ('1445', '979', '3', '5'), ('1446', '980', '3', '3'), ('1447', '981', '3', '5'), ('1448', '982', '3', '5'), ('1449', '983', '3', '4'), ('1450', '984', '3', '3'), ('1451', '985', '3', '4'), ('1452', '986', '3', '4'), ('1453', '987', '3', '3'), ('1454', '988', '3', '2'), ('1455', '989', '3', '2'), ('1456', '990', '3', '4'), ('1457', '991', '3', '3'), ('1458', '992', '3', '5'), ('1459', '993', '3', '2'), ('1460', '994', '3', '1'), ('1461', '995', '3', '4'), ('1462', '996', '3', '1'), ('1463', '997', '3', '3'), ('1464', '998', '3', '5'), ('1465', '999', '3', '3'), ('1466', '1000', '3', '5'), ('1467', '1001', '3', '4'), ('1468', '1002', '3', '5'), ('1469', '1003', '3', '4'), ('1470', '1004', '3', '1'), ('1471', '1005', '3', '4'), ('1472', '1006', '3', '3'), ('1473', '1007', '3', '1'), ('1474', '1008', '3', '4'), ('1475', '1009', '3', '2'), ('1476', '1010', '3', '2'), ('1477', '1011', '3', '5'), ('1478', '1012', '3', '5'), ('1479', '1013', '3', '4'), ('1480', '1014', '3', '5'), ('1481', '1015', '3', '4'), ('1482', '1016', '3', '3'), ('1483', '1017', '3', '3'), ('1484', '1018', '3', '2'), ('1485', '1019', '3', '2'), ('1486', '1020', '3', '2'), ('1487', '1021', '3', '5'), ('1488', '1022', '3', '5'), ('1489', '1023', '3', '4'), ('1490', '1024', '3', '3'), ('1491', '1025', '3', '2'), ('1492', '1026', '3', '2'), ('1493', '1027', '3', '4'), ('1494', '1028', '3', '4'), ('1495', '1029', '3', '3'), ('1496', '1030', '3', '4'), ('1497', '1031', '3', '4'), ('1498', '1032', '3', '4'), ('1499', '1033', '3', '2'), ('1500', '1034', '3', '3'), ('1501', '1035', '3', '5'), ('1502', '1036', '3', '4'), ('1503', '1037', '3', '3'), ('1504', '1038', '3', '3'), ('1505', '1039', '3', '3'), ('1506', '1040', '3', '2'), ('1534', '557', '4', '3'), ('1535', '558', '4', '1'), ('1536', '559', '4', '4'), ('1537', '560', '4', '2'), ('1538', '561', '4', '1'), ('1539', '562', '4', '4'), ('1540', '563', '4', '5'), ('1541', '564', '4', '5'), ('1542', '565', '4', '1'), ('1543', '566', '4', '2'), ('1544', '567', '4', '3'), ('1545', '568', '4', '4'), ('1546', '569', '4', '5'), ('1547', '570', '4', '2'), ('1548', '571', '4', '4'), ('1549', '572', '4', '2'), ('1550', '573', '4', '2'), ('1551', '574', '4', '5'), ('1552', '575', '4', '5'), ('1553', '576', '4', '4'), ('1554', '577', '4', '2'), ('1555', '578', '4', '4'), ('1556', '579', '4', '1'), ('1557', '580', '4', '5'), ('1558', '581', '4', '2'), ('1559', '582', '4', '1'), ('1560', '583', '4', '3'), ('1561', '584', '4', '4'), ('1562', '585', '4', '3'), ('1563', '586', '4', '3'), ('1564', '587', '4', '3'), ('1565', '588', '4', '4'), ('1566', '589', '4', '3'), ('1567', '590', '4', '2'), ('1568', '591', '4', '3'), ('1569', '592', '4', '4'), ('1570', '593', '4', '1'), ('1571', '594', '4', '3'), ('1572', '595', '4', '2'), ('1573', '596', '4', '1'), ('1574', '597', '4', '3'), ('1575', '598', '4', '2'), ('1576', '599', '4', '1'), ('1577', '600', '4', '3'), ('1578', '601', '4', '4'), ('1579', '602', '4', '2'), ('1580', '603', '4', '1'), ('1581', '604', '4', '3'), ('1582', '605', '4', '1'), ('1583', '606', '4', '5'), ('1584', '607', '4', '4'), ('1585', '608', '4', '2'), ('1586', '609', '4', '4'), ('1587', '610', '4', '3'), ('1588', '611', '4', '5'), ('1589', '612', '4', '4'), ('1590', '613', '4', '3'), ('1591', '614', '4', '4'), ('1592', '615', '4', '4'), ('1593', '616', '4', '2'), ('1594', '617', '4', '2'), ('1595', '618', '4', '4'), ('1596', '619', '4', '1'), ('1597', '620', '4', '1'), ('1598', '621', '4', '4'), ('1599', '622', '4', '2'), ('1600', '623', '4', '5'), ('1601', '624', '4', '5'), ('1602', '625', '4', '1'), ('1603', '626', '4', '1'), ('1604', '627', '4', '1'), ('1605', '628', '4', '3'), ('1606', '629', '4', '1'), ('1607', '630', '4', '4'), ('1608', '631', '4', '2'), ('1609', '632', '4', '4'), ('1610', '633', '4', '3'), ('1611', '634', '4', '3'), ('1612', '635', '4', '2'), ('1613', '636', '4', '2'), ('1614', '637', '4', '4'), ('1615', '638', '4', '4'), ('1616', '639', '4', '4'), ('1617', '640', '4', '1'), ('1618', '641', '4', '2'), ('1619', '642', '4', '5'), ('1620', '643', '4', '4'), ('1621', '644', '4', '3'), ('1622', '645', '4', '5'), ('1623', '646', '4', '5'), ('1624', '647', '4', '2'), ('1625', '648', '4', '2'), ('1626', '649', '4', '5'), ('1627', '650', '4', '4'), ('1628', '651', '4', '4'), ('1629', '652', '4', '2'), ('1630', '653', '4', '4'), ('1631', '654', '4', '4'), ('1632', '655', '4', '1'), ('1633', '656', '4', '3'), ('1634', '657', '4', '4'), ('1635', '658', '4', '3'), ('1636', '659', '4', '5'), ('1637', '660', '4', '3'), ('1638', '661', '4', '3'), ('1639', '662', '4', '2'), ('1640', '663', '4', '2'), ('1641', '664', '4', '3'), ('1642', '665', '4', '2'), ('1643', '666', '4', '5'), ('1644', '667', '4', '3'), ('1645', '668', '4', '5'), ('1646', '669', '4', '1'), ('1647', '670', '4', '3'), ('1648', '671', '4', '3'), ('1649', '672', '4', '1'), ('1650', '673', '4', '3'), ('1651', '674', '4', '3'), ('1652', '675', '4', '3'), ('1653', '676', '4', '2'), ('1654', '677', '4', '4'), ('1655', '678', '4', '1'), ('1656', '679', '4', '2'), ('1657', '680', '4', '2'), ('1658', '681', '4', '5'), ('1659', '682', '4', '5'), ('1660', '683', '4', '2'), ('1661', '684', '4', '2'), ('1662', '685', '4', '4'), ('1663', '686', '4', '2'), ('1664', '687', '4', '4'), ('1665', '688', '4', '3'), ('1666', '689', '4', '4'), ('1667', '690', '4', '2'), ('1668', '691', '4', '5'), ('1669', '692', '4', '1'), ('1670', '693', '4', '3'), ('1671', '694', '4', '4'), ('1672', '695', '4', '5'), ('1673', '696', '4', '3'), ('1674', '697', '4', '2'), ('1675', '698', '4', '5'), ('1676', '699', '4', '5'), ('1677', '700', '4', '2'), ('1678', '701', '4', '2'), ('1679', '702', '4', '4'), ('1680', '703', '4', '5'), ('1681', '704', '4', '3'), ('1682', '705', '4', '2'), ('1683', '706', '4', '3'), ('1684', '707', '4', '5'), ('1685', '708', '4', '3'), ('1686', '709', '4', '2'), ('1687', '710', '4', '2'), ('1688', '711', '4', '1'), ('1689', '712', '4', '4'), ('1690', '713', '4', '1'), ('1691', '714', '4', '3'), ('1692', '715', '4', '3'), ('1693', '716', '4', '2'), ('1694', '717', '4', '3'), ('1695', '718', '4', '1'), ('1696', '719', '4', '2'), ('1697', '720', '4', '3'), ('1698', '721', '4', '1'), ('1699', '722', '4', '2'), ('1700', '723', '4', '3'), ('1701', '724', '4', '4'), ('1702', '725', '4', '5'), ('1703', '726', '4', '4'), ('1704', '727', '4', '1'), ('1705', '728', '4', '4'), ('1706', '729', '4', '2'), ('1707', '730', '4', '4'), ('1708', '731', '4', '3'), ('1709', '732', '4', '3'), ('1710', '733', '4', '3'), ('1711', '734', '4', '4'), ('1712', '735', '4', '4'), ('1713', '736', '4', '2'), ('1714', '737', '4', '1'), ('1715', '738', '4', '4'), ('1716', '739', '4', '4'), ('1717', '740', '4', '4'), ('1718', '741', '4', '5'), ('1719', '742', '4', '3'), ('1720', '743', '4', '5'), ('1721', '744', '4', '1'), ('1722', '745', '4', '3'), ('1723', '746', '4', '4'), ('1724', '747', '4', '4'), ('1725', '748', '4', '1'), ('1726', '749', '4', '4'), ('1727', '750', '4', '1'), ('1728', '751', '4', '3'), ('1729', '752', '4', '4'), ('1730', '753', '4', '5'), ('1731', '754', '4', '2'), ('1732', '755', '4', '2'), ('1733', '756', '4', '1'), ('1734', '757', '4', '2'), ('1735', '758', '4', '2'), ('1736', '759', '4', '4'), ('1737', '760', '4', '3'), ('1738', '761', '4', '5'), ('1739', '762', '4', '5'), ('1740', '763', '4', '4'), ('1741', '764', '4', '4'), ('1742', '765', '4', '2'), ('1743', '766', '4', '5'), ('1744', '767', '4', '1'), ('1745', '768', '4', '4'), ('1746', '769', '4', '1'), ('1747', '770', '4', '3'), ('1748', '771', '4', '2'), ('1749', '772', '4', '4'), ('1750', '773', '4', '4'), ('1751', '774', '4', '1'), ('1752', '775', '4', '4'), ('1753', '776', '4', '3'), ('1754', '777', '4', '1'), ('1755', '778', '4', '1'), ('1756', '779', '4', '1'), ('1757', '780', '4', '4'), ('1758', '781', '4', '2'), ('1759', '782', '4', '2'), ('1760', '783', '4', '4'), ('1761', '784', '4', '4'), ('1762', '785', '4', '5'), ('1763', '786', '4', '3'), ('1764', '787', '4', '1'), ('1765', '788', '4', '4'), ('1766', '789', '4', '1'), ('1767', '790', '4', '3'), ('1768', '791', '4', '4'), ('1769', '792', '4', '2'), ('1770', '793', '4', '2'), ('1771', '794', '4', '2'), ('1772', '795', '4', '1'), ('1773', '796', '4', '2'), ('1774', '797', '4', '1'), ('1775', '798', '4', '3'), ('1776', '799', '4', '2'), ('1777', '800', '4', '1'), ('1778', '801', '4', '3'), ('1779', '802', '4', '4'), ('1780', '803', '4', '5'), ('1781', '804', '4', '2'), ('1782', '805', '4', '1'), ('1783', '806', '4', '3'), ('1784', '807', '4', '5'), ('1785', '808', '4', '4'), ('1786', '809', '4', '1'), ('1787', '810', '4', '4'), ('1788', '811', '4', '2'), ('1789', '812', '4', '2'), ('1790', '813', '4', '4'), ('1791', '814', '4', '4'), ('1792', '815', '4', '5'), ('1793', '816', '4', '1'), ('1794', '817', '4', '3'), ('1795', '818', '4', '5'), ('1796', '819', '4', '3'), ('1797', '820', '4', '4'), ('1798', '821', '4', '2'), ('1799', '822', '4', '5'), ('1800', '823', '4', '5'), ('1801', '824', '4', '5'), ('1802', '825', '4', '5'), ('1803', '826', '4', '3'), ('1804', '827', '4', '2'), ('1805', '828', '4', '3'), ('1806', '829', '4', '1'), ('1807', '830', '4', '4'), ('1808', '831', '4', '2'), ('1809', '832', '4', '4'), ('1810', '833', '4', '4'), ('1811', '834', '4', '5'), ('1812', '835', '4', '3'), ('1813', '836', '4', '2'), ('1814', '837', '4', '1'), ('1815', '838', '4', '1'), ('1816', '839', '4', '5'), ('1817', '840', '4', '3'), ('1818', '841', '4', '5'), ('1819', '842', '4', '2'), ('1820', '843', '4', '2'), ('1821', '844', '4', '2'), ('1822', '845', '4', '4'), ('1823', '846', '4', '3'), ('1824', '847', '4', '4'), ('1825', '848', '4', '4'), ('1826', '849', '4', '3'), ('1827', '850', '4', '1'), ('1828', '851', '4', '2'), ('1829', '852', '4', '3'), ('1830', '853', '4', '4'), ('1831', '854', '4', '3'), ('1832', '855', '4', '4'), ('1833', '856', '4', '3'), ('1834', '857', '4', '3'), ('1835', '858', '4', '3'), ('1836', '859', '4', '3'), ('1837', '860', '4', '2'), ('1838', '861', '4', '5'), ('1839', '862', '4', '2'), ('1840', '863', '4', '4'), ('1841', '864', '4', '4'), ('1842', '865', '4', '1'), ('1843', '866', '4', '3'), ('1844', '867', '4', '3'), ('1845', '868', '4', '5'), ('1846', '869', '4', '2'), ('1847', '870', '4', '4'), ('1848', '871', '4', '2'), ('1849', '872', '4', '2'), ('1850', '873', '4', '3'), ('1851', '874', '4', '4'), ('1852', '875', '4', '2'), ('1853', '876', '4', '3'), ('1854', '877', '4', '5'), ('1855', '878', '4', '4'), ('1856', '879', '4', '4'), ('1857', '880', '4', '4'), ('1858', '881', '4', '3'), ('1859', '882', '4', '2'), ('1860', '883', '4', '4'), ('1861', '884', '4', '3'), ('1862', '885', '4', '4'), ('1863', '886', '4', '2'), ('1864', '887', '4', '1'), ('1865', '888', '4', '2'), ('1866', '889', '4', '3'), ('1867', '890', '4', '5'), ('1868', '891', '4', '5'), ('1869', '892', '4', '1'), ('1870', '893', '4', '3'), ('1871', '894', '4', '4'), ('1872', '895', '4', '3'), ('1873', '896', '4', '4'), ('1874', '897', '4', '2'), ('1875', '898', '4', '1'), ('1876', '899', '4', '2'), ('1877', '900', '4', '1'), ('1878', '901', '4', '2'), ('1879', '902', '4', '4'), ('1880', '903', '4', '2'), ('1881', '904', '4', '2'), ('1882', '905', '4', '4'), ('1883', '906', '4', '5'), ('1884', '907', '4', '3'), ('1885', '908', '4', '2'), ('1886', '909', '4', '4'), ('1887', '910', '4', '2'), ('1888', '911', '4', '3'), ('1889', '912', '4', '3'), ('1890', '913', '4', '4'), ('1891', '914', '4', '2'), ('1892', '915', '4', '5'), ('1893', '916', '4', '1'), ('1894', '917', '4', '3'), ('1895', '918', '4', '2'), ('1896', '919', '4', '3'), ('1897', '920', '4', '3'), ('1898', '921', '4', '4'), ('1899', '922', '4', '4'), ('1900', '923', '4', '3'), ('1901', '924', '4', '4'), ('1902', '925', '4', '4'), ('1903', '926', '4', '4'), ('1904', '927', '4', '3'), ('1905', '928', '4', '3'), ('1906', '929', '4', '4'), ('1907', '930', '4', '2'), ('1908', '931', '4', '5'), ('1909', '932', '4', '5'), ('1910', '933', '4', '4'), ('1911', '934', '4', '2'), ('1912', '935', '4', '4'), ('1913', '936', '4', '4'), ('1914', '937', '4', '4'), ('1915', '938', '4', '4'), ('1916', '939', '4', '4'), ('1917', '940', '4', '4'), ('1918', '941', '4', '5'), ('1919', '942', '4', '3'), ('1920', '943', '4', '4'), ('1921', '944', '4', '4'), ('1922', '945', '4', '2'), ('1923', '946', '4', '4'), ('1924', '947', '4', '2'), ('1925', '948', '4', '5'), ('1926', '949', '4', '4'), ('1927', '950', '4', '2'), ('1928', '951', '4', '3'), ('1929', '952', '4', '3'), ('1930', '953', '4', '2'), ('1931', '954', '4', '1'), ('1932', '955', '4', '3'), ('1933', '956', '4', '5'), ('1934', '957', '4', '2'), ('1935', '958', '4', '4'), ('1936', '959', '4', '4'), ('1937', '960', '4', '3'), ('1938', '961', '4', '2'), ('1939', '962', '4', '3'), ('1940', '963', '4', '2'), ('1941', '964', '4', '4'), ('1942', '965', '4', '4'), ('1943', '966', '4', '3'), ('1944', '967', '4', '4'), ('1945', '968', '4', '3'), ('1946', '969', '4', '2'), ('1947', '970', '4', '3'), ('1948', '971', '4', '5'), ('1949', '972', '4', '4'), ('1950', '973', '4', '2'), ('1951', '974', '4', '4'), ('1952', '975', '4', '4'), ('1953', '976', '4', '1'), ('1954', '977', '4', '3'), ('1955', '978', '4', '2'), ('1956', '979', '4', '5'), ('1957', '980', '4', '3'), ('1958', '981', '4', '2'), ('1959', '982', '4', '2'), ('1960', '983', '4', '2'), ('1961', '984', '4', '5'), ('1962', '985', '4', '5'), ('1963', '986', '4', '3'), ('1964', '987', '4', '2'), ('1965', '988', '4', '2'), ('1966', '989', '4', '2'), ('1967', '990', '4', '2'), ('1968', '991', '4', '1'), ('1969', '992', '4', '4'), ('1970', '993', '4', '4'), ('1971', '994', '4', '4'), ('1972', '995', '4', '3'), ('1973', '996', '4', '2'), ('1974', '997', '4', '5'), ('1975', '998', '4', '4'), ('1976', '999', '4', '2'), ('1977', '1000', '4', '1'), ('1978', '1001', '4', '2'), ('1979', '1002', '4', '4'), ('1980', '1003', '4', '1'), ('1981', '1004', '4', '2'), ('1982', '1005', '4', '3'), ('1983', '1006', '4', '3'), ('1984', '1007', '4', '5'), ('1985', '1008', '4', '1'), ('1986', '1009', '4', '3'), ('1987', '1010', '4', '4'), ('1988', '1011', '4', '4'), ('1989', '1012', '4', '4'), ('1990', '1013', '4', '5'), ('1991', '1014', '4', '5'), ('1992', '1015', '4', '3'), ('1993', '1016', '4', '4'), ('1994', '1017', '4', '1'), ('1995', '1018', '4', '2'), ('1996', '1019', '4', '3'), ('1997', '1020', '4', '2'), ('1998', '1021', '4', '2'), ('1999', '1022', '4', '3'), ('2000', '1023', '4', '3'), ('2001', '1024', '4', '2'), ('2002', '1025', '4', '3'), ('2003', '1026', '4', '3'), ('2004', '1027', '4', '2'), ('2005', '1028', '4', '2'), ('2006', '1029', '4', '1'), ('2007', '1030', '4', '2'), ('2008', '1031', '4', '4'), ('2009', '1032', '4', '2'), ('2010', '1033', '4', '2'), ('2011', '1034', '4', '3'), ('2012', '1035', '4', '4'), ('2013', '1036', '4', '2'), ('2014', '1037', '4', '4'), ('2015', '1038', '4', '4'), ('2016', '1039', '4', '1'), ('2017', '1040', '4', '1'), ('2045', '557', '5', '4'), ('2046', '558', '5', '1'), ('2047', '559', '5', '4'), ('2048', '560', '5', '3'), ('2049', '561', '5', '5'), ('2050', '562', '5', '3'), ('2051', '563', '5', '2'), ('2052', '564', '5', '2'), ('2053', '565', '5', '3'), ('2054', '566', '5', '2'), ('2055', '567', '5', '4'), ('2056', '568', '5', '4'), ('2057', '569', '5', '4'), ('2058', '570', '5', '2'), ('2059', '571', '5', '3'), ('2060', '572', '5', '2'), ('2061', '573', '5', '2'), ('2062', '574', '5', '4'), ('2063', '575', '5', '4'), ('2064', '576', '5', '2'), ('2065', '577', '5', '4'), ('2066', '578', '5', '2'), ('2067', '579', '5', '1'), ('2068', '580', '5', '3'), ('2069', '581', '5', '3'), ('2070', '582', '5', '2'), ('2071', '583', '5', '2'), ('2072', '584', '5', '2'), ('2073', '585', '5', '4'), ('2074', '586', '5', '4'), ('2075', '587', '5', '4'), ('2076', '588', '5', '4'), ('2077', '589', '5', '3'), ('2078', '590', '5', '2'), ('2079', '591', '5', '4'), ('2080', '592', '5', '5'), ('2081', '593', '5', '3'), ('2082', '594', '5', '5'), ('2083', '595', '5', '4'), ('2084', '596', '5', '3'), ('2085', '597', '5', '1'), ('2086', '598', '5', '4'), ('2087', '599', '5', '4'), ('2088', '600', '5', '2'), ('2089', '601', '5', '2'), ('2090', '602', '5', '1'), ('2091', '603', '5', '4'), ('2092', '604', '5', '2'), ('2093', '605', '5', '4'), ('2094', '606', '5', '4'), ('2095', '607', '5', '4'), ('2096', '608', '5', '4'), ('2097', '609', '5', '1'), ('2098', '610', '5', '4'), ('2099', '611', '5', '2'), ('2100', '612', '5', '1'), ('2101', '613', '5', '3'), ('2102', '614', '5', '2'), ('2103', '615', '5', '2'), ('2104', '616', '5', '3'), ('2105', '617', '5', '3'), ('2106', '618', '5', '2'), ('2107', '619', '5', '3'), ('2108', '620', '5', '2'), ('2109', '621', '5', '4'), ('2110', '622', '5', '2'), ('2111', '623', '5', '4'), ('2112', '624', '5', '1'), ('2113', '625', '5', '4'), ('2114', '626', '5', '4'), ('2115', '627', '5', '4'), ('2116', '628', '5', '4'), ('2117', '629', '5', '1'), ('2118', '630', '5', '1'), ('2119', '631', '5', '5'), ('2120', '632', '5', '4'), ('2121', '633', '5', '2'), ('2122', '634', '5', '5'), ('2123', '635', '5', '3'), ('2124', '636', '5', '5'), ('2125', '637', '5', '5'), ('2126', '638', '5', '5'), ('2127', '639', '5', '4'), ('2128', '640', '5', '3'), ('2129', '641', '5', '4'), ('2130', '642', '5', '2'), ('2131', '643', '5', '2'), ('2132', '644', '5', '3'), ('2133', '645', '5', '2'), ('2134', '646', '5', '5'), ('2135', '647', '5', '2'), ('2136', '648', '5', '4'), ('2137', '649', '5', '2'), ('2138', '650', '5', '3'), ('2139', '651', '5', '2'), ('2140', '652', '5', '2'), ('2141', '653', '5', '4'), ('2142', '654', '5', '3'), ('2143', '655', '5', '3'), ('2144', '656', '5', '5'), ('2145', '657', '5', '1'), ('2146', '658', '5', '3'), ('2147', '659', '5', '2'), ('2148', '660', '5', '3'), ('2149', '661', '5', '3'), ('2150', '662', '5', '1'), ('2151', '663', '5', '5'), ('2152', '664', '5', '3'), ('2153', '665', '5', '4'), ('2154', '666', '5', '5'), ('2155', '667', '5', '4'), ('2156', '668', '5', '2'), ('2157', '669', '5', '4'), ('2158', '670', '5', '4'), ('2159', '671', '5', '4'), ('2160', '672', '5', '4'), ('2161', '673', '5', '2'), ('2162', '674', '5', '5'), ('2163', '675', '5', '4'), ('2164', '676', '5', '4'), ('2165', '677', '5', '4'), ('2166', '678', '5', '4'), ('2167', '679', '5', '5'), ('2168', '680', '5', '4'), ('2169', '681', '5', '3'), ('2170', '682', '5', '1'), ('2171', '683', '5', '2'), ('2172', '684', '5', '3'), ('2173', '685', '5', '3'), ('2174', '686', '5', '5'), ('2175', '687', '5', '2'), ('2176', '688', '5', '3'), ('2177', '689', '5', '3'), ('2178', '690', '5', '3'), ('2179', '691', '5', '4'), ('2180', '692', '5', '2'), ('2181', '693', '5', '2'), ('2182', '694', '5', '4'), ('2183', '695', '5', '3'), ('2184', '696', '5', '4'), ('2185', '697', '5', '5'), ('2186', '698', '5', '1'), ('2187', '699', '5', '2'), ('2188', '700', '5', '3'), ('2189', '701', '5', '4'), ('2190', '702', '5', '4'), ('2191', '703', '5', '2'), ('2192', '704', '5', '4'), ('2193', '705', '5', '2'), ('2194', '706', '5', '3'), ('2195', '707', '5', '5'), ('2196', '708', '5', '1'), ('2197', '709', '5', '3'), ('2198', '710', '5', '2'), ('2199', '711', '5', '3'), ('2200', '712', '5', '3'), ('2201', '713', '5', '4'), ('2202', '714', '5', '2'), ('2203', '715', '5', '2'), ('2204', '716', '5', '1'), ('2205', '717', '5', '3'), ('2206', '718', '5', '5'), ('2207', '719', '5', '3'), ('2208', '720', '5', '4'), ('2209', '721', '5', '5'), ('2210', '722', '5', '4'), ('2211', '723', '5', '5'), ('2212', '724', '5', '3'), ('2213', '725', '5', '2'), ('2214', '726', '5', '5'), ('2215', '727', '5', '4'), ('2216', '728', '5', '5'), ('2217', '729', '5', '3'), ('2218', '730', '5', '2'), ('2219', '731', '5', '2'), ('2220', '732', '5', '5'), ('2221', '733', '5', '5'), ('2222', '734', '5', '4'), ('2223', '735', '5', '5'), ('2224', '736', '5', '2'), ('2225', '737', '5', '4'), ('2226', '738', '5', '2'), ('2227', '739', '5', '5'), ('2228', '740', '5', '4'), ('2229', '741', '5', '2'), ('2230', '742', '5', '1'), ('2231', '743', '5', '2'), ('2232', '744', '5', '3'), ('2233', '745', '5', '4'), ('2234', '746', '5', '4'), ('2235', '747', '5', '4'), ('2236', '748', '5', '3'), ('2237', '749', '5', '3'), ('2238', '750', '5', '2'), ('2239', '751', '5', '3'), ('2240', '752', '5', '4'), ('2241', '753', '5', '4'), ('2242', '754', '5', '2'), ('2243', '755', '5', '2'), ('2244', '756', '5', '5'), ('2245', '757', '5', '5'), ('2246', '758', '5', '3'), ('2247', '759', '5', '5'), ('2248', '760', '5', '2'), ('2249', '761', '5', '4'), ('2250', '762', '5', '2'), ('2251', '763', '5', '3'), ('2252', '764', '5', '2'), ('2253', '765', '5', '3'), ('2254', '766', '5', '1'), ('2255', '767', '5', '5'), ('2256', '768', '5', '3'), ('2257', '769', '5', '2'), ('2258', '770', '5', '3'), ('2259', '771', '5', '2'), ('2260', '772', '5', '3'), ('2261', '773', '5', '3'), ('2262', '774', '5', '2'), ('2263', '775', '5', '3'), ('2264', '776', '5', '4'), ('2265', '777', '5', '4'), ('2266', '778', '5', '2'), ('2267', '779', '5', '5'), ('2268', '780', '5', '4'), ('2269', '781', '5', '5'), ('2270', '782', '5', '3'), ('2271', '783', '5', '3'), ('2272', '784', '5', '3'), ('2273', '785', '5', '3'), ('2274', '786', '5', '4'), ('2275', '787', '5', '3'), ('2276', '788', '5', '1'), ('2277', '789', '5', '4'), ('2278', '790', '5', '3'), ('2279', '791', '5', '3'), ('2280', '792', '5', '3'), ('2281', '793', '5', '3'), ('2282', '794', '5', '2'), ('2283', '795', '5', '1'), ('2284', '796', '5', '5'), ('2285', '797', '5', '2'), ('2286', '798', '5', '4'), ('2287', '799', '5', '2'), ('2288', '800', '5', '5'), ('2289', '801', '5', '3'), ('2290', '802', '5', '3'), ('2291', '803', '5', '1'), ('2292', '804', '5', '1'), ('2293', '805', '5', '3'), ('2294', '806', '5', '4'), ('2295', '807', '5', '3'), ('2296', '808', '5', '4'), ('2297', '809', '5', '3'), ('2298', '810', '5', '1'), ('2299', '811', '5', '2'), ('2300', '812', '5', '4'), ('2301', '813', '5', '4'), ('2302', '814', '5', '2'), ('2303', '815', '5', '3'), ('2304', '816', '5', '2'), ('2305', '817', '5', '2'), ('2306', '818', '5', '4'), ('2307', '819', '5', '4'), ('2308', '820', '5', '2'), ('2309', '821', '5', '4'), ('2310', '822', '5', '2'), ('2311', '823', '5', '1'), ('2312', '824', '5', '4'), ('2313', '825', '5', '5'), ('2314', '826', '5', '4'), ('2315', '827', '5', '4'), ('2316', '828', '5', '5'), ('2317', '829', '5', '1'), ('2318', '830', '5', '3'), ('2319', '831', '5', '3'), ('2320', '832', '5', '3'), ('2321', '833', '5', '1'), ('2322', '834', '5', '2'), ('2323', '835', '5', '4'), ('2324', '836', '5', '1'), ('2325', '837', '5', '5'), ('2326', '838', '5', '3'), ('2327', '839', '5', '3'), ('2328', '840', '5', '1'), ('2329', '841', '5', '1'), ('2330', '842', '5', '4'), ('2331', '843', '5', '2'), ('2332', '844', '5', '4'), ('2333', '845', '5', '3'), ('2334', '846', '5', '1'), ('2335', '847', '5', '2'), ('2336', '848', '5', '3'), ('2337', '849', '5', '5'), ('2338', '850', '5', '4'), ('2339', '851', '5', '2'), ('2340', '852', '5', '4'), ('2341', '853', '5', '2'), ('2342', '854', '5', '3'), ('2343', '855', '5', '3'), ('2344', '856', '5', '4'), ('2345', '857', '5', '5'), ('2346', '858', '5', '4'), ('2347', '859', '5', '2'), ('2348', '860', '5', '4'), ('2349', '861', '5', '3'), ('2350', '862', '5', '1'), ('2351', '863', '5', '1'), ('2352', '864', '5', '2'), ('2353', '865', '5', '5'), ('2354', '866', '5', '4'), ('2355', '867', '5', '2'), ('2356', '868', '5', '2'), ('2357', '869', '5', '4'), ('2358', '870', '5', '4'), ('2359', '871', '5', '4'), ('2360', '872', '5', '3'), ('2361', '873', '5', '4'), ('2362', '874', '5', '5'), ('2363', '875', '5', '3'), ('2364', '876', '5', '2'), ('2365', '877', '5', '2'), ('2366', '878', '5', '3'), ('2367', '879', '5', '5'), ('2368', '880', '5', '4'), ('2369', '881', '5', '3'), ('2370', '882', '5', '2'), ('2371', '883', '5', '5'), ('2372', '884', '5', '3'), ('2373', '885', '5', '2'), ('2374', '886', '5', '5'), ('2375', '887', '5', '3'), ('2376', '888', '5', '2'), ('2377', '889', '5', '5'), ('2378', '890', '5', '4'), ('2379', '891', '5', '4'), ('2380', '892', '5', '2'), ('2381', '893', '5', '3'), ('2382', '894', '5', '3'), ('2383', '895', '5', '4'), ('2384', '896', '5', '4'), ('2385', '897', '5', '4'), ('2386', '898', '5', '2'), ('2387', '899', '5', '4'), ('2388', '900', '5', '2'), ('2389', '901', '5', '3'), ('2390', '902', '5', '2'), ('2391', '903', '5', '4'), ('2392', '904', '5', '4'), ('2393', '905', '5', '3'), ('2394', '906', '5', '3'), ('2395', '907', '5', '3'), ('2396', '908', '5', '2'), ('2397', '909', '5', '2'), ('2398', '910', '5', '2'), ('2399', '911', '5', '2'), ('2400', '912', '5', '3'), ('2401', '913', '5', '2'), ('2402', '914', '5', '3'), ('2403', '915', '5', '4'), ('2404', '916', '5', '4'), ('2405', '917', '5', '3'), ('2406', '918', '5', '4'), ('2407', '919', '5', '3'), ('2408', '920', '5', '2'), ('2409', '921', '5', '3'), ('2410', '922', '5', '2'), ('2411', '923', '5', '3'), ('2412', '924', '5', '5'), ('2413', '925', '5', '1'), ('2414', '926', '5', '2'), ('2415', '927', '5', '3'), ('2416', '928', '5', '1'), ('2417', '929', '5', '3'), ('2418', '930', '5', '2'), ('2419', '931', '5', '2'), ('2420', '932', '5', '2'), ('2421', '933', '5', '3'), ('2422', '934', '5', '2'), ('2423', '935', '5', '2'), ('2424', '936', '5', '4'), ('2425', '937', '5', '2'), ('2426', '938', '5', '2'), ('2427', '939', '5', '1'), ('2428', '940', '5', '2'), ('2429', '941', '5', '2'), ('2430', '942', '5', '5'), ('2431', '943', '5', '4'), ('2432', '944', '5', '5'), ('2433', '945', '5', '2'), ('2434', '946', '5', '1'), ('2435', '947', '5', '5'), ('2436', '948', '5', '4'), ('2437', '949', '5', '2'), ('2438', '950', '5', '3'), ('2439', '951', '5', '2'), ('2440', '952', '5', '2'), ('2441', '953', '5', '3'), ('2442', '954', '5', '3'), ('2443', '955', '5', '3'), ('2444', '956', '5', '2'), ('2445', '957', '5', '1'), ('2446', '958', '5', '4'), ('2447', '959', '5', '1'), ('2448', '960', '5', '3'), ('2449', '961', '5', '3'), ('2450', '962', '5', '3'), ('2451', '963', '5', '3'), ('2452', '964', '5', '2'), ('2453', '965', '5', '2'), ('2454', '966', '5', '3'), ('2455', '967', '5', '3'), ('2456', '968', '5', '1'), ('2457', '969', '5', '4'), ('2458', '970', '5', '1'), ('2459', '971', '5', '4'), ('2460', '972', '5', '5'), ('2461', '973', '5', '2'), ('2462', '974', '5', '3'), ('2463', '975', '5', '3'), ('2464', '976', '5', '5'), ('2465', '977', '5', '2'), ('2466', '978', '5', '2'), ('2467', '979', '5', '5'), ('2468', '980', '5', '4'), ('2469', '981', '5', '4'), ('2470', '982', '5', '1'), ('2471', '983', '5', '3'), ('2472', '984', '5', '5'), ('2473', '985', '5', '5'), ('2474', '986', '5', '4'), ('2475', '987', '5', '2'), ('2476', '988', '5', '5'), ('2477', '989', '5', '5'), ('2478', '990', '5', '5'), ('2479', '991', '5', '4'), ('2480', '992', '5', '5'), ('2481', '993', '5', '4'), ('2482', '994', '5', '3'), ('2483', '995', '5', '3'), ('2484', '996', '5', '1'), ('2485', '997', '5', '4'), ('2486', '998', '5', '5'), ('2487', '999', '5', '2'), ('2488', '1000', '5', '4'), ('2489', '1001', '5', '4'), ('2490', '1002', '5', '4'), ('2491', '1003', '5', '1'), ('2492', '1004', '5', '1'), ('2493', '1005', '5', '3'), ('2494', '1006', '5', '5'), ('2495', '1007', '5', '2'), ('2496', '1008', '5', '1'), ('2497', '1009', '5', '1'), ('2498', '1010', '5', '5'), ('2499', '1011', '5', '4'), ('2500', '1012', '5', '4'), ('2501', '1013', '5', '1'), ('2502', '1014', '5', '2'), ('2503', '1015', '5', '2'), ('2504', '1016', '5', '3'), ('2505', '1017', '5', '2'), ('2506', '1018', '5', '3'), ('2507', '1019', '5', '4'), ('2508', '1020', '5', '3'), ('2509', '1021', '5', '4'), ('2510', '1022', '5', '3'), ('2511', '1023', '5', '3'), ('2512', '1024', '5', '2'), ('2513', '1025', '5', '4'), ('2514', '1026', '5', '4'), ('2515', '1027', '5', '1'), ('2516', '1028', '5', '1'), ('2517', '1029', '5', '4'), ('2518', '1030', '5', '1'), ('2519', '1031', '5', '5'), ('2520', '1032', '5', '3'), ('2521', '1033', '5', '2'), ('2522', '1034', '5', '2'), ('2523', '1035', '5', '4'), ('2524', '1036', '5', '3'), ('2525', '1037', '5', '4'), ('2526', '1038', '5', '1'), ('2527', '1039', '5', '5'), ('2528', '1040', '5', '3');
COMMIT;

-- ----------------------------
--  Table structure for `resource_type`
-- ----------------------------
DROP TABLE IF EXISTS `resource_type`;
CREATE TABLE `resource_type` (
  `id` char(1) NOT NULL,
  `name` varchar(100) NOT NULL,
  `summary` varchar(500) DEFAULT NULL,
  `description` varchar(5000) DEFAULT NULL,
  PRIMARY KEY (`id`),
  UNIQUE KEY `id` (`id`)
) ENGINE=InnoDB DEFAULT CHARSET=utf8 ROW_FORMAT=COMPACT;

-- ----------------------------
--  Records of `resource_type`
-- ----------------------------
BEGIN;
INSERT INTO `resource_type` VALUES ('T', 'Template', 'Local HTML template file.', null), ('W', 'Web', 'Web URL.', null);
COMMIT;

-- ----------------------------
--  Table structure for `role`
-- ----------------------------
DROP TABLE IF EXISTS `role`;
CREATE TABLE `role` (
  `id` char(1) NOT NULL,
  `name` varchar(100) NOT NULL,
  `app_role_id` char(1) NOT NULL,
  `summary` varchar(500) DEFAULT NULL,
  `description` varchar(5000) DEFAULT NULL,
  PRIMARY KEY (`id`)
) ENGINE=InnoDB DEFAULT CHARSET=utf8 ROW_FORMAT=COMPACT;

-- ----------------------------
--  Records of `role`
-- ----------------------------
BEGIN;
INSERT INTO `role` VALUES ('A', 'Administrator', 'A', null, null), ('M', 'Manager', 'M', null, null), ('P', 'Dispatcher', 'P', null, null), ('S', 'Sysadmin', 'S', null, null), ('T', 'Driver', 'P', null, null);
COMMIT;

-- ----------------------------
--  Procedure structure for `getOrgDescendantIds`
-- ----------------------------
DROP PROCEDURE IF EXISTS `getOrgDescendantIds`;
delimiter ;;
CREATE DEFINER=`root`@`localhost` PROCEDURE `getOrgDescendantIds`(IN pOrgId INT, OUT pDescendantIds TEXT)
BEGIN
    DECLARE vDone INT DEFAULT 0;
    DECLARE vChildId INT DEFAULT NULL;
    DECLARE vDescendantIds TEXT DEFAULT '';
    DECLARE vNumItems INT DEFAULT 0;
    DECLARE vItem TEXT DEFAULT '';
    DECLARE vI INT DEFAULT 0;
    DECLARE curs CURSOR FOR SELECT id FROM organization WHERE parent_id = pOrgId;
    DECLARE CONTINUE HANDLER FOR NOT FOUND SET vDone = 1;

    SET max_sp_recursion_depth = 255;
    IF pDescendantIds IS NULL THEN
      SET pDescendantIds = '';
    END IF;
    OPEN curs;
    REPEAT
      FETCH curs INTO vChildId;
      IF vChildId IS NOT NULL THEN
        IF LENGTH(pDescendantIds) > 0 THEN
          IF FIND_IN_SET(vChildId, pDescendantIds) <= 0 THEN
            SET pDescendantIds = CONCAT(pDescendantIds, ',', vChildId);
          END IF;
        ELSE
          SET pDescendantIds = vChildId;
        END IF;
        CALL getOrgDescendantIds(vChildId, vDescendantIds);
        IF LENGTH(vDescendantIds) > 0 THEN
          SET vNumItems = SubstrCount(',', vDescendantIds);
          IF (vNumItems > 0) THEN
            SET vI = 1;
            REPEAT
              SET vItem = splitStrAt(vDescendantIds, ',', vI);
              SET pDescendantIds = CONCAT(pDescendantIds, ',', vItem);
              SET vI = vI + 1;
            UNTIL vI > vNumItems END REPEAT;
          ELSE
            SET pDescendantIds = pDescendantIds;
          END IF;
        ELSE
          SET pDescendantIds = pDescendantIds;
        END IF;
      END IF;
    UNTIL vDone END REPEAT;
    CLOSE curs;
  END
 ;;
delimiter ;

-- ----------------------------
--  Function structure for `nOrgChildren`
-- ----------------------------
DROP FUNCTION IF EXISTS `nOrgChildren`;
delimiter ;;
CREATE DEFINER=`root`@`localhost` FUNCTION `nOrgChildren`(pOrgId INT) RETURNS int(11)
    DETERMINISTIC
BEGIN
    DECLARE cnt INT DEFAULT 0;
    SELECT COUNT(id) INTO cnt FROM organization WHERE parent_id=pOrgId;
    RETURN cnt;
  END
 ;;
delimiter ;

-- ----------------------------
--  Function structure for `RandomInt`
-- ----------------------------
DROP FUNCTION IF EXISTS `RandomInt`;
delimiter ;;
CREATE DEFINER=`root`@`localhost` FUNCTION `RandomInt`(minVal INT, maxVal INT) RETURNS int(11)
BEGIN
    RETURN (minVal + FLOOR(RAND() * ((maxVal - minVal)+1)));
  END
 ;;
delimiter ;

-- ----------------------------
--  Function structure for `retrieveOrgAncestorIds`
-- ----------------------------
DROP FUNCTION IF EXISTS `retrieveOrgAncestorIds`;
delimiter ;;
CREATE DEFINER=`root`@`localhost` FUNCTION `retrieveOrgAncestorIds`(leafId INT) RETURNS varchar(1000) CHARSET utf8
BEGIN
    DECLARE sTemp VARCHAR(1000);
    DECLARE sTempChd VARCHAR(1000);

    SET sTemp = '';
    SET sTempChd = cast(leafId AS CHAR);

    WHILE sTempChd IS NOT NULL DO
      IF LENGTH(sTemp) > 0
      THEN
        SET sTemp = concat(sTempChd, ',', sTemp);
      ELSE
        SET sTemp = sTempChd;
      END IF;
      SELECT parent_id INTO sTempChd FROM organization WHERE id = sTempChd;
    END WHILE;
    RETURN sTemp;
  END
 ;;
delimiter ;

-- ----------------------------
--  Function structure for `retrieveOrgDescendantIds`
-- ----------------------------
DROP FUNCTION IF EXISTS `retrieveOrgDescendantIds`;
delimiter ;;
CREATE DEFINER=`root`@`localhost` FUNCTION `retrieveOrgDescendantIds`(rootId INT) RETURNS varchar(1000) CHARSET utf8
BEGIN
    DECLARE sTemp VARCHAR(1000);
    DECLARE sTempChd VARCHAR(1000);

    SET sTemp = '';
    SET sTempChd = cast(rootId AS CHAR);

    WHILE sTempChd IS NOT NULL DO
      IF LENGTH(sTemp) > 0
      THEN
        SET sTemp = concat(sTemp, ',', sTempChd);
      ELSE
        SET sTemp = concat(sTemp, sTempChd);
      END IF;
      SELECT group_concat(id) INTO sTempChd FROM organization WHERE FIND_IN_SET(parent_id, sTempChd) > 0;
    END WHILE;
    RETURN sTemp;
  END
 ;;
delimiter ;

-- ----------------------------
--  Function structure for `retrieveOrgSubParentId`
-- ----------------------------
DROP FUNCTION IF EXISTS `retrieveOrgSubParentId`;
delimiter ;;
CREATE DEFINER=`root`@`localhost` FUNCTION `retrieveOrgSubParentId`(pTopId INT, pOrgId INT) RETURNS int(11)
BEGIN
    DECLARE vAncestorIds VARCHAR(1000);
    DECLARE vNumIDs INT;
    DECLARE vIdx INT;
    DECLARE vID VARCHAR(50);
    DECLARE vTopFound BOOL;

    SET vAncestorIds = retrieveOrgAncestorIds(pOrgId);
    SET vNumIDs = substrCount(',', vAncestorIds) + 1;
    SET vIdx = 1;
    SET vTopFound = FALSE;
    WHILE vIdx <= vNumIDs DO
      SET vID = CAST(splitStrAt(vAncestorIds, ',', vIdx) AS UNSIGNED);
      IF vID = pTopId
      THEN
        SET vTopFound = TRUE;
      ELSE
        IF vTopFound
        THEN
          RETURN vID;
        END IF;
      END IF;
      SET vIdx = vIdx + 1;
    END WHILE;
    RETURN 0;
  END
 ;;
delimiter ;

-- ----------------------------
--  Function structure for `retrieveOrgSubParentName`
-- ----------------------------
DROP FUNCTION IF EXISTS `retrieveOrgSubParentName`;
delimiter ;;
CREATE DEFINER=`root`@`localhost` FUNCTION `retrieveOrgSubParentName`(pTopId INT, pOrgId INT) RETURNS text CHARSET utf8
BEGIN
    DECLARE vAncestorIds VARCHAR(1000);
    DECLARE vNumIDs INT;
    DECLARE vIdx INT;
    DECLARE vID VARCHAR(50);
    DECLARE vTopFound BOOL;
    DECLARE vName TEXT;

    SET vAncestorIds = retrieveOrgAncestorIds(pOrgId);
    SET vNumIDs = substrCount(',', vAncestorIds) + 1;
    SET vIdx = 1;
    SET vTopFound = FALSE;
    WHILE vIdx <= vNumIDs DO
      SET vID = CAST(splitStrAt(vAncestorIds, ',', vIdx) AS UNSIGNED);
      IF vID = pTopId
      THEN
        SET vTopFound = TRUE;
      ELSE
        IF vTopFound
        THEN
          SELECT name INTO vName FROM organization WHERE id=vID;
          RETURN vName;
        END IF;
      END IF;
      SET vIdx = vIdx + 1;
    END WHILE;
    RETURN NULL;
  END
 ;;
delimiter ;

-- ----------------------------
--  Function structure for `splitStrAt`
-- ----------------------------
DROP FUNCTION IF EXISTS `splitStrAt`;
delimiter ;;
CREATE DEFINER=`root`@`localhost` FUNCTION `splitStrAt`(x VARCHAR(255), delim VARCHAR(12), pos INT) RETURNS varchar(255) CHARSET utf8
RETURN REPLACE(SUBSTRING(SUBSTRING_INDEX(x, delim, pos), LENGTH(SUBSTRING_INDEX(x, delim, pos - 1)) + 1), delim, '')
 ;;
delimiter ;

-- ----------------------------
--  Function structure for `substrCount`
-- ----------------------------
DROP FUNCTION IF EXISTS `substrCount`;
delimiter ;;
CREATE DEFINER=`root`@`localhost` FUNCTION `substrCount`(ch CHAR, str TEXT) RETURNS int(11)
    DETERMINISTIC
BEGIN
    RETURN (LENGTH(str) - LENGTH(REPLACE(str, ch, '')));
  END
 ;;
delimiter ;

SET FOREIGN_KEY_CHECKS = 1;
