/*
 Navicat MySQL Data Transfer

 Source Server         : localhost
 Source Server Type    : MySQL
 Source Server Version : 50713
 Source Host           : localhost
 Source Database       : cogentqi_v1_pharmacy

 Target Server Type    : MySQL
 Target Server Version : 50713
 File Encoding         : utf-8

 Date: 07/29/2016 21:23:10 PM
*/

SET NAMES utf8mb4;
SET FOREIGN_KEY_CHECKS = 0;

-- ----------------------------
--  Table structure for `_db_update`
-- ----------------------------
DROP TABLE IF EXISTS `_db_update`;
CREATE TABLE `_db_update` (
  `script_name` varchar(100) NOT NULL,
  `runOn` timestamp NOT NULL DEFAULT CURRENT_TIMESTAMP,
  PRIMARY KEY (`script_name`),
  UNIQUE KEY `script_name` (`script_name`)
) ENGINE=InnoDB DEFAULT CHARSET=utf8;

-- ----------------------------
--  Records of `_db_update`
-- ----------------------------
BEGIN;
INSERT INTO `_db_update` VALUES ('0001-RecommendationFields.sql', '2015-11-25 10:58:58'), ('0002-AppRole.sql', '2015-11-26 15:22:16'), ('0003-RoleAgain.sql', '2015-11-28 21:31:22'), ('0004-Events.sql', '2015-12-10 13:29:40'), ('0006-Badges.sql', '2015-12-16 17:16:02'), ('0008-ResponseTimestamp.sql', '2016-01-03 19:28:28'), ('0009-EventOutcomeRecommendations.sql', '2016-01-30 13:58:26'), ('0010-ChangeLevelType.sql', '2016-02-01 19:38:41');
COMMIT;

-- ----------------------------
--  Table structure for `algorithm_usage`
-- ----------------------------
DROP TABLE IF EXISTS `algorithm_usage`;
CREATE TABLE `algorithm_usage` (
  `id` char(1) NOT NULL,
  `name` varchar(100) NOT NULL,
  `description` varchar(5000) DEFAULT NULL,
  `summary` varchar(500) DEFAULT NULL,
  PRIMARY KEY (`id`)
) ENGINE=InnoDB DEFAULT CHARSET=utf8 ROW_FORMAT=COMPACT;

-- ----------------------------
--  Records of `algorithm_usage`
-- ----------------------------
BEGIN;
INSERT INTO `algorithm_usage` VALUES ('N', 'None', null, null), ('R', 'Recommendations', null, null);
COMMIT;

-- ----------------------------
--  Table structure for `assessment`
-- ----------------------------
DROP TABLE IF EXISTS `assessment`;
CREATE TABLE `assessment` (
  `id` int(11) NOT NULL AUTO_INCREMENT,
  `instrument_id` int(11) NOT NULL,
  `member_id` int(11) NOT NULL,
  `assessor_id` int(11) DEFAULT NULL,
  `last_saved` datetime NOT NULL DEFAULT CURRENT_TIMESTAMP,
  `last_modified` timestamp NOT NULL DEFAULT CURRENT_TIMESTAMP,
  `assessor_comments` longtext,
  `member_comments` text,
  `score` double DEFAULT NULL,
  `rank` int(11) DEFAULT NULL,
  `edit_status` char(1) DEFAULT 'A',
  `view_status` char(1) DEFAULT 'A',
  `instrument_schedule_id` int(11) NOT NULL,
  PRIMARY KEY (`id`),
  KEY `instrument_id_index` (`instrument_id`),
  KEY `member_id_index` (`member_id`),
  KEY `by_member_id_index` (`assessor_id`),
  KEY `instrument_schedule_id` (`instrument_schedule_id`),
  CONSTRAINT `assessment_ibfk_1` FOREIGN KEY (`member_id`) REFERENCES `member` (`id`),
  CONSTRAINT `assessment_ibfk_2` FOREIGN KEY (`assessor_id`) REFERENCES `member` (`id`),
  CONSTRAINT `assessment_ibfk_3` FOREIGN KEY (`instrument_id`) REFERENCES `instrument` (`id`),
  CONSTRAINT `assessment_ibfk_4` FOREIGN KEY (`instrument_schedule_id`) REFERENCES `instrument_schedule` (`id`),
  CONSTRAINT `assessment_ibfk_5` FOREIGN KEY (`instrument_schedule_id`) REFERENCES `instrument_schedule` (`id`),
  CONSTRAINT `assessment_ibfk_6` FOREIGN KEY (`instrument_schedule_id`) REFERENCES `instrument_schedule` (`id`)
) ENGINE=InnoDB AUTO_INCREMENT=852 DEFAULT CHARSET=utf8 ROW_FORMAT=COMPACT;

-- ----------------------------
--  Records of `assessment`
-- ----------------------------
BEGIN;
INSERT INTO `assessment` VALUES ('718', '1', '7', '14', '2015-03-16 11:57:50', '2015-03-16 11:57:50', 'We are seeing significant improvement since the last evaluation.', 'I feel as though I am on track.', null, null, 'A', 'A', '1'), ('719', '1', '9', '14', '2015-03-31 11:57:50', '2015-03-31 11:57:50', 'We are seeing significant improvement since the last evaluation.', 'I feel as though I am on track.', null, null, 'A', 'A', '1'), ('720', '1', '10', '15', '2015-01-26 11:57:50', '2015-01-26 11:57:50', 'We are seeing significant improvement since the last evaluation.', 'I feel as though I am on track.', null, null, 'A', 'A', '1'), ('721', '1', '11', '16', '2015-02-28 11:57:50', '2015-02-28 11:57:50', 'We are seeing significant improvement since the last evaluation.', 'I feel as though I am on track.', null, null, 'A', 'A', '1'), ('722', '1', '12', '14', '2015-01-18 11:57:50', '2015-01-18 11:57:50', 'We are seeing significant improvement since the last evaluation.', 'I feel as though I am on track.', null, null, 'A', 'A', '1'), ('723', '1', '13', '14', '2015-01-13 11:57:50', '2015-01-13 11:57:50', 'We are seeing significant improvement since the last evaluation.', 'I feel as though I am on track.', null, null, 'A', 'A', '1'), ('724', '1', '17', '16', '2015-01-12 11:57:50', '2015-01-12 11:57:50', 'We are seeing significant improvement since the last evaluation.', 'I feel as though I am on track.', null, null, 'A', 'A', '1'), ('725', '1', '18', '6', '2015-01-21 11:57:50', '2015-01-21 11:57:50', 'We are seeing significant improvement since the last evaluation.', 'I feel as though I am on track.', null, null, 'A', 'A', '1'), ('726', '1', '20', '6', '2015-03-11 11:57:50', '2015-03-11 11:57:50', 'We are seeing significant improvement since the last evaluation.', 'I feel as though I am on track.', null, null, 'A', 'A', '1'), ('727', '1', '21', '16', '2015-03-30 11:57:50', '2015-03-30 11:57:50', 'We are seeing significant improvement since the last evaluation.', 'I feel as though I am on track.', null, null, 'A', 'A', '1'), ('728', '1', '22', '16', '2015-02-03 11:57:50', '2015-02-03 11:57:50', 'We are seeing significant improvement since the last evaluation.', 'I feel as though I am on track.', null, null, 'A', 'A', '1'), ('729', '1', '23', '16', '2015-01-03 11:57:50', '2015-01-03 11:57:50', 'We are seeing significant improvement since the last evaluation.', 'I feel as though I am on track.', null, null, 'A', 'A', '1'), ('730', '1', '24', '15', '2015-01-12 11:57:50', '2015-01-12 11:57:50', 'We are seeing significant improvement since the last evaluation.', 'I feel as though I am on track.', null, null, 'A', 'A', '1'), ('731', '1', '25', '6', '2015-02-24 11:57:50', '2015-02-24 11:57:50', 'We are seeing significant improvement since the last evaluation.', 'I feel as though I am on track.', null, null, 'A', 'A', '1'), ('732', '1', '26', '16', '2015-02-07 11:57:50', '2015-02-07 11:57:50', 'We are seeing significant improvement since the last evaluation.', 'I feel as though I am on track.', null, null, 'A', 'A', '1'), ('733', '1', '27', '16', '2015-01-25 11:57:50', '2015-01-25 11:57:50', 'We are seeing significant improvement since the last evaluation.', 'I feel as though I am on track.', null, null, 'A', 'A', '1'), ('734', '1', '28', '16', '2015-01-10 11:57:50', '2015-01-10 11:57:50', 'We are seeing significant improvement since the last evaluation.', 'I feel as though I am on track.', null, null, 'A', 'A', '1'), ('735', '1', '29', '8', '2015-03-19 11:57:50', '2015-03-19 11:57:50', 'We are seeing significant improvement since the last evaluation.', 'I feel as though I am on track.', null, null, 'A', 'A', '1'), ('736', '1', '30', '15', '2015-03-02 11:57:50', '2015-03-02 11:57:50', 'We are seeing significant improvement since the last evaluation.', 'I feel as though I am on track.', null, null, 'A', 'A', '1'), ('749', '1', '7', '14', '2015-06-18 11:57:50', '2015-06-18 11:57:50', 'We are seeing significant improvement since the last evaluation.', 'I feel as though I am on track.', null, null, 'A', 'A', '1'), ('750', '1', '9', '14', '2015-06-11 11:57:50', '2015-06-11 11:57:50', 'We are seeing significant improvement since the last evaluation.', 'I feel as though I am on track.', null, null, 'A', 'A', '1'), ('751', '1', '10', '6', '2015-04-14 11:57:50', '2015-04-14 11:57:50', 'We are seeing significant improvement since the last evaluation.', 'I feel as though I am on track.', null, null, 'A', 'A', '1'), ('752', '1', '11', '16', '2015-05-15 11:57:50', '2015-05-15 11:57:50', 'We are seeing significant improvement since the last evaluation.', 'I feel as though I am on track.', null, null, 'A', 'A', '1'), ('753', '1', '12', '14', '2015-06-12 11:57:50', '2015-06-12 11:57:50', 'We are seeing significant improvement since the last evaluation.', 'I feel as though I am on track.', null, null, 'A', 'A', '1'), ('754', '1', '13', '8', '2015-04-17 11:57:50', '2015-04-17 11:57:50', 'We are seeing significant improvement since the last evaluation.', 'I feel as though I am on track.', null, null, 'A', 'A', '1'), ('755', '1', '17', '6', '2015-05-30 11:57:50', '2015-05-30 11:57:50', 'We are seeing significant improvement since the last evaluation.', 'I feel as though I am on track.', null, null, 'A', 'A', '1'), ('756', '1', '18', '8', '2015-05-06 11:57:50', '2015-05-06 11:57:50', 'We are seeing significant improvement since the last evaluation.', 'I feel as though I am on track.', null, null, 'A', 'A', '1'), ('757', '1', '20', '14', '2015-06-30 11:57:50', '2015-06-30 11:57:50', 'We are seeing significant improvement since the last evaluation.', 'I feel as though I am on track.', null, null, 'A', 'A', '1'), ('758', '1', '21', '14', '2015-05-05 11:57:50', '2015-05-05 11:57:50', 'We are seeing significant improvement since the last evaluation.', 'I feel as though I am on track.', null, null, 'A', 'A', '1'), ('759', '1', '22', '15', '2015-07-02 11:57:50', '2015-07-02 11:57:50', 'We are seeing significant improvement since the last evaluation.', 'I feel as though I am on track.', null, null, 'A', 'A', '1'), ('760', '1', '23', '14', '2015-05-19 11:57:50', '2015-05-19 11:57:50', 'We are seeing significant improvement since the last evaluation.', 'I feel as though I am on track.', null, null, 'A', 'A', '1'), ('761', '1', '24', '14', '2015-05-26 11:57:50', '2015-05-26 11:57:50', 'We are seeing significant improvement since the last evaluation.', 'I feel as though I am on track.', null, null, 'A', 'A', '1'), ('762', '1', '25', '16', '2015-04-25 11:57:50', '2015-04-25 11:57:50', 'We are seeing significant improvement since the last evaluation.', 'I feel as though I am on track.', null, null, 'A', 'A', '1'), ('763', '1', '26', '8', '2015-05-15 11:57:50', '2015-05-15 11:57:50', 'We are seeing significant improvement since the last evaluation.', 'I feel as though I am on track.', null, null, 'A', 'A', '1'), ('764', '1', '27', '16', '2015-05-13 11:57:50', '2015-05-13 11:57:50', 'We are seeing significant improvement since the last evaluation.', 'I feel as though I am on track.', null, null, 'A', 'A', '1'), ('765', '1', '28', '15', '2015-06-08 11:57:50', '2015-06-08 11:57:50', 'We are seeing significant improvement since the last evaluation.', 'I feel as though I am on track.', null, null, 'A', 'A', '1'), ('766', '1', '29', '14', '2015-07-17 11:57:50', '2015-07-17 11:57:50', 'We are seeing significant improvement since the last evaluation.', 'I feel as though I am on track.', null, null, 'A', 'A', '1'), ('767', '1', '30', '14', '2015-04-17 11:57:50', '2015-04-17 11:57:50', 'We are seeing significant improvement since the last evaluation.', 'I feel as though I am on track.', null, null, 'A', 'A', '1'), ('780', '1', '7', '6', '2015-09-04 11:57:50', '2015-09-04 11:57:50', 'We are seeing significant improvement since the last evaluation.', 'I feel as though I am on track.', null, null, 'A', 'A', '1'), ('781', '1', '9', '16', '2015-08-03 11:57:50', '2015-08-03 11:57:50', 'We are seeing significant improvement since the last evaluation.', 'I feel as though I am on track.', null, null, 'A', 'A', '1'), ('782', '1', '10', '16', '2015-08-23 11:57:50', '2015-08-23 11:57:50', 'We are seeing significant improvement since the last evaluation.', 'I feel as though I am on track.', null, null, 'A', 'A', '1'), ('783', '1', '11', '6', '2015-08-19 11:57:50', '2015-08-19 11:57:50', 'We are seeing significant improvement since the last evaluation.', 'I feel as though I am on track.', null, null, 'A', 'A', '1'), ('784', '1', '12', '15', '2015-09-07 11:57:50', '2015-09-07 11:57:50', 'We are seeing significant improvement since the last evaluation.', 'I feel as though I am on track.', null, null, 'A', 'A', '1'), ('785', '1', '13', '16', '2016-01-30 13:59:36', '2016-01-30 13:59:36', 'We are seeing significant improvement since the last evaluation.', 'I feel as though I am on track.', '2.7', '3', 'A', 'A', '1'), ('786', '1', '17', '14', '2015-08-24 11:57:50', '2015-08-24 11:57:50', 'We are seeing significant improvement since the last evaluation.', 'I feel as though I am on track.', null, null, 'A', 'A', '1'), ('787', '1', '18', '14', '2015-07-30 11:57:50', '2015-07-30 11:57:50', 'We are seeing significant improvement since the last evaluation.', 'I feel as though I am on track.', null, null, 'A', 'A', '1'), ('788', '1', '20', '6', '2015-09-04 11:57:50', '2015-09-04 11:57:50', 'We are seeing significant improvement since the last evaluation.', 'I feel as though I am on track.', null, null, 'A', 'A', '1'), ('789', '1', '21', '16', '2015-07-19 11:57:50', '2015-07-19 11:57:50', 'We are seeing significant improvement since the last evaluation.', 'I feel as though I am on track.', null, null, 'A', 'A', '1'), ('790', '1', '22', '16', '2015-09-20 11:57:50', '2015-09-20 11:57:50', 'We are seeing significant improvement since the last evaluation.', 'I feel as though I am on track.', null, null, 'A', 'A', '1'), ('791', '1', '23', '8', '2015-08-01 11:57:50', '2015-08-01 11:57:50', 'We are seeing significant improvement since the last evaluation.', 'I feel as though I am on track.', null, null, 'A', 'A', '1'), ('792', '1', '24', '15', '2015-10-06 11:57:50', '2015-10-06 11:57:50', 'We are seeing significant improvement since the last evaluation.', 'I feel as though I am on track.', null, null, 'A', 'A', '1'), ('793', '1', '25', '15', '2015-09-11 11:57:50', '2015-09-11 11:57:50', 'We are seeing significant improvement since the last evaluation.', 'I feel as though I am on track.', null, null, 'A', 'A', '1'), ('794', '1', '26', '8', '2015-08-23 11:57:50', '2015-08-23 11:57:50', 'We are seeing significant improvement since the last evaluation.', 'I feel as though I am on track.', null, null, 'A', 'A', '1'), ('795', '1', '27', '6', '2015-08-03 11:57:50', '2015-08-03 11:57:50', 'We are seeing significant improvement since the last evaluation.', 'I feel as though I am on track.', null, null, 'A', 'A', '1'), ('796', '1', '28', '8', '2015-09-24 11:57:50', '2015-09-24 11:57:50', 'We are seeing significant improvement since the last evaluation.', 'I feel as though I am on track.', null, null, 'A', 'A', '1'), ('797', '1', '29', '8', '2015-10-21 11:57:50', '2015-10-21 11:57:50', 'We are seeing significant improvement since the last evaluation.', 'I feel as though I am on track.', null, null, 'A', 'A', '1'), ('798', '1', '30', '16', '2015-09-23 11:57:50', '2015-09-23 11:57:50', 'We are seeing significant improvement since the last evaluation.', 'I feel as though I am on track.', null, null, 'A', 'A', '1'), ('811', '1', '29', '6', '2015-11-02 11:57:50', '2015-11-02 11:57:50', 'We are seeing significant improvement since the last evaluation.', 'I feel as though I am on track.', null, null, 'A', 'A', '1'), ('812', '1', '28', '15', '2015-11-23 11:57:50', '2015-11-23 11:57:50', 'We are seeing significant improvement since the last evaluation.', 'I feel as though I am on track.', null, null, 'A', 'A', '1'), ('813', '1', '30', '8', '2015-11-27 11:57:50', '2015-11-27 11:57:50', 'We are seeing significant improvement since the last evaluation.', 'I feel as though I am on track.', null, null, 'A', 'A', '1'), ('814', '1', '11', '16', '2015-12-03 11:57:50', '2015-12-03 11:57:50', 'We are seeing significant improvement since the last evaluation.', 'I feel as though I am on track.', null, null, 'A', 'A', '1'), ('815', '1', '24', '15', '2015-12-01 11:57:50', '2015-12-01 11:57:50', 'We are seeing significant improvement since the last evaluation.', 'I feel as though I am on track.', null, null, 'A', 'A', '1'), ('816', '1', '12', '15', '2015-12-09 11:57:50', '2015-12-09 11:57:50', 'We are seeing significant improvement since the last evaluation.', 'I feel as though I am on track.', null, null, 'L', 'A', '1'), ('817', '1', '25', '6', '2015-12-05 11:57:50', '2015-12-05 11:57:50', 'We are seeing significant improvement since the last evaluation.', 'I feel as though I am on track.', null, null, 'A', 'A', '1'), ('818', '1', '7', '6', '2015-11-25 11:57:50', '2015-11-25 11:57:50', 'We are seeing significant improvement since the last evaluation.', 'I feel as though I am on track.', null, null, 'A', 'A', '1'), ('819', '1', '21', '14', '2015-12-02 11:57:50', '2015-12-02 11:57:50', 'We are seeing significant improvement since the last evaluation.', 'I feel as though I am on track.', null, null, 'A', 'A', '1'), ('820', '1', '27', '6', '2015-12-01 11:57:50', '2015-12-01 11:57:50', 'We are seeing significant improvement since the last evaluation.', 'I feel as though I am on track.', null, null, 'A', 'A', '1'), ('826', '2', '6', '31', '2015-03-30 11:57:51', '2015-03-30 11:57:51', 'We are seeing significant improvement since the last evaluation.', 'I feel as though I am on track.', null, null, 'A', 'A', '2'), ('827', '2', '8', '4', '2015-01-23 11:57:51', '2015-01-23 11:57:51', 'We are seeing significant improvement since the last evaluation.', 'I feel as though I am on track.', null, null, 'A', 'A', '2'), ('828', '2', '14', '31', '2015-02-15 11:57:51', '2015-02-15 11:57:51', 'We are seeing significant improvement since the last evaluation.', 'I feel as though I am on track.', null, null, 'A', 'A', '2'), ('829', '2', '15', '33', '2015-03-05 11:57:51', '2015-03-05 11:57:51', 'We are seeing significant improvement since the last evaluation.', 'I feel as though I am on track.', null, null, 'A', 'A', '2'), ('830', '2', '16', '31', '2015-03-24 11:57:51', '2015-03-24 11:57:51', 'We are seeing significant improvement since the last evaluation.', 'I feel as though I am on track.', null, null, 'A', 'A', '2'), ('833', '2', '6', '32', '2015-04-30 11:57:51', '2015-04-30 11:57:51', 'We are seeing significant improvement since the last evaluation.', 'I feel as though I am on track.', null, null, 'A', 'A', '2'), ('834', '2', '8', '5', '2015-06-03 11:57:51', '2015-06-03 11:57:51', 'We are seeing significant improvement since the last evaluation.', 'I feel as though I am on track.', null, null, 'A', 'A', '2'), ('835', '2', '14', '31', '2015-04-22 11:57:51', '2015-04-22 11:57:51', 'We are seeing significant improvement since the last evaluation.', 'I feel as though I am on track.', null, null, 'A', 'A', '2'), ('836', '2', '15', '31', '2015-07-14 11:57:51', '2015-07-14 11:57:51', 'We are seeing significant improvement since the last evaluation.', 'I feel as though I am on track.', null, null, 'A', 'A', '2'), ('837', '2', '16', '33', '2015-05-21 11:57:51', '2015-05-21 11:57:51', 'We are seeing significant improvement since the last evaluation.', 'I feel as though I am on track.', null, null, 'A', 'A', '2'), ('840', '2', '6', '5', '2015-08-08 11:57:51', '2015-08-08 11:57:51', 'We are seeing significant improvement since the last evaluation.', 'I feel as though I am on track.', null, null, 'A', 'A', '2'), ('841', '2', '8', '5', '2015-10-04 11:57:51', '2015-10-04 11:57:51', 'We are seeing significant improvement since the last evaluation.', 'I feel as though I am on track.', null, null, 'A', 'A', '2'), ('842', '2', '14', '31', '2015-08-15 11:57:51', '2015-08-15 11:57:51', 'We are seeing significant improvement since the last evaluation.', 'I feel as though I am on track.', null, null, 'A', 'A', '2'), ('843', '2', '15', '5', '2015-07-22 11:57:51', '2015-07-22 11:57:51', 'We are seeing significant improvement since the last evaluation.', 'I feel as though I am on track.', null, null, 'A', 'A', '2'), ('844', '2', '16', '33', '2015-08-24 11:57:51', '2015-08-24 11:57:51', 'We are seeing significant improvement since the last evaluation.', 'I feel as though I am on track.', null, null, 'A', 'A', '2'), ('847', '2', '8', '32', '2015-11-21 11:57:51', '2015-11-21 11:57:51', 'We are seeing significant improvement since the last evaluation.', 'I feel as though I am on track.', null, null, 'A', 'A', '2'), ('848', '2', '6', '32', '2015-11-16 11:57:51', '2015-11-16 11:57:51', 'We are seeing significant improvement since the last evaluation.', 'I feel as though I am on track.', null, null, 'A', 'A', '2'), ('849', '2', '14', '33', '2015-12-09 11:57:51', '2015-12-09 11:57:51', 'We are seeing significant improvement since the last evaluation.', 'I feel as though I am on track.', null, null, 'A', 'A', '2'), ('850', '2', '16', '32', '2015-11-10 11:57:51', '2015-11-10 11:57:51', 'We are seeing significant improvement since the last evaluation.', 'I feel as though I am on track.', null, null, 'A', 'A', '2'), ('851', '2', '15', '31', '2015-11-30 11:57:51', '2015-11-30 11:57:51', 'We are seeing significant improvement since the last evaluation.', 'I feel as though I am on track.', null, null, 'A', 'A', '2');
COMMIT;

-- ----------------------------
--  Table structure for `assessment_response`
-- ----------------------------
DROP TABLE IF EXISTS `assessment_response`;
CREATE TABLE `assessment_response` (
  `id` int(11) NOT NULL AUTO_INCREMENT,
  `assessment_id` int(11) DEFAULT NULL,
  `question_id` int(11) NOT NULL,
  `response` varchar(500) DEFAULT NULL,
  `assessor_comments` longtext,
  `member_comments` text,
  `response_index` int(11) DEFAULT NULL,
  `recommended_resource_id` int(11) DEFAULT NULL,
  `time_stamp` timestamp NOT NULL DEFAULT CURRENT_TIMESTAMP,
  PRIMARY KEY (`id`),
  UNIQUE KEY `unique_evaluation_responses` (`assessment_id`,`question_id`),
  KEY `evaluation_id_index` (`assessment_id`),
  KEY `question_id_index` (`question_id`),
  KEY `assessment_response_resource__fk` (`recommended_resource_id`),
  CONSTRAINT `assessment_response_ibfk_1` FOREIGN KEY (`assessment_id`) REFERENCES `assessment` (`id`),
  CONSTRAINT `assessment_response_ibfk_2` FOREIGN KEY (`question_id`) REFERENCES `question` (`id`),
  CONSTRAINT `assessment_response_resource__fk` FOREIGN KEY (`recommended_resource_id`) REFERENCES `resource` (`id`)
) ENGINE=InnoDB AUTO_INCREMENT=17581 DEFAULT CHARSET=utf8 ROW_FORMAT=COMPACT;

-- ----------------------------
--  Records of `assessment_response`
-- ----------------------------
BEGIN;
INSERT INTO `assessment_response` VALUES ('15658', '718', '1', '2', null, null, '2', null, '2015-03-16 11:57:50'), ('15659', '719', '1', '3', null, null, '3', null, '2015-03-31 11:57:50'), ('15660', '720', '1', '4', null, null, '4', null, '2015-01-26 11:57:50'), ('15661', '721', '1', '2', null, null, '2', null, '2015-02-28 11:57:50'), ('15662', '722', '1', '5', null, null, '5', null, '2015-01-18 11:57:50'), ('15663', '723', '1', '4', null, null, '4', null, '2015-01-13 11:57:50'), ('15664', '724', '1', '5', null, null, '5', null, '2015-01-12 11:57:50'), ('15665', '725', '1', '2', null, null, '2', null, '2015-01-21 11:57:50'), ('15666', '726', '1', '5', null, null, '5', null, '2015-03-11 11:57:50'), ('15667', '727', '1', '2', null, null, '2', null, '2015-03-30 11:57:50'), ('15668', '728', '1', '2', null, null, '2', null, '2015-02-03 11:57:50'), ('15669', '729', '1', '4', null, null, '4', null, '2015-01-03 11:57:50'), ('15670', '730', '1', '4', null, null, '4', null, '2015-01-12 11:57:50'), ('15671', '731', '1', '3', null, null, '3', null, '2015-02-24 11:57:50'), ('15672', '732', '1', '1', null, null, '1', null, '2015-02-07 11:57:50'), ('15673', '733', '1', '1', null, null, '1', null, '2015-01-25 11:57:50'), ('15674', '734', '1', '3', null, null, '3', null, '2015-01-10 11:57:50'), ('15675', '735', '1', '1', null, null, '1', null, '2015-03-19 11:57:50'), ('15676', '736', '1', '3', null, null, '3', null, '2015-03-02 11:57:50'), ('15677', '749', '1', '3', null, null, '3', null, '2015-06-18 11:57:50'), ('15678', '750', '1', '5', null, null, '5', null, '2015-06-11 11:57:50'), ('15679', '751', '1', '5', null, null, '5', null, '2015-04-14 11:57:50'), ('15680', '752', '1', '1', null, null, '1', null, '2015-05-15 11:57:50'), ('15681', '753', '1', '5', null, null, '5', null, '2015-06-12 11:57:50'), ('15682', '754', '1', '2', null, null, '2', null, '2015-04-17 11:57:50'), ('15683', '755', '1', '5', null, null, '5', null, '2015-05-30 11:57:50'), ('15684', '756', '1', '3', null, null, '3', null, '2015-05-06 11:57:50'), ('15685', '757', '1', '1', null, null, '1', null, '2015-06-30 11:57:50'), ('15686', '758', '1', '4', null, null, '4', null, '2015-05-05 11:57:50'), ('15687', '759', '1', '3', null, null, '3', null, '2015-07-02 11:57:50'), ('15688', '760', '1', '5', null, null, '5', null, '2015-05-19 11:57:50'), ('15689', '761', '1', '2', null, null, '2', null, '2015-05-26 11:57:50'), ('15690', '762', '1', '4', null, null, '4', null, '2015-04-25 11:57:50'), ('15691', '763', '1', '4', null, null, '4', null, '2015-05-15 11:57:50'), ('15692', '764', '1', '3', null, null, '3', null, '2015-05-13 11:57:50'), ('15693', '765', '1', '3', null, null, '3', null, '2015-06-08 11:57:50'), ('15694', '766', '1', '5', null, null, '5', null, '2015-07-17 11:57:50'), ('15695', '767', '1', '1', null, null, '1', null, '2015-04-17 11:57:50'), ('15696', '780', '1', '5', null, null, '5', null, '2015-09-04 11:57:50'), ('15697', '781', '1', '5', null, null, '5', null, '2015-08-03 11:57:50'), ('15698', '782', '1', '1', null, null, '1', null, '2015-08-23 11:57:50'), ('15699', '783', '1', '3', null, null, '3', null, '2015-08-19 11:57:50'), ('15700', '784', '1', '3', null, null, '3', null, '2015-09-07 11:57:50'), ('15701', '785', '1', '3', null, null, '3', null, '2015-09-14 11:57:50'), ('15702', '786', '1', '1', null, null, '1', null, '2015-08-24 11:57:50'), ('15703', '787', '1', '1', null, null, '1', null, '2015-07-30 11:57:50'), ('15704', '788', '1', '2', null, null, '2', null, '2015-09-04 11:57:50'), ('15705', '789', '1', '2', null, null, '2', null, '2015-07-19 11:57:50'), ('15706', '790', '1', '4', null, null, '4', null, '2015-09-20 11:57:50'), ('15707', '791', '1', '2', null, null, '2', null, '2015-08-01 11:57:50'), ('15708', '792', '1', '3', null, null, '3', null, '2015-10-06 11:57:50'), ('15709', '793', '1', '4', null, null, '4', null, '2015-09-11 11:57:50'), ('15710', '794', '1', '5', null, null, '5', null, '2015-08-23 11:57:50'), ('15711', '795', '1', '4', null, null, '4', null, '2015-08-03 11:57:50'), ('15712', '796', '1', '2', null, null, '2', null, '2015-09-24 11:57:50'), ('15713', '797', '1', '4', null, null, '4', null, '2015-10-21 11:57:50'), ('15714', '798', '1', '3', null, null, '3', null, '2015-09-23 11:57:50'), ('15715', '811', '1', '2', null, null, '2', null, '2015-11-02 11:57:50'), ('15716', '812', '1', '5', null, null, '5', null, '2015-11-23 11:57:50'), ('15717', '813', '1', '3', null, null, '3', null, '2015-11-27 11:57:50'), ('15718', '814', '1', '1', null, null, '1', null, '2015-12-03 11:57:50'), ('15719', '815', '1', '1', null, null, '1', null, '2015-12-01 11:57:50'), ('15720', '816', '1', '4', null, null, '4', null, '2015-12-09 11:57:50'), ('15721', '817', '1', '2', null, null, '2', null, '2015-12-05 11:57:50'), ('15722', '818', '1', '3', null, null, '3', null, '2015-11-25 11:57:50'), ('15723', '819', '1', '1', null, null, '1', null, '2015-12-02 11:57:50'), ('15724', '820', '1', '2', null, null, '2', null, '2015-12-01 11:57:50'), ('15725', '718', '2', '4', null, null, '4', null, '2015-03-16 11:57:50'), ('15726', '719', '2', '2', null, null, '2', null, '2015-03-31 11:57:50'), ('15727', '720', '2', '5', null, null, '5', null, '2015-01-26 11:57:50'), ('15728', '721', '2', '2', null, null, '2', null, '2015-02-28 11:57:50'), ('15729', '722', '2', '3', null, null, '3', null, '2015-01-18 11:57:50'), ('15730', '723', '2', '2', null, null, '2', null, '2015-01-13 11:57:50'), ('15731', '724', '2', '2', null, null, '2', null, '2015-01-12 11:57:50'), ('15732', '725', '2', '4', null, null, '4', null, '2015-01-21 11:57:50'), ('15733', '726', '2', '3', null, null, '3', null, '2015-03-11 11:57:50'), ('15734', '727', '2', '3', null, null, '3', null, '2015-03-30 11:57:50'), ('15735', '728', '2', '5', null, null, '5', null, '2015-02-03 11:57:50'), ('15736', '729', '2', '5', null, null, '5', null, '2015-01-03 11:57:50'), ('15737', '730', '2', '3', null, null, '3', null, '2015-01-12 11:57:50'), ('15738', '731', '2', '3', null, null, '3', null, '2015-02-24 11:57:50'), ('15739', '732', '2', '2', null, null, '2', null, '2015-02-07 11:57:50'), ('15740', '733', '2', '4', null, null, '4', null, '2015-01-25 11:57:50'), ('15741', '734', '2', '2', null, null, '2', null, '2015-01-10 11:57:50'), ('15742', '735', '2', '3', null, null, '3', null, '2015-03-19 11:57:50'), ('15743', '736', '2', '1', null, null, '1', null, '2015-03-02 11:57:50'), ('15744', '749', '2', '4', null, null, '4', null, '2015-06-18 11:57:50'), ('15745', '750', '2', '1', null, null, '1', null, '2015-06-11 11:57:50'), ('15746', '751', '2', '1', null, null, '1', null, '2015-04-14 11:57:50'), ('15747', '752', '2', '1', null, null, '1', null, '2015-05-15 11:57:50'), ('15748', '753', '2', '3', null, null, '3', null, '2015-06-12 11:57:50'), ('15749', '754', '2', '2', null, null, '2', null, '2015-04-17 11:57:50'), ('15750', '755', '2', '3', null, null, '3', null, '2015-05-30 11:57:50'), ('15751', '756', '2', '5', null, null, '5', null, '2015-05-06 11:57:50'), ('15752', '757', '2', '2', null, null, '2', null, '2015-06-30 11:57:50'), ('15753', '758', '2', '3', null, null, '3', null, '2015-05-05 11:57:50'), ('15754', '759', '2', '2', null, null, '2', null, '2015-07-02 11:57:50'), ('15755', '760', '2', '3', null, null, '3', null, '2015-05-19 11:57:50'), ('15756', '761', '2', '2', null, null, '2', null, '2015-05-26 11:57:50'), ('15757', '762', '2', '2', null, null, '2', null, '2015-04-25 11:57:50'), ('15758', '763', '2', '4', null, null, '4', null, '2015-05-15 11:57:50'), ('15759', '764', '2', '3', null, null, '3', null, '2015-05-13 11:57:50'), ('15760', '765', '2', '4', null, null, '4', null, '2015-06-08 11:57:50'), ('15761', '766', '2', '3', null, null, '3', null, '2015-07-17 11:57:50'), ('15762', '767', '2', '5', null, null, '5', null, '2015-04-17 11:57:50'), ('15763', '780', '2', '5', null, null, '5', null, '2015-09-04 11:57:50'), ('15764', '781', '2', '3', null, null, '3', null, '2015-08-03 11:57:50'), ('15765', '782', '2', '5', null, null, '5', null, '2015-08-23 11:57:50'), ('15766', '783', '2', '2', null, null, '2', null, '2015-08-19 11:57:50'), ('15767', '784', '2', '2', null, null, '2', null, '2015-09-07 11:57:50'), ('15768', '785', '2', '4', null, null, '4', null, '2015-09-14 11:57:50'), ('15769', '786', '2', '5', null, null, '5', null, '2015-08-24 11:57:50'), ('15770', '787', '2', '1', null, null, '1', null, '2015-07-30 11:57:50'), ('15771', '788', '2', '4', null, null, '4', null, '2015-09-04 11:57:50'), ('15772', '789', '2', '2', null, null, '2', null, '2015-07-19 11:57:50'), ('15773', '790', '2', '3', null, null, '3', null, '2015-09-20 11:57:50'), ('15774', '791', '2', '5', null, null, '5', null, '2015-08-01 11:57:50'), ('15775', '792', '2', '3', null, null, '3', null, '2015-10-06 11:57:50'), ('15776', '793', '2', '5', null, null, '5', null, '2015-09-11 11:57:50'), ('15777', '794', '2', '1', null, null, '1', null, '2015-08-23 11:57:50'), ('15778', '795', '2', '3', null, null, '3', null, '2015-08-03 11:57:50'), ('15779', '796', '2', '3', null, null, '3', null, '2015-09-24 11:57:50'), ('15780', '797', '2', '3', null, null, '3', null, '2015-10-21 11:57:50'), ('15781', '798', '2', '3', null, null, '3', null, '2015-09-23 11:57:50'), ('15782', '811', '2', '1', null, null, '1', null, '2015-11-02 11:57:50'), ('15783', '812', '2', '4', null, null, '4', null, '2015-11-23 11:57:50'), ('15784', '813', '2', '2', null, null, '2', null, '2015-11-27 11:57:50'), ('15785', '814', '2', '4', null, null, '4', null, '2015-12-03 11:57:50'), ('15786', '815', '2', '1', null, null, '1', null, '2015-12-01 11:57:50'), ('15787', '816', '2', '5', null, null, '5', null, '2015-12-09 11:57:50'), ('15788', '817', '2', '3', null, null, '3', null, '2015-12-05 11:57:50'), ('15789', '818', '2', '3', null, null, '3', null, '2015-11-25 11:57:50'), ('15790', '819', '2', '1', null, null, '1', null, '2015-12-02 11:57:50'), ('15791', '820', '2', '3', null, null, '3', null, '2015-12-01 11:57:50'), ('15792', '718', '3', '2', null, null, '2', null, '2015-03-16 11:57:50'), ('15793', '719', '3', '5', null, null, '5', null, '2015-03-31 11:57:50'), ('15794', '720', '3', '4', null, null, '4', null, '2015-01-26 11:57:50'), ('15795', '721', '3', '5', null, null, '5', null, '2015-02-28 11:57:50'), ('15796', '722', '3', '3', null, null, '3', null, '2015-01-18 11:57:50'), ('15797', '723', '3', '4', null, null, '4', null, '2015-01-13 11:57:50'), ('15798', '724', '3', '5', null, null, '5', null, '2015-01-12 11:57:50'), ('15799', '725', '3', '2', null, null, '2', null, '2015-01-21 11:57:50'), ('15800', '726', '3', '5', null, null, '5', null, '2015-03-11 11:57:50'), ('15801', '727', '3', '3', null, null, '3', null, '2015-03-30 11:57:50'), ('15802', '728', '3', '5', null, null, '5', null, '2015-02-03 11:57:50'), ('15803', '729', '3', '5', null, null, '5', null, '2015-01-03 11:57:50'), ('15804', '730', '3', '1', null, null, '1', null, '2015-01-12 11:57:50'), ('15805', '731', '3', '5', null, null, '5', null, '2015-02-24 11:57:50'), ('15806', '732', '3', '2', null, null, '2', null, '2015-02-07 11:57:50'), ('15807', '733', '3', '4', null, null, '4', null, '2015-01-25 11:57:50'), ('15808', '734', '3', '1', null, null, '1', null, '2015-01-10 11:57:50'), ('15809', '735', '3', '1', null, null, '1', null, '2015-03-19 11:57:50'), ('15810', '736', '3', '4', null, null, '4', null, '2015-03-02 11:57:50'), ('15811', '749', '3', '5', null, null, '5', null, '2015-06-18 11:57:50'), ('15812', '750', '3', '5', null, null, '5', null, '2015-06-11 11:57:50'), ('15813', '751', '3', '2', null, null, '2', null, '2015-04-14 11:57:50'), ('15814', '752', '3', '2', null, null, '2', null, '2015-05-15 11:57:50'), ('15815', '753', '3', '5', null, null, '5', null, '2015-06-12 11:57:50'), ('15816', '754', '3', '1', null, null, '1', null, '2015-04-17 11:57:50'), ('15817', '755', '3', '3', null, null, '3', null, '2015-05-30 11:57:50'), ('15818', '756', '3', '4', null, null, '4', null, '2015-05-06 11:57:50'), ('15819', '757', '3', '5', null, null, '5', null, '2015-06-30 11:57:50'), ('15820', '758', '3', '2', null, null, '2', null, '2015-05-05 11:57:50'), ('15821', '759', '3', '2', null, null, '2', null, '2015-07-02 11:57:50'), ('15822', '760', '3', '1', null, null, '1', null, '2015-05-19 11:57:50'), ('15823', '761', '3', '3', null, null, '3', null, '2015-05-26 11:57:50'), ('15824', '762', '3', '2', null, null, '2', null, '2015-04-25 11:57:50'), ('15825', '763', '3', '2', null, null, '2', null, '2015-05-15 11:57:50'), ('15826', '764', '3', '3', null, null, '3', null, '2015-05-13 11:57:50'), ('15827', '765', '3', '2', null, null, '2', null, '2015-06-08 11:57:50'), ('15828', '766', '3', '4', null, null, '4', null, '2015-07-17 11:57:50'), ('15829', '767', '3', '2', null, null, '2', null, '2015-04-17 11:57:50'), ('15830', '780', '3', '5', null, null, '5', null, '2015-09-04 11:57:50'), ('15831', '781', '3', '1', null, null, '1', null, '2015-08-03 11:57:50'), ('15832', '782', '3', '2', null, null, '2', null, '2015-08-23 11:57:50'), ('15833', '783', '3', '1', null, null, '1', null, '2015-08-19 11:57:50'), ('15834', '784', '3', '1', null, null, '1', null, '2015-09-07 11:57:50'), ('15835', '785', '3', '1', null, null, '1', null, '2015-09-14 11:57:50'), ('15836', '786', '3', '5', null, null, '5', null, '2015-08-24 11:57:50'), ('15837', '787', '3', '4', null, null, '4', null, '2015-07-30 11:57:50'), ('15838', '788', '3', '5', null, null, '5', null, '2015-09-04 11:57:50'), ('15839', '789', '3', '1', null, null, '1', null, '2015-07-19 11:57:50'), ('15840', '790', '3', '4', null, null, '4', null, '2015-09-20 11:57:50'), ('15841', '791', '3', '1', null, null, '1', null, '2015-08-01 11:57:50'), ('15842', '792', '3', '4', null, null, '4', null, '2015-10-06 11:57:50'), ('15843', '793', '3', '5', null, null, '5', null, '2015-09-11 11:57:50'), ('15844', '794', '3', '2', null, null, '2', null, '2015-08-23 11:57:50'), ('15845', '795', '3', '4', null, null, '4', null, '2015-08-03 11:57:50'), ('15846', '796', '3', '4', null, null, '4', null, '2015-09-24 11:57:50'), ('15847', '797', '3', '4', null, null, '4', null, '2015-10-21 11:57:50'), ('15848', '798', '3', '1', null, null, '1', null, '2015-09-23 11:57:50'), ('15849', '811', '3', '4', null, null, '4', null, '2015-11-02 11:57:50'), ('15850', '812', '3', '3', null, null, '3', null, '2015-11-23 11:57:50'), ('15851', '813', '3', '4', null, null, '4', null, '2015-11-27 11:57:50'), ('15852', '814', '3', '4', null, null, '4', null, '2015-12-03 11:57:50'), ('15853', '815', '3', '5', null, null, '5', null, '2015-12-01 11:57:50'), ('15854', '816', '3', '4', null, null, '4', null, '2015-12-09 11:57:50'), ('15855', '817', '3', '4', null, null, '4', null, '2015-12-05 11:57:50'), ('15856', '818', '3', '4', null, null, '4', null, '2015-11-25 11:57:50'), ('15857', '819', '3', '3', null, null, '3', null, '2015-12-02 11:57:50'), ('15858', '820', '3', '5', null, null, '5', null, '2015-12-01 11:57:50'), ('15859', '718', '4', '3', null, null, '3', null, '2015-03-16 11:57:50'), ('15860', '719', '4', '3', null, null, '3', null, '2015-03-31 11:57:50'), ('15861', '720', '4', '3', null, null, '3', null, '2015-01-26 11:57:50'), ('15862', '721', '4', '4', null, null, '4', null, '2015-02-28 11:57:50'), ('15863', '722', '4', '3', null, null, '3', null, '2015-01-18 11:57:50'), ('15864', '723', '4', '1', null, null, '1', null, '2015-01-13 11:57:50'), ('15865', '724', '4', '4', null, null, '4', null, '2015-01-12 11:57:50'), ('15866', '725', '4', '2', null, null, '2', null, '2015-01-21 11:57:50'), ('15867', '726', '4', '2', null, null, '2', null, '2015-03-11 11:57:50'), ('15868', '727', '4', '4', null, null, '4', null, '2015-03-30 11:57:50'), ('15869', '728', '4', '5', null, null, '5', null, '2015-02-03 11:57:50'), ('15870', '729', '4', '1', null, null, '1', null, '2015-01-03 11:57:50'), ('15871', '730', '4', '5', null, null, '5', null, '2015-01-12 11:57:50'), ('15872', '731', '4', '2', null, null, '2', null, '2015-02-24 11:57:50'), ('15873', '732', '4', '3', null, null, '3', null, '2015-02-07 11:57:50'), ('15874', '733', '4', '4', null, null, '4', null, '2015-01-25 11:57:50'), ('15875', '734', '4', '5', null, null, '5', null, '2015-01-10 11:57:50'), ('15876', '735', '4', '5', null, null, '5', null, '2015-03-19 11:57:50'), ('15877', '736', '4', '1', null, null, '1', null, '2015-03-02 11:57:50'), ('15878', '749', '4', '3', null, null, '3', null, '2015-06-18 11:57:50'), ('15879', '750', '4', '5', null, null, '5', null, '2015-06-11 11:57:50'), ('15880', '751', '4', '2', null, null, '2', null, '2015-04-14 11:57:50'), ('15881', '752', '4', '4', null, null, '4', null, '2015-05-15 11:57:50'), ('15882', '753', '4', '2', null, null, '2', null, '2015-06-12 11:57:50'), ('15883', '754', '4', '5', null, null, '5', null, '2015-04-17 11:57:50'), ('15884', '755', '4', '2', null, null, '2', null, '2015-05-30 11:57:50'), ('15885', '756', '4', '3', null, null, '3', null, '2015-05-06 11:57:50'), ('15886', '757', '4', '3', null, null, '3', null, '2015-06-30 11:57:50'), ('15887', '758', '4', '1', null, null, '1', null, '2015-05-05 11:57:50'), ('15888', '759', '4', '3', null, null, '3', null, '2015-07-02 11:57:50'), ('15889', '760', '4', '1', null, null, '1', null, '2015-05-19 11:57:50'), ('15890', '761', '4', '3', null, null, '3', null, '2015-05-26 11:57:50'), ('15891', '762', '4', '4', null, null, '4', null, '2015-04-25 11:57:50'), ('15892', '763', '4', '4', null, null, '4', null, '2015-05-15 11:57:50'), ('15893', '764', '4', '3', null, null, '3', null, '2015-05-13 11:57:50'), ('15894', '765', '4', '2', null, null, '2', null, '2015-06-08 11:57:50'), ('15895', '766', '4', '1', null, null, '1', null, '2015-07-17 11:57:50'), ('15896', '767', '4', '3', null, null, '3', null, '2015-04-17 11:57:50'), ('15897', '780', '4', '3', null, null, '3', null, '2015-09-04 11:57:50'), ('15898', '781', '4', '4', null, null, '4', null, '2015-08-03 11:57:50'), ('15899', '782', '4', '2', null, null, '2', null, '2015-08-23 11:57:50'), ('15900', '783', '4', '2', null, null, '2', null, '2015-08-19 11:57:50'), ('15901', '784', '4', '3', null, null, '3', null, '2015-09-07 11:57:50'), ('15902', '785', '4', '4', null, null, '4', null, '2015-09-14 11:57:50'), ('15903', '786', '4', '5', null, null, '5', null, '2015-08-24 11:57:50'), ('15904', '787', '4', '3', null, null, '3', null, '2015-07-30 11:57:50'), ('15905', '788', '4', '4', null, null, '4', null, '2015-09-04 11:57:50'), ('15906', '789', '4', '4', null, null, '4', null, '2015-07-19 11:57:50'), ('15907', '790', '4', '2', null, null, '2', null, '2015-09-20 11:57:50'), ('15908', '791', '4', '4', null, null, '4', null, '2015-08-01 11:57:50'), ('15909', '792', '4', '5', null, null, '5', null, '2015-10-06 11:57:50'), ('15910', '793', '4', '1', null, null, '1', null, '2015-09-11 11:57:50'), ('15911', '794', '4', '2', null, null, '2', null, '2015-08-23 11:57:50'), ('15912', '795', '4', '4', null, null, '4', null, '2015-08-03 11:57:50'), ('15913', '796', '4', '4', null, null, '4', null, '2015-09-24 11:57:50'), ('15914', '797', '4', '2', null, null, '2', null, '2015-10-21 11:57:50'), ('15915', '798', '4', '1', null, null, '1', null, '2015-09-23 11:57:50'), ('15916', '811', '4', '2', null, null, '2', null, '2015-11-02 11:57:50'), ('15917', '812', '4', '4', null, null, '4', null, '2015-11-23 11:57:50'), ('15918', '813', '4', '1', null, null, '1', null, '2015-11-27 11:57:50'), ('15919', '814', '4', '5', null, null, '5', null, '2015-12-03 11:57:50'), ('15920', '815', '4', '1', null, null, '1', null, '2015-12-01 11:57:50'), ('15921', '816', '4', '1', null, null, '1', null, '2015-12-09 11:57:50'), ('15922', '817', '4', '4', null, null, '4', null, '2015-12-05 11:57:50'), ('15923', '818', '4', '4', null, null, '4', null, '2015-11-25 11:57:50'), ('15924', '819', '4', '4', null, null, '4', null, '2015-12-02 11:57:50'), ('15925', '820', '4', '5', null, null, '5', null, '2015-12-01 11:57:50'), ('15926', '718', '5', '4', null, null, '4', null, '2015-03-16 11:57:50'), ('15927', '719', '5', '4', null, null, '4', null, '2015-03-31 11:57:50'), ('15928', '720', '5', '4', null, null, '4', null, '2015-01-26 11:57:50'), ('15929', '721', '5', '3', null, null, '3', null, '2015-02-28 11:57:50'), ('15930', '722', '5', '3', null, null, '3', null, '2015-01-18 11:57:50'), ('15931', '723', '5', '1', null, null, '1', null, '2015-01-13 11:57:50'), ('15932', '724', '5', '5', null, null, '5', null, '2015-01-12 11:57:50'), ('15933', '725', '5', '4', null, null, '4', null, '2015-01-21 11:57:50'), ('15934', '726', '5', '2', null, null, '2', null, '2015-03-11 11:57:50'), ('15935', '727', '5', '2', null, null, '2', null, '2015-03-30 11:57:50'), ('15936', '728', '5', '3', null, null, '3', null, '2015-02-03 11:57:50'), ('15937', '729', '5', '4', null, null, '4', null, '2015-01-03 11:57:50'), ('15938', '730', '5', '5', null, null, '5', null, '2015-01-12 11:57:50'), ('15939', '731', '5', '2', null, null, '2', null, '2015-02-24 11:57:50'), ('15940', '732', '5', '2', null, null, '2', null, '2015-02-07 11:57:50'), ('15941', '733', '5', '2', null, null, '2', null, '2015-01-25 11:57:50'), ('15942', '734', '5', '4', null, null, '4', null, '2015-01-10 11:57:50'), ('15943', '735', '5', '5', null, null, '5', null, '2015-03-19 11:57:50'), ('15944', '736', '5', '5', null, null, '5', null, '2015-03-02 11:57:50'), ('15945', '749', '5', '2', null, null, '2', null, '2015-06-18 11:57:50'), ('15946', '750', '5', '3', null, null, '3', null, '2015-06-11 11:57:50'), ('15947', '751', '5', '3', null, null, '3', null, '2015-04-14 11:57:50'), ('15948', '752', '5', '2', null, null, '2', null, '2015-05-15 11:57:50'), ('15949', '753', '5', '3', null, null, '3', null, '2015-06-12 11:57:50'), ('15950', '754', '5', '5', null, null, '5', null, '2015-04-17 11:57:50'), ('15951', '755', '5', '5', null, null, '5', null, '2015-05-30 11:57:50'), ('15952', '756', '5', '5', null, null, '5', null, '2015-05-06 11:57:50'), ('15953', '757', '5', '5', null, null, '5', null, '2015-06-30 11:57:50'), ('15954', '758', '5', '5', null, null, '5', null, '2015-05-05 11:57:50'), ('15955', '759', '5', '4', null, null, '4', null, '2015-07-02 11:57:50'), ('15956', '760', '5', '2', null, null, '2', null, '2015-05-19 11:57:50'), ('15957', '761', '5', '5', null, null, '5', null, '2015-05-26 11:57:50'), ('15958', '762', '5', '5', null, null, '5', null, '2015-04-25 11:57:50'), ('15959', '763', '5', '2', null, null, '2', null, '2015-05-15 11:57:50'), ('15960', '764', '5', '1', null, null, '1', null, '2015-05-13 11:57:50'), ('15961', '765', '5', '5', null, null, '5', null, '2015-06-08 11:57:50'), ('15962', '766', '5', '4', null, null, '4', null, '2015-07-17 11:57:50'), ('15963', '767', '5', '4', null, null, '4', null, '2015-04-17 11:57:50'), ('15964', '780', '5', '5', null, null, '5', null, '2015-09-04 11:57:50'), ('15965', '781', '5', '1', null, null, '1', null, '2015-08-03 11:57:50'), ('15966', '782', '5', '5', null, null, '5', null, '2015-08-23 11:57:50'), ('15967', '783', '5', '3', null, null, '3', null, '2015-08-19 11:57:50'), ('15968', '784', '5', '2', null, null, '2', null, '2015-09-07 11:57:50'), ('15969', '785', '5', '3', null, null, '3', null, '2015-09-14 11:57:50'), ('15970', '786', '5', '5', null, null, '5', null, '2015-08-24 11:57:50'), ('15971', '787', '5', '4', null, null, '4', null, '2015-07-30 11:57:50'), ('15972', '788', '5', '4', null, null, '4', null, '2015-09-04 11:57:50'), ('15973', '789', '5', '1', null, null, '1', null, '2015-07-19 11:57:50'), ('15974', '790', '5', '3', null, null, '3', null, '2015-09-20 11:57:50'), ('15975', '791', '5', '1', null, null, '1', null, '2015-08-01 11:57:50'), ('15976', '792', '5', '5', null, null, '5', null, '2015-10-06 11:57:50'), ('15977', '793', '5', '4', null, null, '4', null, '2015-09-11 11:57:50'), ('15978', '794', '5', '3', null, null, '3', null, '2015-08-23 11:57:50'), ('15979', '795', '5', '2', null, null, '2', null, '2015-08-03 11:57:50'), ('15980', '796', '5', '1', null, null, '1', null, '2015-09-24 11:57:50'), ('15981', '797', '5', '5', null, null, '5', null, '2015-10-21 11:57:50'), ('15982', '798', '5', '2', null, null, '2', null, '2015-09-23 11:57:50'), ('15983', '811', '5', '2', null, null, '2', null, '2015-11-02 11:57:50'), ('15984', '812', '5', '3', null, null, '3', null, '2015-11-23 11:57:50'), ('15985', '813', '5', '1', null, null, '1', null, '2015-11-27 11:57:50'), ('15986', '814', '5', '5', null, null, '5', null, '2015-12-03 11:57:50'), ('15987', '815', '5', '5', null, null, '5', null, '2015-12-01 11:57:50'), ('15988', '816', '5', '1', null, null, '1', null, '2015-12-09 11:57:50'), ('15989', '817', '5', '4', null, null, '4', null, '2015-12-05 11:57:50'), ('15990', '818', '5', '2', null, null, '2', null, '2015-11-25 11:57:50'), ('15991', '819', '5', '5', null, null, '5', null, '2015-12-02 11:57:50'), ('15992', '820', '5', '1', null, null, '1', null, '2015-12-01 11:57:50'), ('15993', '718', '6', '3', null, null, '3', null, '2015-03-16 11:57:50'), ('15994', '719', '6', '2', null, null, '2', null, '2015-03-31 11:57:50'), ('15995', '720', '6', '2', null, null, '2', null, '2015-01-26 11:57:50'), ('15996', '721', '6', '3', null, null, '3', null, '2015-02-28 11:57:50'), ('15997', '722', '6', '5', null, null, '5', null, '2015-01-18 11:57:50'), ('15998', '723', '6', '4', null, null, '4', null, '2015-01-13 11:57:50'), ('15999', '724', '6', '3', null, null, '3', null, '2015-01-12 11:57:50'), ('16000', '725', '6', '5', null, null, '5', null, '2015-01-21 11:57:50'), ('16001', '726', '6', '1', null, null, '1', null, '2015-03-11 11:57:50'), ('16002', '727', '6', '5', null, null, '5', null, '2015-03-30 11:57:50'), ('16003', '728', '6', '2', null, null, '2', null, '2015-02-03 11:57:50'), ('16004', '729', '6', '3', null, null, '3', null, '2015-01-03 11:57:50'), ('16005', '730', '6', '4', null, null, '4', null, '2015-01-12 11:57:50'), ('16006', '731', '6', '2', null, null, '2', null, '2015-02-24 11:57:50'), ('16007', '732', '6', '4', null, null, '4', null, '2015-02-07 11:57:50'), ('16008', '733', '6', '1', null, null, '1', null, '2015-01-25 11:57:50'), ('16009', '734', '6', '4', null, null, '4', null, '2015-01-10 11:57:50'), ('16010', '735', '6', '4', null, null, '4', null, '2015-03-19 11:57:50'), ('16011', '736', '6', '3', null, null, '3', null, '2015-03-02 11:57:50'), ('16012', '749', '6', '2', null, null, '2', null, '2015-06-18 11:57:50'), ('16013', '750', '6', '5', null, null, '5', null, '2015-06-11 11:57:50'), ('16014', '751', '6', '1', null, null, '1', null, '2015-04-14 11:57:50'), ('16015', '752', '6', '2', null, null, '2', null, '2015-05-15 11:57:50'), ('16016', '753', '6', '1', null, null, '1', null, '2015-06-12 11:57:50'), ('16017', '754', '6', '5', null, null, '5', null, '2015-04-17 11:57:50'), ('16018', '755', '6', '5', null, null, '5', null, '2015-05-30 11:57:50'), ('16019', '756', '6', '4', null, null, '4', null, '2015-05-06 11:57:50'), ('16020', '757', '6', '2', null, null, '2', null, '2015-06-30 11:57:50'), ('16021', '758', '6', '5', null, null, '5', null, '2015-05-05 11:57:50'), ('16022', '759', '6', '5', null, null, '5', null, '2015-07-02 11:57:50'), ('16023', '760', '6', '3', null, null, '3', null, '2015-05-19 11:57:50'), ('16024', '761', '6', '1', null, null, '1', null, '2015-05-26 11:57:50'), ('16025', '762', '6', '2', null, null, '2', null, '2015-04-25 11:57:50'), ('16026', '763', '6', '4', null, null, '4', null, '2015-05-15 11:57:50'), ('16027', '764', '6', '3', null, null, '3', null, '2015-05-13 11:57:50'), ('16028', '765', '6', '2', null, null, '2', null, '2015-06-08 11:57:50'), ('16029', '766', '6', '3', null, null, '3', null, '2015-07-17 11:57:50'), ('16030', '767', '6', '3', null, null, '3', null, '2015-04-17 11:57:50'), ('16031', '780', '6', '4', null, null, '4', null, '2015-09-04 11:57:50'), ('16032', '781', '6', '3', null, null, '3', null, '2015-08-03 11:57:50'), ('16033', '782', '6', '2', null, null, '2', null, '2015-08-23 11:57:50'), ('16034', '783', '6', '4', null, null, '4', null, '2015-08-19 11:57:50'), ('16035', '784', '6', '2', null, null, '2', null, '2015-09-07 11:57:50'), ('16036', '785', '6', '5', null, null, '5', null, '2015-09-14 11:57:50'), ('16037', '786', '6', '4', null, null, '4', null, '2015-08-24 11:57:50'), ('16038', '787', '6', '4', null, null, '4', null, '2015-07-30 11:57:50'), ('16039', '788', '6', '4', null, null, '4', null, '2015-09-04 11:57:50'), ('16040', '789', '6', '1', null, null, '1', null, '2015-07-19 11:57:50'), ('16041', '790', '6', '2', null, null, '2', null, '2015-09-20 11:57:50'), ('16042', '791', '6', '3', null, null, '3', null, '2015-08-01 11:57:50'), ('16043', '792', '6', '2', null, null, '2', null, '2015-10-06 11:57:50'), ('16044', '793', '6', '1', null, null, '1', null, '2015-09-11 11:57:50'), ('16045', '794', '6', '4', null, null, '4', null, '2015-08-23 11:57:50'), ('16046', '795', '6', '2', null, null, '2', null, '2015-08-03 11:57:50'), ('16047', '796', '6', '4', null, null, '4', null, '2015-09-24 11:57:50'), ('16048', '797', '6', '5', null, null, '5', null, '2015-10-21 11:57:50'), ('16049', '798', '6', '1', null, null, '1', null, '2015-09-23 11:57:50'), ('16050', '811', '6', '2', null, null, '2', null, '2015-11-02 11:57:50'), ('16051', '812', '6', '4', null, null, '4', null, '2015-11-23 11:57:50'), ('16052', '813', '6', '1', null, null, '1', null, '2015-11-27 11:57:50'), ('16053', '814', '6', '4', null, null, '4', null, '2015-12-03 11:57:50'), ('16054', '815', '6', '5', null, null, '5', null, '2015-12-01 11:57:50'), ('16055', '816', '6', '4', null, null, '4', null, '2015-12-09 11:57:50'), ('16056', '817', '6', '5', null, null, '5', null, '2015-12-05 11:57:50'), ('16057', '818', '6', '5', null, null, '5', null, '2015-11-25 11:57:50'), ('16058', '819', '6', '5', null, null, '5', null, '2015-12-02 11:57:50'), ('16059', '820', '6', '1', null, null, '1', null, '2015-12-01 11:57:50'), ('16060', '718', '7', '1', null, null, '1', null, '2015-03-16 11:57:50'), ('16061', '719', '7', '3', null, null, '3', null, '2015-03-31 11:57:50'), ('16062', '720', '7', '4', null, null, '4', null, '2015-01-26 11:57:50'), ('16063', '721', '7', '5', null, null, '5', null, '2015-02-28 11:57:50'), ('16064', '722', '7', '1', null, null, '1', null, '2015-01-18 11:57:50'), ('16065', '723', '7', '2', null, null, '2', null, '2015-01-13 11:57:50'), ('16066', '724', '7', '1', null, null, '1', null, '2015-01-12 11:57:50'), ('16067', '725', '7', '2', null, null, '2', null, '2015-01-21 11:57:50'), ('16068', '726', '7', '2', null, null, '2', null, '2015-03-11 11:57:50'), ('16069', '727', '7', '3', null, null, '3', null, '2015-03-30 11:57:50'), ('16070', '728', '7', '3', null, null, '3', null, '2015-02-03 11:57:50'), ('16071', '729', '7', '5', null, null, '5', null, '2015-01-03 11:57:50'), ('16072', '730', '7', '1', null, null, '1', null, '2015-01-12 11:57:50'), ('16073', '731', '7', '1', null, null, '1', null, '2015-02-24 11:57:50'), ('16074', '732', '7', '1', null, null, '1', null, '2015-02-07 11:57:50'), ('16075', '733', '7', '2', null, null, '2', null, '2015-01-25 11:57:50'), ('16076', '734', '7', '1', null, null, '1', null, '2015-01-10 11:57:50'), ('16077', '735', '7', '4', null, null, '4', null, '2015-03-19 11:57:50'), ('16078', '736', '7', '3', null, null, '3', null, '2015-03-02 11:57:50'), ('16079', '749', '7', '1', null, null, '1', null, '2015-06-18 11:57:50'), ('16080', '750', '7', '2', null, null, '2', null, '2015-06-11 11:57:50'), ('16081', '751', '7', '1', null, null, '1', null, '2015-04-14 11:57:50'), ('16082', '752', '7', '5', null, null, '5', null, '2015-05-15 11:57:50'), ('16083', '753', '7', '1', null, null, '1', null, '2015-06-12 11:57:50'), ('16084', '754', '7', '3', null, null, '3', null, '2015-04-17 11:57:50'), ('16085', '755', '7', '1', null, null, '1', null, '2015-05-30 11:57:50'), ('16086', '756', '7', '5', null, null, '5', null, '2015-05-06 11:57:50'), ('16087', '757', '7', '1', null, null, '1', null, '2015-06-30 11:57:50'), ('16088', '758', '7', '1', null, null, '1', null, '2015-05-05 11:57:50'), ('16089', '759', '7', '4', null, null, '4', null, '2015-07-02 11:57:50'), ('16090', '760', '7', '5', null, null, '5', null, '2015-05-19 11:57:50'), ('16091', '761', '7', '1', null, null, '1', null, '2015-05-26 11:57:50'), ('16092', '762', '7', '5', null, null, '5', null, '2015-04-25 11:57:50'), ('16093', '763', '7', '1', null, null, '1', null, '2015-05-15 11:57:50'), ('16094', '764', '7', '2', null, null, '2', null, '2015-05-13 11:57:50'), ('16095', '765', '7', '3', null, null, '3', null, '2015-06-08 11:57:50'), ('16096', '766', '7', '1', null, null, '1', null, '2015-07-17 11:57:50'), ('16097', '767', '7', '5', null, null, '5', null, '2015-04-17 11:57:50'), ('16098', '780', '7', '2', null, null, '2', null, '2015-09-04 11:57:50'), ('16099', '781', '7', '1', null, null, '1', null, '2015-08-03 11:57:50'), ('16100', '782', '7', '1', null, null, '1', null, '2015-08-23 11:57:50'), ('16101', '783', '7', '5', null, null, '5', null, '2015-08-19 11:57:50'), ('16102', '784', '7', '4', null, null, '4', null, '2015-09-07 11:57:50'), ('16103', '785', '7', '5', null, null, '5', null, '2015-09-14 11:57:50'), ('16104', '786', '7', '5', null, null, '5', null, '2015-08-24 11:57:50'), ('16105', '787', '7', '1', null, null, '1', null, '2015-07-30 11:57:50'), ('16106', '788', '7', '1', null, null, '1', null, '2015-09-04 11:57:50'), ('16107', '789', '7', '5', null, null, '5', null, '2015-07-19 11:57:50'), ('16108', '790', '7', '3', null, null, '3', null, '2015-09-20 11:57:50'), ('16109', '791', '7', '5', null, null, '5', null, '2015-08-01 11:57:50'), ('16110', '792', '7', '4', null, null, '4', null, '2015-10-06 11:57:50'), ('16111', '793', '7', '5', null, null, '5', null, '2015-09-11 11:57:50'), ('16112', '794', '7', '2', null, null, '2', null, '2015-08-23 11:57:50'), ('16113', '795', '7', '1', null, null, '1', null, '2015-08-03 11:57:50'), ('16114', '796', '7', '3', null, null, '3', null, '2015-09-24 11:57:50'), ('16115', '797', '7', '5', null, null, '5', null, '2015-10-21 11:57:50'), ('16116', '798', '7', '2', null, null, '2', null, '2015-09-23 11:57:50'), ('16117', '811', '7', '5', null, null, '5', null, '2015-11-02 11:57:50'), ('16118', '812', '7', '1', null, null, '1', null, '2015-11-23 11:57:50'), ('16119', '813', '7', '1', null, null, '1', null, '2015-11-27 11:57:50'), ('16120', '814', '7', '1', null, null, '1', null, '2015-12-03 11:57:50'), ('16121', '815', '7', '3', null, null, '3', null, '2015-12-01 11:57:50'), ('16122', '816', '7', '2', null, null, '2', null, '2015-12-09 11:57:50'), ('16123', '817', '7', '1', null, null, '1', null, '2015-12-05 11:57:50'), ('16124', '818', '7', '2', null, null, '2', null, '2015-11-25 11:57:50'), ('16125', '819', '7', '3', null, null, '3', null, '2015-12-02 11:57:50'), ('16126', '820', '7', '3', null, null, '3', null, '2015-12-01 11:57:50'), ('16127', '718', '8', '3', null, null, '3', null, '2015-03-16 11:57:50'), ('16128', '719', '8', '4', null, null, '4', null, '2015-03-31 11:57:50'), ('16129', '720', '8', '3', null, null, '3', null, '2015-01-26 11:57:50'), ('16130', '721', '8', '2', null, null, '2', null, '2015-02-28 11:57:50'), ('16131', '722', '8', '1', null, null, '1', null, '2015-01-18 11:57:50'), ('16132', '723', '8', '2', null, null, '2', null, '2015-01-13 11:57:50'), ('16133', '724', '8', '3', null, null, '3', null, '2015-01-12 11:57:50'), ('16134', '725', '8', '5', null, null, '5', null, '2015-01-21 11:57:50'), ('16135', '726', '8', '4', null, null, '4', null, '2015-03-11 11:57:50'), ('16136', '727', '8', '1', null, null, '1', null, '2015-03-30 11:57:50'), ('16137', '728', '8', '3', null, null, '3', null, '2015-02-03 11:57:50'), ('16138', '729', '8', '1', null, null, '1', null, '2015-01-03 11:57:50'), ('16139', '730', '8', '5', null, null, '5', null, '2015-01-12 11:57:50'), ('16140', '731', '8', '5', null, null, '5', null, '2015-02-24 11:57:50'), ('16141', '732', '8', '2', null, null, '2', null, '2015-02-07 11:57:50'), ('16142', '733', '8', '2', null, null, '2', null, '2015-01-25 11:57:50'), ('16143', '734', '8', '1', null, null, '1', null, '2015-01-10 11:57:50'), ('16144', '735', '8', '4', null, null, '4', null, '2015-03-19 11:57:50'), ('16145', '736', '8', '5', null, null, '5', null, '2015-03-02 11:57:50'), ('16146', '749', '8', '4', null, null, '4', null, '2015-06-18 11:57:50'), ('16147', '750', '8', '3', null, null, '3', null, '2015-06-11 11:57:50'), ('16148', '751', '8', '3', null, null, '3', null, '2015-04-14 11:57:50'), ('16149', '752', '8', '1', null, null, '1', null, '2015-05-15 11:57:50'), ('16150', '753', '8', '5', null, null, '5', null, '2015-06-12 11:57:50'), ('16151', '754', '8', '5', null, null, '5', null, '2015-04-17 11:57:50'), ('16152', '755', '8', '4', null, null, '4', null, '2015-05-30 11:57:50'), ('16153', '756', '8', '5', null, null, '5', null, '2015-05-06 11:57:50'), ('16154', '757', '8', '3', null, null, '3', null, '2015-06-30 11:57:50'), ('16155', '758', '8', '5', null, null, '5', null, '2015-05-05 11:57:50'), ('16156', '759', '8', '3', null, null, '3', null, '2015-07-02 11:57:50'), ('16157', '760', '8', '2', null, null, '2', null, '2015-05-19 11:57:50'), ('16158', '761', '8', '3', null, null, '3', null, '2015-05-26 11:57:50'), ('16159', '762', '8', '5', null, null, '5', null, '2015-04-25 11:57:50'), ('16160', '763', '8', '5', null, null, '5', null, '2015-05-15 11:57:50'), ('16161', '764', '8', '5', null, null, '5', null, '2015-05-13 11:57:50'), ('16162', '765', '8', '3', null, null, '3', null, '2015-06-08 11:57:50'), ('16163', '766', '8', '4', null, null, '4', null, '2015-07-17 11:57:50'), ('16164', '767', '8', '5', null, null, '5', null, '2015-04-17 11:57:50'), ('16165', '780', '8', '3', null, null, '3', null, '2015-09-04 11:57:50'), ('16166', '781', '8', '1', null, null, '1', null, '2015-08-03 11:57:50'), ('16167', '782', '8', '5', null, null, '5', null, '2015-08-23 11:57:50'), ('16168', '783', '8', '3', null, null, '3', null, '2015-08-19 11:57:50'), ('16169', '784', '8', '4', null, null, '4', null, '2015-09-07 11:57:50'), ('16170', '785', '8', '5', null, null, '5', null, '2015-09-14 11:57:50'), ('16171', '786', '8', '2', null, null, '2', null, '2015-08-24 11:57:50'), ('16172', '787', '8', '2', null, null, '2', null, '2015-07-30 11:57:50'), ('16173', '788', '8', '1', null, null, '1', null, '2015-09-04 11:57:50'), ('16174', '789', '8', '3', null, null, '3', null, '2015-07-19 11:57:50'), ('16175', '790', '8', '3', null, null, '3', null, '2015-09-20 11:57:50'), ('16176', '791', '8', '3', null, null, '3', null, '2015-08-01 11:57:50'), ('16177', '792', '8', '4', null, null, '4', null, '2015-10-06 11:57:50'), ('16178', '793', '8', '3', null, null, '3', null, '2015-09-11 11:57:50'), ('16179', '794', '8', '4', null, null, '4', null, '2015-08-23 11:57:50'), ('16180', '795', '8', '1', null, null, '1', null, '2015-08-03 11:57:50'), ('16181', '796', '8', '5', null, null, '5', null, '2015-09-24 11:57:50'), ('16182', '797', '8', '5', null, null, '5', null, '2015-10-21 11:57:50'), ('16183', '798', '8', '2', null, null, '2', null, '2015-09-23 11:57:50'), ('16184', '811', '8', '3', null, null, '3', null, '2015-11-02 11:57:50'), ('16185', '812', '8', '2', null, null, '2', null, '2015-11-23 11:57:50'), ('16186', '813', '8', '3', null, null, '3', null, '2015-11-27 11:57:50'), ('16187', '814', '8', '4', null, null, '4', null, '2015-12-03 11:57:50'), ('16188', '815', '8', '2', null, null, '2', null, '2015-12-01 11:57:50'), ('16189', '816', '8', '1', null, null, '1', null, '2015-12-09 11:57:50'), ('16190', '817', '8', '5', null, null, '5', null, '2015-12-05 11:57:50'), ('16191', '818', '8', '5', null, null, '5', null, '2015-11-25 11:57:50'), ('16192', '819', '8', '5', null, null, '5', null, '2015-12-02 11:57:50'), ('16193', '820', '8', '3', null, null, '3', null, '2015-12-01 11:57:50'), ('16194', '718', '9', '3', null, null, '3', null, '2015-03-16 11:57:50'), ('16195', '719', '9', '2', null, null, '2', null, '2015-03-31 11:57:50'), ('16196', '720', '9', '4', null, null, '4', null, '2015-01-26 11:57:50'), ('16197', '721', '9', '5', null, null, '5', null, '2015-02-28 11:57:50'), ('16198', '722', '9', '4', null, null, '4', null, '2015-01-18 11:57:50'), ('16199', '723', '9', '5', null, null, '5', null, '2015-01-13 11:57:50'), ('16200', '724', '9', '2', null, null, '2', null, '2015-01-12 11:57:50'), ('16201', '725', '9', '1', null, null, '1', null, '2015-01-21 11:57:50'), ('16202', '726', '9', '4', null, null, '4', null, '2015-03-11 11:57:50'), ('16203', '727', '9', '5', null, null, '5', null, '2015-03-30 11:57:50'), ('16204', '728', '9', '5', null, null, '5', null, '2015-02-03 11:57:50'), ('16205', '729', '9', '2', null, null, '2', null, '2015-01-03 11:57:50'), ('16206', '730', '9', '1', null, null, '1', null, '2015-01-12 11:57:50'), ('16207', '731', '9', '4', null, null, '4', null, '2015-02-24 11:57:50'), ('16208', '732', '9', '2', null, null, '2', null, '2015-02-07 11:57:50'), ('16209', '733', '9', '1', null, null, '1', null, '2015-01-25 11:57:50'), ('16210', '734', '9', '3', null, null, '3', null, '2015-01-10 11:57:50'), ('16211', '735', '9', '5', null, null, '5', null, '2015-03-19 11:57:50'), ('16212', '736', '9', '4', null, null, '4', null, '2015-03-02 11:57:50'), ('16213', '749', '9', '1', null, null, '1', null, '2015-06-18 11:57:50'), ('16214', '750', '9', '5', null, null, '5', null, '2015-06-11 11:57:50'), ('16215', '751', '9', '1', null, null, '1', null, '2015-04-14 11:57:50'), ('16216', '752', '9', '3', null, null, '3', null, '2015-05-15 11:57:50'), ('16217', '753', '9', '3', null, null, '3', null, '2015-06-12 11:57:50'), ('16218', '754', '9', '5', null, null, '5', null, '2015-04-17 11:57:50'), ('16219', '755', '9', '1', null, null, '1', null, '2015-05-30 11:57:50'), ('16220', '756', '9', '4', null, null, '4', null, '2015-05-06 11:57:50'), ('16221', '757', '9', '2', null, null, '2', null, '2015-06-30 11:57:50'), ('16222', '758', '9', '1', null, null, '1', null, '2015-05-05 11:57:50'), ('16223', '759', '9', '4', null, null, '4', null, '2015-07-02 11:57:50'), ('16224', '760', '9', '3', null, null, '3', null, '2015-05-19 11:57:50'), ('16225', '761', '9', '3', null, null, '3', null, '2015-05-26 11:57:50'), ('16226', '762', '9', '1', null, null, '1', null, '2015-04-25 11:57:50'), ('16227', '763', '9', '3', null, null, '3', null, '2015-05-15 11:57:50'), ('16228', '764', '9', '3', null, null, '3', null, '2015-05-13 11:57:50'), ('16229', '765', '9', '5', null, null, '5', null, '2015-06-08 11:57:50'), ('16230', '766', '9', '1', null, null, '1', null, '2015-07-17 11:57:50'), ('16231', '767', '9', '4', null, null, '4', null, '2015-04-17 11:57:50'), ('16232', '780', '9', '3', null, null, '3', null, '2015-09-04 11:57:50'), ('16233', '781', '9', '3', null, null, '3', null, '2015-08-03 11:57:50'), ('16234', '782', '9', '3', null, null, '3', null, '2015-08-23 11:57:50'), ('16235', '783', '9', '2', null, null, '2', null, '2015-08-19 11:57:50'), ('16236', '784', '9', '3', null, null, '3', null, '2015-09-07 11:57:50'), ('16237', '785', '9', '2', null, null, '2', null, '2015-09-14 11:57:50'), ('16238', '786', '9', '4', null, null, '4', null, '2015-08-24 11:57:50'), ('16239', '787', '9', '1', null, null, '1', null, '2015-07-30 11:57:50'), ('16240', '788', '9', '4', null, null, '4', null, '2015-09-04 11:57:50'), ('16241', '789', '9', '4', null, null, '4', null, '2015-07-19 11:57:50'), ('16242', '790', '9', '3', null, null, '3', null, '2015-09-20 11:57:50'), ('16243', '791', '9', '4', null, null, '4', null, '2015-08-01 11:57:50'), ('16244', '792', '9', '4', null, null, '4', null, '2015-10-06 11:57:50'), ('16245', '793', '9', '3', null, null, '3', null, '2015-09-11 11:57:50'), ('16246', '794', '9', '5', null, null, '5', null, '2015-08-23 11:57:50'), ('16247', '795', '9', '5', null, null, '5', null, '2015-08-03 11:57:50'), ('16248', '796', '9', '3', null, null, '3', null, '2015-09-24 11:57:50'), ('16249', '797', '9', '1', null, null, '1', null, '2015-10-21 11:57:50'), ('16250', '798', '9', '3', null, null, '3', null, '2015-09-23 11:57:50'), ('16251', '811', '9', '4', null, null, '4', null, '2015-11-02 11:57:50'), ('16252', '812', '9', '5', null, null, '5', null, '2015-11-23 11:57:50'), ('16253', '813', '9', '4', null, null, '4', null, '2015-11-27 11:57:50'), ('16254', '814', '9', '3', null, null, '3', null, '2015-12-03 11:57:50'), ('16255', '815', '9', '3', null, null, '3', null, '2015-12-01 11:57:50'), ('16256', '816', '9', '4', null, null, '4', null, '2015-12-09 11:57:50'), ('16257', '817', '9', '3', null, null, '3', null, '2015-12-05 11:57:50'), ('16258', '818', '9', '1', null, null, '1', null, '2015-11-25 11:57:50'), ('16259', '819', '9', '5', null, null, '5', null, '2015-12-02 11:57:50'), ('16260', '820', '9', '2', null, null, '2', null, '2015-12-01 11:57:50'), ('16261', '718', '10', '3', null, null, '3', null, '2015-03-16 11:57:50'), ('16262', '719', '10', '5', null, null, '5', null, '2015-03-31 11:57:50'), ('16263', '720', '10', '5', null, null, '5', null, '2015-01-26 11:57:50'), ('16264', '721', '10', '1', null, null, '1', null, '2015-02-28 11:57:50'), ('16265', '722', '10', '4', null, null, '4', null, '2015-01-18 11:57:50'), ('16266', '723', '10', '5', null, null, '5', null, '2015-01-13 11:57:50'), ('16267', '724', '10', '3', null, null, '3', null, '2015-01-12 11:57:50'), ('16268', '725', '10', '5', null, null, '5', null, '2015-01-21 11:57:50'), ('16269', '726', '10', '1', null, null, '1', null, '2015-03-11 11:57:50'), ('16270', '727', '10', '3', null, null, '3', null, '2015-03-30 11:57:50'), ('16271', '728', '10', '2', null, null, '2', null, '2015-02-03 11:57:50'), ('16272', '729', '10', '1', null, null, '1', null, '2015-01-03 11:57:50'), ('16273', '730', '10', '5', null, null, '5', null, '2015-01-12 11:57:50'), ('16274', '731', '10', '4', null, null, '4', null, '2015-02-24 11:57:50'), ('16275', '732', '10', '4', null, null, '4', null, '2015-02-07 11:57:50'), ('16276', '733', '10', '3', null, null, '3', null, '2015-01-25 11:57:50'), ('16277', '734', '10', '2', null, null, '2', null, '2015-01-10 11:57:50'), ('16278', '735', '10', '2', null, null, '2', null, '2015-03-19 11:57:50'), ('16279', '736', '10', '4', null, null, '4', null, '2015-03-02 11:57:50'), ('16280', '749', '10', '2', null, null, '2', null, '2015-06-18 11:57:50'), ('16281', '750', '10', '2', null, null, '2', null, '2015-06-11 11:57:50'), ('16282', '751', '10', '2', null, null, '2', null, '2015-04-14 11:57:50'), ('16283', '752', '10', '2', null, null, '2', null, '2015-05-15 11:57:50'), ('16284', '753', '10', '2', null, null, '2', null, '2015-06-12 11:57:50'), ('16285', '754', '10', '2', null, null, '2', null, '2015-04-17 11:57:50'), ('16286', '755', '10', '4', null, null, '4', null, '2015-05-30 11:57:50'), ('16287', '756', '10', '4', null, null, '4', null, '2015-05-06 11:57:50'), ('16288', '757', '10', '3', null, null, '3', null, '2015-06-30 11:57:50'), ('16289', '758', '10', '5', null, null, '5', null, '2015-05-05 11:57:50'), ('16290', '759', '10', '4', null, null, '4', null, '2015-07-02 11:57:50'), ('16291', '760', '10', '3', null, null, '3', null, '2015-05-19 11:57:50'), ('16292', '761', '10', '3', null, null, '3', null, '2015-05-26 11:57:50'), ('16293', '762', '10', '2', null, null, '2', null, '2015-04-25 11:57:50'), ('16294', '763', '10', '5', null, null, '5', null, '2015-05-15 11:57:50'), ('16295', '764', '10', '3', null, null, '3', null, '2015-05-13 11:57:50'), ('16296', '765', '10', '1', null, null, '1', null, '2015-06-08 11:57:50'), ('16297', '766', '10', '5', null, null, '5', null, '2015-07-17 11:57:50'), ('16298', '767', '10', '5', null, null, '5', null, '2015-04-17 11:57:50'), ('16299', '780', '10', '3', null, null, '3', null, '2015-09-04 11:57:50'), ('16300', '781', '10', '3', null, null, '3', null, '2015-08-03 11:57:50'), ('16301', '782', '10', '2', null, null, '2', null, '2015-08-23 11:57:50'), ('16302', '783', '10', '4', null, null, '4', null, '2015-08-19 11:57:50'), ('16303', '784', '10', '2', null, null, '2', null, '2015-09-07 11:57:50'), ('16304', '785', '10', '1', null, null, '1', null, '2015-09-14 11:57:50'), ('16305', '786', '10', '5', null, null, '5', null, '2015-08-24 11:57:50'), ('16306', '787', '10', '2', null, null, '2', null, '2015-07-30 11:57:50'), ('16307', '788', '10', '2', null, null, '2', null, '2015-09-04 11:57:50'), ('16308', '789', '10', '1', null, null, '1', null, '2015-07-19 11:57:50'), ('16309', '790', '10', '2', null, null, '2', null, '2015-09-20 11:57:50'), ('16310', '791', '10', '5', null, null, '5', null, '2015-08-01 11:57:50'), ('16311', '792', '10', '1', null, null, '1', null, '2015-10-06 11:57:50'), ('16312', '793', '10', '5', null, null, '5', null, '2015-09-11 11:57:50'), ('16313', '794', '10', '4', null, null, '4', null, '2015-08-23 11:57:50'), ('16314', '795', '10', '5', null, null, '5', null, '2015-08-03 11:57:50'), ('16315', '796', '10', '3', null, null, '3', null, '2015-09-24 11:57:50'), ('16316', '797', '10', '1', null, null, '1', null, '2015-10-21 11:57:50'), ('16317', '798', '10', '1', null, null, '1', null, '2015-09-23 11:57:50'), ('16318', '811', '10', '4', null, null, '4', null, '2015-11-02 11:57:50'), ('16319', '812', '10', '4', null, null, '4', null, '2015-11-23 11:57:50'), ('16320', '813', '10', '4', null, null, '4', null, '2015-11-27 11:57:50'), ('16321', '814', '10', '4', null, null, '4', null, '2015-12-03 11:57:50'), ('16322', '815', '10', '2', null, null, '2', null, '2015-12-01 11:57:50'), ('16323', '816', '10', '5', null, null, '5', null, '2015-12-09 11:57:50'), ('16324', '817', '10', '4', null, null, '4', null, '2015-12-05 11:57:50'), ('16325', '818', '10', '3', null, null, '3', null, '2015-11-25 11:57:50'), ('16326', '819', '10', '3', null, null, '3', null, '2015-12-02 11:57:50'), ('16327', '820', '10', '1', null, null, '1', null, '2015-12-01 11:57:50'), ('16328', '718', '11', '3', null, null, '3', null, '2015-03-16 11:57:50'), ('16329', '719', '11', '4', null, null, '4', null, '2015-03-31 11:57:50'), ('16330', '720', '11', '1', null, null, '1', null, '2015-01-26 11:57:50'), ('16331', '721', '11', '2', null, null, '2', null, '2015-02-28 11:57:50'), ('16332', '722', '11', '3', null, null, '3', null, '2015-01-18 11:57:50'), ('16333', '723', '11', '3', null, null, '3', null, '2015-01-13 11:57:50'), ('16334', '724', '11', '5', null, null, '5', null, '2015-01-12 11:57:50'), ('16335', '725', '11', '2', null, null, '2', null, '2015-01-21 11:57:50'), ('16336', '726', '11', '3', null, null, '3', null, '2015-03-11 11:57:50'), ('16337', '727', '11', '5', null, null, '5', null, '2015-03-30 11:57:50'), ('16338', '728', '11', '5', null, null, '5', null, '2015-02-03 11:57:50'), ('16339', '729', '11', '4', null, null, '4', null, '2015-01-03 11:57:50'), ('16340', '730', '11', '5', null, null, '5', null, '2015-01-12 11:57:50'), ('16341', '731', '11', '5', null, null, '5', null, '2015-02-24 11:57:50'), ('16342', '732', '11', '3', null, null, '3', null, '2015-02-07 11:57:50'), ('16343', '733', '11', '1', null, null, '1', null, '2015-01-25 11:57:50'), ('16344', '734', '11', '2', null, null, '2', null, '2015-01-10 11:57:50'), ('16345', '735', '11', '3', null, null, '3', null, '2015-03-19 11:57:50'), ('16346', '736', '11', '1', null, null, '1', null, '2015-03-02 11:57:50'), ('16347', '749', '11', '1', null, null, '1', null, '2015-06-18 11:57:50'), ('16348', '750', '11', '1', null, null, '1', null, '2015-06-11 11:57:50'), ('16349', '751', '11', '2', null, null, '2', null, '2015-04-14 11:57:50'), ('16350', '752', '11', '1', null, null, '1', null, '2015-05-15 11:57:50'), ('16351', '753', '11', '5', null, null, '5', null, '2015-06-12 11:57:50'), ('16352', '754', '11', '1', null, null, '1', null, '2015-04-17 11:57:50'), ('16353', '755', '11', '2', null, null, '2', null, '2015-05-30 11:57:50'), ('16354', '756', '11', '4', null, null, '4', null, '2015-05-06 11:57:50'), ('16355', '757', '11', '5', null, null, '5', null, '2015-06-30 11:57:50'), ('16356', '758', '11', '5', null, null, '5', null, '2015-05-05 11:57:50'), ('16357', '759', '11', '1', null, null, '1', null, '2015-07-02 11:57:50'), ('16358', '760', '11', '4', null, null, '4', null, '2015-05-19 11:57:50'), ('16359', '761', '11', '4', null, null, '4', null, '2015-05-26 11:57:50'), ('16360', '762', '11', '1', null, null, '1', null, '2015-04-25 11:57:50'), ('16361', '763', '11', '5', null, null, '5', null, '2015-05-15 11:57:50'), ('16362', '764', '11', '2', null, null, '2', null, '2015-05-13 11:57:50'), ('16363', '765', '11', '4', null, null, '4', null, '2015-06-08 11:57:50'), ('16364', '766', '11', '5', null, null, '5', null, '2015-07-17 11:57:50'), ('16365', '767', '11', '1', null, null, '1', null, '2015-04-17 11:57:50'), ('16366', '780', '11', '4', null, null, '4', null, '2015-09-04 11:57:50'), ('16367', '781', '11', '1', null, null, '1', null, '2015-08-03 11:57:50'), ('16368', '782', '11', '2', null, null, '2', null, '2015-08-23 11:57:50'), ('16369', '783', '11', '4', null, null, '4', null, '2015-08-19 11:57:50'), ('16370', '784', '11', '3', null, null, '3', null, '2015-09-07 11:57:50'), ('16371', '785', '11', '1', null, null, '1', null, '2015-09-14 11:57:50'), ('16372', '786', '11', '3', null, null, '3', null, '2015-08-24 11:57:50'), ('16373', '787', '11', '5', null, null, '5', null, '2015-07-30 11:57:50'), ('16374', '788', '11', '5', null, null, '5', null, '2015-09-04 11:57:50'), ('16375', '789', '11', '5', null, null, '5', null, '2015-07-19 11:57:50'), ('16376', '790', '11', '1', null, null, '1', null, '2015-09-20 11:57:50'), ('16377', '791', '11', '3', null, null, '3', null, '2015-08-01 11:57:50'), ('16378', '792', '11', '3', null, null, '3', null, '2015-10-06 11:57:50'), ('16379', '793', '11', '3', null, null, '3', null, '2015-09-11 11:57:50'), ('16380', '794', '11', '1', null, null, '1', null, '2015-08-23 11:57:50'), ('16381', '795', '11', '4', null, null, '4', null, '2015-08-03 11:57:50'), ('16382', '796', '11', '5', null, null, '5', null, '2015-09-24 11:57:50'), ('16383', '797', '11', '5', null, null, '5', null, '2015-10-21 11:57:50'), ('16384', '798', '11', '1', null, null, '1', null, '2015-09-23 11:57:50'), ('16385', '811', '11', '1', null, null, '1', null, '2015-11-02 11:57:50'), ('16386', '812', '11', '4', null, null, '4', null, '2015-11-23 11:57:50'), ('16387', '813', '11', '1', null, null, '1', null, '2015-11-27 11:57:50'), ('16388', '814', '11', '5', null, null, '5', null, '2015-12-03 11:57:50'), ('16389', '815', '11', '4', null, null, '4', null, '2015-12-01 11:57:50'), ('16390', '816', '11', '5', null, null, '5', null, '2015-12-09 11:57:50'), ('16391', '817', '11', '2', null, null, '2', null, '2015-12-05 11:57:50'), ('16392', '818', '11', '2', null, null, '2', null, '2015-11-25 11:57:50'), ('16393', '819', '11', '1', null, null, '1', null, '2015-12-02 11:57:50'), ('16394', '820', '11', '4', null, null, '4', null, '2015-12-01 11:57:50'), ('16395', '718', '12', '5', null, null, '5', null, '2015-03-16 11:57:50'), ('16396', '719', '12', '4', null, null, '4', null, '2015-03-31 11:57:50'), ('16397', '720', '12', '5', null, null, '5', null, '2015-01-26 11:57:50'), ('16398', '721', '12', '1', null, null, '1', null, '2015-02-28 11:57:50'), ('16399', '722', '12', '3', null, null, '3', null, '2015-01-18 11:57:50'), ('16400', '723', '12', '4', null, null, '4', null, '2015-01-13 11:57:50'), ('16401', '724', '12', '2', null, null, '2', null, '2015-01-12 11:57:50'), ('16402', '725', '12', '5', null, null, '5', null, '2015-01-21 11:57:50'), ('16403', '726', '12', '2', null, null, '2', null, '2015-03-11 11:57:50'), ('16404', '727', '12', '3', null, null, '3', null, '2015-03-30 11:57:50'), ('16405', '728', '12', '1', null, null, '1', null, '2015-02-03 11:57:50'), ('16406', '729', '12', '3', null, null, '3', null, '2015-01-03 11:57:50'), ('16407', '730', '12', '1', null, null, '1', null, '2015-01-12 11:57:50'), ('16408', '731', '12', '1', null, null, '1', null, '2015-02-24 11:57:50'), ('16409', '732', '12', '4', null, null, '4', null, '2015-02-07 11:57:50'), ('16410', '733', '12', '2', null, null, '2', null, '2015-01-25 11:57:50'), ('16411', '734', '12', '3', null, null, '3', null, '2015-01-10 11:57:50'), ('16412', '735', '12', '2', null, null, '2', null, '2015-03-19 11:57:50'), ('16413', '736', '12', '2', null, null, '2', null, '2015-03-02 11:57:50'), ('16414', '749', '12', '2', null, null, '2', null, '2015-06-18 11:57:50'), ('16415', '750', '12', '3', null, null, '3', null, '2015-06-11 11:57:50'), ('16416', '751', '12', '3', null, null, '3', null, '2015-04-14 11:57:50'), ('16417', '752', '12', '2', null, null, '2', null, '2015-05-15 11:57:50'), ('16418', '753', '12', '3', null, null, '3', null, '2015-06-12 11:57:50'), ('16419', '754', '12', '1', null, null, '1', null, '2015-04-17 11:57:50'), ('16420', '755', '12', '3', null, null, '3', null, '2015-05-30 11:57:50'), ('16421', '756', '12', '4', null, null, '4', null, '2015-05-06 11:57:50'), ('16422', '757', '12', '1', null, null, '1', null, '2015-06-30 11:57:50'), ('16423', '758', '12', '3', null, null, '3', null, '2015-05-05 11:57:50'), ('16424', '759', '12', '3', null, null, '3', null, '2015-07-02 11:57:50'), ('16425', '760', '12', '4', null, null, '4', null, '2015-05-19 11:57:50'), ('16426', '761', '12', '5', null, null, '5', null, '2015-05-26 11:57:50'), ('16427', '762', '12', '4', null, null, '4', null, '2015-04-25 11:57:50'), ('16428', '763', '12', '2', null, null, '2', null, '2015-05-15 11:57:50'), ('16429', '764', '12', '4', null, null, '4', null, '2015-05-13 11:57:50'), ('16430', '765', '12', '1', null, null, '1', null, '2015-06-08 11:57:50'), ('16431', '766', '12', '4', null, null, '4', null, '2015-07-17 11:57:50'), ('16432', '767', '12', '2', null, null, '2', null, '2015-04-17 11:57:50'), ('16433', '780', '12', '3', null, null, '3', null, '2015-09-04 11:57:50'), ('16434', '781', '12', '3', null, null, '3', null, '2015-08-03 11:57:50'), ('16435', '782', '12', '1', null, null, '1', null, '2015-08-23 11:57:50'), ('16436', '783', '12', '5', null, null, '5', null, '2015-08-19 11:57:50'), ('16437', '784', '12', '5', null, null, '5', null, '2015-09-07 11:57:50'), ('16438', '785', '12', '1', null, null, '1', null, '2015-09-14 11:57:50'), ('16439', '786', '12', '3', null, null, '3', null, '2015-08-24 11:57:50'), ('16440', '787', '12', '1', null, null, '1', null, '2015-07-30 11:57:50'), ('16441', '788', '12', '4', null, null, '4', null, '2015-09-04 11:57:50'), ('16442', '789', '12', '5', null, null, '5', null, '2015-07-19 11:57:50'), ('16443', '790', '12', '2', null, null, '2', null, '2015-09-20 11:57:50'), ('16444', '791', '12', '5', null, null, '5', null, '2015-08-01 11:57:50'), ('16445', '792', '12', '1', null, null, '1', null, '2015-10-06 11:57:50'), ('16446', '793', '12', '5', null, null, '5', null, '2015-09-11 11:57:50'), ('16447', '794', '12', '4', null, null, '4', null, '2015-08-23 11:57:50'), ('16448', '795', '12', '4', null, null, '4', null, '2015-08-03 11:57:50'), ('16449', '796', '12', '1', null, null, '1', null, '2015-09-24 11:57:50'), ('16450', '797', '12', '3', null, null, '3', null, '2015-10-21 11:57:50'), ('16451', '798', '12', '1', null, null, '1', null, '2015-09-23 11:57:50'), ('16452', '811', '12', '4', null, null, '4', null, '2015-11-02 11:57:50'), ('16453', '812', '12', '4', null, null, '4', null, '2015-11-23 11:57:50'), ('16454', '813', '12', '3', null, null, '3', null, '2015-11-27 11:57:50'), ('16455', '814', '12', '5', null, null, '5', null, '2015-12-03 11:57:50'), ('16456', '815', '12', '1', null, null, '1', null, '2015-12-01 11:57:50'), ('16457', '816', '12', '4', null, null, '4', null, '2015-12-09 11:57:50'), ('16458', '817', '12', '5', null, null, '5', null, '2015-12-05 11:57:50'), ('16459', '818', '12', '4', null, null, '4', null, '2015-11-25 11:57:50'), ('16460', '819', '12', '5', null, null, '5', null, '2015-12-02 11:57:50'), ('16461', '820', '12', '2', null, null, '2', null, '2015-12-01 11:57:50'), ('16462', '718', '13', '1', null, null, '1', null, '2015-03-16 11:57:50'), ('16463', '719', '13', '2', null, null, '2', null, '2015-03-31 11:57:50'), ('16464', '720', '13', '1', null, null, '1', null, '2015-01-26 11:57:50'), ('16465', '721', '13', '5', null, null, '5', null, '2015-02-28 11:57:50'), ('16466', '722', '13', '1', null, null, '1', null, '2015-01-18 11:57:50'), ('16467', '723', '13', '5', null, null, '5', null, '2015-01-13 11:57:50'), ('16468', '724', '13', '1', null, null, '1', null, '2015-01-12 11:57:50'), ('16469', '725', '13', '3', null, null, '3', null, '2015-01-21 11:57:50'), ('16470', '726', '13', '5', null, null, '5', null, '2015-03-11 11:57:50'), ('16471', '727', '13', '4', null, null, '4', null, '2015-03-30 11:57:50'), ('16472', '728', '13', '4', null, null, '4', null, '2015-02-03 11:57:50'), ('16473', '729', '13', '3', null, null, '3', null, '2015-01-03 11:57:50'), ('16474', '730', '13', '2', null, null, '2', null, '2015-01-12 11:57:50'), ('16475', '731', '13', '3', null, null, '3', null, '2015-02-24 11:57:50'), ('16476', '732', '13', '2', null, null, '2', null, '2015-02-07 11:57:50'), ('16477', '733', '13', '4', null, null, '4', null, '2015-01-25 11:57:50'), ('16478', '734', '13', '2', null, null, '2', null, '2015-01-10 11:57:50'), ('16479', '735', '13', '2', null, null, '2', null, '2015-03-19 11:57:50'), ('16480', '736', '13', '1', null, null, '1', null, '2015-03-02 11:57:50'), ('16481', '749', '13', '2', null, null, '2', null, '2015-06-18 11:57:50'), ('16482', '750', '13', '2', null, null, '2', null, '2015-06-11 11:57:50'), ('16483', '751', '13', '5', null, null, '5', null, '2015-04-14 11:57:50'), ('16484', '752', '13', '3', null, null, '3', null, '2015-05-15 11:57:50'), ('16485', '753', '13', '5', null, null, '5', null, '2015-06-12 11:57:50'), ('16486', '754', '13', '3', null, null, '3', null, '2015-04-17 11:57:50'), ('16487', '755', '13', '5', null, null, '5', null, '2015-05-30 11:57:50'), ('16488', '756', '13', '1', null, null, '1', null, '2015-05-06 11:57:50'), ('16489', '757', '13', '4', null, null, '4', null, '2015-06-30 11:57:50'), ('16490', '758', '13', '5', null, null, '5', null, '2015-05-05 11:57:50'), ('16491', '759', '13', '5', null, null, '5', null, '2015-07-02 11:57:50'), ('16492', '760', '13', '4', null, null, '4', null, '2015-05-19 11:57:50'), ('16493', '761', '13', '3', null, null, '3', null, '2015-05-26 11:57:50'), ('16494', '762', '13', '5', null, null, '5', null, '2015-04-25 11:57:50'), ('16495', '763', '13', '1', null, null, '1', null, '2015-05-15 11:57:50'), ('16496', '764', '13', '3', null, null, '3', null, '2015-05-13 11:57:50'), ('16497', '765', '13', '2', null, null, '2', null, '2015-06-08 11:57:50'), ('16498', '766', '13', '5', null, null, '5', null, '2015-07-17 11:57:50'), ('16499', '767', '13', '4', null, null, '4', null, '2015-04-17 11:57:50'), ('16500', '780', '13', '4', null, null, '4', null, '2015-09-04 11:57:50'), ('16501', '781', '13', '2', null, null, '2', null, '2015-08-03 11:57:50'), ('16502', '782', '13', '4', null, null, '4', null, '2015-08-23 11:57:50'), ('16503', '783', '13', '4', null, null, '4', null, '2015-08-19 11:57:50'), ('16504', '784', '13', '5', null, null, '5', null, '2015-09-07 11:57:50'), ('16505', '785', '13', '3', null, null, '3', null, '2015-09-14 11:57:50'), ('16506', '786', '13', '4', null, null, '4', null, '2015-08-24 11:57:50'), ('16507', '787', '13', '4', null, null, '4', null, '2015-07-30 11:57:50'), ('16508', '788', '13', '5', null, null, '5', null, '2015-09-04 11:57:50'), ('16509', '789', '13', '1', null, null, '1', null, '2015-07-19 11:57:50'), ('16510', '790', '13', '1', null, null, '1', null, '2015-09-20 11:57:50'), ('16511', '791', '13', '5', null, null, '5', null, '2015-08-01 11:57:50'), ('16512', '792', '13', '2', null, null, '2', null, '2015-10-06 11:57:50'), ('16513', '793', '13', '3', null, null, '3', null, '2015-09-11 11:57:50'), ('16514', '794', '13', '3', null, null, '3', null, '2015-08-23 11:57:50'), ('16515', '795', '13', '1', null, null, '1', null, '2015-08-03 11:57:50'), ('16516', '796', '13', '1', null, null, '1', null, '2015-09-24 11:57:50'), ('16517', '797', '13', '2', null, null, '2', null, '2015-10-21 11:57:50'), ('16518', '798', '13', '2', null, null, '2', null, '2015-09-23 11:57:50'), ('16519', '811', '13', '2', null, null, '2', null, '2015-11-02 11:57:50'), ('16520', '812', '13', '5', null, null, '5', null, '2015-11-23 11:57:50'), ('16521', '813', '13', '1', null, null, '1', null, '2015-11-27 11:57:50'), ('16522', '814', '13', '5', null, null, '5', null, '2015-12-03 11:57:50'), ('16523', '815', '13', '3', null, null, '3', null, '2015-12-01 11:57:50'), ('16524', '816', '13', '4', null, null, '4', null, '2015-12-09 11:57:50'), ('16525', '817', '13', '3', null, null, '3', null, '2015-12-05 11:57:50'), ('16526', '818', '13', '5', null, null, '5', null, '2015-11-25 11:57:50'), ('16527', '819', '13', '2', null, null, '2', null, '2015-12-02 11:57:50'), ('16528', '820', '13', '2', null, null, '2', null, '2015-12-01 11:57:50'), ('16529', '718', '14', '2', null, null, '2', null, '2015-03-16 11:57:50'), ('16530', '719', '14', '1', null, null, '1', null, '2015-03-31 11:57:50'), ('16531', '720', '14', '3', null, null, '3', null, '2015-01-26 11:57:50'), ('16532', '721', '14', '5', null, null, '5', null, '2015-02-28 11:57:50'), ('16533', '722', '14', '1', null, null, '1', null, '2015-01-18 11:57:50'), ('16534', '723', '14', '4', null, null, '4', null, '2015-01-13 11:57:50'), ('16535', '724', '14', '5', null, null, '5', null, '2015-01-12 11:57:50'), ('16536', '725', '14', '5', null, null, '5', null, '2015-01-21 11:57:50'), ('16537', '726', '14', '3', null, null, '3', null, '2015-03-11 11:57:50'), ('16538', '727', '14', '5', null, null, '5', null, '2015-03-30 11:57:50'), ('16539', '728', '14', '1', null, null, '1', null, '2015-02-03 11:57:50');
INSERT INTO `assessment_response` VALUES ('16540', '729', '14', '4', null, null, '4', null, '2015-01-03 11:57:50'), ('16541', '730', '14', '1', null, null, '1', null, '2015-01-12 11:57:50'), ('16542', '731', '14', '2', null, null, '2', null, '2015-02-24 11:57:50'), ('16543', '732', '14', '1', null, null, '1', null, '2015-02-07 11:57:50'), ('16544', '733', '14', '5', null, null, '5', null, '2015-01-25 11:57:50'), ('16545', '734', '14', '4', null, null, '4', null, '2015-01-10 11:57:50'), ('16546', '735', '14', '3', null, null, '3', null, '2015-03-19 11:57:50'), ('16547', '736', '14', '1', null, null, '1', null, '2015-03-02 11:57:50'), ('16548', '749', '14', '4', null, null, '4', null, '2015-06-18 11:57:50'), ('16549', '750', '14', '3', null, null, '3', null, '2015-06-11 11:57:50'), ('16550', '751', '14', '3', null, null, '3', null, '2015-04-14 11:57:50'), ('16551', '752', '14', '5', null, null, '5', null, '2015-05-15 11:57:50'), ('16552', '753', '14', '4', null, null, '4', null, '2015-06-12 11:57:50'), ('16553', '754', '14', '1', null, null, '1', null, '2015-04-17 11:57:50'), ('16554', '755', '14', '1', null, null, '1', null, '2015-05-30 11:57:50'), ('16555', '756', '14', '4', null, null, '4', null, '2015-05-06 11:57:50'), ('16556', '757', '14', '4', null, null, '4', null, '2015-06-30 11:57:50'), ('16557', '758', '14', '3', null, null, '3', null, '2015-05-05 11:57:50'), ('16558', '759', '14', '2', null, null, '2', null, '2015-07-02 11:57:50'), ('16559', '760', '14', '3', null, null, '3', null, '2015-05-19 11:57:50'), ('16560', '761', '14', '3', null, null, '3', null, '2015-05-26 11:57:50'), ('16561', '762', '14', '5', null, null, '5', null, '2015-04-25 11:57:50'), ('16562', '763', '14', '5', null, null, '5', null, '2015-05-15 11:57:50'), ('16563', '764', '14', '5', null, null, '5', null, '2015-05-13 11:57:50'), ('16564', '765', '14', '2', null, null, '2', null, '2015-06-08 11:57:50'), ('16565', '766', '14', '3', null, null, '3', null, '2015-07-17 11:57:50'), ('16566', '767', '14', '3', null, null, '3', null, '2015-04-17 11:57:50'), ('16567', '780', '14', '2', null, null, '2', null, '2015-09-04 11:57:50'), ('16568', '781', '14', '3', null, null, '3', null, '2015-08-03 11:57:50'), ('16569', '782', '14', '3', null, null, '3', null, '2015-08-23 11:57:50'), ('16570', '783', '14', '2', null, null, '2', null, '2015-08-19 11:57:50'), ('16571', '784', '14', '4', null, null, '4', null, '2015-09-07 11:57:50'), ('16572', '785', '14', '1', null, null, '1', null, '2015-09-14 11:57:50'), ('16573', '786', '14', '2', null, null, '2', null, '2015-08-24 11:57:50'), ('16574', '787', '14', '1', null, null, '1', null, '2015-07-30 11:57:50'), ('16575', '788', '14', '2', null, null, '2', null, '2015-09-04 11:57:50'), ('16576', '789', '14', '2', null, null, '2', null, '2015-07-19 11:57:50'), ('16577', '790', '14', '1', null, null, '1', null, '2015-09-20 11:57:50'), ('16578', '791', '14', '2', null, null, '2', null, '2015-08-01 11:57:50'), ('16579', '792', '14', '1', null, null, '1', null, '2015-10-06 11:57:50'), ('16580', '793', '14', '5', null, null, '5', null, '2015-09-11 11:57:50'), ('16581', '794', '14', '5', null, null, '5', null, '2015-08-23 11:57:50'), ('16582', '795', '14', '3', null, null, '3', null, '2015-08-03 11:57:50'), ('16583', '796', '14', '2', null, null, '2', null, '2015-09-24 11:57:50'), ('16584', '797', '14', '5', null, null, '5', null, '2015-10-21 11:57:50'), ('16585', '798', '14', '4', null, null, '4', null, '2015-09-23 11:57:50'), ('16586', '811', '14', '4', null, null, '4', null, '2015-11-02 11:57:50'), ('16587', '812', '14', '4', null, null, '4', null, '2015-11-23 11:57:50'), ('16588', '813', '14', '1', null, null, '1', null, '2015-11-27 11:57:50'), ('16589', '814', '14', '2', null, null, '2', null, '2015-12-03 11:57:50'), ('16590', '815', '14', '3', null, null, '3', null, '2015-12-01 11:57:50'), ('16591', '816', '14', '1', null, null, '1', null, '2015-12-09 11:57:50'), ('16592', '817', '14', '4', null, null, '4', null, '2015-12-05 11:57:50'), ('16593', '818', '14', '4', null, null, '4', null, '2015-11-25 11:57:50'), ('16594', '819', '14', '3', null, null, '3', null, '2015-12-02 11:57:50'), ('16595', '820', '14', '1', null, null, '1', null, '2015-12-01 11:57:50'), ('16596', '718', '15', '2', null, null, '2', null, '2015-03-16 11:57:50'), ('16597', '719', '15', '1', null, null, '1', null, '2015-03-31 11:57:50'), ('16598', '720', '15', '2', null, null, '2', null, '2015-01-26 11:57:50'), ('16599', '721', '15', '3', null, null, '3', null, '2015-02-28 11:57:50'), ('16600', '722', '15', '5', null, null, '5', null, '2015-01-18 11:57:50'), ('16601', '723', '15', '2', null, null, '2', null, '2015-01-13 11:57:50'), ('16602', '724', '15', '3', null, null, '3', null, '2015-01-12 11:57:50'), ('16603', '725', '15', '1', null, null, '1', null, '2015-01-21 11:57:50'), ('16604', '726', '15', '3', null, null, '3', null, '2015-03-11 11:57:50'), ('16605', '727', '15', '4', null, null, '4', null, '2015-03-30 11:57:50'), ('16606', '728', '15', '3', null, null, '3', null, '2015-02-03 11:57:50'), ('16607', '729', '15', '1', null, null, '1', null, '2015-01-03 11:57:50'), ('16608', '730', '15', '1', null, null, '1', null, '2015-01-12 11:57:50'), ('16609', '731', '15', '5', null, null, '5', null, '2015-02-24 11:57:50'), ('16610', '732', '15', '3', null, null, '3', null, '2015-02-07 11:57:50'), ('16611', '733', '15', '4', null, null, '4', null, '2015-01-25 11:57:50'), ('16612', '734', '15', '1', null, null, '1', null, '2015-01-10 11:57:50'), ('16613', '735', '15', '4', null, null, '4', null, '2015-03-19 11:57:50'), ('16614', '736', '15', '4', null, null, '4', null, '2015-03-02 11:57:50'), ('16615', '749', '15', '5', null, null, '5', null, '2015-06-18 11:57:50'), ('16616', '750', '15', '1', null, null, '1', null, '2015-06-11 11:57:50'), ('16617', '751', '15', '4', null, null, '4', null, '2015-04-14 11:57:50'), ('16618', '752', '15', '2', null, null, '2', null, '2015-05-15 11:57:50'), ('16619', '753', '15', '2', null, null, '2', null, '2015-06-12 11:57:50'), ('16620', '754', '15', '2', null, null, '2', null, '2015-04-17 11:57:50'), ('16621', '755', '15', '5', null, null, '5', null, '2015-05-30 11:57:50'), ('16622', '756', '15', '5', null, null, '5', null, '2015-05-06 11:57:50'), ('16623', '757', '15', '3', null, null, '3', null, '2015-06-30 11:57:50'), ('16624', '758', '15', '4', null, null, '4', null, '2015-05-05 11:57:50'), ('16625', '759', '15', '1', null, null, '1', null, '2015-07-02 11:57:50'), ('16626', '760', '15', '4', null, null, '4', null, '2015-05-19 11:57:50'), ('16627', '761', '15', '4', null, null, '4', null, '2015-05-26 11:57:50'), ('16628', '762', '15', '4', null, null, '4', null, '2015-04-25 11:57:50'), ('16629', '763', '15', '3', null, null, '3', null, '2015-05-15 11:57:50'), ('16630', '764', '15', '2', null, null, '2', null, '2015-05-13 11:57:50'), ('16631', '765', '15', '4', null, null, '4', null, '2015-06-08 11:57:50'), ('16632', '766', '15', '1', null, null, '1', null, '2015-07-17 11:57:50'), ('16633', '767', '15', '5', null, null, '5', null, '2015-04-17 11:57:50'), ('16634', '780', '15', '1', null, null, '1', null, '2015-09-04 11:57:50'), ('16635', '781', '15', '4', null, null, '4', null, '2015-08-03 11:57:50'), ('16636', '782', '15', '5', null, null, '5', null, '2015-08-23 11:57:50'), ('16637', '783', '15', '4', null, null, '4', null, '2015-08-19 11:57:50'), ('16638', '784', '15', '3', null, null, '3', null, '2015-09-07 11:57:50'), ('16639', '785', '15', '1', null, null, '1', null, '2015-09-14 11:57:50'), ('16640', '786', '15', '4', null, null, '4', null, '2015-08-24 11:57:50'), ('16641', '787', '15', '1', null, null, '1', null, '2015-07-30 11:57:50'), ('16642', '788', '15', '4', null, null, '4', null, '2015-09-04 11:57:50'), ('16643', '789', '15', '5', null, null, '5', null, '2015-07-19 11:57:50'), ('16644', '790', '15', '2', null, null, '2', null, '2015-09-20 11:57:50'), ('16645', '791', '15', '5', null, null, '5', null, '2015-08-01 11:57:50'), ('16646', '792', '15', '3', null, null, '3', null, '2015-10-06 11:57:50'), ('16647', '793', '15', '3', null, null, '3', null, '2015-09-11 11:57:50'), ('16648', '794', '15', '3', null, null, '3', null, '2015-08-23 11:57:50'), ('16649', '795', '15', '4', null, null, '4', null, '2015-08-03 11:57:50'), ('16650', '796', '15', '5', null, null, '5', null, '2015-09-24 11:57:50'), ('16651', '797', '15', '4', null, null, '4', null, '2015-10-21 11:57:50'), ('16652', '798', '15', '5', null, null, '5', null, '2015-09-23 11:57:50'), ('16653', '811', '15', '5', null, null, '5', null, '2015-11-02 11:57:50'), ('16654', '812', '15', '1', null, null, '1', null, '2015-11-23 11:57:50'), ('16655', '813', '15', '4', null, null, '4', null, '2015-11-27 11:57:50'), ('16656', '814', '15', '2', null, null, '2', null, '2015-12-03 11:57:50'), ('16657', '815', '15', '1', null, null, '1', null, '2015-12-01 11:57:50'), ('16658', '816', '15', '3', null, null, '3', null, '2015-12-09 11:57:50'), ('16659', '817', '15', '1', null, null, '1', null, '2015-12-05 11:57:50'), ('16660', '818', '15', '3', null, null, '3', null, '2015-11-25 11:57:50'), ('16661', '819', '15', '4', null, null, '4', null, '2015-12-02 11:57:50'), ('16662', '820', '15', '2', null, null, '2', null, '2015-12-01 11:57:50'), ('16681', '826', '16', '2', null, null, '2', null, '2015-03-30 11:57:51'), ('16682', '827', '16', '2', null, null, '2', null, '2015-01-23 11:57:51'), ('16683', '828', '16', '1', null, null, '1', null, '2015-02-15 11:57:51'), ('16684', '829', '16', '2', null, null, '2', null, '2015-03-05 11:57:51'), ('16685', '830', '16', '1', null, null, '1', null, '2015-03-24 11:57:51'), ('16686', '833', '16', '2', null, null, '2', null, '2015-04-30 11:57:51'), ('16687', '834', '16', '2', null, null, '2', null, '2015-06-03 11:57:51'), ('16688', '835', '16', '1', null, null, '1', null, '2015-04-22 11:57:51'), ('16689', '836', '16', '1', null, null, '1', null, '2015-07-14 11:57:51'), ('16690', '837', '16', '2', null, null, '2', null, '2015-05-21 11:57:51'), ('16691', '840', '16', '1', null, null, '1', null, '2015-08-08 11:57:51'), ('16692', '841', '16', '1', null, null, '1', null, '2015-10-04 11:57:51'), ('16693', '842', '16', '1', null, null, '1', null, '2015-08-15 11:57:51'), ('16694', '843', '16', '1', null, null, '1', null, '2015-07-22 11:57:51'), ('16695', '844', '16', '2', null, null, '2', null, '2015-08-24 11:57:51'), ('16696', '847', '16', '1', null, null, '1', null, '2015-11-21 11:57:51'), ('16697', '848', '16', '2', null, null, '2', null, '2015-11-16 11:57:51'), ('16698', '849', '16', '2', null, null, '2', null, '2015-12-09 11:57:51'), ('16699', '850', '16', '1', null, null, '1', null, '2015-11-10 11:57:51'), ('16700', '851', '16', '1', null, null, '1', null, '2015-11-30 11:57:51'), ('16701', '826', '17', '1', null, null, '1', null, '2015-03-30 11:57:51'), ('16702', '827', '17', '2', null, null, '2', null, '2015-01-23 11:57:51'), ('16703', '828', '17', '2', null, null, '2', null, '2015-02-15 11:57:51'), ('16704', '829', '17', '2', null, null, '2', null, '2015-03-05 11:57:51'), ('16705', '830', '17', '1', null, null, '1', null, '2015-03-24 11:57:51'), ('16706', '833', '17', '1', null, null, '1', null, '2015-04-30 11:57:51'), ('16707', '834', '17', '1', null, null, '1', null, '2015-06-03 11:57:51'), ('16708', '835', '17', '2', null, null, '2', null, '2015-04-22 11:57:51'), ('16709', '836', '17', '2', null, null, '2', null, '2015-07-14 11:57:51'), ('16710', '837', '17', '2', null, null, '2', null, '2015-05-21 11:57:51'), ('16711', '840', '17', '1', null, null, '1', null, '2015-08-08 11:57:51'), ('16712', '841', '17', '1', null, null, '1', null, '2015-10-04 11:57:51'), ('16713', '842', '17', '1', null, null, '1', null, '2015-08-15 11:57:51'), ('16714', '843', '17', '1', null, null, '1', null, '2015-07-22 11:57:51'), ('16715', '844', '17', '2', null, null, '2', null, '2015-08-24 11:57:51'), ('16716', '847', '17', '1', null, null, '1', null, '2015-11-21 11:57:51'), ('16717', '848', '17', '2', null, null, '2', null, '2015-11-16 11:57:51'), ('16718', '849', '17', '2', null, null, '2', null, '2015-12-09 11:57:51'), ('16719', '850', '17', '2', null, null, '2', null, '2015-11-10 11:57:51'), ('16720', '851', '17', '2', null, null, '2', null, '2015-11-30 11:57:51'), ('16721', '826', '18', '2', null, null, '2', null, '2015-03-30 11:57:51'), ('16722', '827', '18', '1', null, null, '1', null, '2015-01-23 11:57:51'), ('16723', '828', '18', '2', null, null, '2', null, '2015-02-15 11:57:51'), ('16724', '829', '18', '1', null, null, '1', null, '2015-03-05 11:57:51'), ('16725', '830', '18', '2', null, null, '2', null, '2015-03-24 11:57:51'), ('16726', '833', '18', '2', null, null, '2', null, '2015-04-30 11:57:51'), ('16727', '834', '18', '2', null, null, '2', null, '2015-06-03 11:57:51'), ('16728', '835', '18', '1', null, null, '1', null, '2015-04-22 11:57:51'), ('16729', '836', '18', '2', null, null, '2', null, '2015-07-14 11:57:51'), ('16730', '837', '18', '2', null, null, '2', null, '2015-05-21 11:57:51'), ('16731', '840', '18', '2', null, null, '2', null, '2015-08-08 11:57:51'), ('16732', '841', '18', '1', null, null, '1', null, '2015-10-04 11:57:51'), ('16733', '842', '18', '2', null, null, '2', null, '2015-08-15 11:57:51'), ('16734', '843', '18', '1', null, null, '1', null, '2015-07-22 11:57:51'), ('16735', '844', '18', '2', null, null, '2', null, '2015-08-24 11:57:51'), ('16736', '847', '18', '1', null, null, '1', null, '2015-11-21 11:57:51'), ('16737', '848', '18', '2', null, null, '2', null, '2015-11-16 11:57:51'), ('16738', '849', '18', '1', null, null, '1', null, '2015-12-09 11:57:51'), ('16739', '850', '18', '2', null, null, '2', null, '2015-11-10 11:57:51'), ('16740', '851', '18', '2', null, null, '2', null, '2015-11-30 11:57:51'), ('16741', '826', '19', '1', null, null, '1', null, '2015-03-30 11:57:51'), ('16742', '827', '19', '2', null, null, '2', null, '2015-01-23 11:57:51'), ('16743', '828', '19', '1', null, null, '1', null, '2015-02-15 11:57:51'), ('16744', '829', '19', '1', null, null, '1', null, '2015-03-05 11:57:51'), ('16745', '830', '19', '1', null, null, '1', null, '2015-03-24 11:57:51'), ('16746', '833', '19', '2', null, null, '2', null, '2015-04-30 11:57:51'), ('16747', '834', '19', '1', null, null, '1', null, '2015-06-03 11:57:51'), ('16748', '835', '19', '1', null, null, '1', null, '2015-04-22 11:57:51'), ('16749', '836', '19', '2', null, null, '2', null, '2015-07-14 11:57:51'), ('16750', '837', '19', '1', null, null, '1', null, '2015-05-21 11:57:51'), ('16751', '840', '19', '2', null, null, '2', null, '2015-08-08 11:57:51'), ('16752', '841', '19', '1', null, null, '1', null, '2015-10-04 11:57:51'), ('16753', '842', '19', '1', null, null, '1', null, '2015-08-15 11:57:51'), ('16754', '843', '19', '2', null, null, '2', null, '2015-07-22 11:57:51'), ('16755', '844', '19', '2', null, null, '2', null, '2015-08-24 11:57:51'), ('16756', '847', '19', '2', null, null, '2', null, '2015-11-21 11:57:51'), ('16757', '848', '19', '2', null, null, '2', null, '2015-11-16 11:57:51'), ('16758', '849', '19', '2', null, null, '2', null, '2015-12-09 11:57:51'), ('16759', '850', '19', '2', null, null, '2', null, '2015-11-10 11:57:51'), ('16760', '851', '19', '2', null, null, '2', null, '2015-11-30 11:57:51'), ('16761', '826', '20', '1', null, null, '1', null, '2015-03-30 11:57:51'), ('16762', '827', '20', '2', null, null, '2', null, '2015-01-23 11:57:51'), ('16763', '828', '20', '1', null, null, '1', null, '2015-02-15 11:57:51'), ('16764', '829', '20', '2', null, null, '2', null, '2015-03-05 11:57:51'), ('16765', '830', '20', '2', null, null, '2', null, '2015-03-24 11:57:51'), ('16766', '833', '20', '2', null, null, '2', null, '2015-04-30 11:57:51'), ('16767', '834', '20', '1', null, null, '1', null, '2015-06-03 11:57:51'), ('16768', '835', '20', '2', null, null, '2', null, '2015-04-22 11:57:51'), ('16769', '836', '20', '1', null, null, '1', null, '2015-07-14 11:57:51'), ('16770', '837', '20', '2', null, null, '2', null, '2015-05-21 11:57:51'), ('16771', '840', '20', '2', null, null, '2', null, '2015-08-08 11:57:51'), ('16772', '841', '20', '1', null, null, '1', null, '2015-10-04 11:57:51'), ('16773', '842', '20', '2', null, null, '2', null, '2015-08-15 11:57:51'), ('16774', '843', '20', '2', null, null, '2', null, '2015-07-22 11:57:51'), ('16775', '844', '20', '1', null, null, '1', null, '2015-08-24 11:57:51'), ('16776', '847', '20', '2', null, null, '2', null, '2015-11-21 11:57:51'), ('16777', '848', '20', '1', null, null, '1', null, '2015-11-16 11:57:51'), ('16778', '849', '20', '2', null, null, '2', null, '2015-12-09 11:57:51'), ('16779', '850', '20', '2', null, null, '2', null, '2015-11-10 11:57:51'), ('16780', '851', '20', '1', null, null, '1', null, '2015-11-30 11:57:51'), ('16781', '826', '21', '2', null, null, '2', null, '2015-03-30 11:57:51'), ('16782', '827', '21', '1', null, null, '1', null, '2015-01-23 11:57:51'), ('16783', '828', '21', '2', null, null, '2', null, '2015-02-15 11:57:51'), ('16784', '829', '21', '2', null, null, '2', null, '2015-03-05 11:57:51'), ('16785', '830', '21', '1', null, null, '1', null, '2015-03-24 11:57:51'), ('16786', '833', '21', '1', null, null, '1', null, '2015-04-30 11:57:51'), ('16787', '834', '21', '2', null, null, '2', null, '2015-06-03 11:57:51'), ('16788', '835', '21', '1', null, null, '1', null, '2015-04-22 11:57:51'), ('16789', '836', '21', '1', null, null, '1', null, '2015-07-14 11:57:51'), ('16790', '837', '21', '1', null, null, '1', null, '2015-05-21 11:57:51'), ('16791', '840', '21', '1', null, null, '1', null, '2015-08-08 11:57:51'), ('16792', '841', '21', '2', null, null, '2', null, '2015-10-04 11:57:51'), ('16793', '842', '21', '2', null, null, '2', null, '2015-08-15 11:57:51'), ('16794', '843', '21', '1', null, null, '1', null, '2015-07-22 11:57:51'), ('16795', '844', '21', '1', null, null, '1', null, '2015-08-24 11:57:51'), ('16796', '847', '21', '2', null, null, '2', null, '2015-11-21 11:57:51'), ('16797', '848', '21', '2', null, null, '2', null, '2015-11-16 11:57:51'), ('16798', '849', '21', '2', null, null, '2', null, '2015-12-09 11:57:51'), ('16799', '850', '21', '2', null, null, '2', null, '2015-11-10 11:57:51'), ('16800', '851', '21', '1', null, null, '1', null, '2015-11-30 11:57:51'), ('16801', '826', '22', '2', null, null, '2', null, '2015-03-30 11:57:51'), ('16802', '827', '22', '1', null, null, '1', null, '2015-01-23 11:57:51'), ('16803', '828', '22', '2', null, null, '2', null, '2015-02-15 11:57:51'), ('16804', '829', '22', '1', null, null, '1', null, '2015-03-05 11:57:51'), ('16805', '830', '22', '2', null, null, '2', null, '2015-03-24 11:57:51'), ('16806', '833', '22', '1', null, null, '1', null, '2015-04-30 11:57:51'), ('16807', '834', '22', '2', null, null, '2', null, '2015-06-03 11:57:51'), ('16808', '835', '22', '1', null, null, '1', null, '2015-04-22 11:57:51'), ('16809', '836', '22', '2', null, null, '2', null, '2015-07-14 11:57:51'), ('16810', '837', '22', '1', null, null, '1', null, '2015-05-21 11:57:51'), ('16811', '840', '22', '2', null, null, '2', null, '2015-08-08 11:57:51'), ('16812', '841', '22', '2', null, null, '2', null, '2015-10-04 11:57:51'), ('16813', '842', '22', '2', null, null, '2', null, '2015-08-15 11:57:51'), ('16814', '843', '22', '1', null, null, '1', null, '2015-07-22 11:57:51'), ('16815', '844', '22', '2', null, null, '2', null, '2015-08-24 11:57:51'), ('16816', '847', '22', '1', null, null, '1', null, '2015-11-21 11:57:51'), ('16817', '848', '22', '2', null, null, '2', null, '2015-11-16 11:57:51'), ('16818', '849', '22', '2', null, null, '2', null, '2015-12-09 11:57:51'), ('16819', '850', '22', '1', null, null, '1', null, '2015-11-10 11:57:51'), ('16820', '851', '22', '2', null, null, '2', null, '2015-11-30 11:57:51'), ('16821', '826', '23', '1', null, null, '1', null, '2015-03-30 11:57:51'), ('16822', '827', '23', '2', null, null, '2', null, '2015-01-23 11:57:51'), ('16823', '828', '23', '1', null, null, '1', null, '2015-02-15 11:57:51'), ('16824', '829', '23', '1', null, null, '1', null, '2015-03-05 11:57:51'), ('16825', '830', '23', '2', null, null, '2', null, '2015-03-24 11:57:51'), ('16826', '833', '23', '2', null, null, '2', null, '2015-04-30 11:57:51'), ('16827', '834', '23', '1', null, null, '1', null, '2015-06-03 11:57:51'), ('16828', '835', '23', '1', null, null, '1', null, '2015-04-22 11:57:51'), ('16829', '836', '23', '2', null, null, '2', null, '2015-07-14 11:57:51'), ('16830', '837', '23', '1', null, null, '1', null, '2015-05-21 11:57:51'), ('16831', '840', '23', '2', null, null, '2', null, '2015-08-08 11:57:51'), ('16832', '841', '23', '2', null, null, '2', null, '2015-10-04 11:57:51'), ('16833', '842', '23', '1', null, null, '1', null, '2015-08-15 11:57:51'), ('16834', '843', '23', '2', null, null, '2', null, '2015-07-22 11:57:51'), ('16835', '844', '23', '2', null, null, '2', null, '2015-08-24 11:57:51'), ('16836', '847', '23', '2', null, null, '2', null, '2015-11-21 11:57:51'), ('16837', '848', '23', '1', null, null, '1', null, '2015-11-16 11:57:51'), ('16838', '849', '23', '1', null, null, '1', null, '2015-12-09 11:57:51'), ('16839', '850', '23', '1', null, null, '1', null, '2015-11-10 11:57:51'), ('16840', '851', '23', '1', null, null, '1', null, '2015-11-30 11:57:51'), ('16841', '826', '24', '1', null, null, '1', null, '2015-03-30 11:57:51'), ('16842', '827', '24', '2', null, null, '2', null, '2015-01-23 11:57:51'), ('16843', '828', '24', '1', null, null, '1', null, '2015-02-15 11:57:51'), ('16844', '829', '24', '2', null, null, '2', null, '2015-03-05 11:57:51'), ('16845', '830', '24', '1', null, null, '1', null, '2015-03-24 11:57:51'), ('16846', '833', '24', '1', null, null, '1', null, '2015-04-30 11:57:51'), ('16847', '834', '24', '2', null, null, '2', null, '2015-06-03 11:57:51'), ('16848', '835', '24', '2', null, null, '2', null, '2015-04-22 11:57:51'), ('16849', '836', '24', '1', null, null, '1', null, '2015-07-14 11:57:51'), ('16850', '837', '24', '1', null, null, '1', null, '2015-05-21 11:57:51'), ('16851', '840', '24', '2', null, null, '2', null, '2015-08-08 11:57:51'), ('16852', '841', '24', '2', null, null, '2', null, '2015-10-04 11:57:51'), ('16853', '842', '24', '2', null, null, '2', null, '2015-08-15 11:57:51'), ('16854', '843', '24', '2', null, null, '2', null, '2015-07-22 11:57:51'), ('16855', '844', '24', '1', null, null, '1', null, '2015-08-24 11:57:51'), ('16856', '847', '24', '2', null, null, '2', null, '2015-11-21 11:57:51'), ('16857', '848', '24', '2', null, null, '2', null, '2015-11-16 11:57:51'), ('16858', '849', '24', '2', null, null, '2', null, '2015-12-09 11:57:51'), ('16859', '850', '24', '1', null, null, '1', null, '2015-11-10 11:57:51'), ('16860', '851', '24', '2', null, null, '2', null, '2015-11-30 11:57:51'), ('16861', '826', '25', '1', null, null, '1', null, '2015-03-30 11:57:51'), ('16862', '827', '25', '1', null, null, '1', null, '2015-01-23 11:57:51'), ('16863', '828', '25', '2', null, null, '2', null, '2015-02-15 11:57:51'), ('16864', '829', '25', '2', null, null, '2', null, '2015-03-05 11:57:51'), ('16865', '830', '25', '1', null, null, '1', null, '2015-03-24 11:57:51'), ('16866', '833', '25', '2', null, null, '2', null, '2015-04-30 11:57:51'), ('16867', '834', '25', '2', null, null, '2', null, '2015-06-03 11:57:51'), ('16868', '835', '25', '2', null, null, '2', null, '2015-04-22 11:57:51'), ('16869', '836', '25', '2', null, null, '2', null, '2015-07-14 11:57:51'), ('16870', '837', '25', '1', null, null, '1', null, '2015-05-21 11:57:51'), ('16871', '840', '25', '1', null, null, '1', null, '2015-08-08 11:57:51'), ('16872', '841', '25', '2', null, null, '2', null, '2015-10-04 11:57:51'), ('16873', '842', '25', '2', null, null, '2', null, '2015-08-15 11:57:51'), ('16874', '843', '25', '2', null, null, '2', null, '2015-07-22 11:57:51'), ('16875', '844', '25', '1', null, null, '1', null, '2015-08-24 11:57:51'), ('16876', '847', '25', '2', null, null, '2', null, '2015-11-21 11:57:51'), ('16877', '848', '25', '2', null, null, '2', null, '2015-11-16 11:57:51'), ('16878', '849', '25', '1', null, null, '1', null, '2015-12-09 11:57:51'), ('16879', '850', '25', '1', null, null, '1', null, '2015-11-10 11:57:51'), ('16880', '851', '25', '1', null, null, '1', null, '2015-11-30 11:57:51'), ('16881', '826', '26', '2', null, null, '2', null, '2015-03-30 11:57:51'), ('16882', '827', '26', '1', null, null, '1', null, '2015-01-23 11:57:51'), ('16883', '828', '26', '1', null, null, '1', null, '2015-02-15 11:57:51'), ('16884', '829', '26', '1', null, null, '1', null, '2015-03-05 11:57:51'), ('16885', '830', '26', '1', null, null, '1', null, '2015-03-24 11:57:51'), ('16886', '833', '26', '1', null, null, '1', null, '2015-04-30 11:57:51'), ('16887', '834', '26', '1', null, null, '1', null, '2015-06-03 11:57:51'), ('16888', '835', '26', '2', null, null, '2', null, '2015-04-22 11:57:51'), ('16889', '836', '26', '2', null, null, '2', null, '2015-07-14 11:57:51'), ('16890', '837', '26', '1', null, null, '1', null, '2015-05-21 11:57:51'), ('16891', '840', '26', '1', null, null, '1', null, '2015-08-08 11:57:51'), ('16892', '841', '26', '2', null, null, '2', null, '2015-10-04 11:57:51'), ('16893', '842', '26', '2', null, null, '2', null, '2015-08-15 11:57:51'), ('16894', '843', '26', '1', null, null, '1', null, '2015-07-22 11:57:51'), ('16895', '844', '26', '2', null, null, '2', null, '2015-08-24 11:57:51'), ('16896', '847', '26', '2', null, null, '2', null, '2015-11-21 11:57:51'), ('16897', '848', '26', '2', null, null, '2', null, '2015-11-16 11:57:51'), ('16898', '849', '26', '1', null, null, '1', null, '2015-12-09 11:57:51'), ('16899', '850', '26', '2', null, null, '2', null, '2015-11-10 11:57:51'), ('16900', '851', '26', '2', null, null, '2', null, '2015-11-30 11:57:51'), ('16901', '826', '27', '1', null, null, '1', null, '2015-03-30 11:57:51'), ('16902', '827', '27', '1', null, null, '1', null, '2015-01-23 11:57:51'), ('16903', '828', '27', '1', null, null, '1', null, '2015-02-15 11:57:51'), ('16904', '829', '27', '1', null, null, '1', null, '2015-03-05 11:57:51'), ('16905', '830', '27', '2', null, null, '2', null, '2015-03-24 11:57:51'), ('16906', '833', '27', '2', null, null, '2', null, '2015-04-30 11:57:51'), ('16907', '834', '27', '1', null, null, '1', null, '2015-06-03 11:57:51'), ('16908', '835', '27', '1', null, null, '1', null, '2015-04-22 11:57:51'), ('16909', '836', '27', '1', null, null, '1', null, '2015-07-14 11:57:51'), ('16910', '837', '27', '1', null, null, '1', null, '2015-05-21 11:57:51'), ('16911', '840', '27', '2', null, null, '2', null, '2015-08-08 11:57:51'), ('16912', '841', '27', '1', null, null, '1', null, '2015-10-04 11:57:51'), ('16913', '842', '27', '1', null, null, '1', null, '2015-08-15 11:57:51'), ('16914', '843', '27', '1', null, null, '1', null, '2015-07-22 11:57:51'), ('16915', '844', '27', '1', null, null, '1', null, '2015-08-24 11:57:51'), ('16916', '847', '27', '1', null, null, '1', null, '2015-11-21 11:57:51'), ('16917', '848', '27', '2', null, null, '2', null, '2015-11-16 11:57:51'), ('16918', '849', '27', '2', null, null, '2', null, '2015-12-09 11:57:51'), ('16919', '850', '27', '2', null, null, '2', null, '2015-11-10 11:57:51'), ('16920', '851', '27', '2', null, null, '2', null, '2015-11-30 11:57:51'), ('16921', '826', '28', '1', null, null, '1', null, '2015-03-30 11:57:51'), ('16922', '827', '28', '2', null, null, '2', null, '2015-01-23 11:57:51'), ('16923', '828', '28', '2', null, null, '2', null, '2015-02-15 11:57:51'), ('16924', '829', '28', '1', null, null, '1', null, '2015-03-05 11:57:51'), ('16925', '830', '28', '1', null, null, '1', null, '2015-03-24 11:57:51'), ('16926', '833', '28', '1', null, null, '1', null, '2015-04-30 11:57:51'), ('16927', '834', '28', '2', null, null, '2', null, '2015-06-03 11:57:51'), ('16928', '835', '28', '2', null, null, '2', null, '2015-04-22 11:57:51'), ('16929', '836', '28', '1', null, null, '1', null, '2015-07-14 11:57:51'), ('16930', '837', '28', '2', null, null, '2', null, '2015-05-21 11:57:51'), ('16931', '840', '28', '1', null, null, '1', null, '2015-08-08 11:57:51'), ('16932', '841', '28', '2', null, null, '2', null, '2015-10-04 11:57:51'), ('16933', '842', '28', '2', null, null, '2', null, '2015-08-15 11:57:51'), ('16934', '843', '28', '2', null, null, '2', null, '2015-07-22 11:57:51'), ('16935', '844', '28', '1', null, null, '1', null, '2015-08-24 11:57:51'), ('16936', '847', '28', '1', null, null, '1', null, '2015-11-21 11:57:51'), ('16937', '848', '28', '1', null, null, '1', null, '2015-11-16 11:57:51'), ('16938', '849', '28', '2', null, null, '2', null, '2015-12-09 11:57:51'), ('16939', '850', '28', '1', null, null, '1', null, '2015-11-10 11:57:51'), ('16940', '851', '28', '1', null, null, '1', null, '2015-11-30 11:57:51'), ('16941', '826', '29', '2', null, null, '2', null, '2015-03-30 11:57:51'), ('16942', '827', '29', '1', null, null, '1', null, '2015-01-23 11:57:51'), ('16943', '828', '29', '1', null, null, '1', null, '2015-02-15 11:57:51'), ('16944', '829', '29', '2', null, null, '2', null, '2015-03-05 11:57:51'), ('16945', '830', '29', '2', null, null, '2', null, '2015-03-24 11:57:51'), ('16946', '833', '29', '2', null, null, '2', null, '2015-04-30 11:57:51'), ('16947', '834', '29', '1', null, null, '1', null, '2015-06-03 11:57:51'), ('16948', '835', '29', '1', null, null, '1', null, '2015-04-22 11:57:51'), ('16949', '836', '29', '2', null, null, '2', null, '2015-07-14 11:57:51'), ('16950', '837', '29', '1', null, null, '1', null, '2015-05-21 11:57:51'), ('16951', '840', '29', '1', null, null, '1', null, '2015-08-08 11:57:51'), ('16952', '841', '29', '2', null, null, '2', null, '2015-10-04 11:57:51'), ('16953', '842', '29', '2', null, null, '2', null, '2015-08-15 11:57:51'), ('16954', '843', '29', '1', null, null, '1', null, '2015-07-22 11:57:51'), ('16955', '844', '29', '2', null, null, '2', null, '2015-08-24 11:57:51'), ('16956', '847', '29', '1', null, null, '1', null, '2015-11-21 11:57:51'), ('16957', '848', '29', '1', null, null, '1', null, '2015-11-16 11:57:51'), ('16958', '849', '29', '1', null, null, '1', null, '2015-12-09 11:57:51'), ('16959', '850', '29', '1', null, null, '1', null, '2015-11-10 11:57:51'), ('16960', '851', '29', '2', null, null, '2', null, '2015-11-30 11:57:51'), ('16961', '826', '30', '2', null, null, '2', null, '2015-03-30 11:57:51'), ('16962', '827', '30', '1', null, null, '1', null, '2015-01-23 11:57:51'), ('16963', '828', '30', '1', null, null, '1', null, '2015-02-15 11:57:51'), ('16964', '829', '30', '2', null, null, '2', null, '2015-03-05 11:57:51'), ('16965', '830', '30', '1', null, null, '1', null, '2015-03-24 11:57:51'), ('16966', '833', '30', '2', null, null, '2', null, '2015-04-30 11:57:51'), ('16967', '834', '30', '2', null, null, '2', null, '2015-06-03 11:57:51'), ('16968', '835', '30', '1', null, null, '1', null, '2015-04-22 11:57:51'), ('16969', '836', '30', '2', null, null, '2', null, '2015-07-14 11:57:51'), ('16970', '837', '30', '1', null, null, '1', null, '2015-05-21 11:57:51'), ('16971', '840', '30', '1', null, null, '1', null, '2015-08-08 11:57:51'), ('16972', '841', '30', '2', null, null, '2', null, '2015-10-04 11:57:51'), ('16973', '842', '30', '2', null, null, '2', null, '2015-08-15 11:57:51'), ('16974', '843', '30', '1', null, null, '1', null, '2015-07-22 11:57:51'), ('16975', '844', '30', '1', null, null, '1', null, '2015-08-24 11:57:51'), ('16976', '847', '30', '2', null, null, '2', null, '2015-11-21 11:57:51'), ('16977', '848', '30', '2', null, null, '2', null, '2015-11-16 11:57:51'), ('16978', '849', '30', '2', null, null, '2', null, '2015-12-09 11:57:51'), ('16979', '850', '30', '1', null, null, '1', null, '2015-11-10 11:57:51'), ('16980', '851', '30', '1', null, null, '1', null, '2015-11-30 11:57:51'), ('16981', '826', '31', '1', null, null, '1', null, '2015-03-30 11:57:51'), ('16982', '827', '31', '2', null, null, '2', null, '2015-01-23 11:57:51'), ('16983', '828', '31', '2', null, null, '2', null, '2015-02-15 11:57:51'), ('16984', '829', '31', '2', null, null, '2', null, '2015-03-05 11:57:51'), ('16985', '830', '31', '2', null, null, '2', null, '2015-03-24 11:57:51'), ('16986', '833', '31', '1', null, null, '1', null, '2015-04-30 11:57:51'), ('16987', '834', '31', '2', null, null, '2', null, '2015-06-03 11:57:51'), ('16988', '835', '31', '1', null, null, '1', null, '2015-04-22 11:57:51'), ('16989', '836', '31', '2', null, null, '2', null, '2015-07-14 11:57:51'), ('16990', '837', '31', '1', null, null, '1', null, '2015-05-21 11:57:51'), ('16991', '840', '31', '2', null, null, '2', null, '2015-08-08 11:57:51'), ('16992', '841', '31', '1', null, null, '1', null, '2015-10-04 11:57:51'), ('16993', '842', '31', '2', null, null, '2', null, '2015-08-15 11:57:51'), ('16994', '843', '31', '2', null, null, '2', null, '2015-07-22 11:57:51'), ('16995', '844', '31', '1', null, null, '1', null, '2015-08-24 11:57:51'), ('16996', '847', '31', '1', null, null, '1', null, '2015-11-21 11:57:51'), ('16997', '848', '31', '2', null, null, '2', null, '2015-11-16 11:57:51'), ('16998', '849', '31', '2', null, null, '2', null, '2015-12-09 11:57:51'), ('16999', '850', '31', '2', null, null, '2', null, '2015-11-10 11:57:51'), ('17000', '851', '31', '1', null, null, '1', null, '2015-11-30 11:57:51'), ('17001', '826', '32', '1', null, null, '1', null, '2015-03-30 11:57:51'), ('17002', '827', '32', '1', null, null, '1', null, '2015-01-23 11:57:51'), ('17003', '828', '32', '1', null, null, '1', null, '2015-02-15 11:57:51'), ('17004', '829', '32', '2', null, null, '2', null, '2015-03-05 11:57:51'), ('17005', '830', '32', '1', null, null, '1', null, '2015-03-24 11:57:51'), ('17006', '833', '32', '1', null, null, '1', null, '2015-04-30 11:57:51'), ('17007', '834', '32', '2', null, null, '2', null, '2015-06-03 11:57:51'), ('17008', '835', '32', '2', null, null, '2', null, '2015-04-22 11:57:51'), ('17009', '836', '32', '2', null, null, '2', null, '2015-07-14 11:57:51'), ('17010', '837', '32', '2', null, null, '2', null, '2015-05-21 11:57:51'), ('17011', '840', '32', '1', null, null, '1', null, '2015-08-08 11:57:51'), ('17012', '841', '32', '2', null, null, '2', null, '2015-10-04 11:57:51'), ('17013', '842', '32', '1', null, null, '1', null, '2015-08-15 11:57:51'), ('17014', '843', '32', '2', null, null, '2', null, '2015-07-22 11:57:51'), ('17015', '844', '32', '2', null, null, '2', null, '2015-08-24 11:57:51'), ('17016', '847', '32', '2', null, null, '2', null, '2015-11-21 11:57:51'), ('17017', '848', '32', '2', null, null, '2', null, '2015-11-16 11:57:51'), ('17018', '849', '32', '2', null, null, '2', null, '2015-12-09 11:57:51'), ('17019', '850', '32', '2', null, null, '2', null, '2015-11-10 11:57:51'), ('17020', '851', '32', '1', null, null, '1', null, '2015-11-30 11:57:51'), ('17021', '826', '33', '2', null, null, '2', null, '2015-03-30 11:57:51'), ('17022', '827', '33', '2', null, null, '2', null, '2015-01-23 11:57:51'), ('17023', '828', '33', '2', null, null, '2', null, '2015-02-15 11:57:51'), ('17024', '829', '33', '1', null, null, '1', null, '2015-03-05 11:57:51'), ('17025', '830', '33', '2', null, null, '2', null, '2015-03-24 11:57:51'), ('17026', '833', '33', '2', null, null, '2', null, '2015-04-30 11:57:51'), ('17027', '834', '33', '1', null, null, '1', null, '2015-06-03 11:57:51'), ('17028', '835', '33', '1', null, null, '1', null, '2015-04-22 11:57:51'), ('17029', '836', '33', '1', null, null, '1', null, '2015-07-14 11:57:51'), ('17030', '837', '33', '2', null, null, '2', null, '2015-05-21 11:57:51'), ('17031', '840', '33', '2', null, null, '2', null, '2015-08-08 11:57:51'), ('17032', '841', '33', '1', null, null, '1', null, '2015-10-04 11:57:51'), ('17033', '842', '33', '2', null, null, '2', null, '2015-08-15 11:57:51'), ('17034', '843', '33', '2', null, null, '2', null, '2015-07-22 11:57:51'), ('17035', '844', '33', '2', null, null, '2', null, '2015-08-24 11:57:51'), ('17036', '847', '33', '2', null, null, '2', null, '2015-11-21 11:57:51'), ('17037', '848', '33', '2', null, null, '2', null, '2015-11-16 11:57:51'), ('17038', '849', '33', '1', null, null, '1', null, '2015-12-09 11:57:51'), ('17039', '850', '33', '1', null, null, '1', null, '2015-11-10 11:57:51'), ('17040', '851', '33', '2', null, null, '2', null, '2015-11-30 11:57:51'), ('17041', '826', '34', '1', null, null, '1', null, '2015-03-30 11:57:51'), ('17042', '827', '34', '2', null, null, '2', null, '2015-01-23 11:57:51'), ('17043', '828', '34', '1', null, null, '1', null, '2015-02-15 11:57:51'), ('17044', '829', '34', '1', null, null, '1', null, '2015-03-05 11:57:51'), ('17045', '830', '34', '1', null, null, '1', null, '2015-03-24 11:57:51'), ('17046', '833', '34', '1', null, null, '1', null, '2015-04-30 11:57:51'), ('17047', '834', '34', '2', null, null, '2', null, '2015-06-03 11:57:51'), ('17048', '835', '34', '2', null, null, '2', null, '2015-04-22 11:57:51'), ('17049', '836', '34', '1', null, null, '1', null, '2015-07-14 11:57:51'), ('17050', '837', '34', '1', null, null, '1', null, '2015-05-21 11:57:51'), ('17051', '840', '34', '2', null, null, '2', null, '2015-08-08 11:57:51'), ('17052', '841', '34', '1', null, null, '1', null, '2015-10-04 11:57:51'), ('17053', '842', '34', '2', null, null, '2', null, '2015-08-15 11:57:51'), ('17054', '843', '34', '2', null, null, '2', null, '2015-07-22 11:57:51'), ('17055', '844', '34', '1', null, null, '1', null, '2015-08-24 11:57:51'), ('17056', '847', '34', '1', null, null, '1', null, '2015-11-21 11:57:51'), ('17057', '848', '34', '2', null, null, '2', null, '2015-11-16 11:57:51'), ('17058', '849', '34', '2', null, null, '2', null, '2015-12-09 11:57:51'), ('17059', '850', '34', '1', null, null, '1', null, '2015-11-10 11:57:51'), ('17060', '851', '34', '2', null, null, '2', null, '2015-11-30 11:57:51'), ('17061', '826', '35', '1', null, null, '1', null, '2015-03-30 11:57:51'), ('17062', '827', '35', '1', null, null, '1', null, '2015-01-23 11:57:51'), ('17063', '828', '35', '2', null, null, '2', null, '2015-02-15 11:57:51'), ('17064', '829', '35', '2', null, null, '2', null, '2015-03-05 11:57:51'), ('17065', '830', '35', '1', null, null, '1', null, '2015-03-24 11:57:51'), ('17066', '833', '35', '2', null, null, '2', null, '2015-04-30 11:57:51'), ('17067', '834', '35', '2', null, null, '2', null, '2015-06-03 11:57:51'), ('17068', '835', '35', '2', null, null, '2', null, '2015-04-22 11:57:51'), ('17069', '836', '35', '2', null, null, '2', null, '2015-07-14 11:57:51'), ('17070', '837', '35', '1', null, null, '1', null, '2015-05-21 11:57:51'), ('17071', '840', '35', '2', null, null, '2', null, '2015-08-08 11:57:51'), ('17072', '841', '35', '1', null, null, '1', null, '2015-10-04 11:57:51'), ('17073', '842', '35', '1', null, null, '1', null, '2015-08-15 11:57:51'), ('17074', '843', '35', '2', null, null, '2', null, '2015-07-22 11:57:51'), ('17075', '844', '35', '1', null, null, '1', null, '2015-08-24 11:57:51'), ('17076', '847', '35', '2', null, null, '2', null, '2015-11-21 11:57:51'), ('17077', '848', '35', '1', null, null, '1', null, '2015-11-16 11:57:51'), ('17078', '849', '35', '2', null, null, '2', null, '2015-12-09 11:57:51'), ('17079', '850', '35', '2', null, null, '2', null, '2015-11-10 11:57:51'), ('17080', '851', '35', '1', null, null, '1', null, '2015-11-30 11:57:51'), ('17081', '826', '36', '2', null, null, '2', null, '2015-03-30 11:57:51'), ('17082', '827', '36', '1', null, null, '1', null, '2015-01-23 11:57:51'), ('17083', '828', '36', '2', null, null, '2', null, '2015-02-15 11:57:51'), ('17084', '829', '36', '1', null, null, '1', null, '2015-03-05 11:57:51'), ('17085', '830', '36', '1', null, null, '1', null, '2015-03-24 11:57:51'), ('17086', '833', '36', '1', null, null, '1', null, '2015-04-30 11:57:51'), ('17087', '834', '36', '1', null, null, '1', null, '2015-06-03 11:57:51'), ('17088', '835', '36', '1', null, null, '1', null, '2015-04-22 11:57:51'), ('17089', '836', '36', '2', null, null, '2', null, '2015-07-14 11:57:51'), ('17090', '837', '36', '2', null, null, '2', null, '2015-05-21 11:57:51'), ('17091', '840', '36', '1', null, null, '1', null, '2015-08-08 11:57:51'), ('17092', '841', '36', '2', null, null, '2', null, '2015-10-04 11:57:51'), ('17093', '842', '36', '1', null, null, '1', null, '2015-08-15 11:57:51'), ('17094', '843', '36', '1', null, null, '1', null, '2015-07-22 11:57:51'), ('17095', '844', '36', '2', null, null, '2', null, '2015-08-24 11:57:51'), ('17096', '847', '36', '2', null, null, '2', null, '2015-11-21 11:57:51'), ('17097', '848', '36', '2', null, null, '2', null, '2015-11-16 11:57:51'), ('17098', '849', '36', '2', null, null, '2', null, '2015-12-09 11:57:51'), ('17099', '850', '36', '2', null, null, '2', null, '2015-11-10 11:57:51'), ('17100', '851', '36', '1', null, null, '1', null, '2015-11-30 11:57:51'), ('17101', '826', '37', '1', null, null, '1', null, '2015-03-30 11:57:51'), ('17102', '827', '37', '1', null, null, '1', null, '2015-01-23 11:57:51'), ('17103', '828', '37', '2', null, null, '2', null, '2015-02-15 11:57:51'), ('17104', '829', '37', '1', null, null, '1', null, '2015-03-05 11:57:51'), ('17105', '830', '37', '2', null, null, '2', null, '2015-03-24 11:57:51'), ('17106', '833', '37', '2', null, null, '2', null, '2015-04-30 11:57:51'), ('17107', '834', '37', '2', null, null, '2', null, '2015-06-03 11:57:51'), ('17108', '835', '37', '1', null, null, '1', null, '2015-04-22 11:57:51'), ('17109', '836', '37', '1', null, null, '1', null, '2015-07-14 11:57:51'), ('17110', '837', '37', '2', null, null, '2', null, '2015-05-21 11:57:51'), ('17111', '840', '37', '1', null, null, '1', null, '2015-08-08 11:57:51'), ('17112', '841', '37', '1', null, null, '1', null, '2015-10-04 11:57:51'), ('17113', '842', '37', '2', null, null, '2', null, '2015-08-15 11:57:51'), ('17114', '843', '37', '1', null, null, '1', null, '2015-07-22 11:57:51'), ('17115', '844', '37', '1', null, null, '1', null, '2015-08-24 11:57:51'), ('17116', '847', '37', '1', null, null, '1', null, '2015-11-21 11:57:51'), ('17117', '848', '37', '2', null, null, '2', null, '2015-11-16 11:57:51'), ('17118', '849', '37', '1', null, null, '1', null, '2015-12-09 11:57:51'), ('17119', '850', '37', '2', null, null, '2', null, '2015-11-10 11:57:51'), ('17120', '851', '37', '2', null, null, '2', null, '2015-11-30 11:57:51'), ('17121', '826', '38', '1', null, null, '1', null, '2015-03-30 11:57:51'), ('17122', '827', '38', '2', null, null, '2', null, '2015-01-23 11:57:51'), ('17123', '828', '38', '1', null, null, '1', null, '2015-02-15 11:57:51'), ('17124', '829', '38', '2', null, null, '2', null, '2015-03-05 11:57:51'), ('17125', '830', '38', '1', null, null, '1', null, '2015-03-24 11:57:51'), ('17126', '833', '38', '1', null, null, '1', null, '2015-04-30 11:57:51'), ('17127', '834', '38', '2', null, null, '2', null, '2015-06-03 11:57:51'), ('17128', '835', '38', '2', null, null, '2', null, '2015-04-22 11:57:51'), ('17129', '836', '38', '1', null, null, '1', null, '2015-07-14 11:57:51'), ('17130', '837', '38', '1', null, null, '1', null, '2015-05-21 11:57:51'), ('17131', '840', '38', '1', null, null, '1', null, '2015-08-08 11:57:51'), ('17132', '841', '38', '1', null, null, '1', null, '2015-10-04 11:57:51'), ('17133', '842', '38', '2', null, null, '2', null, '2015-08-15 11:57:51'), ('17134', '843', '38', '1', null, null, '1', null, '2015-07-22 11:57:51'), ('17135', '844', '38', '1', null, null, '1', null, '2015-08-24 11:57:51'), ('17136', '847', '38', '1', null, null, '1', null, '2015-11-21 11:57:51'), ('17137', '848', '38', '2', null, null, '2', null, '2015-11-16 11:57:51'), ('17138', '849', '38', '2', null, null, '2', null, '2015-12-09 11:57:51'), ('17139', '850', '38', '2', null, null, '2', null, '2015-11-10 11:57:51'), ('17140', '851', '38', '2', null, null, '2', null, '2015-11-30 11:57:51'), ('17141', '826', '39', '1', null, null, '1', null, '2015-03-30 11:57:51'), ('17142', '827', '39', '1', null, null, '1', null, '2015-01-23 11:57:51'), ('17143', '828', '39', '1', null, null, '1', null, '2015-02-15 11:57:51'), ('17144', '829', '39', '1', null, null, '1', null, '2015-03-05 11:57:51'), ('17145', '830', '39', '1', null, null, '1', null, '2015-03-24 11:57:51'), ('17146', '833', '39', '1', null, null, '1', null, '2015-04-30 11:57:51'), ('17147', '834', '39', '1', null, null, '1', null, '2015-06-03 11:57:51'), ('17148', '835', '39', '1', null, null, '1', null, '2015-04-22 11:57:51'), ('17149', '836', '39', '1', null, null, '1', null, '2015-07-14 11:57:51'), ('17150', '837', '39', '1', null, null, '1', null, '2015-05-21 11:57:51'), ('17151', '840', '39', '1', null, null, '1', null, '2015-08-08 11:57:51'), ('17152', '841', '39', '1', null, null, '1', null, '2015-10-04 11:57:51'), ('17153', '842', '39', '2', null, null, '2', null, '2015-08-15 11:57:51'), ('17154', '843', '39', '2', null, null, '2', null, '2015-07-22 11:57:51'), ('17155', '844', '39', '2', null, null, '2', null, '2015-08-24 11:57:51'), ('17156', '847', '39', '2', null, null, '2', null, '2015-11-21 11:57:51'), ('17157', '848', '39', '1', null, null, '1', null, '2015-11-16 11:57:51'), ('17158', '849', '39', '2', null, null, '2', null, '2015-12-09 11:57:51'), ('17159', '850', '39', '2', null, null, '2', null, '2015-11-10 11:57:51'), ('17160', '851', '39', '1', null, null, '1', null, '2015-11-30 11:57:51'), ('17161', '826', '40', '2', null, null, '2', null, '2015-03-30 11:57:51'), ('17162', '827', '40', '1', null, null, '1', null, '2015-01-23 11:57:51'), ('17163', '828', '40', '1', null, null, '1', null, '2015-02-15 11:57:51'), ('17164', '829', '40', '1', null, null, '1', null, '2015-03-05 11:57:51'), ('17165', '830', '40', '2', null, null, '2', null, '2015-03-24 11:57:51'), ('17166', '833', '40', '1', null, null, '1', null, '2015-04-30 11:57:51'), ('17167', '834', '40', '2', null, null, '2', null, '2015-06-03 11:57:51'), ('17168', '835', '40', '2', null, null, '2', null, '2015-04-22 11:57:51'), ('17169', '836', '40', '2', null, null, '2', null, '2015-07-14 11:57:51'), ('17170', '837', '40', '2', null, null, '2', null, '2015-05-21 11:57:51'), ('17171', '840', '40', '1', null, null, '1', null, '2015-08-08 11:57:51'), ('17172', '841', '40', '1', null, null, '1', null, '2015-10-04 11:57:51'), ('17173', '842', '40', '1', null, null, '1', null, '2015-08-15 11:57:51'), ('17174', '843', '40', '2', null, null, '2', null, '2015-07-22 11:57:51'), ('17175', '844', '40', '1', null, null, '1', null, '2015-08-24 11:57:51'), ('17176', '847', '40', '1', null, null, '1', null, '2015-11-21 11:57:51'), ('17177', '848', '40', '2', null, null, '2', null, '2015-11-16 11:57:51'), ('17178', '849', '40', '2', null, null, '2', null, '2015-12-09 11:57:51'), ('17179', '850', '40', '2', null, null, '2', null, '2015-11-10 11:57:51'), ('17180', '851', '40', '2', null, null, '2', null, '2015-11-30 11:57:51'), ('17181', '826', '41', '1', null, null, '1', null, '2015-03-30 11:57:51'), ('17182', '827', '41', '1', null, null, '1', null, '2015-01-23 11:57:51'), ('17183', '828', '41', '1', null, null, '1', null, '2015-02-15 11:57:51'), ('17184', '829', '41', '1', null, null, '1', null, '2015-03-05 11:57:51'), ('17185', '830', '41', '1', null, null, '1', null, '2015-03-24 11:57:51'), ('17186', '833', '41', '2', null, null, '2', null, '2015-04-30 11:57:51'), ('17187', '834', '41', '1', null, null, '1', null, '2015-06-03 11:57:51'), ('17188', '835', '41', '2', null, null, '2', null, '2015-04-22 11:57:51'), ('17189', '836', '41', '2', null, null, '2', null, '2015-07-14 11:57:51'), ('17190', '837', '41', '1', null, null, '1', null, '2015-05-21 11:57:51'), ('17191', '840', '41', '2', null, null, '2', null, '2015-08-08 11:57:51'), ('17192', '841', '41', '1', null, null, '1', null, '2015-10-04 11:57:51'), ('17193', '842', '41', '1', null, null, '1', null, '2015-08-15 11:57:51'), ('17194', '843', '41', '1', null, null, '1', null, '2015-07-22 11:57:51'), ('17195', '844', '41', '1', null, null, '1', null, '2015-08-24 11:57:51'), ('17196', '847', '41', '2', null, null, '2', null, '2015-11-21 11:57:51'), ('17197', '848', '41', '1', null, null, '1', null, '2015-11-16 11:57:51'), ('17198', '849', '41', '2', null, null, '2', null, '2015-12-09 11:57:51'), ('17199', '850', '41', '1', null, null, '1', null, '2015-11-10 11:57:51'), ('17200', '851', '41', '1', null, null, '1', null, '2015-11-30 11:57:51'), ('17201', '826', '42', '2', null, null, '2', null, '2015-03-30 11:57:51'), ('17202', '827', '42', '1', null, null, '1', null, '2015-01-23 11:57:51'), ('17203', '828', '42', '2', null, null, '2', null, '2015-02-15 11:57:51'), ('17204', '829', '42', '2', null, null, '2', null, '2015-03-05 11:57:51'), ('17205', '830', '42', '1', null, null, '1', null, '2015-03-24 11:57:51'), ('17206', '833', '42', '1', null, null, '1', null, '2015-04-30 11:57:51'), ('17207', '834', '42', '2', null, null, '2', null, '2015-06-03 11:57:51'), ('17208', '835', '42', '2', null, null, '2', null, '2015-04-22 11:57:51'), ('17209', '836', '42', '1', null, null, '1', null, '2015-07-14 11:57:51'), ('17210', '837', '42', '1', null, null, '1', null, '2015-05-21 11:57:51'), ('17211', '840', '42', '2', null, null, '2', null, '2015-08-08 11:57:51'), ('17212', '841', '42', '2', null, null, '2', null, '2015-10-04 11:57:51'), ('17213', '842', '42', '2', null, null, '2', null, '2015-08-15 11:57:51'), ('17214', '843', '42', '2', null, null, '2', null, '2015-07-22 11:57:51'), ('17215', '844', '42', '2', null, null, '2', null, '2015-08-24 11:57:51'), ('17216', '847', '42', '2', null, null, '2', null, '2015-11-21 11:57:51'), ('17217', '848', '42', '1', null, null, '1', null, '2015-11-16 11:57:51'), ('17218', '849', '42', '1', null, null, '1', null, '2015-12-09 11:57:51'), ('17219', '850', '42', '2', null, null, '2', null, '2015-11-10 11:57:51'), ('17220', '851', '42', '2', null, null, '2', null, '2015-11-30 11:57:51'), ('17221', '826', '43', '1', null, null, '1', null, '2015-03-30 11:57:51'), ('17222', '827', '43', '1', null, null, '1', null, '2015-01-23 11:57:51'), ('17223', '828', '43', '1', null, null, '1', null, '2015-02-15 11:57:51'), ('17224', '829', '43', '1', null, null, '1', null, '2015-03-05 11:57:51'), ('17225', '830', '43', '2', null, null, '2', null, '2015-03-24 11:57:51'), ('17226', '833', '43', '2', null, null, '2', null, '2015-04-30 11:57:51'), ('17227', '834', '43', '2', null, null, '2', null, '2015-06-03 11:57:51'), ('17228', '835', '43', '1', null, null, '1', null, '2015-04-22 11:57:51'), ('17229', '836', '43', '2', null, null, '2', null, '2015-07-14 11:57:51'), ('17230', '837', '43', '1', null, null, '1', null, '2015-05-21 11:57:51'), ('17231', '840', '43', '1', null, null, '1', null, '2015-08-08 11:57:51'), ('17232', '841', '43', '1', null, null, '1', null, '2015-10-04 11:57:51'), ('17233', '842', '43', '2', null, null, '2', null, '2015-08-15 11:57:51'), ('17234', '843', '43', '2', null, null, '2', null, '2015-07-22 11:57:51'), ('17235', '844', '43', '1', null, null, '1', null, '2015-08-24 11:57:51'), ('17236', '847', '43', '2', null, null, '2', null, '2015-11-21 11:57:51'), ('17237', '848', '43', '2', null, null, '2', null, '2015-11-16 11:57:51'), ('17238', '849', '43', '2', null, null, '2', null, '2015-12-09 11:57:51'), ('17239', '850', '43', '2', null, null, '2', null, '2015-11-10 11:57:51'), ('17240', '851', '43', '1', null, null, '1', null, '2015-11-30 11:57:51'), ('17241', '826', '44', '1', null, null, '1', null, '2015-03-30 11:57:51'), ('17242', '827', '44', '2', null, null, '2', null, '2015-01-23 11:57:51'), ('17243', '828', '44', '1', null, null, '1', null, '2015-02-15 11:57:51'), ('17244', '829', '44', '2', null, null, '2', null, '2015-03-05 11:57:51'), ('17245', '830', '44', '1', null, null, '1', null, '2015-03-24 11:57:51'), ('17246', '833', '44', '1', null, null, '1', null, '2015-04-30 11:57:51'), ('17247', '834', '44', '1', null, null, '1', null, '2015-06-03 11:57:51'), ('17248', '835', '44', '1', null, null, '1', null, '2015-04-22 11:57:51'), ('17249', '836', '44', '1', null, null, '1', null, '2015-07-14 11:57:51'), ('17250', '837', '44', '2', null, null, '2', null, '2015-05-21 11:57:51'), ('17251', '840', '44', '2', null, null, '2', null, '2015-08-08 11:57:51'), ('17252', '841', '44', '1', null, null, '1', null, '2015-10-04 11:57:51'), ('17253', '842', '44', '1', null, null, '1', null, '2015-08-15 11:57:51'), ('17254', '843', '44', '2', null, null, '2', null, '2015-07-22 11:57:51'), ('17255', '844', '44', '2', null, null, '2', null, '2015-08-24 11:57:51'), ('17256', '847', '44', '2', null, null, '2', null, '2015-11-21 11:57:51'), ('17257', '848', '44', '1', null, null, '1', null, '2015-11-16 11:57:51'), ('17258', '849', '44', '2', null, null, '2', null, '2015-12-09 11:57:51'), ('17259', '850', '44', '1', null, null, '1', null, '2015-11-10 11:57:51'), ('17260', '851', '44', '2', null, null, '2', null, '2015-11-30 11:57:51'), ('17261', '826', '45', '1', null, null, '1', null, '2015-03-30 11:57:51'), ('17262', '827', '45', '2', null, null, '2', null, '2015-01-23 11:57:51'), ('17263', '828', '45', '2', null, null, '2', null, '2015-02-15 11:57:51'), ('17264', '829', '45', '1', null, null, '1', null, '2015-03-05 11:57:51'), ('17265', '830', '45', '2', null, null, '2', null, '2015-03-24 11:57:51'), ('17266', '833', '45', '2', null, null, '2', null, '2015-04-30 11:57:51'), ('17267', '834', '45', '1', null, null, '1', null, '2015-06-03 11:57:51'), ('17268', '835', '45', '2', null, null, '2', null, '2015-04-22 11:57:51'), ('17269', '836', '45', '2', null, null, '2', null, '2015-07-14 11:57:51'), ('17270', '837', '45', '2', null, null, '2', null, '2015-05-21 11:57:51'), ('17271', '840', '45', '1', null, null, '1', null, '2015-08-08 11:57:51'), ('17272', '841', '45', '1', null, null, '1', null, '2015-10-04 11:57:51'), ('17273', '842', '45', '2', null, null, '2', null, '2015-08-15 11:57:51'), ('17274', '843', '45', '2', null, null, '2', null, '2015-07-22 11:57:51'), ('17275', '844', '45', '1', null, null, '1', null, '2015-08-24 11:57:51'), ('17276', '847', '45', '2', null, null, '2', null, '2015-11-21 11:57:51'), ('17277', '848', '45', '1', null, null, '1', null, '2015-11-16 11:57:51'), ('17278', '849', '45', '2', null, null, '2', null, '2015-12-09 11:57:51'), ('17279', '850', '45', '2', null, null, '2', null, '2015-11-10 11:57:51'), ('17280', '851', '45', '2', null, null, '2', null, '2015-11-30 11:57:51'), ('17281', '826', '46', '1', null, null, '1', null, '2015-03-30 11:57:51'), ('17282', '827', '46', '2', null, null, '2', null, '2015-01-23 11:57:51'), ('17283', '828', '46', '1', null, null, '1', null, '2015-02-15 11:57:51'), ('17284', '829', '46', '1', null, null, '1', null, '2015-03-05 11:57:51'), ('17285', '830', '46', '2', null, null, '2', null, '2015-03-24 11:57:51'), ('17286', '833', '46', '2', null, null, '2', null, '2015-04-30 11:57:51'), ('17287', '834', '46', '1', null, null, '1', null, '2015-06-03 11:57:51'), ('17288', '835', '46', '1', null, null, '1', null, '2015-04-22 11:57:51'), ('17289', '836', '46', '1', null, null, '1', null, '2015-07-14 11:57:51'), ('17290', '837', '46', '2', null, null, '2', null, '2015-05-21 11:57:51'), ('17291', '840', '46', '2', null, null, '2', null, '2015-08-08 11:57:51'), ('17292', '841', '46', '1', null, null, '1', null, '2015-10-04 11:57:51'), ('17293', '842', '46', '2', null, null, '2', null, '2015-08-15 11:57:51'), ('17294', '843', '46', '1', null, null, '1', null, '2015-07-22 11:57:51'), ('17295', '844', '46', '2', null, null, '2', null, '2015-08-24 11:57:51'), ('17296', '847', '46', '1', null, null, '1', null, '2015-11-21 11:57:51'), ('17297', '848', '46', '1', null, null, '1', null, '2015-11-16 11:57:51'), ('17298', '849', '46', '2', null, null, '2', null, '2015-12-09 11:57:51'), ('17299', '850', '46', '2', null, null, '2', null, '2015-11-10 11:57:51'), ('17300', '851', '46', '2', null, null, '2', null, '2015-11-30 11:57:51'), ('17301', '826', '47', '1', null, null, '1', null, '2015-03-30 11:57:51'), ('17302', '827', '47', '2', null, null, '2', null, '2015-01-23 11:57:51'), ('17303', '828', '47', '2', null, null, '2', null, '2015-02-15 11:57:51'), ('17304', '829', '47', '2', null, null, '2', null, '2015-03-05 11:57:51'), ('17305', '830', '47', '2', null, null, '2', null, '2015-03-24 11:57:51'), ('17306', '833', '47', '1', null, null, '1', null, '2015-04-30 11:57:51'), ('17307', '834', '47', '2', null, null, '2', null, '2015-06-03 11:57:51'), ('17308', '835', '47', '1', null, null, '1', null, '2015-04-22 11:57:51'), ('17309', '836', '47', '1', null, null, '1', null, '2015-07-14 11:57:51'), ('17310', '837', '47', '2', null, null, '2', null, '2015-05-21 11:57:51'), ('17311', '840', '47', '1', null, null, '1', null, '2015-08-08 11:57:51'), ('17312', '841', '47', '1', null, null, '1', null, '2015-10-04 11:57:51'), ('17313', '842', '47', '1', null, null, '1', null, '2015-08-15 11:57:51'), ('17314', '843', '47', '1', null, null, '1', null, '2015-07-22 11:57:51'), ('17315', '844', '47', '1', null, null, '1', null, '2015-08-24 11:57:51'), ('17316', '847', '47', '1', null, null, '1', null, '2015-11-21 11:57:51'), ('17317', '848', '47', '1', null, null, '1', null, '2015-11-16 11:57:51'), ('17318', '849', '47', '2', null, null, '2', null, '2015-12-09 11:57:51'), ('17319', '850', '47', '1', null, null, '1', null, '2015-11-10 11:57:51'), ('17320', '851', '47', '1', null, null, '1', null, '2015-11-30 11:57:51'), ('17321', '826', '48', '1', null, null, '1', null, '2015-03-30 11:57:51'), ('17322', '827', '48', '2', null, null, '2', null, '2015-01-23 11:57:51'), ('17323', '828', '48', '2', null, null, '2', null, '2015-02-15 11:57:51'), ('17324', '829', '48', '2', null, null, '2', null, '2015-03-05 11:57:51'), ('17325', '830', '48', '1', null, null, '1', null, '2015-03-24 11:57:51'), ('17326', '833', '48', '2', null, null, '2', null, '2015-04-30 11:57:51'), ('17327', '834', '48', '1', null, null, '1', null, '2015-06-03 11:57:51'), ('17328', '835', '48', '1', null, null, '1', null, '2015-04-22 11:57:51'), ('17329', '836', '48', '2', null, null, '2', null, '2015-07-14 11:57:51'), ('17330', '837', '48', '1', null, null, '1', null, '2015-05-21 11:57:51'), ('17331', '840', '48', '2', null, null, '2', null, '2015-08-08 11:57:51'), ('17332', '841', '48', '2', null, null, '2', null, '2015-10-04 11:57:51'), ('17333', '842', '48', '1', null, null, '1', null, '2015-08-15 11:57:51'), ('17334', '843', '48', '2', null, null, '2', null, '2015-07-22 11:57:51'), ('17335', '844', '48', '1', null, null, '1', null, '2015-08-24 11:57:51'), ('17336', '847', '48', '1', null, null, '1', null, '2015-11-21 11:57:51'), ('17337', '848', '48', '1', null, null, '1', null, '2015-11-16 11:57:51'), ('17338', '849', '48', '2', null, null, '2', null, '2015-12-09 11:57:51'), ('17339', '850', '48', '1', null, null, '1', null, '2015-11-10 11:57:51'), ('17340', '851', '48', '1', null, null, '1', null, '2015-11-30 11:57:51'), ('17341', '826', '49', '1', null, null, '1', null, '2015-03-30 11:57:51'), ('17342', '827', '49', '2', null, null, '2', null, '2015-01-23 11:57:51'), ('17343', '828', '49', '1', null, null, '1', null, '2015-02-15 11:57:51'), ('17344', '829', '49', '2', null, null, '2', null, '2015-03-05 11:57:51'), ('17345', '830', '49', '1', null, null, '1', null, '2015-03-24 11:57:51'), ('17346', '833', '49', '2', null, null, '2', null, '2015-04-30 11:57:51'), ('17347', '834', '49', '1', null, null, '1', null, '2015-06-03 11:57:51'), ('17348', '835', '49', '2', null, null, '2', null, '2015-04-22 11:57:51'), ('17349', '836', '49', '1', null, null, '1', null, '2015-07-14 11:57:51'), ('17350', '837', '49', '1', null, null, '1', null, '2015-05-21 11:57:51'), ('17351', '840', '49', '1', null, null, '1', null, '2015-08-08 11:57:51'), ('17352', '841', '49', '2', null, null, '2', null, '2015-10-04 11:57:51'), ('17353', '842', '49', '2', null, null, '2', null, '2015-08-15 11:57:51'), ('17354', '843', '49', '1', null, null, '1', null, '2015-07-22 11:57:51'), ('17355', '844', '49', '2', null, null, '2', null, '2015-08-24 11:57:51'), ('17356', '847', '49', '1', null, null, '1', null, '2015-11-21 11:57:51'), ('17357', '848', '49', '1', null, null, '1', null, '2015-11-16 11:57:51'), ('17358', '849', '49', '2', null, null, '2', null, '2015-12-09 11:57:51'), ('17359', '850', '49', '1', null, null, '1', null, '2015-11-10 11:57:51'), ('17360', '851', '49', '2', null, null, '2', null, '2015-11-30 11:57:51'), ('17361', '826', '50', '1', null, null, '1', null, '2015-03-30 11:57:51'), ('17362', '827', '50', '2', null, null, '2', null, '2015-01-23 11:57:51'), ('17363', '828', '50', '1', null, null, '1', null, '2015-02-15 11:57:51'), ('17364', '829', '50', '2', null, null, '2', null, '2015-03-05 11:57:51'), ('17365', '830', '50', '2', null, null, '2', null, '2015-03-24 11:57:51'), ('17366', '833', '50', '1', null, null, '1', null, '2015-04-30 11:57:51'), ('17367', '834', '50', '2', null, null, '2', null, '2015-06-03 11:57:51'), ('17368', '835', '50', '2', null, null, '2', null, '2015-04-22 11:57:51'), ('17369', '836', '50', '2', null, null, '2', null, '2015-07-14 11:57:51'), ('17370', '837', '50', '2', null, null, '2', null, '2015-05-21 11:57:51'), ('17371', '840', '50', '1', null, null, '1', null, '2015-08-08 11:57:51'), ('17372', '841', '50', '1', null, null, '1', null, '2015-10-04 11:57:51'), ('17373', '842', '50', '1', null, null, '1', null, '2015-08-15 11:57:51'), ('17374', '843', '50', '2', null, null, '2', null, '2015-07-22 11:57:51'), ('17375', '844', '50', '1', null, null, '1', null, '2015-08-24 11:57:51'), ('17376', '847', '50', '2', null, null, '2', null, '2015-11-21 11:57:51'), ('17377', '848', '50', '2', null, null, '2', null, '2015-11-16 11:57:51'), ('17378', '849', '50', '2', null, null, '2', null, '2015-12-09 11:57:51'), ('17379', '850', '50', '2', null, null, '2', null, '2015-11-10 11:57:51'), ('17380', '851', '50', '1', null, null, '1', null, '2015-11-30 11:57:51'), ('17381', '826', '51', '1', null, null, '1', null, '2015-03-30 11:57:51'), ('17382', '827', '51', '1', null, null, '1', null, '2015-01-23 11:57:51'), ('17383', '828', '51', '1', null, null, '1', null, '2015-02-15 11:57:51'), ('17384', '829', '51', '2', null, null, '2', null, '2015-03-05 11:57:51'), ('17385', '830', '51', '2', null, null, '2', null, '2015-03-24 11:57:51'), ('17386', '833', '51', '1', null, null, '1', null, '2015-04-30 11:57:51'), ('17387', '834', '51', '2', null, null, '2', null, '2015-06-03 11:57:51'), ('17388', '835', '51', '1', null, null, '1', null, '2015-04-22 11:57:51'), ('17389', '836', '51', '2', null, null, '2', null, '2015-07-14 11:57:51'), ('17390', '837', '51', '1', null, null, '1', null, '2015-05-21 11:57:51'), ('17391', '840', '51', '2', null, null, '2', null, '2015-08-08 11:57:51'), ('17392', '841', '51', '1', null, null, '1', null, '2015-10-04 11:57:51'), ('17393', '842', '51', '1', null, null, '1', null, '2015-08-15 11:57:51'), ('17394', '843', '51', '1', null, null, '1', null, '2015-07-22 11:57:51'), ('17395', '844', '51', '2', null, null, '2', null, '2015-08-24 11:57:51'), ('17396', '847', '51', '2', null, null, '2', null, '2015-11-21 11:57:51'), ('17397', '848', '51', '1', null, null, '1', null, '2015-11-16 11:57:51'), ('17398', '849', '51', '2', null, null, '2', null, '2015-12-09 11:57:51'), ('17399', '850', '51', '1', null, null, '1', null, '2015-11-10 11:57:51'), ('17400', '851', '51', '1', null, null, '1', null, '2015-11-30 11:57:51'), ('17401', '826', '52', '1', null, null, '1', null, '2015-03-30 11:57:51'), ('17402', '827', '52', '1', null, null, '1', null, '2015-01-23 11:57:51'), ('17403', '828', '52', '1', null, null, '1', null, '2015-02-15 11:57:51'), ('17404', '829', '52', '1', null, null, '1', null, '2015-03-05 11:57:51'), ('17405', '830', '52', '1', null, null, '1', null, '2015-03-24 11:57:51'), ('17406', '833', '52', '1', null, null, '1', null, '2015-04-30 11:57:51'), ('17407', '834', '52', '2', null, null, '2', null, '2015-06-03 11:57:51'), ('17408', '835', '52', '1', null, null, '1', null, '2015-04-22 11:57:51'), ('17409', '836', '52', '1', null, null, '1', null, '2015-07-14 11:57:51'), ('17410', '837', '52', '2', null, null, '2', null, '2015-05-21 11:57:51'), ('17411', '840', '52', '2', null, null, '2', null, '2015-08-08 11:57:51'), ('17412', '841', '52', '2', null, null, '2', null, '2015-10-04 11:57:51'), ('17413', '842', '52', '1', null, null, '1', null, '2015-08-15 11:57:51'), ('17414', '843', '52', '2', null, null, '2', null, '2015-07-22 11:57:51'), ('17415', '844', '52', '1', null, null, '1', null, '2015-08-24 11:57:51'), ('17416', '847', '52', '1', null, null, '1', null, '2015-11-21 11:57:51'), ('17417', '848', '52', '2', null, null, '2', null, '2015-11-16 11:57:51'), ('17418', '849', '52', '1', null, null, '1', null, '2015-12-09 11:57:51'), ('17419', '850', '52', '1', null, null, '1', null, '2015-11-10 11:57:51'), ('17420', '851', '52', '2', null, null, '2', null, '2015-11-30 11:57:51'), ('17421', '826', '53', '1', null, null, '1', null, '2015-03-30 11:57:51'), ('17422', '827', '53', '1', null, null, '1', null, '2015-01-23 11:57:51'), ('17423', '828', '53', '2', null, null, '2', null, '2015-02-15 11:57:51'), ('17424', '829', '53', '1', null, null, '1', null, '2015-03-05 11:57:51'), ('17425', '830', '53', '2', null, null, '2', null, '2015-03-24 11:57:51'), ('17426', '833', '53', '1', null, null, '1', null, '2015-04-30 11:57:51'), ('17427', '834', '53', '2', null, null, '2', null, '2015-06-03 11:57:51'), ('17428', '835', '53', '2', null, null, '2', null, '2015-04-22 11:57:51'), ('17429', '836', '53', '1', null, null, '1', null, '2015-07-14 11:57:51'), ('17430', '837', '53', '2', null, null, '2', null, '2015-05-21 11:57:51'), ('17431', '840', '53', '1', null, null, '1', null, '2015-08-08 11:57:51');
INSERT INTO `assessment_response` VALUES ('17432', '841', '53', '2', null, null, '2', null, '2015-10-04 11:57:51'), ('17433', '842', '53', '1', null, null, '1', null, '2015-08-15 11:57:51'), ('17434', '843', '53', '2', null, null, '2', null, '2015-07-22 11:57:51'), ('17435', '844', '53', '1', null, null, '1', null, '2015-08-24 11:57:51'), ('17436', '847', '53', '2', null, null, '2', null, '2015-11-21 11:57:51'), ('17437', '848', '53', '2', null, null, '2', null, '2015-11-16 11:57:51'), ('17438', '849', '53', '1', null, null, '1', null, '2015-12-09 11:57:51'), ('17439', '850', '53', '1', null, null, '1', null, '2015-11-10 11:57:51'), ('17440', '851', '53', '1', null, null, '1', null, '2015-11-30 11:57:51'), ('17441', '826', '54', '1', null, null, '1', null, '2015-03-30 11:57:51'), ('17442', '827', '54', '1', null, null, '1', null, '2015-01-23 11:57:51'), ('17443', '828', '54', '1', null, null, '1', null, '2015-02-15 11:57:51'), ('17444', '829', '54', '2', null, null, '2', null, '2015-03-05 11:57:51'), ('17445', '830', '54', '1', null, null, '1', null, '2015-03-24 11:57:51'), ('17446', '833', '54', '2', null, null, '2', null, '2015-04-30 11:57:51'), ('17447', '834', '54', '1', null, null, '1', null, '2015-06-03 11:57:51'), ('17448', '835', '54', '2', null, null, '2', null, '2015-04-22 11:57:51'), ('17449', '836', '54', '2', null, null, '2', null, '2015-07-14 11:57:51'), ('17450', '837', '54', '1', null, null, '1', null, '2015-05-21 11:57:51'), ('17451', '840', '54', '1', null, null, '1', null, '2015-08-08 11:57:51'), ('17452', '841', '54', '1', null, null, '1', null, '2015-10-04 11:57:51'), ('17453', '842', '54', '2', null, null, '2', null, '2015-08-15 11:57:51'), ('17454', '843', '54', '2', null, null, '2', null, '2015-07-22 11:57:51'), ('17455', '844', '54', '2', null, null, '2', null, '2015-08-24 11:57:51'), ('17456', '847', '54', '2', null, null, '2', null, '2015-11-21 11:57:51'), ('17457', '848', '54', '2', null, null, '2', null, '2015-11-16 11:57:51'), ('17458', '849', '54', '1', null, null, '1', null, '2015-12-09 11:57:51'), ('17459', '850', '54', '2', null, null, '2', null, '2015-11-10 11:57:51'), ('17460', '851', '54', '2', null, null, '2', null, '2015-11-30 11:57:51'), ('17461', '826', '55', '1', null, null, '1', null, '2015-03-30 11:57:51'), ('17462', '827', '55', '2', null, null, '2', null, '2015-01-23 11:57:51'), ('17463', '828', '55', '2', null, null, '2', null, '2015-02-15 11:57:51'), ('17464', '829', '55', '2', null, null, '2', null, '2015-03-05 11:57:51'), ('17465', '830', '55', '2', null, null, '2', null, '2015-03-24 11:57:51'), ('17466', '833', '55', '1', null, null, '1', null, '2015-04-30 11:57:51'), ('17467', '834', '55', '2', null, null, '2', null, '2015-06-03 11:57:51'), ('17468', '835', '55', '2', null, null, '2', null, '2015-04-22 11:57:51'), ('17469', '836', '55', '2', null, null, '2', null, '2015-07-14 11:57:51'), ('17470', '837', '55', '1', null, null, '1', null, '2015-05-21 11:57:51'), ('17471', '840', '55', '1', null, null, '1', null, '2015-08-08 11:57:51'), ('17472', '841', '55', '1', null, null, '1', null, '2015-10-04 11:57:51'), ('17473', '842', '55', '1', null, null, '1', null, '2015-08-15 11:57:51'), ('17474', '843', '55', '2', null, null, '2', null, '2015-07-22 11:57:51'), ('17475', '844', '55', '1', null, null, '1', null, '2015-08-24 11:57:51'), ('17476', '847', '55', '1', null, null, '1', null, '2015-11-21 11:57:51'), ('17477', '848', '55', '1', null, null, '1', null, '2015-11-16 11:57:51'), ('17478', '849', '55', '2', null, null, '2', null, '2015-12-09 11:57:51'), ('17479', '850', '55', '1', null, null, '1', null, '2015-11-10 11:57:51'), ('17480', '851', '55', '2', null, null, '2', null, '2015-11-30 11:57:51'), ('17481', '826', '56', '1', null, null, '1', null, '2015-03-30 11:57:51'), ('17482', '827', '56', '2', null, null, '2', null, '2015-01-23 11:57:51'), ('17483', '828', '56', '1', null, null, '1', null, '2015-02-15 11:57:51'), ('17484', '829', '56', '2', null, null, '2', null, '2015-03-05 11:57:51'), ('17485', '830', '56', '1', null, null, '1', null, '2015-03-24 11:57:51'), ('17486', '833', '56', '2', null, null, '2', null, '2015-04-30 11:57:51'), ('17487', '834', '56', '2', null, null, '2', null, '2015-06-03 11:57:51'), ('17488', '835', '56', '1', null, null, '1', null, '2015-04-22 11:57:51'), ('17489', '836', '56', '1', null, null, '1', null, '2015-07-14 11:57:51'), ('17490', '837', '56', '1', null, null, '1', null, '2015-05-21 11:57:51'), ('17491', '840', '56', '2', null, null, '2', null, '2015-08-08 11:57:51'), ('17492', '841', '56', '2', null, null, '2', null, '2015-10-04 11:57:51'), ('17493', '842', '56', '2', null, null, '2', null, '2015-08-15 11:57:51'), ('17494', '843', '56', '1', null, null, '1', null, '2015-07-22 11:57:51'), ('17495', '844', '56', '2', null, null, '2', null, '2015-08-24 11:57:51'), ('17496', '847', '56', '2', null, null, '2', null, '2015-11-21 11:57:51'), ('17497', '848', '56', '1', null, null, '1', null, '2015-11-16 11:57:51'), ('17498', '849', '56', '1', null, null, '1', null, '2015-12-09 11:57:51'), ('17499', '850', '56', '1', null, null, '1', null, '2015-11-10 11:57:51'), ('17500', '851', '56', '2', null, null, '2', null, '2015-11-30 11:57:51'), ('17501', '826', '57', '1', null, null, '1', null, '2015-03-30 11:57:51'), ('17502', '827', '57', '1', null, null, '1', null, '2015-01-23 11:57:51'), ('17503', '828', '57', '1', null, null, '1', null, '2015-02-15 11:57:51'), ('17504', '829', '57', '2', null, null, '2', null, '2015-03-05 11:57:51'), ('17505', '830', '57', '2', null, null, '2', null, '2015-03-24 11:57:51'), ('17506', '833', '57', '2', null, null, '2', null, '2015-04-30 11:57:51'), ('17507', '834', '57', '2', null, null, '2', null, '2015-06-03 11:57:51'), ('17508', '835', '57', '2', null, null, '2', null, '2015-04-22 11:57:51'), ('17509', '836', '57', '2', null, null, '2', null, '2015-07-14 11:57:51'), ('17510', '837', '57', '1', null, null, '1', null, '2015-05-21 11:57:51'), ('17511', '840', '57', '1', null, null, '1', null, '2015-08-08 11:57:51'), ('17512', '841', '57', '2', null, null, '2', null, '2015-10-04 11:57:51'), ('17513', '842', '57', '1', null, null, '1', null, '2015-08-15 11:57:51'), ('17514', '843', '57', '2', null, null, '2', null, '2015-07-22 11:57:51'), ('17515', '844', '57', '2', null, null, '2', null, '2015-08-24 11:57:51'), ('17516', '847', '57', '1', null, null, '1', null, '2015-11-21 11:57:51'), ('17517', '848', '57', '1', null, null, '1', null, '2015-11-16 11:57:51'), ('17518', '849', '57', '2', null, null, '2', null, '2015-12-09 11:57:51'), ('17519', '850', '57', '1', null, null, '1', null, '2015-11-10 11:57:51'), ('17520', '851', '57', '2', null, null, '2', null, '2015-11-30 11:57:51'), ('17521', '826', '58', '2', null, null, '2', null, '2015-03-30 11:57:51'), ('17522', '827', '58', '2', null, null, '2', null, '2015-01-23 11:57:51'), ('17523', '828', '58', '2', null, null, '2', null, '2015-02-15 11:57:51'), ('17524', '829', '58', '2', null, null, '2', null, '2015-03-05 11:57:51'), ('17525', '830', '58', '2', null, null, '2', null, '2015-03-24 11:57:51'), ('17526', '833', '58', '1', null, null, '1', null, '2015-04-30 11:57:51'), ('17527', '834', '58', '1', null, null, '1', null, '2015-06-03 11:57:51'), ('17528', '835', '58', '2', null, null, '2', null, '2015-04-22 11:57:51'), ('17529', '836', '58', '2', null, null, '2', null, '2015-07-14 11:57:51'), ('17530', '837', '58', '1', null, null, '1', null, '2015-05-21 11:57:51'), ('17531', '840', '58', '2', null, null, '2', null, '2015-08-08 11:57:51'), ('17532', '841', '58', '2', null, null, '2', null, '2015-10-04 11:57:51'), ('17533', '842', '58', '1', null, null, '1', null, '2015-08-15 11:57:51'), ('17534', '843', '58', '2', null, null, '2', null, '2015-07-22 11:57:51'), ('17535', '844', '58', '1', null, null, '1', null, '2015-08-24 11:57:51'), ('17536', '847', '58', '2', null, null, '2', null, '2015-11-21 11:57:51'), ('17537', '848', '58', '1', null, null, '1', null, '2015-11-16 11:57:51'), ('17538', '849', '58', '2', null, null, '2', null, '2015-12-09 11:57:51'), ('17539', '850', '58', '1', null, null, '1', null, '2015-11-10 11:57:51'), ('17540', '851', '58', '2', null, null, '2', null, '2015-11-30 11:57:51'), ('17541', '826', '59', '1', null, null, '1', null, '2015-03-30 11:57:51'), ('17542', '827', '59', '2', null, null, '2', null, '2015-01-23 11:57:51'), ('17543', '828', '59', '2', null, null, '2', null, '2015-02-15 11:57:51'), ('17544', '829', '59', '2', null, null, '2', null, '2015-03-05 11:57:51'), ('17545', '830', '59', '2', null, null, '2', null, '2015-03-24 11:57:51'), ('17546', '833', '59', '1', null, null, '1', null, '2015-04-30 11:57:51'), ('17547', '834', '59', '2', null, null, '2', null, '2015-06-03 11:57:51'), ('17548', '835', '59', '2', null, null, '2', null, '2015-04-22 11:57:51'), ('17549', '836', '59', '2', null, null, '2', null, '2015-07-14 11:57:51'), ('17550', '837', '59', '1', null, null, '1', null, '2015-05-21 11:57:51'), ('17551', '840', '59', '2', null, null, '2', null, '2015-08-08 11:57:51'), ('17552', '841', '59', '2', null, null, '2', null, '2015-10-04 11:57:51'), ('17553', '842', '59', '1', null, null, '1', null, '2015-08-15 11:57:51'), ('17554', '843', '59', '2', null, null, '2', null, '2015-07-22 11:57:51'), ('17555', '844', '59', '2', null, null, '2', null, '2015-08-24 11:57:51'), ('17556', '847', '59', '2', null, null, '2', null, '2015-11-21 11:57:51'), ('17557', '848', '59', '1', null, null, '1', null, '2015-11-16 11:57:51'), ('17558', '849', '59', '2', null, null, '2', null, '2015-12-09 11:57:51'), ('17559', '850', '59', '1', null, null, '1', null, '2015-11-10 11:57:51'), ('17560', '851', '59', '2', null, null, '2', null, '2015-11-30 11:57:51'), ('17561', '826', '60', '1', null, null, '1', null, '2015-03-30 11:57:51'), ('17562', '827', '60', '2', null, null, '2', null, '2015-01-23 11:57:51'), ('17563', '828', '60', '1', null, null, '1', null, '2015-02-15 11:57:51'), ('17564', '829', '60', '2', null, null, '2', null, '2015-03-05 11:57:51'), ('17565', '830', '60', '2', null, null, '2', null, '2015-03-24 11:57:51'), ('17566', '833', '60', '2', null, null, '2', null, '2015-04-30 11:57:51'), ('17567', '834', '60', '1', null, null, '1', null, '2015-06-03 11:57:51'), ('17568', '835', '60', '1', null, null, '1', null, '2015-04-22 11:57:51'), ('17569', '836', '60', '2', null, null, '2', null, '2015-07-14 11:57:51'), ('17570', '837', '60', '1', null, null, '1', null, '2015-05-21 11:57:51'), ('17571', '840', '60', '2', null, null, '2', null, '2015-08-08 11:57:51'), ('17572', '841', '60', '2', null, null, '2', null, '2015-10-04 11:57:51'), ('17573', '842', '60', '1', null, null, '1', null, '2015-08-15 11:57:51'), ('17574', '843', '60', '1', null, null, '1', null, '2015-07-22 11:57:51'), ('17575', '844', '60', '2', null, null, '2', null, '2015-08-24 11:57:51'), ('17576', '847', '60', '2', null, null, '2', null, '2015-11-21 11:57:51'), ('17577', '848', '60', '1', null, null, '1', null, '2015-11-16 11:57:51'), ('17578', '849', '60', '2', null, null, '2', null, '2015-12-09 11:57:51'), ('17579', '850', '60', '2', null, null, '2', null, '2015-11-10 11:57:51'), ('17580', '851', '60', '2', null, null, '2', null, '2015-11-30 11:57:51');
COMMIT;

-- ----------------------------
--  Table structure for `badge`
-- ----------------------------
DROP TABLE IF EXISTS `badge`;
CREATE TABLE `badge` (
  `id` int(11) NOT NULL AUTO_INCREMENT,
  `name` varchar(255) COLLATE utf8_bin DEFAULT NULL,
  `description` varchar(4000) COLLATE utf8_bin DEFAULT NULL,
  `image` varchar(500) COLLATE utf8_bin DEFAULT NULL,
  `issuer` varchar(500) COLLATE utf8_bin DEFAULT NULL,
  `tags` varchar(500) COLLATE utf8_bin DEFAULT NULL,
  PRIMARY KEY (`id`),
  UNIQUE KEY `id` (`id`)
) ENGINE=InnoDB AUTO_INCREMENT=42 DEFAULT CHARSET=utf8 COLLATE=utf8_bin;

-- ----------------------------
--  Records of `badge`
-- ----------------------------
BEGIN;
INSERT INTO `badge` VALUES ('32', 'CSS3', 'CSS3 mastery module.', '/site/default/badges/css3.png', 'CogentQI.com', null), ('33', 'Caring Workplace', 'Developing a caring workplace environment.', '/site/default/badges/cup.png', 'CogentQI.com', null), ('34', 'Legal Issues', 'Legal issues in our profession.', '/site/default/badges/gavel.png', 'CogentQI.com', null), ('35', 'Internet Technology', 'How the Internet affects our workplace.', '/site/default/badges/ipv6.png', 'CogentQI.com', null), ('36', 'Team Participation', 'Working as a member of a professional team.', '/site/default/badges/participation.png', 'CogentQI.com', null), ('37', 'Prescription Management', 'Managing prescriptions safely, optimally and accurately.', '/site/default/badges/prescriptions.png', 'CogentQI.com', null), ('38', 'Security 101', 'Security awareness in the workplace.', '/site/default/badges/security.png', 'CogentQI.com', null), ('39', 'Support Technologies', 'Technologies that can help you do your job better.', '/site/default/badges/technology.png', 'CogentQI.com', null), ('40', 'Communication', 'Basic communications skills.', '/site/default/badges/telegraph.png', 'CogentQI.com', null), ('41', 'Planning', 'Wise planning and time management.', '/site/default/badges/wisdom.png', 'CogentQI.com', null);
COMMIT;

-- ----------------------------
--  Table structure for `configuration`
-- ----------------------------
DROP TABLE IF EXISTS `configuration`;
CREATE TABLE `configuration` (
  `id` int(11) NOT NULL,
  `assessment_weight` int(11) NOT NULL DEFAULT '5',
  `outcome_weight` int(11) NOT NULL DEFAULT '5',
  PRIMARY KEY (`id`),
  UNIQUE KEY `configuration_id_uindex` (`id`)
) ENGINE=InnoDB DEFAULT CHARSET=utf8 COLLATE=utf8_bin;

-- ----------------------------
--  Records of `configuration`
-- ----------------------------
BEGIN;
INSERT INTO `configuration` VALUES ('0', '6', '4');
COMMIT;

-- ----------------------------
--  Table structure for `event`
-- ----------------------------
DROP TABLE IF EXISTS `event`;
CREATE TABLE `event` (
  `id` int(11) NOT NULL AUTO_INCREMENT,
  `name` varchar(100) COLLATE utf8_bin NOT NULL,
  `description` text COLLATE utf8_bin NOT NULL,
  `category` varchar(100) COLLATE utf8_bin NOT NULL DEFAULT 'Generic',
  `threshold` int(11) NOT NULL DEFAULT '1',
  PRIMARY KEY (`id`)
) ENGINE=InnoDB AUTO_INCREMENT=40 DEFAULT CHARSET=utf8 COLLATE=utf8_bin;

-- ----------------------------
--  Records of `event`
-- ----------------------------
BEGIN;
INSERT INTO `event` VALUES ('27', 'Incorrect Dosage', 'An incorrect dosage of a medication was prepared.', 'Medication', '1'), ('28', 'Incorrect Label', 'An incorrect label was placed on a medication.', 'Medication', '1'), ('29', 'Customer Complaint', 'A complaint was submitted by a patient or customer.', 'Customer Relations', '1'), ('30', 'Tardiness', 'The employee was late to work without sufficient explanation or notice.', 'Work Ethic', '1'), ('31', 'Failure to Notify', 'The employee failed to communicate important information about a customer/patient.', 'Communication', '1'), ('32', 'Improper Attire', 'The employee arrived for work dressed inappropriately for professional work.', 'Work Ethic', '1'), ('33', 'Failure to Check In-Stock', 'An arrival date was specified for patient/customer without first checking its availability in stock.', 'Medication', '1'), ('34', 'Data Entry Error', 'Data entered regarding either the patient or medication for a label was incorrect.', 'Medication', '1'), ('35', 'Failure to Complete Routine Maintenance Task', 'A regular maintenance task was not performed as scheduled/required.', 'Medication', '1'), ('36', 'Incorrect Dispensing Device Selected', 'The wrong dispensing device was used for a medication.', 'Medication', '1'), ('37', 'Failure to Complete 7 Point Check', 'No attempt to complete the required 7 point check before delivering a medication.', 'Medication', '1'), ('38', 'Failure to Check Screening Notes', 'Patient screening notes were not checked before dispensing a medication.', 'Medication', '1'), ('39', 'Failure to Check if Counseling Required', 'The customer/patient was not asked if counseling was desired.', 'Customer Relations', '1');
COMMIT;

-- ----------------------------
--  Table structure for `event_alignment`
-- ----------------------------
DROP TABLE IF EXISTS `event_alignment`;
CREATE TABLE `event_alignment` (
  `id` int(11) NOT NULL AUTO_INCREMENT,
  `increment` int(11) NOT NULL DEFAULT '1',
  `event_id` int(11) NOT NULL,
  `question_id` int(11) NOT NULL,
  `weight` int(11) NOT NULL DEFAULT '1',
  PRIMARY KEY (`id`),
  KEY `event_key` (`event_id`),
  KEY `question_key` (`question_id`),
  CONSTRAINT `event_alignment_ibfk_1` FOREIGN KEY (`event_id`) REFERENCES `event` (`id`),
  CONSTRAINT `event_alignment_ibfk_2` FOREIGN KEY (`question_id`) REFERENCES `question` (`id`)
) ENGINE=InnoDB DEFAULT CHARSET=utf8 COLLATE=utf8_bin;

-- ----------------------------
--  Table structure for `homepage`
-- ----------------------------
DROP TABLE IF EXISTS `homepage`;
CREATE TABLE `homepage` (
  `id` int(11) NOT NULL AUTO_INCREMENT,
  `title` varchar(255) DEFAULT 'Home Page',
  `description` longtext,
  PRIMARY KEY (`id`),
  UNIQUE KEY `id` (`id`) USING BTREE
) ENGINE=InnoDB DEFAULT CHARSET=utf8 ROW_FORMAT=COMPACT;

-- ----------------------------
--  Table structure for `instrument`
-- ----------------------------
DROP TABLE IF EXISTS `instrument`;
CREATE TABLE `instrument` (
  `id` int(11) NOT NULL AUTO_INCREMENT,
  `name` varchar(100) DEFAULT NULL,
  `role_id` char(1) NOT NULL DEFAULT 'P',
  `usage_id` char(1) NOT NULL DEFAULT 'R',
  `description` varchar(5000) DEFAULT NULL,
  `summary` varchar(500) DEFAULT NULL,
  `is_uniform` tinyint(1) DEFAULT '1',
  `question_type_id` int(11) DEFAULT NULL,
  `max_range` int(11) NOT NULL DEFAULT '0',
  `min_range` int(11) NOT NULL DEFAULT '5',
  `sort_order` int(11) NOT NULL DEFAULT '0',
  `status` char(1) NOT NULL DEFAULT 'A',
  PRIMARY KEY (`id`),
  KEY `role_id` (`role_id`),
  KEY `usage_id` (`usage_id`),
  CONSTRAINT `instrument_ibfk_1` FOREIGN KEY (`role_id`) REFERENCES `role` (`id`),
  CONSTRAINT `instrument_ibfk_2` FOREIGN KEY (`usage_id`) REFERENCES `algorithm_usage` (`id`)
) ENGINE=InnoDB AUTO_INCREMENT=3 DEFAULT CHARSET=utf8 ROW_FORMAT=COMPACT;

-- ----------------------------
--  Records of `instrument`
-- ----------------------------
BEGIN;
INSERT INTO `instrument` VALUES ('1', 'Pharmacy Technician Evaluation', 'T', 'R', '<p>The is the evaluation used for pharmacy technicians on a monthly basis.</p>', 'Evaluation of technical staff for software development skills.', '1', '1', '5', '0', '1', 'A'), ('2', 'Pharmacist Evaluation', 'P', 'R', null, 'This tool is used to gain an understanding of potential team member, process and/or system opportunities.', '1', '2', '2', '0', '2', 'A');
COMMIT;

-- ----------------------------
--  Table structure for `instrument_schedule`
-- ----------------------------
DROP TABLE IF EXISTS `instrument_schedule`;
CREATE TABLE `instrument_schedule` (
  `id` int(11) NOT NULL AUTO_INCREMENT,
  `instrument_id` int(11) NOT NULL,
  `starts` date DEFAULT NULL,
  `ends` date DEFAULT NULL,
  `locked_on` datetime DEFAULT NULL,
  `nag_window_start` int(11) DEFAULT '0',
  `nag_window_end` int(11) DEFAULT '0',
  `is_shared` tinyint(4) NOT NULL DEFAULT '1',
  `status_id` char(1) DEFAULT 'A',
  `name` varchar(255) NOT NULL DEFAULT 'Schedule',
  PRIMARY KEY (`id`),
  UNIQUE KEY `unique_id` (`id`),
  KEY `instrument_id` (`instrument_id`),
  CONSTRAINT `instrument_schedule_ibfk_1` FOREIGN KEY (`instrument_id`) REFERENCES `instrument` (`id`),
  CONSTRAINT `instrument_schedule_ibfk_2` FOREIGN KEY (`instrument_id`) REFERENCES `instrument` (`id`)
) ENGINE=InnoDB AUTO_INCREMENT=3 DEFAULT CHARSET=utf8 ROW_FORMAT=COMPACT;

-- ----------------------------
--  Records of `instrument_schedule`
-- ----------------------------
BEGIN;
INSERT INTO `instrument_schedule` VALUES ('1', '1', '2015-10-01', '2016-07-31', null, '0', '0', '1', 'A', '2015 Q3'), ('2', '2', '2015-10-01', '2016-07-31', null, '0', '0', '1', 'A', '2015 Q3');
COMMIT;

-- ----------------------------
--  Table structure for `instrument_schedule_operation`
-- ----------------------------
DROP TABLE IF EXISTS `instrument_schedule_operation`;
CREATE TABLE `instrument_schedule_operation` (
  `id` int(11) NOT NULL AUTO_INCREMENT,
  `instrument_schedule_id` int(11) NOT NULL,
  `role_id` char(1) NOT NULL,
  `operation_id` char(1) NOT NULL DEFAULT 'R',
  PRIMARY KEY (`id`),
  UNIQUE KEY `id` (`id`),
  KEY `instrument_schedule_id` (`instrument_schedule_id`),
  KEY `role_id` (`role_id`),
  KEY `operation_id` (`operation_id`),
  CONSTRAINT `instrument_schedule_operation_ibfk_1` FOREIGN KEY (`instrument_schedule_id`) REFERENCES `instrument_schedule` (`id`),
  CONSTRAINT `instrument_schedule_operation_ibfk_2` FOREIGN KEY (`role_id`) REFERENCES `role` (`id`),
  CONSTRAINT `instrument_schedule_operation_ibfk_3` FOREIGN KEY (`operation_id`) REFERENCES `operation` (`id`)
) ENGINE=InnoDB AUTO_INCREMENT=22 DEFAULT CHARSET=utf8 ROW_FORMAT=COMPACT;

-- ----------------------------
--  Records of `instrument_schedule_operation`
-- ----------------------------
BEGIN;
INSERT INTO `instrument_schedule_operation` VALUES ('1', '1', 'T', 'X'), ('2', '1', 'T', 'C'), ('3', '1', 'T', 'R'), ('4', '1', 'T', 'U'), ('5', '1', 'T', 'D'), ('6', '1', 'A', 'R'), ('7', '1', 'A', 'U'), ('8', '1', 'A', 'D'), ('9', '1', 'M', 'R'), ('10', '1', 'M', 'U'), ('11', '1', 'P', 'R'), ('12', '2', 'P', 'X'), ('13', '2', 'P', 'C'), ('14', '2', 'P', 'R'), ('15', '2', 'P', 'U'), ('16', '2', 'P', 'D'), ('17', '2', 'A', 'R'), ('18', '2', 'A', 'U'), ('19', '2', 'A', 'D'), ('20', '2', 'M', 'R'), ('21', '2', 'M', 'U');
COMMIT;

-- ----------------------------
--  Table structure for `member`
-- ----------------------------
DROP TABLE IF EXISTS `member`;
CREATE TABLE `member` (
  `id` int(11) NOT NULL AUTO_INCREMENT,
  `organization_id` int(11) NOT NULL,
  `role_id` char(1) NOT NULL DEFAULT 'P',
  `first_name` varchar(50) NOT NULL,
  `last_name` varchar(50) NOT NULL,
  `job_title` varchar(50) DEFAULT NULL,
  `email` varchar(100) DEFAULT NULL,
  `username` varchar(100) NOT NULL,
  `password` varchar(50) DEFAULT NULL,
  `avatar` varchar(200) DEFAULT NULL,
  `level` int(11) DEFAULT NULL,
  `is_assessable` tinyint(4) DEFAULT '1',
  `phone` varchar(20) NOT NULL,
  `mobile` varchar(20) NOT NULL,
  `address` varchar(500) NOT NULL,
  `city` varchar(100) DEFAULT NULL,
  `state` char(2) DEFAULT NULL,
  `postal` varchar(20) DEFAULT NULL,
  `message_format` varchar(50) DEFAULT NULL,
  `active_start` datetime DEFAULT CURRENT_TIMESTAMP,
  `active_end` datetime DEFAULT NULL,
  PRIMARY KEY (`id`),
  UNIQUE KEY `username_index` (`username`),
  UNIQUE KEY `unique_email` (`email`),
  KEY `organization_id_index` (`organization_id`),
  KEY `message_provder_name` (`message_format`),
  KEY `member_ibfk_2` (`role_id`),
  CONSTRAINT `member_ibfk_1` FOREIGN KEY (`organization_id`) REFERENCES `organization` (`id`),
  CONSTRAINT `member_ibfk_2` FOREIGN KEY (`role_id`) REFERENCES `role` (`id`)
) ENGINE=InnoDB AUTO_INCREMENT=34 DEFAULT CHARSET=utf8 ROW_FORMAT=COMPACT;

-- ----------------------------
--  Records of `member`
-- ----------------------------
BEGIN;
INSERT INTO `member` VALUES ('1', '1', 'S', 'David', 'Quinn-Jacobs', 'CTO', 'dqj@cogentqi.com', 'dqj', 'd7da283e8c6f9506b9e96b45a7582a07', '/site/pharmacy/avatars/1.png', '0', '1', '3335711480', '7391522670', '888 Any St.\nAnytown, ZA 12345', 'Anytown', 'NY', '12345-6789', '{n}@messaging.sprintpcs.com', '2015-10-01 00:00:00', null), ('3', '2', 'A', 'Melissa', 'Barbache', '', 'admin1@cogentqi.com', 'exec1', 'd7da283e8c6f9506b9e96b45a7582a07', '/site/pharmacy/avatars/3.png', '0', '0', '3871126890', '5831418880', '657 Any St.\nAnytown, ZA 12345', 'Anytown', 'NY', '12345-6789', '{n}@messaging.sprintpcs.com', '2015-10-01 00:00:00', null), ('4', '3', 'M', 'Benjamin', 'Foreman', null, 'manager1@cogentqi.com', 'manager1', 'd7da283e8c6f9506b9e96b45a7582a07', '/site/pharmacy/avatars/4.png', '0', '0', '2313237760', '8432954612', '798 Any St', 'Anytown', 'NY', '12345-6789', '{n}@messaging.sprintpcs.com', '2015-10-01 00:00:00', null), ('5', '3', 'M', 'Andrea', 'Franklin', null, 'manager2@cogentqi.com', 'manager2', 'd7da283e8c6f9506b9e96b45a7582a07', '/site/pharmacy/avatars/5.png', '1', '0', '2675454340', '1119846590', '341 Any St.\nAnytown, ZA 12345', 'Anytown', 'NY', '12345-6789', '{n}@tmomail.net', '2015-10-01 00:00:00', '2015-10-24 19:00:56'), ('6', '3', 'P', 'Regina', 'Shipmans', null, 'pa1@cogentqi.com', 'pharm1', 'd7da283e8c6f9506b9e96b45a7582a07', '/site/pharmacy/avatars/6.png', '1', '1', '5865537760', '1272472880', '293 Any St.\nAnytown, ZA 12345', 'Anytown', 'NY', '12345-6789', '{n}@myboostmobile.com', '2015-10-01 00:00:00', null), ('7', '4', 'T', 'Maggie', 'Westover', null, 'nurse1@cogentqi.com', 'ptech1', 'd7da283e8c6f9506b9e96b45a7582a07', '/site/pharmacy/avatars/7.png', '4', '1', '4683129990', '2747323640', '677 Any St.\nAnytown, ZA 12345', 'Anytown', 'NY', '12345-6789', '{n}@messaging.nextel.com', '2015-10-01 00:00:00', null), ('8', '4', 'P', 'Perry', 'Constable', null, 'pa2@cogentqi.com', 'pharm2', 'd7da283e8c6f9506b9e96b45a7582a07', '/site/pharmacy/avatars/8.png', '2', '1', '4893426750', '5238434110', '113 Any St.\nAnytown, ZA 12345', 'Anytown', 'NY', '12345-6789', '{n}@vtext.com', '2015-10-01 00:00:00', null), ('9', '4', 'T', 'Jim', 'Harris', null, 'nurse2@cogentqi.com', 'ptech2', 'd7da283e8c6f9506b9e96b45a7582a07', '/site/pharmacy/avatars/9.png', '4', '1', '4342838310', '5572712730', '126 Any St.\nAnytown, ZA 12345', 'Anytown', 'NY', '12345-6789', '{n}@message.alltel.com', '2015-10-01 00:00:00', null), ('10', '4', 'T', 'Marion', 'Wight', null, 'nurse3@cogentqi.com', 'ptech3', 'd7da283e8c6f9506b9e96b45a7582a07', '/site/pharmacy/avatars/10.png', '4', '1', '5245312140', '8888472540', '865 Any St.\nAnytown, ZA 12345', 'Anytown', 'NY', '12345-6789', '{n}@message.alltel.com', '2015-10-01 00:00:00', null), ('11', '3', 'T', 'Roger', 'Bitworthy', null, 'nurse4@cogentqi.com', 'ptech4', 'd7da283e8c6f9506b9e96b45a7582a07', '/site/pharmacy/avatars/11.png', '4', '1', '1336342660', '3627539820', '494 Any St.\nAnytown, ZA 12345', 'Anytown', 'NY', '12345-6789', '{n}@myboostmobile.com', '2015-10-01 00:00:00', null), ('12', '3', 'T', 'Greg', 'Abernathy', null, 'nurse5@cogentqi.com', 'ptech5', 'd7da283e8c6f9506b9e96b45a7582a07', '/site/pharmacy/avatars/12.png', '5', '1', '4329148360', '4944721560', '529 Any St.\nAnytown, ZA 12345', 'Anytown', 'NY', '12345-6789', '{n}@email.uscc.net', '2015-10-01 00:00:00', null), ('13', '3', 'T', 'Sarah', 'Zinkowksi', null, 'nurse6@cogentqi.com', 'ptech6', 'd7da283e8c6f9506b9e96b45a7582a07', '/site/pharmacy/avatars/13.png', '2', '1', '2156548870', '1336912140', '583 Any St.\nAnytown, ZA 12345', 'Anytown', 'NY', '12345-6789', '{n}@message.alltel.com', '2015-10-01 00:00:00', null), ('14', '3', 'P', 'Rachael', 'Creighton', null, 'pa3@cogentqi.com', 'pharm3', 'd7da283e8c6f9506b9e96b45a7582a07', '/site/pharmacy/avatars/14.png', '1', '1', '9634267940', '9648968470', '111 Any St.\nAnytown, ZA 12345', 'Anytown', 'NY', '12345-6789', '{n}@vmobl.com', '2015-10-01 00:00:00', null), ('15', '3', 'P', 'Bob', 'Waters', null, 'pa4@cogentqi.com', 'pharm4', 'd7da283e8c6f9506b9e96b45a7582a07', '/site/pharmacy/avatars/15.png', '1', '1', '1579622250', '7127266350', '455 Any St.\nAnytown, ZA 12345', 'Anytown', 'NY', '12345-6789', '{n}@message.alltel.com', '2015-10-01 00:00:00', null), ('16', '4', 'P', 'Jerry', 'Rinehart', null, 'pa5@cogentqi.com', 'pharm5', 'd7da283e8c6f9506b9e96b45a7582a07', '/site/pharmacy/avatars/16.png', '2', '1', '4184353990', '1334272510', '859 Any St.\nAnytown, ZA 12345', 'Anytown', 'NY', '12345-6789', '{n}@vmobl.com', '2015-10-01 00:00:00', null), ('17', '4', 'T', 'Karim', 'Shahir', null, 'nurse7@cogentqi.com', 'ptech7', 'd7da283e8c6f9506b9e96b45a7582a07', '/site/pharmacy/avatars/17.png', '4', '1', '3825915370', '1133364830', '938 Any St.\nAnytown, ZA 12345', 'Anytown', 'NY', '12345-6789', '{n}@txt.att.net', '2015-10-01 00:00:00', null), ('18', '4', 'T', 'Elizabeth', 'Ainsley', null, 'nurse8@cogentqi.com', 'ptech8', 'd7da283e8c6f9506b9e96b45a7582a07', '/site/pharmacy/avatars/18.png', '1', '1', '5428511890', '2225933960', '112 Any St.\nAnytown, ZA 12345', 'Anytown', 'NY', '12345-6789', '{n}@messaging.sprintpcs.com', '2015-10-01 00:00:00', null), ('20', '5', 'T', 'Becky', 'Jackson', null, 'nurse9@cogentqi.com', 'ptech9', 'd7da283e8c6f9506b9e96b45a7582a07', '/site/pharmacy/avatars/20.png', '1', '1', '5885188910', '5315567880', '356 Any St.\nAnytown, ZA 12345', 'Anytown', 'NY', '12345-6789', '{n}@messaging.sprintpcs.com', '2015-10-01 00:00:00', null), ('21', '5', 'T', 'Roxanne', 'Babcock', null, 'nurse10@cogentqi.com', 'ptech10', 'd7da283e8c6f9506b9e96b45a7582a07', '/site/pharmacy/avatars/21.png', '2', '1', '8314767880', '6761476630', '739 Any St.\nAnytown, ZA 12345', 'Anytown', 'NY', '12345-6789', '{n}@email.uscc.net', '2015-10-01 00:00:00', null), ('22', '5', 'T', 'Judy', 'Parsons', null, 'nurse11@cogentqi.com', 'ptech11', 'd7da283e8c6f9506b9e96b45a7582a07', '/site/pharmacy/avatars/22.png', '2', '1', '5399789230', '7955195850', '754 Any St.\nAnytown, ZA 12345', 'Anytown', 'NY', '12345-6789', '{n}@messaging.nextel.com', '2015-10-01 00:00:00', null), ('23', '5', 'T', 'Ralph', 'Simpson', null, 'nurse12@cogentqi.com', 'ptech12', 'd7da283e8c6f9506b9e96b45a7582a07', '/site/pharmacy/avatars/23.png', '2', '1', '9288489290', '2899287380', '225 Any St.\nAnytown, ZA 12345', 'Anytown', 'NY', '12345-6789', '{n}@vmobl.com', '2015-10-01 00:00:00', null), ('24', '5', 'T', 'Jacob', 'Smith', null, 'nurse13@cogentqi.com', 'ptech13', 'd7da283e8c6f9506b9e96b45a7582a07', '/site/pharmacy/avatars/24.png', '1', '1', '3356621620', '9927596970', '777 Any St.\nAnytown, ZA 12345', 'Anytown', 'NY', '12345-6789', '{n}@txt.att.net', '2015-10-01 00:00:00', null), ('25', '6', 'T', 'Jerry', 'Coleman', null, 'nurse14@cogentqi.com', 'ptech14', 'd7da283e8c6f9506b9e96b45a7582a07', '/site/pharmacy/avatars/25.png', '3', '1', '4489494330', '6916983780', '126 Any St.\nAnytown, ZA 12345', 'Anytown', 'NY', '12345-6789', '{n}@myboostmobile.com', '2015-10-01 00:00:00', null), ('26', '6', 'T', 'Blake', 'Whitman', null, 'nurse15@cogentqi.com', 'ptech15', 'd7da283e8c6f9506b9e96b45a7582a07', '/site/pharmacy/avatars/26.png', '2', '1', '8541334190', '9951613550', '225 Any St.\nAnytown, ZA 12345', 'Anytown', 'NY', '12345-6789', '{n}@vmobl.com', '2015-10-01 00:00:00', null), ('27', '6', 'T', 'Marcia', 'Simonson', null, 'nurse16@cogentqi.com', 'ptech16', 'd7da283e8c6f9506b9e96b45a7582a07', '/site/pharmacy/avatars/27.png', '2', '1', '6419769830', '8372486570', '923 Any St.\nAnytown, ZA 12345', 'Anytown', 'NY', '12345-6789', '{n}@email.uscc.net', '2015-10-01 00:00:00', null), ('28', '6', 'T', 'Bob', 'Mason', null, 'nurse17@cogentqi.com', 'ptech17', 'd7da283e8c6f9506b9e96b45a7582a07', '/site/pharmacy/avatars/28.png', '2', '1', '1145328590', '4839999840', '964 Any St.\nAnytown, ZA 12345', 'Anytown', 'NY', '12345-6789', '{n}@txt.att.net', '2015-10-01 00:00:00', null), ('29', '6', 'T', 'Connie', 'Sung', null, 'nurse18@cogentqi.com', 'ptech18', 'd7da283e8c6f9506b9e96b45a7582a07', '/site/pharmacy/avatars/29.png', '1', '1', '1934542910', '5246126620', '518 Any St.\nAnytown, ZA 12345', 'Anytown', 'NY', '12345-6789', '{n}@tmomail.net', '2015-10-01 00:00:00', null), ('30', '4', 'T', 'Bill', 'Hart', null, 'nurse19@cogentqi.com', 'ptech19', 'd7da283e8c6f9506b9e96b45a7582a07', '/site/pharmacy/avatars/30.png', '2', '1', '4322465670', '7662365780', '956 Any St.\nAnytown, ZA 12345', 'Anytown', 'NY', '12345-6789', '{n}@messaging.nextel.com', '2015-10-01 00:00:00', null), ('31', '4', 'M', 'Sharon', 'Myers', null, 'manager30@cogentqi.com', 'manager3', 'd7da283e8c6f9506b9e96b45a7582a07', '/site/pharmacy/avatars/31.png', '0', '0', '1824294880', '1558884360', '381 Any St.\nAnytown, ZA 12345', 'Anytown', 'NY', '12345-6789', '{n}@txt.att.net', '2015-10-01 00:00:00', null), ('32', '5', 'M', 'Wade', 'Hitchens', null, 'manager4@cogentqi.com', 'manager4', 'd7da283e8c6f9506b9e96b45a7582a07', '/site/pharmacy/avatars/32.png', '0', '0', '1677734950', '7995865720', '289 Any St.\nAnytown, ZA 12345', 'Anytown', 'NY', '12345-6789', '{n}@messaging.sprintpcs.com', '2015-10-01 00:00:00', null), ('33', '6', 'M', 'Makesh', 'Patel', null, 'manager5@cogentqi.com', 'manager5', 'd7da283e8c6f9506b9e96b45a7582a07', '/site/pharmacy/avatars/33.png', '0', '0', '6775432210', '1842664380', '658 Any St.\nAnytown, ZA 12345', 'Anytown', 'NY', '12345-6789', '{n}@email.uscc.net', '2015-10-01 00:00:00', null);
COMMIT;

-- ----------------------------
--  Table structure for `member_badge`
-- ----------------------------
DROP TABLE IF EXISTS `member_badge`;
CREATE TABLE `member_badge` (
  `id` int(11) NOT NULL AUTO_INCREMENT,
  `title` varchar(100) NOT NULL,
  `member_id` int(11) NOT NULL,
  `earned` datetime NOT NULL DEFAULT CURRENT_TIMESTAMP,
  `badge_id` int(11) DEFAULT NULL,
  PRIMARY KEY (`id`),
  UNIQUE KEY `unique_id` (`id`),
  KEY `member_id_index` (`member_id`),
  KEY `member_badge_badge__fk` (`badge_id`),
  CONSTRAINT `member_badge_badge__fk` FOREIGN KEY (`badge_id`) REFERENCES `badge` (`id`)
) ENGINE=InnoDB AUTO_INCREMENT=92 DEFAULT CHARSET=utf8 ROW_FORMAT=COMPACT;

-- ----------------------------
--  Records of `member_badge`
-- ----------------------------
BEGIN;
INSERT INTO `member_badge` VALUES ('1', 'Internet Technology', '14', '2015-03-21 21:12:39', '35'), ('2', 'Communication', '14', '2015-03-21 21:13:08', '40'), ('3', 'Legal Issues', '8', '2015-03-21 21:13:46', '34'), ('4', 'Caring Workplace', '15', '2015-03-21 21:13:59', '33'), ('5', 'Security 101', '8', '2015-03-21 21:14:15', '38'), ('6', 'Support Technologies', '8', '2015-03-21 21:14:49', '39'), ('7', 'Security 101', '14', '2015-03-21 21:15:03', '38'), ('8', 'Planning', '16', '2015-03-21 21:15:22', '41'), ('9', 'Prescription Management', '26', '2015-10-22 09:51:26', '37'), ('10', 'Team Participation', '21', '2015-10-22 09:51:26', '36'), ('11', 'Security 101', '12', '2015-10-22 09:51:26', '38'), ('12', 'Security 101', '17', '2015-10-22 09:51:26', '38'), ('13', 'Planning', '24', '2015-10-22 09:51:26', '41'), ('14', 'Team Participation', '29', '2015-10-22 09:51:26', '36'), ('15', 'CSS3', '25', '2015-10-22 09:51:26', '32'), ('16', 'Caring Workplace', '6', '2015-10-22 09:51:26', '33'), ('17', 'Team Participation', '23', '2015-10-22 09:51:26', '36'), ('18', 'Internet Technology', '30', '2015-10-22 09:51:26', '35'), ('19', 'CSS3', '8', '2015-10-22 09:51:26', '32'), ('20', 'Security 101', '21', '2015-10-22 09:51:26', '38'), ('21', 'Team Participation', '8', '2015-10-22 09:51:26', '36'), ('22', 'Legal Issues', '29', '2015-10-22 09:51:26', '34'), ('23', 'Caring Workplace', '25', '2015-10-22 09:51:26', '33'), ('24', 'Legal Issues', '30', '2015-10-22 09:51:26', '34'), ('25', 'Internet Technology', '18', '2015-10-22 09:51:26', '35'), ('26', 'Team Participation', '20', '2015-10-22 09:51:26', '36'), ('27', 'Communication', '10', '2015-10-22 09:51:26', '40'), ('28', 'Planning', '18', '2015-10-22 09:51:26', '41'), ('29', 'Legal Issues', '13', '2015-10-22 09:51:26', '34'), ('30', 'Support Technologies', '7', '2015-10-22 09:51:26', '39'), ('31', 'Internet Technology', '11', '2015-10-22 09:51:26', '35'), ('32', 'Internet Technology', '23', '2015-10-22 09:51:26', '35'), ('33', 'Internet Technology', '9', '2015-10-22 09:51:26', '35'), ('34', 'Prescription Management', '8', '2015-10-22 09:51:26', '37'), ('35', 'Prescription Management', '21', '2015-10-22 09:51:26', '37'), ('36', 'Communication', '22', '2015-10-22 09:51:26', '40'), ('37', 'Planning', '11', '2015-10-22 09:51:26', '41'), ('38', 'Planning', '7', '2015-10-22 09:51:26', '41'), ('39', 'Planning', '13', '2015-10-22 09:51:26', '41'), ('40', 'CSS3', '16', '2015-10-22 09:51:26', '32'), ('41', 'Internet Technology', '23', '2015-10-22 09:51:26', '35'), ('42', 'Prescription Management', '9', '2015-10-22 09:51:26', '37'), ('43', 'Communication', '28', '2015-10-22 09:51:26', '40'), ('44', 'Security 101', '12', '2015-10-22 09:51:26', '38'), ('45', 'Planning', '17', '2015-10-22 09:51:26', '41'), ('46', 'Team Participation', '27', '2015-10-22 09:51:26', '36'), ('47', 'Internet Technology', '26', '2015-10-22 09:51:26', '35'), ('48', 'Team Participation', '14', '2015-10-22 09:51:26', '36'), ('72', 'Legal Issues', '20', '2015-10-22 09:54:18', '34'), ('73', 'Team Participation', '18', '2015-10-22 09:54:18', '36'), ('74', 'Prescription Management', '6', '2015-10-22 09:54:18', '37'), ('75', 'Security 101', '11', '2015-10-22 09:54:18', '38'), ('76', 'Team Participation', '23', '2015-10-22 09:54:18', '36'), ('77', 'CSS3', '27', '2015-10-22 09:54:18', '32'), ('78', 'Security 101', '15', '2015-10-22 09:54:18', '38'), ('79', 'Support Technologies', '12', '2015-10-22 09:54:18', '39'), ('80', 'Security 101', '29', '2015-10-22 09:54:18', '38'), ('81', 'Internet Technology', '8', '2015-10-22 09:54:18', '35'), ('82', 'Planning', '22', '2015-10-22 09:54:18', '41'), ('83', 'Support Technologies', '29', '2015-10-22 09:54:18', '39'), ('84', 'Internet Technology', '13', '2015-10-22 09:54:18', '35'), ('85', 'Support Technologies', '9', '2015-10-22 09:54:18', '39'), ('86', 'Planning', '8', '2015-10-22 09:54:18', '41'), ('87', 'Support Technologies', '24', '2015-10-22 09:54:18', '39'), ('88', 'Security 101', '21', '2015-10-22 09:54:18', '38'), ('89', 'CSS3', '22', '2015-10-22 09:54:18', '32'), ('90', 'Communication', '6', '2015-10-22 09:54:18', '40'), ('91', 'Support Technologies', '13', '2015-10-22 09:54:18', '39');
COMMIT;

-- ----------------------------
--  Table structure for `member_event`
-- ----------------------------
DROP TABLE IF EXISTS `member_event`;
CREATE TABLE `member_event` (
  `id` int(11) NOT NULL AUTO_INCREMENT,
  `member_id` int(11) NOT NULL,
  `event_id` int(11) NOT NULL,
  `comments` text COLLATE utf8_bin,
  `occurred` datetime NOT NULL DEFAULT CURRENT_TIMESTAMP,
  PRIMARY KEY (`id`),
  KEY `event_key` (`event_id`),
  KEY `member_key` (`member_id`),
  CONSTRAINT `member_event_ibfk_1` FOREIGN KEY (`event_id`) REFERENCES `event` (`id`),
  CONSTRAINT `member_event_ibfk_2` FOREIGN KEY (`member_id`) REFERENCES `member` (`id`)
) ENGINE=InnoDB AUTO_INCREMENT=91 DEFAULT CHARSET=utf8 COLLATE=utf8_bin;

-- ----------------------------
--  Records of `member_event`
-- ----------------------------
BEGIN;
INSERT INTO `member_event` VALUES ('1', '17', '37', null, '2015-09-28 13:22:53'), ('2', '31', '35', null, '2015-06-04 13:22:53'), ('3', '4', '29', null, '2015-07-26 13:22:53'), ('4', '25', '32', null, '2015-08-31 13:22:53'), ('5', '17', '29', null, '2015-07-20 13:22:53'), ('6', '17', '36', null, '2015-11-02 13:22:53'), ('7', '26', '39', null, '2015-08-23 13:22:53'), ('8', '20', '36', null, '2015-08-31 13:22:53'), ('9', '20', '30', null, '2015-09-18 13:22:53'), ('10', '24', '35', null, '2015-06-27 13:22:53'), ('11', '31', '27', null, '2015-11-09 13:22:53'), ('12', '3', '30', null, '2015-11-17 13:22:53'), ('13', '23', '35', null, '2015-10-30 13:22:53'), ('14', '9', '36', null, '2015-08-27 13:22:53'), ('15', '1', '27', null, '2015-07-24 13:22:53'), ('16', '24', '27', null, '2015-08-07 13:22:53'), ('17', '17', '39', null, '2015-10-19 13:22:53'), ('18', '17', '27', null, '2015-08-31 13:22:53'), ('19', '10', '38', null, '2015-08-21 13:22:53'), ('20', '22', '31', null, '2015-06-08 13:22:53'), ('21', '28', '32', null, '2015-10-20 13:22:53'), ('22', '25', '31', null, '2015-06-27 13:22:53'), ('23', '29', '27', null, '2015-11-16 13:22:53'), ('24', '10', '37', null, '2015-10-22 13:22:53'), ('25', '15', '28', null, '2015-10-27 13:22:53'), ('26', '4', '38', null, '2015-10-13 13:22:53'), ('27', '12', '32', null, '2015-06-07 13:22:53'), ('28', '33', '33', null, '2015-07-18 13:22:53'), ('29', '7', '27', null, '2015-08-25 13:22:53'), ('30', '16', '27', null, '2015-07-25 13:22:53'), ('31', '11', '33', null, '2015-09-17 13:22:53'), ('32', '15', '30', null, '2015-08-31 13:22:53'), ('33', '7', '36', null, '2015-10-07 13:22:53'), ('34', '30', '31', null, '2015-08-05 13:22:53'), ('35', '26', '37', null, '2015-10-30 13:22:53'), ('36', '20', '31', null, '2015-11-09 13:22:53'), ('37', '1', '32', null, '2015-10-15 13:22:53'), ('38', '8', '39', null, '2015-10-25 13:22:53'), ('39', '30', '39', null, '2015-10-02 13:22:53'), ('40', '24', '36', null, '2015-12-13 13:22:53'), ('41', '25', '36', null, '2015-11-25 13:22:53'), ('42', '8', '37', null, '2015-11-22 13:22:53'), ('43', '24', '39', null, '2015-08-03 13:22:53'), ('44', '1', '38', null, '2015-05-31 13:22:53'), ('45', '11', '31', null, '2015-11-13 13:22:53'), ('46', '24', '30', null, '2015-08-07 13:22:53'), ('47', '10', '35', null, '2015-10-09 13:22:53'), ('48', '6', '30', null, '2015-06-01 13:22:53'), ('49', '14', '28', null, '2015-08-12 13:22:53'), ('50', '15', '38', null, '2015-10-14 13:22:53'), ('51', '18', '33', null, '2015-11-20 13:22:53'), ('52', '24', '38', null, '2015-10-16 13:22:53'), ('53', '10', '29', null, '2015-11-22 13:22:53'), ('54', '12', '27', null, '2015-08-04 13:22:53'), ('55', '31', '33', null, '2015-07-03 13:22:53'), ('56', '21', '39', null, '2015-10-19 13:22:53'), ('57', '10', '30', null, '2015-10-03 13:22:53'), ('58', '28', '27', null, '2015-11-15 13:22:53'), ('59', '28', '34', null, '2015-06-06 13:22:53'), ('60', '4', '37', null, '2015-07-26 13:22:53'), ('61', '21', '32', null, '2015-05-29 13:22:53'), ('62', '25', '37', null, '2015-09-16 13:22:53'), ('63', '8', '28', null, '2015-10-01 13:22:53'), ('64', '28', '33', null, '2015-06-13 13:22:53'), ('65', '5', '36', null, '2015-06-29 13:22:53'), ('66', '8', '27', null, '2015-11-19 13:22:53'), ('67', '3', '35', null, '2015-09-17 13:22:53'), ('68', '18', '31', null, '2015-08-19 13:22:53'), ('69', '12', '34', null, '2015-10-26 13:22:53'), ('70', '31', '31', null, '2015-09-10 13:22:53'), ('71', '33', '28', null, '2015-09-30 13:22:53'), ('72', '9', '35', null, '2015-06-15 13:22:53'), ('73', '29', '38', null, '2015-07-03 13:22:53'), ('74', '15', '39', null, '2015-06-13 13:22:53'), ('75', '27', '29', null, '2015-09-10 13:22:53'), ('76', '30', '37', null, '2015-10-29 13:22:53'), ('77', '26', '35', null, '2015-10-23 13:22:53'), ('78', '29', '33', null, '2015-10-29 13:22:53'), ('79', '1', '33', null, '2015-12-03 13:22:53'), ('80', '18', '27', null, '2015-11-23 13:22:53'), ('81', '33', '27', null, '2015-11-14 13:22:53'), ('82', '10', '33', null, '2015-06-18 13:22:53'), ('83', '27', '36', null, '2015-09-15 13:22:53'), ('84', '4', '32', null, '2015-08-10 13:22:53'), ('85', '15', '35', null, '2015-06-02 13:22:53'), ('86', '10', '32', null, '2015-10-03 13:22:53'), ('87', '26', '28', null, '2015-07-11 13:22:53'), ('88', '20', '27', null, '2015-07-12 13:22:53'), ('89', '8', '38', null, '2015-07-17 13:22:53'), ('90', '29', '32', null, '2015-08-22 13:22:53');
COMMIT;

-- ----------------------------
--  Table structure for `member_note`
-- ----------------------------
DROP TABLE IF EXISTS `member_note`;
CREATE TABLE `member_note` (
  `id` int(11) NOT NULL AUTO_INCREMENT,
  `member_id` int(11) NOT NULL,
  `creator_id` int(11) DEFAULT NULL,
  `is_private` tinyint(4) NOT NULL DEFAULT '1',
  `content` longtext NOT NULL,
  `last_modified` timestamp NOT NULL DEFAULT CURRENT_TIMESTAMP ON UPDATE CURRENT_TIMESTAMP,
  `flag` int(11) DEFAULT '0',
  PRIMARY KEY (`id`),
  UNIQUE KEY `unique_id` (`id`),
  KEY `creatorId_index` (`creator_id`),
  KEY `memberId_index` (`member_id`),
  CONSTRAINT `member_note_ibfk_1` FOREIGN KEY (`member_id`) REFERENCES `member` (`id`),
  CONSTRAINT `member_note_ibfk_2` FOREIGN KEY (`creator_id`) REFERENCES `member` (`id`),
  CONSTRAINT `member_note_ibfk_3` FOREIGN KEY (`member_id`) REFERENCES `member` (`id`),
  CONSTRAINT `member_note_ibfk_4` FOREIGN KEY (`creator_id`) REFERENCES `member` (`id`)
) ENGINE=InnoDB AUTO_INCREMENT=54 DEFAULT CHARSET=utf8 ROW_FORMAT=COMPACT;

-- ----------------------------
--  Records of `member_note`
-- ----------------------------
BEGIN;
INSERT INTO `member_note` VALUES ('2', '5', '10', '1', 'asdfasdf', '2015-10-07 18:20:20', '0'), ('3', '4', '4', '0', 'Welcome to the Professional Development app.', '2015-09-10 18:20:20', '0'), ('4', '5', '4', '0', 'Welcome to the Professional Development app.', '2015-09-19 18:20:20', '0'), ('5', '6', '4', '0', 'Welcome to the Professional Development app.', '2015-07-29 18:20:20', '0'), ('6', '11', '4', '0', 'Welcome to the Professional Development app.', '2015-10-11 18:20:20', '0'), ('7', '12', '4', '0', 'Welcome to the Professional Development app.', '2015-12-15 23:00:39', '0'), ('8', '13', '4', '0', 'Welcome to the Professional Development app.', '2015-12-05 18:20:20', '0'), ('9', '14', '4', '0', 'Welcome to the Professional Development app.', '2015-07-01 18:20:20', '0'), ('10', '15', '4', '0', 'Welcome to the Professional Development app.', '2015-09-29 18:20:20', '0'), ('18', '7', '31', '0', 'Welcome to the Professional Development app.', '2015-10-23 18:20:20', '0'), ('19', '8', '31', '0', 'Welcome to the Professional Development app.', '2015-11-18 18:20:20', '0'), ('20', '9', '31', '0', 'Welcome to the Professional Development app.', '2015-07-22 18:20:20', '0'), ('21', '10', '31', '0', 'Welcome to the Professional Development app.', '2015-09-03 18:20:20', '0'), ('22', '16', '31', '0', 'Welcome to the Professional Development app.', '2015-10-10 18:20:20', '0'), ('23', '17', '31', '0', 'Welcome to the Professional Development app.', '2015-12-01 18:20:20', '0'), ('24', '18', '31', '0', 'Welcome to the Professional Development app.', '2015-11-02 18:20:20', '0'), ('25', '30', '31', '0', 'Welcome to the Professional Development app.', '2015-07-02 18:20:20', '0'), ('26', '31', '31', '0', 'Welcome to the Professional Development app.', '2015-07-15 18:20:20', '0'), ('33', '20', '32', '0', 'Welcome to the Professional Development app.', '2015-09-27 18:20:20', '0'), ('34', '21', '32', '0', 'Welcome to the Professional Development app.', '2015-08-30 18:20:20', '0'), ('35', '22', '32', '0', 'Welcome to the Professional Development app.', '2015-08-27 18:20:20', '0'), ('36', '23', '32', '0', 'Welcome to the Professional Development app.', '2015-11-07 18:20:20', '0'), ('37', '24', '32', '0', 'Welcome to the Professional Development app.', '2015-11-13 18:20:20', '0'), ('38', '32', '32', '0', 'Welcome to the Professional Development app.', '2015-11-08 18:20:20', '0'), ('40', '25', '33', '0', 'Welcome to the Professional Development app.', '2015-09-25 18:20:20', '0'), ('41', '26', '33', '0', 'Welcome to the Professional Development app.', '2015-08-31 18:20:20', '0'), ('42', '27', '33', '0', 'Welcome to the Professional Development app.', '2015-09-10 18:20:20', '0'), ('52', '12', '4', '1', 'a sdf asdfsadfsadf', '2015-12-16 22:42:42', '2'), ('53', '12', '4', '0', 'asdfsaf', '2015-12-16 22:42:34', '1');
COMMIT;

-- ----------------------------
--  Table structure for `message`
-- ----------------------------
DROP TABLE IF EXISTS `message`;
CREATE TABLE `message` (
  `id` int(11) NOT NULL AUTO_INCREMENT,
  `address` varchar(255) NOT NULL,
  `content` longtext NOT NULL,
  `sent` datetime NOT NULL,
  PRIMARY KEY (`id`),
  UNIQUE KEY `unique_id` (`id`) USING BTREE
) ENGINE=InnoDB DEFAULT CHARSET=utf8 ROW_FORMAT=COMPACT;

-- ----------------------------
--  Table structure for `message_provider`
-- ----------------------------
DROP TABLE IF EXISTS `message_provider`;
CREATE TABLE `message_provider` (
  `name` varchar(50) NOT NULL,
  `format` varchar(255) NOT NULL,
  PRIMARY KEY (`name`),
  UNIQUE KEY `unique_name` (`name`) USING BTREE
) ENGINE=InnoDB DEFAULT CHARSET=utf8 ROW_FORMAT=COMPACT;

-- ----------------------------
--  Table structure for `module`
-- ----------------------------
DROP TABLE IF EXISTS `module`;
CREATE TABLE `module` (
  `id` int(11) NOT NULL AUTO_INCREMENT,
  `resource_id` int(11) NOT NULL,
  `ends` datetime NOT NULL,
  `sched_type` char(1) NOT NULL,
  `starts` datetime NOT NULL,
  PRIMARY KEY (`id`),
  UNIQUE KEY `unique_id` (`id`),
  KEY `resource_id_index` (`resource_id`),
  CONSTRAINT `module_ibfk_1` FOREIGN KEY (`resource_id`) REFERENCES `resource` (`id`)
) ENGINE=InnoDB AUTO_INCREMENT=66 DEFAULT CHARSET=utf8 ROW_FORMAT=COMPACT;

-- ----------------------------
--  Records of `module`
-- ----------------------------
BEGIN;
INSERT INTO `module` VALUES ('43', '1', '2016-03-15 13:03:53', 'C', '2016-02-04 13:03:53'), ('44', '2', '2016-02-03 13:03:53', 'C', '2015-12-24 13:03:53'), ('45', '3', '2016-09-02 13:03:53', 'C', '2016-06-08 13:03:53'), ('46', '4', '2016-10-02 13:03:53', 'C', '2016-08-30 13:03:53'), ('47', '5', '2016-06-13 13:03:53', 'C', '2016-06-12 13:03:53'), ('48', '6', '2016-07-03 13:03:53', 'C', '2016-04-06 13:03:53'), ('49', '7', '2016-03-14 13:03:53', 'C', '2015-12-30 13:03:53'), ('50', '8', '2016-01-25 13:03:53', 'C', '2016-01-06 13:03:53'), ('51', '9', '2016-04-01 13:03:53', 'C', '2016-02-07 13:03:53'), ('52', '10', '2016-07-29 13:03:53', 'C', '2016-06-28 13:03:53'), ('53', '11', '2016-10-20 13:03:53', 'C', '2016-07-28 13:03:53'), ('54', '12', '2016-10-06 13:03:53', 'C', '2016-08-14 13:03:53'), ('58', '9', '2016-01-09 13:03:53', 'C', '2015-12-24 13:03:53'), ('59', '8', '2016-06-07 13:03:53', 'C', '2016-05-25 13:03:53'), ('60', '4', '2016-09-28 13:03:53', 'C', '2016-09-13 13:03:53'), ('61', '11', '2016-10-26 13:03:53', 'C', '2016-09-18 13:03:53'), ('62', '2', '2016-03-30 13:03:53', 'C', '2016-02-04 13:03:53'), ('63', '12', '2016-05-14 13:03:53', 'C', '2016-03-06 13:03:53'), ('64', '10', '2016-03-08 13:03:53', 'C', '2016-03-08 13:03:53'), ('65', '3', '2016-11-03 13:03:53', 'C', '2016-08-28 13:03:53');
COMMIT;

-- ----------------------------
--  Table structure for `module_badge`
-- ----------------------------
DROP TABLE IF EXISTS `module_badge`;
CREATE TABLE `module_badge` (
  `id` int(11) NOT NULL AUTO_INCREMENT,
  `module_id` int(11) DEFAULT NULL,
  `badge_id` int(11) DEFAULT NULL,
  PRIMARY KEY (`id`),
  UNIQUE KEY `id` (`id`),
  KEY `module_id` (`module_id`),
  KEY `badge_id` (`badge_id`),
  CONSTRAINT `module_badge_ibfk_1` FOREIGN KEY (`module_id`) REFERENCES `module` (`id`),
  CONSTRAINT `module_badge_ibfk_2` FOREIGN KEY (`badge_id`) REFERENCES `badge` (`id`)
) ENGINE=InnoDB AUTO_INCREMENT=308 DEFAULT CHARSET=utf8 COLLATE=utf8_bin;

-- ----------------------------
--  Records of `module_badge`
-- ----------------------------
BEGIN;
INSERT INTO `module_badge` VALUES ('288', '43', '39'), ('289', '44', '39'), ('290', '45', '35'), ('291', '46', '37'), ('292', '47', '35'), ('293', '48', '37'), ('294', '49', '39'), ('295', '50', '35'), ('296', '51', '39'), ('297', '52', '40'), ('298', '53', '40'), ('299', '54', '36'), ('300', '58', '40'), ('301', '59', '37'), ('302', '60', '34'), ('303', '61', '34'), ('304', '62', '35'), ('305', '63', '32'), ('306', '64', '36'), ('307', '65', '32');
COMMIT;

-- ----------------------------
--  Table structure for `operation`
-- ----------------------------
DROP TABLE IF EXISTS `operation`;
CREATE TABLE `operation` (
  `id` char(1) NOT NULL,
  `name` varchar(50) DEFAULT NULL,
  PRIMARY KEY (`id`),
  UNIQUE KEY `id` (`id`)
) ENGINE=InnoDB DEFAULT CHARSET=utf8 ROW_FORMAT=COMPACT;

-- ----------------------------
--  Records of `operation`
-- ----------------------------
BEGIN;
INSERT INTO `operation` VALUES ('C', 'CREATE'), ('D', 'DELETE'), ('R', 'READ'), ('U', 'UPDATE'), ('X', 'EXECUTE');
COMMIT;

-- ----------------------------
--  Table structure for `organization`
-- ----------------------------
DROP TABLE IF EXISTS `organization`;
CREATE TABLE `organization` (
  `id` int(11) NOT NULL AUTO_INCREMENT,
  `parent_id` int(11) DEFAULT NULL,
  `name` varchar(100) NOT NULL,
  `summary` varchar(5000) DEFAULT NULL,
  `description` text,
  `address` varchar(4000) DEFAULT NULL,
  `phone` varchar(50) DEFAULT NULL,
  `fax` varchar(50) NOT NULL,
  `city` varchar(50) DEFAULT NULL,
  `state` varchar(50) NOT NULL,
  `postal` varchar(20) DEFAULT NULL,
  `is_department` tinyint(4) NOT NULL DEFAULT '0',
  PRIMARY KEY (`id`),
  KEY `parent_id` (`parent_id`),
  CONSTRAINT `organization_ibfk_1` FOREIGN KEY (`parent_id`) REFERENCES `organization` (`id`)
) ENGINE=InnoDB AUTO_INCREMENT=7 DEFAULT CHARSET=utf8 ROW_FORMAT=COMPACT;

-- ----------------------------
--  Records of `organization`
-- ----------------------------
BEGIN;
INSERT INTO `organization` VALUES ('1', null, 'CogentQI', null, null, '123 Any St.', '(123) 456-7890', '(123) 456-7890', 'Anytown', 'ST', '012345', '0'), ('2', '1', 'Pharmacy Management', null, null, '123 Any St.', '(123) 456-7890', '(123) 456-7890', 'Anytown', 'ST', '012345', '0'), ('3', '2', 'Store 001 - Basil, NM', null, null, '123 Any St.', '(123) 456-7890', '(123) 456-7890', 'Anytown', 'ST', '012345', '0'), ('4', '2', 'Store 002 - Frankfurt, IN', null, null, '123 Any St.', '(123) 456-7890', '(123) 456-7890', 'Anytown', 'ST', '012345', '0'), ('5', '2', 'Store 003 - Evansburg, OH', null, null, '123 Any St.', '(123) 456-7890', '(123) 456-7890', 'Anytown', 'ST', '012345', '0'), ('6', '2', 'Store 004 - Charlottesville, PA', null, null, '123 Any St.', '(123) 456-7890', '(123) 456-7890', 'Anytown', 'ST', '012345', '0');
COMMIT;

-- ----------------------------
--  Table structure for `organization_outcome`
-- ----------------------------
DROP TABLE IF EXISTS `organization_outcome`;
CREATE TABLE `organization_outcome` (
  `id` int(11) NOT NULL AUTO_INCREMENT,
  `organization_id` int(11) NOT NULL,
  `outcome_id` int(11) NOT NULL,
  `evaluated` datetime NOT NULL DEFAULT CURRENT_TIMESTAMP,
  `evaluator_id` int(11) DEFAULT NULL,
  `evaluator_comments` varchar(5000) DEFAULT NULL,
  `level` float NOT NULL DEFAULT '0',
  PRIMARY KEY (`id`),
  UNIQUE KEY `unique_id` (`id`),
  KEY `organization_id_index` (`organization_id`),
  KEY `outcome_id_index` (`outcome_id`),
  KEY `evaluator_id_index` (`evaluator_id`),
  CONSTRAINT `organization_outcome_ibfk_1` FOREIGN KEY (`organization_id`) REFERENCES `organization` (`id`),
  CONSTRAINT `organization_outcome_ibfk_2` FOREIGN KEY (`outcome_id`) REFERENCES `outcome` (`id`),
  CONSTRAINT `organization_outcome_ibfk_3` FOREIGN KEY (`evaluator_id`) REFERENCES `member` (`id`)
) ENGINE=InnoDB AUTO_INCREMENT=3911 DEFAULT CHARSET=utf8 ROW_FORMAT=COMPACT;

-- ----------------------------
--  Records of `organization_outcome`
-- ----------------------------
BEGIN;
INSERT INTO `organization_outcome` VALUES ('2194', '1', '1', '2015-01-18 00:09:05', null, '', '0.235237'), ('2195', '2', '1', '2015-01-18 00:09:05', null, '', '0.789432'), ('2196', '3', '1', '2015-01-18 00:09:05', null, '', '0.241452'), ('2197', '4', '1', '2015-01-18 00:09:05', null, '', '0.838963'), ('2198', '5', '1', '2015-01-18 00:09:05', null, '', '0.470457'), ('2199', '6', '1', '2015-01-18 00:09:05', null, '', '0.835398'), ('2200', '1', '2', '2015-01-18 00:09:05', null, '', '0.76562'), ('2201', '2', '2', '2015-01-18 00:09:05', null, '', '0.321903'), ('2202', '3', '2', '2015-01-18 00:09:05', null, '', '0.312657'), ('2203', '4', '2', '2015-01-18 00:09:05', null, '', '0.597576'), ('2204', '5', '2', '2015-01-18 00:09:05', null, '', '0.0499088'), ('2205', '6', '2', '2015-01-18 00:09:05', null, '', '0.456816'), ('2206', '1', '3', '2015-01-18 00:09:05', null, '', '0.134353'), ('2207', '2', '3', '2015-01-18 00:09:05', null, '', '0.301319'), ('2208', '3', '3', '2015-01-18 00:09:05', null, '', '0.103534'), ('2209', '4', '3', '2015-01-18 00:09:05', null, '', '0.613712'), ('2210', '5', '3', '2015-01-18 00:09:05', null, '', '0.75796'), ('2211', '6', '3', '2015-01-18 00:09:05', null, '', '0.948665'), ('2212', '1', '4', '2015-01-18 00:09:05', null, '', '0.469443'), ('2213', '2', '4', '2015-01-18 00:09:05', null, '', '0.501221'), ('2214', '3', '4', '2015-01-18 00:09:05', null, '', '0.0977778'), ('2215', '4', '4', '2015-01-18 00:09:05', null, '', '0.985225'), ('2216', '5', '4', '2015-01-18 00:09:05', null, '', '0.63279'), ('2217', '6', '4', '2015-01-18 00:09:05', null, '', '0.208274'), ('2218', '1', '5', '2015-01-18 00:09:05', null, '', '0.143003'), ('2219', '2', '5', '2015-01-18 00:09:05', null, '', '0.0901918'), ('2220', '3', '5', '2015-01-18 00:09:05', null, '', '0.02195'), ('2221', '4', '5', '2015-01-18 00:09:05', null, '', '0.839175'), ('2222', '5', '5', '2015-01-18 00:09:05', null, '', '0.130024'), ('2223', '6', '5', '2015-01-18 00:09:05', null, '', '0.132595'), ('2224', '1', '6', '2015-01-18 00:09:05', null, '', '0.272902'), ('2225', '2', '6', '2015-01-18 00:09:05', null, '', '0.966725'), ('2226', '3', '6', '2015-01-18 00:09:05', null, '', '0.0149212'), ('2227', '4', '6', '2015-01-18 00:09:05', null, '', '0.17443'), ('2228', '5', '6', '2015-01-18 00:09:05', null, '', '0.827386'), ('2229', '6', '6', '2015-01-18 00:09:05', null, '', '0.613642'), ('2230', '1', '7', '2015-01-18 00:09:05', null, '', '0.586053'), ('2231', '2', '7', '2015-01-18 00:09:05', null, '', '0.0893367'), ('2232', '3', '7', '2015-01-18 00:09:05', null, '', '0.688525'), ('2233', '4', '7', '2015-01-18 00:09:05', null, '', '0.174616'), ('2234', '5', '7', '2015-01-18 00:09:05', null, '', '0.807503'), ('2235', '6', '7', '2015-01-18 00:09:05', null, '', '0.513669'), ('2236', '1', '8', '2015-01-18 00:09:05', null, '', '0.145835'), ('2237', '2', '8', '2015-01-18 00:09:05', null, '', '0.188167'), ('2238', '3', '8', '2015-01-18 00:09:05', null, '', '0.503331'), ('2239', '4', '8', '2015-01-18 00:09:05', null, '', '0.952152'), ('2240', '5', '8', '2015-01-18 00:09:05', null, '', '0.25077'), ('2241', '6', '8', '2015-01-18 00:09:05', null, '', '0.397395'), ('2242', '1', '9', '2015-01-18 00:09:05', null, '', '0.234663'), ('2243', '2', '9', '2015-01-18 00:09:05', null, '', '0.981129'), ('2244', '3', '9', '2015-01-18 00:09:05', null, '', '0.201656'), ('2245', '4', '9', '2015-01-18 00:09:05', null, '', '0.0648944'), ('2246', '5', '9', '2015-01-18 00:09:05', null, '', '0.719504'), ('2247', '6', '9', '2015-01-18 00:09:05', null, '', '0.402835'), ('2248', '1', '10', '2015-01-18 00:09:05', null, '', '0.855663'), ('2249', '2', '10', '2015-01-18 00:09:05', null, '', '0.0698108'), ('2250', '3', '10', '2015-01-18 00:09:05', null, '', '0.782065'), ('2251', '4', '10', '2015-01-18 00:09:05', null, '', '0.700892'), ('2252', '5', '10', '2015-01-18 00:09:05', null, '', '0.158265'), ('2253', '6', '10', '2015-01-18 00:09:05', null, '', '0.688651'), ('2254', '1', '11', '2015-01-18 00:09:05', null, '', '0.968459'), ('2255', '2', '11', '2015-01-18 00:09:05', null, '', '0.776341'), ('2256', '3', '11', '2015-01-18 00:09:05', null, '', '0.97633'), ('2257', '4', '11', '2015-01-18 00:09:05', null, '', '0.552627'), ('2258', '5', '11', '2015-01-18 00:09:05', null, '', '0.834146'), ('2259', '6', '11', '2015-01-18 00:09:05', null, '', '0.51285'), ('2321', '1', '1', '2015-02-17 00:09:05', null, '', '0.0618088'), ('2322', '2', '1', '2015-02-17 00:09:05', null, '', '0.770495'), ('2323', '3', '1', '2015-02-17 00:09:05', null, '', '0.66705'), ('2324', '4', '1', '2015-02-17 00:09:05', null, '', '0.0237642'), ('2325', '5', '1', '2015-02-17 00:09:05', null, '', '0.117671'), ('2326', '6', '1', '2015-02-17 00:09:05', null, '', '0.517063'), ('2327', '1', '2', '2015-02-17 00:09:05', null, '', '0.232301'), ('2328', '2', '2', '2015-02-17 00:09:05', null, '', '0.610319'), ('2329', '3', '2', '2015-02-17 00:09:05', null, '', '0.354688'), ('2330', '4', '2', '2015-02-17 00:09:05', null, '', '0.942485'), ('2331', '5', '2', '2015-02-17 00:09:05', null, '', '0.648362'), ('2332', '6', '2', '2015-02-17 00:09:05', null, '', '0.414356'), ('2333', '1', '3', '2015-02-17 00:09:05', null, '', '0.126693'), ('2334', '2', '3', '2015-02-17 00:09:05', null, '', '0.390397'), ('2335', '3', '3', '2015-02-17 00:09:05', null, '', '0.571906'), ('2336', '4', '3', '2015-02-17 00:09:05', null, '', '0.688338'), ('2337', '5', '3', '2015-02-17 00:09:05', null, '', '0.725971'), ('2338', '6', '3', '2015-02-17 00:09:05', null, '', '0.564843'), ('2339', '1', '4', '2015-02-17 00:09:05', null, '', '0.646304'), ('2340', '2', '4', '2015-02-17 00:09:05', null, '', '0.536988'), ('2341', '3', '4', '2015-02-17 00:09:05', null, '', '0.746027'), ('2342', '4', '4', '2015-02-17 00:09:05', null, '', '0.119174'), ('2343', '5', '4', '2015-02-17 00:09:05', null, '', '0.357788'), ('2344', '6', '4', '2015-02-17 00:09:05', null, '', '0.431417'), ('2345', '1', '5', '2015-02-17 00:09:05', null, '', '0.083721'), ('2346', '2', '5', '2015-02-17 00:09:05', null, '', '0.124355'), ('2347', '3', '5', '2015-02-17 00:09:05', null, '', '0.37061'), ('2348', '4', '5', '2015-02-17 00:09:05', null, '', '0.479985'), ('2349', '5', '5', '2015-02-17 00:09:05', null, '', '0.288096'), ('2350', '6', '5', '2015-02-17 00:09:05', null, '', '0.000524671'), ('2351', '1', '6', '2015-02-17 00:09:05', null, '', '0.138336'), ('2352', '2', '6', '2015-02-17 00:09:05', null, '', '0.690104'), ('2353', '3', '6', '2015-02-17 00:09:05', null, '', '0.0355128'), ('2354', '4', '6', '2015-02-17 00:09:05', null, '', '0.107252'), ('2355', '5', '6', '2015-02-17 00:09:05', null, '', '0.429723'), ('2356', '6', '6', '2015-02-17 00:09:05', null, '', '0.826858'), ('2357', '1', '7', '2015-02-17 00:09:05', null, '', '0.845122'), ('2358', '2', '7', '2015-02-17 00:09:05', null, '', '0.745034'), ('2359', '3', '7', '2015-02-17 00:09:05', null, '', '0.189804'), ('2360', '4', '7', '2015-02-17 00:09:05', null, '', '0.713921'), ('2361', '5', '7', '2015-02-17 00:09:05', null, '', '0.00018959'), ('2362', '6', '7', '2015-02-17 00:09:05', null, '', '0.859186'), ('2363', '1', '8', '2015-02-17 00:09:05', null, '', '0.295363'), ('2364', '2', '8', '2015-02-17 00:09:05', null, '', '0.899255'), ('2365', '3', '8', '2015-02-17 00:09:05', null, '', '0.610186'), ('2366', '4', '8', '2015-02-17 00:09:05', null, '', '0.353165'), ('2367', '5', '8', '2015-02-17 00:09:05', null, '', '0.935269'), ('2368', '6', '8', '2015-02-17 00:09:05', null, '', '0.616848'), ('2369', '1', '9', '2015-02-17 00:09:05', null, '', '0.278434'), ('2370', '2', '9', '2015-02-17 00:09:05', null, '', '0.541625'), ('2371', '3', '9', '2015-02-17 00:09:05', null, '', '0.872825'), ('2372', '4', '9', '2015-02-17 00:09:05', null, '', '0.739248'), ('2373', '5', '9', '2015-02-17 00:09:05', null, '', '0.0777643'), ('2374', '6', '9', '2015-02-17 00:09:05', null, '', '0.171078'), ('2375', '1', '10', '2015-02-17 00:09:05', null, '', '0.6221'), ('2376', '2', '10', '2015-02-17 00:09:05', null, '', '0.597262'), ('2377', '3', '10', '2015-02-17 00:09:05', null, '', '0.120012'), ('2378', '4', '10', '2015-02-17 00:09:05', null, '', '0.808275'), ('2379', '5', '10', '2015-02-17 00:09:05', null, '', '0.68134'), ('2380', '6', '10', '2015-02-17 00:09:05', null, '', '0.981873'), ('2381', '1', '11', '2015-02-17 00:09:05', null, '', '0.865346'), ('2382', '2', '11', '2015-02-17 00:09:05', null, '', '0.38111'), ('2383', '3', '11', '2015-02-17 00:09:05', null, '', '0.309513'), ('2384', '4', '11', '2015-02-17 00:09:05', null, '', '0.404234'), ('2385', '5', '11', '2015-02-17 00:09:05', null, '', '0.0926317'), ('2386', '6', '11', '2015-02-17 00:09:05', null, '', '0.250457'), ('2448', '1', '1', '2015-03-09 00:09:05', null, '', '0.974388'), ('2449', '2', '1', '2015-03-09 00:09:05', null, '', '0.120569'), ('2450', '3', '1', '2015-03-09 00:09:05', null, '', '0.679681'), ('2451', '4', '1', '2015-03-09 00:09:05', null, '', '0.0366985'), ('2452', '5', '1', '2015-03-09 00:09:05', null, '', '0.14445'), ('2453', '6', '1', '2015-03-09 00:09:05', null, '', '0.612153'), ('2454', '1', '2', '2015-03-09 00:09:05', null, '', '0.627415'), ('2455', '2', '2', '2015-03-09 00:09:05', null, '', '0.300617'), ('2456', '3', '2', '2015-03-09 00:09:05', null, '', '0.620838'), ('2457', '4', '2', '2015-03-09 00:09:05', null, '', '0.202342'), ('2458', '5', '2', '2015-03-09 00:09:05', null, '', '0.149193'), ('2459', '6', '2', '2015-03-09 00:09:05', null, '', '0.13894'), ('2460', '1', '3', '2015-03-09 00:09:05', null, '', '0.247122'), ('2461', '2', '3', '2015-03-09 00:09:05', null, '', '0.818788'), ('2462', '3', '3', '2015-03-09 00:09:05', null, '', '0.352574'), ('2463', '4', '3', '2015-03-09 00:09:05', null, '', '0.306508'), ('2464', '5', '3', '2015-03-09 00:09:05', null, '', '0.474817'), ('2465', '6', '3', '2015-03-09 00:09:05', null, '', '0.45456'), ('2466', '1', '4', '2015-03-09 00:09:05', null, '', '0.848351'), ('2467', '2', '4', '2015-03-09 00:09:05', null, '', '0.878076'), ('2468', '3', '4', '2015-03-09 00:09:05', null, '', '0.845327'), ('2469', '4', '4', '2015-03-09 00:09:05', null, '', '0.592406'), ('2470', '5', '4', '2015-03-09 00:09:05', null, '', '0.426048'), ('2471', '6', '4', '2015-03-09 00:09:05', null, '', '0.353022'), ('2472', '1', '5', '2015-03-09 00:09:05', null, '', '0.486968'), ('2473', '2', '5', '2015-03-09 00:09:05', null, '', '0.375775'), ('2474', '3', '5', '2015-03-09 00:09:05', null, '', '0.417968'), ('2475', '4', '5', '2015-03-09 00:09:05', null, '', '0.962514'), ('2476', '5', '5', '2015-03-09 00:09:05', null, '', '0.558668'), ('2477', '6', '5', '2015-03-09 00:09:05', null, '', '0.905798'), ('2478', '1', '6', '2015-03-09 00:09:05', null, '', '0.852986'), ('2479', '2', '6', '2015-03-09 00:09:05', null, '', '0.547538'), ('2480', '3', '6', '2015-03-09 00:09:05', null, '', '0.17873'), ('2481', '4', '6', '2015-03-09 00:09:05', null, '', '0.251037'), ('2482', '5', '6', '2015-03-09 00:09:05', null, '', '0.718994'), ('2483', '6', '6', '2015-03-09 00:09:05', null, '', '0.841857'), ('2484', '1', '7', '2015-03-09 00:09:05', null, '', '0.0523065'), ('2485', '2', '7', '2015-03-09 00:09:05', null, '', '0.73596'), ('2486', '3', '7', '2015-03-09 00:09:05', null, '', '0.522882'), ('2487', '4', '7', '2015-03-09 00:09:05', null, '', '0.40653'), ('2488', '5', '7', '2015-03-09 00:09:05', null, '', '0.464003'), ('2489', '6', '7', '2015-03-09 00:09:05', null, '', '0.100426'), ('2490', '1', '8', '2015-03-09 00:09:05', null, '', '0.110121'), ('2491', '2', '8', '2015-03-09 00:09:05', null, '', '0.249327'), ('2492', '3', '8', '2015-03-09 00:09:05', null, '', '0.91627'), ('2493', '4', '8', '2015-03-09 00:09:05', null, '', '0.833371'), ('2494', '5', '8', '2015-03-09 00:09:05', null, '', '0.418046'), ('2495', '6', '8', '2015-03-09 00:09:05', null, '', '0.590115'), ('2496', '1', '9', '2015-03-09 00:09:05', null, '', '0.696436'), ('2497', '2', '9', '2015-03-09 00:09:05', null, '', '0.711836'), ('2498', '3', '9', '2015-03-09 00:09:05', null, '', '0.469871'), ('2499', '4', '9', '2015-03-09 00:09:05', null, '', '0.213847'), ('2500', '5', '9', '2015-03-09 00:09:05', null, '', '0.659622'), ('2501', '6', '9', '2015-03-09 00:09:05', null, '', '0.656569'), ('2502', '1', '10', '2015-03-09 00:09:05', null, '', '0.30398'), ('2503', '2', '10', '2015-03-09 00:09:05', null, '', '0.550191'), ('2504', '3', '10', '2015-03-09 00:09:05', null, '', '0.839018'), ('2505', '4', '10', '2015-03-09 00:09:05', null, '', '0.544515'), ('2506', '5', '10', '2015-03-09 00:09:05', null, '', '0.20552'), ('2507', '6', '10', '2015-03-09 00:09:05', null, '', '0.394056'), ('2508', '1', '11', '2015-03-09 00:09:05', null, '', '0.35372'), ('2509', '2', '11', '2015-03-09 00:09:05', null, '', '0.586433'), ('2510', '3', '11', '2015-03-09 00:09:05', null, '', '0.871005'), ('2511', '4', '11', '2015-03-09 00:09:05', null, '', '0.595725'), ('2512', '5', '11', '2015-03-09 00:09:05', null, '', '0.365612'), ('2513', '6', '11', '2015-03-09 00:09:05', null, '', '0.0408834'), ('2575', '1', '1', '2015-03-29 00:09:05', null, '', '0.107581'), ('2576', '2', '1', '2015-03-29 00:09:05', null, '', '0.415256'), ('2577', '3', '1', '2015-03-29 00:09:05', null, '', '0.753537'), ('2578', '4', '1', '2015-03-29 00:09:05', null, '', '0.521917'), ('2579', '5', '1', '2015-03-29 00:09:05', null, '', '0.348974'), ('2580', '6', '1', '2015-03-29 00:09:05', null, '', '0.17912'), ('2581', '1', '2', '2015-03-29 00:09:05', null, '', '0.848676'), ('2582', '2', '2', '2015-03-29 00:09:05', null, '', '0.706022'), ('2583', '3', '2', '2015-03-29 00:09:05', null, '', '0.984082'), ('2584', '4', '2', '2015-03-29 00:09:05', null, '', '0.802342'), ('2585', '5', '2', '2015-03-29 00:09:05', null, '', '0.0594661'), ('2586', '6', '2', '2015-03-29 00:09:05', null, '', '0.890304'), ('2587', '1', '3', '2015-03-29 00:09:05', null, '', '0.273121'), ('2588', '2', '3', '2015-03-29 00:09:05', null, '', '0.694691'), ('2589', '3', '3', '2015-03-29 00:09:05', null, '', '0.654096'), ('2590', '4', '3', '2015-03-29 00:09:05', null, '', '0.186404'), ('2591', '5', '3', '2015-03-29 00:09:05', null, '', '0.969734'), ('2592', '6', '3', '2015-03-29 00:09:05', null, '', '0.289456'), ('2593', '1', '4', '2015-03-29 00:09:05', null, '', '0.538079'), ('2594', '2', '4', '2015-03-29 00:09:05', null, '', '0.822026'), ('2595', '3', '4', '2015-03-29 00:09:05', null, '', '0.495893'), ('2596', '4', '4', '2015-03-29 00:09:05', null, '', '0.0133875'), ('2597', '5', '4', '2015-03-29 00:09:05', null, '', '0.579258'), ('2598', '6', '4', '2015-03-29 00:09:05', null, '', '0.85613'), ('2599', '1', '5', '2015-03-29 00:09:05', null, '', '0.542873'), ('2600', '2', '5', '2015-03-29 00:09:05', null, '', '0.145977'), ('2601', '3', '5', '2015-03-29 00:09:05', null, '', '0.101266'), ('2602', '4', '5', '2015-03-29 00:09:05', null, '', '0.0683978'), ('2603', '5', '5', '2015-03-29 00:09:05', null, '', '0.0381914'), ('2604', '6', '5', '2015-03-29 00:09:05', null, '', '0.985764'), ('2605', '1', '6', '2015-03-29 00:09:05', null, '', '0.814245'), ('2606', '2', '6', '2015-03-29 00:09:05', null, '', '0.113933'), ('2607', '3', '6', '2015-03-29 00:09:05', null, '', '0.126929'), ('2608', '4', '6', '2015-03-29 00:09:05', null, '', '0.292846'), ('2609', '5', '6', '2015-03-29 00:09:05', null, '', '0.0834437'), ('2610', '6', '6', '2015-03-29 00:09:05', null, '', '0.538681'), ('2611', '1', '7', '2015-03-29 00:09:05', null, '', '0.443072'), ('2612', '2', '7', '2015-03-29 00:09:05', null, '', '0.599319'), ('2613', '3', '7', '2015-03-29 00:09:05', null, '', '0.667377'), ('2614', '4', '7', '2015-03-29 00:09:05', null, '', '0.538928'), ('2615', '5', '7', '2015-03-29 00:09:05', null, '', '0.692509'), ('2616', '6', '7', '2015-03-29 00:09:05', null, '', '0.845764'), ('2617', '1', '8', '2015-03-29 00:09:05', null, '', '0.15129'), ('2618', '2', '8', '2015-03-29 00:09:05', null, '', '0.219159'), ('2619', '3', '8', '2015-03-29 00:09:05', null, '', '0.641925'), ('2620', '4', '8', '2015-03-29 00:09:05', null, '', '0.552147'), ('2621', '5', '8', '2015-03-29 00:09:05', null, '', '0.834962'), ('2622', '6', '8', '2015-03-29 00:09:05', null, '', '0.518366'), ('2623', '1', '9', '2015-03-29 00:09:05', null, '', '0.0869462'), ('2624', '2', '9', '2015-03-29 00:09:05', null, '', '0.879633'), ('2625', '3', '9', '2015-03-29 00:09:05', null, '', '0.137324'), ('2626', '4', '9', '2015-03-29 00:09:05', null, '', '0.0477225'), ('2627', '5', '9', '2015-03-29 00:09:05', null, '', '0.826641'), ('2628', '6', '9', '2015-03-29 00:09:05', null, '', '0.990036'), ('2629', '1', '10', '2015-03-29 00:09:05', null, '', '0.470258'), ('2630', '2', '10', '2015-03-29 00:09:05', null, '', '0.381181'), ('2631', '3', '10', '2015-03-29 00:09:05', null, '', '0.49513'), ('2632', '4', '10', '2015-03-29 00:09:05', null, '', '0.332109'), ('2633', '5', '10', '2015-03-29 00:09:05', null, '', '0.175155'), ('2634', '6', '10', '2015-03-29 00:09:05', null, '', '0.879448'), ('2635', '1', '11', '2015-03-29 00:09:05', null, '', '0.871773'), ('2636', '2', '11', '2015-03-29 00:09:05', null, '', '0.720522'), ('2637', '3', '11', '2015-03-29 00:09:05', null, '', '0.987289'), ('2638', '4', '11', '2015-03-29 00:09:05', null, '', '0.774882'), ('2639', '5', '11', '2015-03-29 00:09:05', null, '', '0.912542'), ('2640', '6', '11', '2015-03-29 00:09:05', null, '', '0.238066'), ('2702', '1', '1', '2015-04-28 00:09:05', null, '', '0.452701'), ('2703', '2', '1', '2015-04-28 00:09:05', null, '', '0.549309'), ('2704', '3', '1', '2015-04-28 00:09:05', null, '', '0.388443'), ('2705', '4', '1', '2015-04-28 00:09:05', null, '', '0.294289'), ('2706', '5', '1', '2015-04-28 00:09:05', null, '', '0.306115'), ('2707', '6', '1', '2015-04-28 00:09:05', null, '', '0.647706'), ('2708', '1', '2', '2015-04-28 00:09:05', null, '', '0.320186'), ('2709', '2', '2', '2015-04-28 00:09:05', null, '', '0.657811'), ('2710', '3', '2', '2015-04-28 00:09:05', null, '', '0.328496'), ('2711', '4', '2', '2015-04-28 00:09:05', null, '', '0.669048'), ('2712', '5', '2', '2015-04-28 00:09:05', null, '', '0.359751'), ('2713', '6', '2', '2015-04-28 00:09:05', null, '', '0.791611'), ('2714', '1', '3', '2015-04-28 00:09:05', null, '', '0.878801'), ('2715', '2', '3', '2015-04-28 00:09:05', null, '', '0.0191752'), ('2716', '3', '3', '2015-04-28 00:09:05', null, '', '0.459472'), ('2717', '4', '3', '2015-04-28 00:09:05', null, '', '0.239833'), ('2718', '5', '3', '2015-04-28 00:09:05', null, '', '0.820749'), ('2719', '6', '3', '2015-04-28 00:09:05', null, '', '0.384246'), ('2720', '1', '4', '2015-04-28 00:09:05', null, '', '0.458984'), ('2721', '2', '4', '2015-04-28 00:09:05', null, '', '0.142182'), ('2722', '3', '4', '2015-04-28 00:09:05', null, '', '0.333957'), ('2723', '4', '4', '2015-04-28 00:09:05', null, '', '0.243238'), ('2724', '5', '4', '2015-04-28 00:09:05', null, '', '0.21432'), ('2725', '6', '4', '2015-04-28 00:09:05', null, '', '0.341885'), ('2726', '1', '5', '2015-04-28 00:09:05', null, '', '0.0664671'), ('2727', '2', '5', '2015-04-28 00:09:05', null, '', '0.30668'), ('2728', '3', '5', '2015-04-28 00:09:05', null, '', '0.333997'), ('2729', '4', '5', '2015-04-28 00:09:05', null, '', '0.749945'), ('2730', '5', '5', '2015-04-28 00:09:05', null, '', '0.747735'), ('2731', '6', '5', '2015-04-28 00:09:05', null, '', '0.48884'), ('2732', '1', '6', '2015-04-28 00:09:05', null, '', '0.200994'), ('2733', '2', '6', '2015-04-28 00:09:05', null, '', '0.538449'), ('2734', '3', '6', '2015-04-28 00:09:05', null, '', '0.0892635'), ('2735', '4', '6', '2015-04-28 00:09:05', null, '', '0.830971'), ('2736', '5', '6', '2015-04-28 00:09:05', null, '', '0.887065'), ('2737', '6', '6', '2015-04-28 00:09:05', null, '', '0.942411'), ('2738', '1', '7', '2015-04-28 00:09:05', null, '', '0.0508618'), ('2739', '2', '7', '2015-04-28 00:09:05', null, '', '0.427075'), ('2740', '3', '7', '2015-04-28 00:09:05', null, '', '0.98279'), ('2741', '4', '7', '2015-04-28 00:09:05', null, '', '0.632726'), ('2742', '5', '7', '2015-04-28 00:09:05', null, '', '0.215258'), ('2743', '6', '7', '2015-04-28 00:09:05', null, '', '0.178111'), ('2744', '1', '8', '2015-04-28 00:09:05', null, '', '0.244784'), ('2745', '2', '8', '2015-04-28 00:09:05', null, '', '0.689586'), ('2746', '3', '8', '2015-04-28 00:09:05', null, '', '0.71358'), ('2747', '4', '8', '2015-04-28 00:09:05', null, '', '0.49914'), ('2748', '5', '8', '2015-04-28 00:09:05', null, '', '0.354962'), ('2749', '6', '8', '2015-04-28 00:09:05', null, '', '0.277389'), ('2750', '1', '9', '2015-04-28 00:09:05', null, '', '0.322058'), ('2751', '2', '9', '2015-04-28 00:09:05', null, '', '0.778122'), ('2752', '3', '9', '2015-04-28 00:09:05', null, '', '0.924436'), ('2753', '4', '9', '2015-04-28 00:09:05', null, '', '0.287813'), ('2754', '5', '9', '2015-04-28 00:09:05', null, '', '0.66576'), ('2755', '6', '9', '2015-04-28 00:09:05', null, '', '0.46536'), ('2756', '1', '10', '2015-04-28 00:09:05', null, '', '0.32952'), ('2757', '2', '10', '2015-04-28 00:09:05', null, '', '0.251519'), ('2758', '3', '10', '2015-04-28 00:09:05', null, '', '0.269036'), ('2759', '4', '10', '2015-04-28 00:09:05', null, '', '0.590622'), ('2760', '5', '10', '2015-04-28 00:09:05', null, '', '0.146002'), ('2761', '6', '10', '2015-04-28 00:09:05', null, '', '0.958144'), ('2762', '1', '11', '2015-04-28 00:09:05', null, '', '0.352714'), ('2763', '2', '11', '2015-04-28 00:09:05', null, '', '0.889138'), ('2764', '3', '11', '2015-04-28 00:09:05', null, '', '0.387549'), ('2765', '4', '11', '2015-04-28 00:09:05', null, '', '0.270331'), ('2766', '5', '11', '2015-04-28 00:09:05', null, '', '0.189009'), ('2767', '6', '11', '2015-04-28 00:09:05', null, '', '0.134053'), ('2829', '1', '1', '2015-05-28 00:09:05', null, '', '0.103236'), ('2830', '2', '1', '2015-05-28 00:09:05', null, '', '0.114022'), ('2831', '3', '1', '2015-05-28 00:09:05', null, '', '0.260403'), ('2832', '4', '1', '2015-05-28 00:09:05', null, '', '0.959947'), ('2833', '5', '1', '2015-05-28 00:09:05', null, '', '0.0185258'), ('2834', '6', '1', '2015-05-28 00:09:05', null, '', '0.212789'), ('2835', '1', '2', '2015-05-28 00:09:05', null, '', '0.00836554'), ('2836', '2', '2', '2015-05-28 00:09:05', null, '', '0.403462'), ('2837', '3', '2', '2015-05-28 00:09:05', null, '', '0.992214'), ('2838', '4', '2', '2015-05-28 00:09:05', null, '', '0.750683'), ('2839', '5', '2', '2015-05-28 00:09:05', null, '', '0.776772'), ('2840', '6', '2', '2015-05-28 00:09:05', null, '', '0.63181'), ('2841', '1', '3', '2015-05-28 00:09:05', null, '', '0.828737'), ('2842', '2', '3', '2015-05-28 00:09:05', null, '', '0.248255'), ('2843', '3', '3', '2015-05-28 00:09:05', null, '', '0.755065'), ('2844', '4', '3', '2015-05-28 00:09:05', null, '', '0.0305589'), ('2845', '5', '3', '2015-05-28 00:09:05', null, '', '0.8876'), ('2846', '6', '3', '2015-05-28 00:09:05', null, '', '0.346322'), ('2847', '1', '4', '2015-05-28 00:09:05', null, '', '0.0688095'), ('2848', '2', '4', '2015-05-28 00:09:05', null, '', '0.305083'), ('2849', '3', '4', '2015-05-28 00:09:05', null, '', '0.318984'), ('2850', '4', '4', '2015-05-28 00:09:05', null, '', '0.679674'), ('2851', '5', '4', '2015-05-28 00:09:05', null, '', '0.441417'), ('2852', '6', '4', '2015-05-28 00:09:05', null, '', '0.168061'), ('2853', '1', '5', '2015-05-28 00:09:05', null, '', '0.516057'), ('2854', '2', '5', '2015-05-28 00:09:05', null, '', '0.0761013'), ('2855', '3', '5', '2015-05-28 00:09:05', null, '', '0.832335'), ('2856', '4', '5', '2015-05-28 00:09:05', null, '', '0.933372'), ('2857', '5', '5', '2015-05-28 00:09:05', null, '', '0.169853'), ('2858', '6', '5', '2015-05-28 00:09:05', null, '', '0.0491521'), ('2859', '1', '6', '2015-05-28 00:09:05', null, '', '0.7362'), ('2860', '2', '6', '2015-05-28 00:09:05', null, '', '0.533545'), ('2861', '3', '6', '2015-05-28 00:09:05', null, '', '0.459124'), ('2862', '4', '6', '2015-05-28 00:09:05', null, '', '0.694987'), ('2863', '5', '6', '2015-05-28 00:09:05', null, '', '0.0975625'), ('2864', '6', '6', '2015-05-28 00:09:05', null, '', '0.402851'), ('2865', '1', '7', '2015-05-28 00:09:05', null, '', '0.721568'), ('2866', '2', '7', '2015-05-28 00:09:05', null, '', '0.399287'), ('2867', '3', '7', '2015-05-28 00:09:05', null, '', '0.831729'), ('2868', '4', '7', '2015-05-28 00:09:05', null, '', '0.960787'), ('2869', '5', '7', '2015-05-28 00:09:05', null, '', '0.308746'), ('2870', '6', '7', '2015-05-28 00:09:05', null, '', '0.66137'), ('2871', '1', '8', '2015-05-28 00:09:05', null, '', '0.380612'), ('2872', '2', '8', '2015-05-28 00:09:05', null, '', '0.918952'), ('2873', '3', '8', '2015-05-28 00:09:05', null, '', '0.452921'), ('2874', '4', '8', '2015-05-28 00:09:05', null, '', '0.507748'), ('2875', '5', '8', '2015-05-28 00:09:05', null, '', '0.179981'), ('2876', '6', '8', '2015-05-28 00:09:05', null, '', '0.376657'), ('2877', '1', '9', '2015-05-28 00:09:05', null, '', '0.343346'), ('2878', '2', '9', '2015-05-28 00:09:05', null, '', '0.586756'), ('2879', '3', '9', '2015-05-28 00:09:05', null, '', '0.903745'), ('2880', '4', '9', '2015-05-28 00:09:05', null, '', '0.758454'), ('2881', '5', '9', '2015-05-28 00:09:05', null, '', '0.0810341'), ('2882', '6', '9', '2015-05-28 00:09:05', null, '', '0.12981'), ('2883', '1', '10', '2015-05-28 00:09:05', null, '', '0.405948'), ('2884', '2', '10', '2015-05-28 00:09:05', null, '', '0.640312'), ('2885', '3', '10', '2015-05-28 00:09:05', null, '', '0.983713'), ('2886', '4', '10', '2015-05-28 00:09:05', null, '', '0.997629'), ('2887', '5', '10', '2015-05-28 00:09:05', null, '', '0.0370079'), ('2888', '6', '10', '2015-05-28 00:09:05', null, '', '0.192152'), ('2889', '1', '11', '2015-05-28 00:09:05', null, '', '0.849735'), ('2890', '2', '11', '2015-05-28 00:09:05', null, '', '0.672218'), ('2891', '3', '11', '2015-05-28 00:09:05', null, '', '0.811886'), ('2892', '4', '11', '2015-05-28 00:09:05', null, '', '0.0427781'), ('2893', '5', '11', '2015-05-28 00:09:05', null, '', '0.778231'), ('2894', '6', '11', '2015-05-28 00:09:05', null, '', '0.762823'), ('2956', '1', '1', '2015-06-17 00:09:05', null, '', '0.479419'), ('2957', '2', '1', '2015-06-17 00:09:05', null, '', '0.108627'), ('2958', '3', '1', '2015-06-17 00:09:05', null, '', '0.104879'), ('2959', '4', '1', '2015-06-17 00:09:05', null, '', '0.198513'), ('2960', '5', '1', '2015-06-17 00:09:05', null, '', '0.677928'), ('2961', '6', '1', '2015-06-17 00:09:05', null, '', '0.7941'), ('2962', '1', '2', '2015-06-17 00:09:05', null, '', '0.936715'), ('2963', '2', '2', '2015-06-17 00:09:05', null, '', '0.301277'), ('2964', '3', '2', '2015-06-17 00:09:05', null, '', '0.696238'), ('2965', '4', '2', '2015-06-17 00:09:05', null, '', '0.577359'), ('2966', '5', '2', '2015-06-17 00:09:05', null, '', '0.798081'), ('2967', '6', '2', '2015-06-17 00:09:05', null, '', '0.258329'), ('2968', '1', '3', '2015-06-17 00:09:05', null, '', '0.8974'), ('2969', '2', '3', '2015-06-17 00:09:05', null, '', '0.712014'), ('2970', '3', '3', '2015-06-17 00:09:05', null, '', '0.867869'), ('2971', '4', '3', '2015-06-17 00:09:05', null, '', '0.203306'), ('2972', '5', '3', '2015-06-17 00:09:05', null, '', '0.41292'), ('2973', '6', '3', '2015-06-17 00:09:05', null, '', '0.454683'), ('2974', '1', '4', '2015-06-17 00:09:05', null, '', '0.0346536'), ('2975', '2', '4', '2015-06-17 00:09:05', null, '', '0.80922'), ('2976', '3', '4', '2015-06-17 00:09:05', null, '', '0.942139'), ('2977', '4', '4', '2015-06-17 00:09:05', null, '', '0.283037'), ('2978', '5', '4', '2015-06-17 00:09:05', null, '', '0.588767'), ('2979', '6', '4', '2015-06-17 00:09:05', null, '', '0.0947224'), ('2980', '1', '5', '2015-06-17 00:09:05', null, '', '0.707312'), ('2981', '2', '5', '2015-06-17 00:09:05', null, '', '0.252394'), ('2982', '3', '5', '2015-06-17 00:09:05', null, '', '0.140033'), ('2983', '4', '5', '2015-06-17 00:09:05', null, '', '0.942984'), ('2984', '5', '5', '2015-06-17 00:09:05', null, '', '0.29482'), ('2985', '6', '5', '2015-06-17 00:09:05', null, '', '0.645149'), ('2986', '1', '6', '2015-06-17 00:09:05', null, '', '0.341283'), ('2987', '2', '6', '2015-06-17 00:09:05', null, '', '0.770969'), ('2988', '3', '6', '2015-06-17 00:09:05', null, '', '0.830995'), ('2989', '4', '6', '2015-06-17 00:09:05', null, '', '0.84207'), ('2990', '5', '6', '2015-06-17 00:09:05', null, '', '0.717365'), ('2991', '6', '6', '2015-06-17 00:09:05', null, '', '0.0606164'), ('2992', '1', '7', '2015-06-17 00:09:05', null, '', '0.150986'), ('2993', '2', '7', '2015-06-17 00:09:05', null, '', '0.57308'), ('2994', '3', '7', '2015-06-17 00:09:05', null, '', '0.412441'), ('2995', '4', '7', '2015-06-17 00:09:05', null, '', '0.342966'), ('2996', '5', '7', '2015-06-17 00:09:05', null, '', '0.477507'), ('2997', '6', '7', '2015-06-17 00:09:05', null, '', '0.358638'), ('2998', '1', '8', '2015-06-17 00:09:05', null, '', '0.36067'), ('2999', '2', '8', '2015-06-17 00:09:05', null, '', '0.727434'), ('3000', '3', '8', '2015-06-17 00:09:05', null, '', '0.555158'), ('3001', '4', '8', '2015-06-17 00:09:05', null, '', '0.593492'), ('3002', '5', '8', '2015-06-17 00:09:05', null, '', '0.301985'), ('3003', '6', '8', '2015-06-17 00:09:05', null, '', '0.729448'), ('3004', '1', '9', '2015-06-17 00:09:05', null, '', '0.741284'), ('3005', '2', '9', '2015-06-17 00:09:05', null, '', '0.518076'), ('3006', '3', '9', '2015-06-17 00:09:05', null, '', '0.366531'), ('3007', '4', '9', '2015-06-17 00:09:05', null, '', '0.278425'), ('3008', '5', '9', '2015-06-17 00:09:05', null, '', '0.292533'), ('3009', '6', '9', '2015-06-17 00:09:05', null, '', '0.627388'), ('3010', '1', '10', '2015-06-17 00:09:05', null, '', '0.259344'), ('3011', '2', '10', '2015-06-17 00:09:05', null, '', '0.414553'), ('3012', '3', '10', '2015-06-17 00:09:05', null, '', '0.294736'), ('3013', '4', '10', '2015-06-17 00:09:05', null, '', '0.230019'), ('3014', '5', '10', '2015-06-17 00:09:05', null, '', '0.265889'), ('3015', '6', '10', '2015-06-17 00:09:05', null, '', '0.639389'), ('3016', '1', '11', '2015-06-17 00:09:05', null, '', '0.399276'), ('3017', '2', '11', '2015-06-17 00:09:05', null, '', '0.0782148'), ('3018', '3', '11', '2015-06-17 00:09:05', null, '', '0.193245'), ('3019', '4', '11', '2015-06-17 00:09:05', null, '', '0.731581'), ('3020', '5', '11', '2015-06-17 00:09:05', null, '', '0.0781699'), ('3021', '6', '11', '2015-06-17 00:09:05', null, '', '0.196107'), ('3083', '1', '1', '2015-07-07 00:09:05', null, '', '0.746023'), ('3084', '2', '1', '2015-07-07 00:09:05', null, '', '0.141797'), ('3085', '3', '1', '2015-07-07 00:09:05', null, '', '0.470914'), ('3086', '4', '1', '2015-07-07 00:09:05', null, '', '0.92918'), ('3087', '5', '1', '2015-07-07 00:09:05', null, '', '0.233156'), ('3088', '6', '1', '2015-07-07 00:09:05', null, '', '0.378243'), ('3089', '1', '2', '2015-07-07 00:09:05', null, '', '0.191747'), ('3090', '2', '2', '2015-07-07 00:09:05', null, '', '0.824005'), ('3091', '3', '2', '2015-07-07 00:09:05', null, '', '0.544784'), ('3092', '4', '2', '2015-07-07 00:09:05', null, '', '0.251907'), ('3093', '5', '2', '2015-07-07 00:09:05', null, '', '0.62518'), ('3094', '6', '2', '2015-07-07 00:09:05', null, '', '0.37018'), ('3095', '1', '3', '2015-07-07 00:09:05', null, '', '0.97536'), ('3096', '2', '3', '2015-07-07 00:09:05', null, '', '0.766258'), ('3097', '3', '3', '2015-07-07 00:09:05', null, '', '0.905212'), ('3098', '4', '3', '2015-07-07 00:09:05', null, '', '0.227287'), ('3099', '5', '3', '2015-07-07 00:09:05', null, '', '0.420798'), ('3100', '6', '3', '2015-07-07 00:09:05', null, '', '0.422129'), ('3101', '1', '4', '2015-07-07 00:09:05', null, '', '0.848249'), ('3102', '2', '4', '2015-07-07 00:09:05', null, '', '0.97486'), ('3103', '3', '4', '2015-07-07 00:09:05', null, '', '0.329551'), ('3104', '4', '4', '2015-07-07 00:09:05', null, '', '0.723177'), ('3105', '5', '4', '2015-07-07 00:09:05', null, '', '0.627233'), ('3106', '6', '4', '2015-07-07 00:09:05', null, '', '0.966633'), ('3107', '1', '5', '2015-07-07 00:09:05', null, '', '0.951464'), ('3108', '2', '5', '2015-07-07 00:09:05', null, '', '0.857424'), ('3109', '3', '5', '2015-07-07 00:09:05', null, '', '0.432727'), ('3110', '4', '5', '2015-07-07 00:09:05', null, '', '0.591364'), ('3111', '5', '5', '2015-07-07 00:09:05', null, '', '0.658638'), ('3112', '6', '5', '2015-07-07 00:09:05', null, '', '0.519099'), ('3113', '1', '6', '2015-07-07 00:09:05', null, '', '0.61958'), ('3114', '2', '6', '2015-07-07 00:09:05', null, '', '0.540604'), ('3115', '3', '6', '2015-07-07 00:09:05', null, '', '0.844282'), ('3116', '4', '6', '2015-07-07 00:09:05', null, '', '0.599595'), ('3117', '5', '6', '2015-07-07 00:09:05', null, '', '0.465128'), ('3118', '6', '6', '2015-07-07 00:09:05', null, '', '0.526858'), ('3119', '1', '7', '2015-07-07 00:09:05', null, '', '0.238905'), ('3120', '2', '7', '2015-07-07 00:09:05', null, '', '0.613952'), ('3121', '3', '7', '2015-07-07 00:09:05', null, '', '0.353044'), ('3122', '4', '7', '2015-07-07 00:09:05', null, '', '0.923366'), ('3123', '5', '7', '2015-07-07 00:09:05', null, '', '0.557698'), ('3124', '6', '7', '2015-07-07 00:09:05', null, '', '0.0183906'), ('3125', '1', '8', '2015-07-07 00:09:05', null, '', '0.418859'), ('3126', '2', '8', '2015-07-07 00:09:05', null, '', '0.0391253'), ('3127', '3', '8', '2015-07-07 00:09:05', null, '', '0.939048'), ('3128', '4', '8', '2015-07-07 00:09:05', null, '', '0.577865'), ('3129', '5', '8', '2015-07-07 00:09:05', null, '', '0.0721811'), ('3130', '6', '8', '2015-07-07 00:09:05', null, '', '0.62731'), ('3131', '1', '9', '2015-07-07 00:09:05', null, '', '0.920008'), ('3132', '2', '9', '2015-07-07 00:09:05', null, '', '0.718111'), ('3133', '3', '9', '2015-07-07 00:09:05', null, '', '0.830529'), ('3134', '4', '9', '2015-07-07 00:09:05', null, '', '0.998313'), ('3135', '5', '9', '2015-07-07 00:09:05', null, '', '0.499979'), ('3136', '6', '9', '2015-07-07 00:09:05', null, '', '0.504957'), ('3137', '1', '10', '2015-07-07 00:09:05', null, '', '0.0248479'), ('3138', '2', '10', '2015-07-07 00:09:05', null, '', '0.609368'), ('3139', '3', '10', '2015-07-07 00:09:05', null, '', '0.972296'), ('3140', '4', '10', '2015-07-07 00:09:05', null, '', '0.0333743'), ('3141', '5', '10', '2015-07-07 00:09:05', null, '', '0.249985'), ('3142', '6', '10', '2015-07-07 00:09:05', null, '', '0.149802'), ('3143', '1', '11', '2015-07-07 00:09:05', null, '', '0.999053'), ('3144', '2', '11', '2015-07-07 00:09:05', null, '', '0.545861'), ('3145', '3', '11', '2015-07-07 00:09:05', null, '', '0.732145'), ('3146', '4', '11', '2015-07-07 00:09:05', null, '', '0.023144'), ('3147', '5', '11', '2015-07-07 00:09:05', null, '', '0.919284'), ('3148', '6', '11', '2015-07-07 00:09:05', null, '', '0.526987'), ('3210', '1', '1', '2015-08-06 00:09:05', null, '', '0.877085'), ('3211', '2', '1', '2015-08-06 00:09:05', null, '', '0.804462'), ('3212', '3', '1', '2015-08-06 00:09:05', null, '', '0.391057'), ('3213', '4', '1', '2015-08-06 00:09:05', null, '', '0.541899'), ('3214', '5', '1', '2015-08-06 00:09:05', null, '', '0.536323'), ('3215', '6', '1', '2015-08-06 00:09:05', null, '', '0.0559184'), ('3216', '1', '2', '2015-08-06 00:09:05', null, '', '0.670623'), ('3217', '2', '2', '2015-08-06 00:09:05', null, '', '0.18536'), ('3218', '3', '2', '2015-08-06 00:09:05', null, '', '0.91493'), ('3219', '4', '2', '2015-08-06 00:09:05', null, '', '0.0185714'), ('3220', '5', '2', '2015-08-06 00:09:05', null, '', '0.348067'), ('3221', '6', '2', '2015-08-06 00:09:05', null, '', '0.684618'), ('3222', '1', '3', '2015-08-06 00:09:05', null, '', '0.378893'), ('3223', '2', '3', '2015-08-06 00:09:05', null, '', '0.840609'), ('3224', '3', '3', '2015-08-06 00:09:05', null, '', '0.0663665'), ('3225', '4', '3', '2015-08-06 00:09:05', null, '', '0.810005'), ('3226', '5', '3', '2015-08-06 00:09:05', null, '', '0.850927'), ('3227', '6', '3', '2015-08-06 00:09:05', null, '', '0.824619'), ('3228', '1', '4', '2015-08-06 00:09:05', null, '', '0.570314'), ('3229', '2', '4', '2015-08-06 00:09:05', null, '', '0.377714'), ('3230', '3', '4', '2015-08-06 00:09:05', null, '', '0.177629'), ('3231', '4', '4', '2015-08-06 00:09:05', null, '', '0.755003'), ('3232', '5', '4', '2015-08-06 00:09:05', null, '', '0.242126'), ('3233', '6', '4', '2015-08-06 00:09:05', null, '', '0.945623'), ('3234', '1', '5', '2015-08-06 00:09:05', null, '', '0.0017345'), ('3235', '2', '5', '2015-08-06 00:09:05', null, '', '0.171805'), ('3236', '3', '5', '2015-08-06 00:09:05', null, '', '0.85382'), ('3237', '4', '5', '2015-08-06 00:09:05', null, '', '0.753688'), ('3238', '5', '5', '2015-08-06 00:09:05', null, '', '0.206978'), ('3239', '6', '5', '2015-08-06 00:09:05', null, '', '0.773826'), ('3240', '1', '6', '2015-08-06 00:09:05', null, '', '0.248197'), ('3241', '2', '6', '2015-08-06 00:09:05', null, '', '0.919508'), ('3242', '3', '6', '2015-08-06 00:09:05', null, '', '0.852947'), ('3243', '4', '6', '2015-08-06 00:09:05', null, '', '0.50621'), ('3244', '5', '6', '2015-08-06 00:09:05', null, '', '0.972212'), ('3245', '6', '6', '2015-08-06 00:09:05', null, '', '0.342429'), ('3246', '1', '7', '2015-08-06 00:09:05', null, '', '0.795507'), ('3247', '2', '7', '2015-08-06 00:09:05', null, '', '0.950251'), ('3248', '3', '7', '2015-08-06 00:09:05', null, '', '0.364733'), ('3249', '4', '7', '2015-08-06 00:09:05', null, '', '0.972914'), ('3250', '5', '7', '2015-08-06 00:09:05', null, '', '0.770369'), ('3251', '6', '7', '2015-08-06 00:09:05', null, '', '0.933104'), ('3252', '1', '8', '2015-08-06 00:09:05', null, '', '0.354411'), ('3253', '2', '8', '2015-08-06 00:09:05', null, '', '0.972744'), ('3254', '3', '8', '2015-08-06 00:09:05', null, '', '0.800487'), ('3255', '4', '8', '2015-08-06 00:09:05', null, '', '0.0842043'), ('3256', '5', '8', '2015-08-06 00:09:05', null, '', '0.0195597'), ('3257', '6', '8', '2015-08-06 00:09:05', null, '', '0.845186'), ('3258', '1', '9', '2015-08-06 00:09:05', null, '', '0.167249'), ('3259', '2', '9', '2015-08-06 00:09:05', null, '', '0.300689'), ('3260', '3', '9', '2015-08-06 00:09:05', null, '', '0.00169671'), ('3261', '4', '9', '2015-08-06 00:09:05', null, '', '0.106417'), ('3262', '5', '9', '2015-08-06 00:09:05', null, '', '0.526995'), ('3263', '6', '9', '2015-08-06 00:09:05', null, '', '0.315726'), ('3264', '1', '10', '2015-08-06 00:09:05', null, '', '0.997643'), ('3265', '2', '10', '2015-08-06 00:09:05', null, '', '0.0410367'), ('3266', '3', '10', '2015-08-06 00:09:05', null, '', '0.212255'), ('3267', '4', '10', '2015-08-06 00:09:05', null, '', '0.938164'), ('3268', '5', '10', '2015-08-06 00:09:05', null, '', '0.0540578'), ('3269', '6', '10', '2015-08-06 00:09:05', null, '', '0.455796'), ('3270', '1', '11', '2015-08-06 00:09:05', null, '', '0.116805'), ('3271', '2', '11', '2015-08-06 00:09:05', null, '', '0.216636'), ('3272', '3', '11', '2015-08-06 00:09:05', null, '', '0.732767'), ('3273', '4', '11', '2015-08-06 00:09:05', null, '', '0.0139254'), ('3274', '5', '11', '2015-08-06 00:09:05', null, '', '0.871327'), ('3275', '6', '11', '2015-08-06 00:09:05', null, '', '0.314859'), ('3337', '1', '1', '2015-09-05 00:09:05', null, '', '0.960314'), ('3338', '2', '1', '2015-09-05 00:09:05', null, '', '0.856994'), ('3339', '3', '1', '2015-09-05 00:09:05', null, '', '0.404028'), ('3340', '4', '1', '2015-09-05 00:09:05', null, '', '0.449157'), ('3341', '5', '1', '2015-09-05 00:09:05', null, '', '0.0337004'), ('3342', '6', '1', '2015-09-05 00:09:05', null, '', '0.821032'), ('3343', '1', '2', '2015-09-05 00:09:05', null, '', '0.0040582'), ('3344', '2', '2', '2015-09-05 00:09:05', null, '', '0.557195'), ('3345', '3', '2', '2015-09-05 00:09:05', null, '', '0.773802'), ('3346', '4', '2', '2015-09-05 00:09:05', null, '', '0.197425'), ('3347', '5', '2', '2015-09-05 00:09:05', null, '', '0.665716'), ('3348', '6', '2', '2015-09-05 00:09:05', null, '', '0.736309'), ('3349', '1', '3', '2015-09-05 00:09:05', null, '', '0.684394'), ('3350', '2', '3', '2015-09-05 00:09:05', null, '', '0.213046'), ('3351', '3', '3', '2015-09-05 00:09:05', null, '', '0.0120476'), ('3352', '4', '3', '2015-09-05 00:09:05', null, '', '0.421099'), ('3353', '5', '3', '2015-09-05 00:09:05', null, '', '0.0693532'), ('3354', '6', '3', '2015-09-05 00:09:05', null, '', '0.0834686'), ('3355', '1', '4', '2015-09-05 00:09:05', null, '', '0.209283'), ('3356', '2', '4', '2015-09-05 00:09:05', null, '', '0.796011'), ('3357', '3', '4', '2015-09-05 00:09:05', null, '', '0.352206'), ('3358', '4', '4', '2015-09-05 00:09:05', null, '', '0.372997'), ('3359', '5', '4', '2015-09-05 00:09:05', null, '', '0.808368'), ('3360', '6', '4', '2015-09-05 00:09:05', null, '', '0.922847'), ('3361', '1', '5', '2015-09-05 00:09:05', null, '', '0.189132'), ('3362', '2', '5', '2015-09-05 00:09:05', null, '', '0.177117'), ('3363', '3', '5', '2015-09-05 00:09:05', null, '', '0.318192'), ('3364', '4', '5', '2015-09-05 00:09:05', null, '', '0.0596093'), ('3365', '5', '5', '2015-09-05 00:09:05', null, '', '0.343469'), ('3366', '6', '5', '2015-09-05 00:09:05', null, '', '0.538519'), ('3367', '1', '6', '2015-09-05 00:09:05', null, '', '0.662187'), ('3368', '2', '6', '2015-09-05 00:09:05', null, '', '0.695378'), ('3369', '3', '6', '2015-09-05 00:09:05', null, '', '0.49033'), ('3370', '4', '6', '2015-09-05 00:09:05', null, '', '0.365517'), ('3371', '5', '6', '2015-09-05 00:09:05', null, '', '0.356596'), ('3372', '6', '6', '2015-09-05 00:09:05', null, '', '0.686427'), ('3373', '1', '7', '2015-09-05 00:09:05', null, '', '0.362345'), ('3374', '2', '7', '2015-09-05 00:09:05', null, '', '0.752448'), ('3375', '3', '7', '2015-09-05 00:09:05', null, '', '0.675203'), ('3376', '4', '7', '2015-09-05 00:09:05', null, '', '0.118671'), ('3377', '5', '7', '2015-09-05 00:09:05', null, '', '0.567746'), ('3378', '6', '7', '2015-09-05 00:09:05', null, '', '0.482716'), ('3379', '1', '8', '2015-09-05 00:09:05', null, '', '0.710341'), ('3380', '2', '8', '2015-09-05 00:09:05', null, '', '0.103558'), ('3381', '3', '8', '2015-09-05 00:09:05', null, '', '0.386768'), ('3382', '4', '8', '2015-09-05 00:09:05', null, '', '0.623165'), ('3383', '5', '8', '2015-09-05 00:09:05', null, '', '0.955522'), ('3384', '6', '8', '2015-09-05 00:09:05', null, '', '0.908115'), ('3385', '1', '9', '2015-09-05 00:09:05', null, '', '0.674009'), ('3386', '2', '9', '2015-09-05 00:09:05', null, '', '0.645702'), ('3387', '3', '9', '2015-09-05 00:09:05', null, '', '0.20648'), ('3388', '4', '9', '2015-09-05 00:09:05', null, '', '0.095295'), ('3389', '5', '9', '2015-09-05 00:09:05', null, '', '0.857035'), ('3390', '6', '9', '2015-09-05 00:09:05', null, '', '0.99929'), ('3391', '1', '10', '2015-09-05 00:09:05', null, '', '0.425346'), ('3392', '2', '10', '2015-09-05 00:09:05', null, '', '0.128858'), ('3393', '3', '10', '2015-09-05 00:09:05', null, '', '0.368253'), ('3394', '4', '10', '2015-09-05 00:09:05', null, '', '0.454691'), ('3395', '5', '10', '2015-09-05 00:09:05', null, '', '0.168698'), ('3396', '6', '10', '2015-09-05 00:09:05', null, '', '0.479416'), ('3397', '1', '11', '2015-09-05 00:09:05', null, '', '0.890985'), ('3398', '2', '11', '2015-09-05 00:09:05', null, '', '0.0166795'), ('3399', '3', '11', '2015-09-05 00:09:05', null, '', '0.410441'), ('3400', '4', '11', '2015-09-05 00:09:05', null, '', '0.00216766'), ('3401', '5', '11', '2015-09-05 00:09:05', null, '', '0.779515'), ('3402', '6', '11', '2015-09-05 00:09:05', null, '', '0.89107'), ('3464', '1', '1', '2015-10-05 00:09:05', null, '', '0.116807'), ('3465', '2', '1', '2015-10-05 00:09:05', null, '', '0.910825'), ('3466', '3', '1', '2015-10-05 00:09:05', null, '', '0.203706'), ('3467', '4', '1', '2015-10-05 00:09:05', null, '', '0.286052'), ('3468', '5', '1', '2015-10-05 00:09:05', null, '', '0.819144'), ('3469', '6', '1', '2015-10-05 00:09:05', null, '', '0.237565'), ('3470', '1', '2', '2015-10-05 00:09:05', null, '', '0.730393'), ('3471', '2', '2', '2015-10-05 00:09:05', null, '', '0.939271'), ('3472', '3', '2', '2015-10-05 00:09:05', null, '', '0.505174'), ('3473', '4', '2', '2015-10-05 00:09:05', null, '', '0.708058'), ('3474', '5', '2', '2015-10-05 00:09:05', null, '', '0.0247681'), ('3475', '6', '2', '2015-10-05 00:09:05', null, '', '0.999666'), ('3476', '1', '3', '2015-10-05 00:09:05', null, '', '0.924027'), ('3477', '2', '3', '2015-10-05 00:09:05', null, '', '0.621135'), ('3478', '3', '3', '2015-10-05 00:09:05', null, '', '0.333594'), ('3479', '4', '3', '2015-10-05 00:09:05', null, '', '0.804564'), ('3480', '5', '3', '2015-10-05 00:09:05', null, '', '0.0220394'), ('3481', '6', '3', '2015-10-05 00:09:05', null, '', '0.696505'), ('3482', '1', '4', '2015-10-05 00:09:05', null, '', '0.416406'), ('3483', '2', '4', '2015-10-05 00:09:05', null, '', '0.992514'), ('3484', '3', '4', '2015-10-05 00:09:05', null, '', '0.713354'), ('3485', '4', '4', '2015-10-05 00:09:05', null, '', '0.589228'), ('3486', '5', '4', '2015-10-05 00:09:05', null, '', '0.806077'), ('3487', '6', '4', '2015-10-05 00:09:05', null, '', '0.262701'), ('3488', '1', '5', '2015-10-05 00:09:05', null, '', '0.895275'), ('3489', '2', '5', '2015-10-05 00:09:05', null, '', '0.688273'), ('3490', '3', '5', '2015-10-05 00:09:05', null, '', '0.755538'), ('3491', '4', '5', '2015-10-05 00:09:05', null, '', '0.712872'), ('3492', '5', '5', '2015-10-05 00:09:05', null, '', '0.297746'), ('3493', '6', '5', '2015-10-05 00:09:05', null, '', '0.350115'), ('3494', '1', '6', '2015-10-05 00:09:05', null, '', '0.857337'), ('3495', '2', '6', '2015-10-05 00:09:05', null, '', '0.236341'), ('3496', '3', '6', '2015-10-05 00:09:05', null, '', '0.609694'), ('3497', '4', '6', '2015-10-05 00:09:05', null, '', '0.339445'), ('3498', '5', '6', '2015-10-05 00:09:05', null, '', '0.868143'), ('3499', '6', '6', '2015-10-05 00:09:05', null, '', '0.322383'), ('3500', '1', '7', '2015-10-05 00:09:05', null, '', '0.0074829'), ('3501', '2', '7', '2015-10-05 00:09:05', null, '', '0.0702666'), ('3502', '3', '7', '2015-10-05 00:09:05', null, '', '0.328884'), ('3503', '4', '7', '2015-10-05 00:09:05', null, '', '0.433622'), ('3504', '5', '7', '2015-10-05 00:09:05', null, '', '0.181457'), ('3505', '6', '7', '2015-10-05 00:09:05', null, '', '0.606419'), ('3506', '1', '8', '2015-10-05 00:09:05', null, '', '0.487723'), ('3507', '2', '8', '2015-10-05 00:09:05', null, '', '0.619357'), ('3508', '3', '8', '2015-10-05 00:09:05', null, '', '0.633617'), ('3509', '4', '8', '2015-10-05 00:09:05', null, '', '0.310015'), ('3510', '5', '8', '2015-10-05 00:09:05', null, '', '0.649222'), ('3511', '6', '8', '2015-10-05 00:09:05', null, '', '0.316067'), ('3512', '1', '9', '2015-10-05 00:09:05', null, '', '0.63267'), ('3513', '2', '9', '2015-10-05 00:09:05', null, '', '0.215148'), ('3514', '3', '9', '2015-10-05 00:09:05', null, '', '0.177729'), ('3515', '4', '9', '2015-10-05 00:09:05', null, '', '0.243203'), ('3516', '5', '9', '2015-10-05 00:09:05', null, '', '0.682828'), ('3517', '6', '9', '2015-10-05 00:09:05', null, '', '0.684532'), ('3518', '1', '10', '2015-10-05 00:09:05', null, '', '0.374173'), ('3519', '2', '10', '2015-10-05 00:09:05', null, '', '0.81727'), ('3520', '3', '10', '2015-10-05 00:09:05', null, '', '0.963833'), ('3521', '4', '10', '2015-10-05 00:09:05', null, '', '0.367355'), ('3522', '5', '10', '2015-10-05 00:09:05', null, '', '0.945275'), ('3523', '6', '10', '2015-10-05 00:09:05', null, '', '0.624311'), ('3524', '1', '11', '2015-10-05 00:09:05', null, '', '0.28573'), ('3525', '2', '11', '2015-10-05 00:09:05', null, '', '0.555717'), ('3526', '3', '11', '2015-10-05 00:09:05', null, '', '0.921396'), ('3527', '4', '11', '2015-10-05 00:09:05', null, '', '0.939826'), ('3528', '5', '11', '2015-10-05 00:09:05', null, '', '0.934944'), ('3529', '6', '11', '2015-10-05 00:09:05', null, '', '0.855242'), ('3591', '1', '1', '2015-11-04 00:09:05', null, '', '0.471377'), ('3592', '2', '1', '2015-11-04 00:09:05', null, '', '0.791161'), ('3593', '3', '1', '2015-11-04 00:09:05', null, '', '0.541675'), ('3594', '4', '1', '2015-11-04 00:09:05', null, '', '0.334891'), ('3595', '5', '1', '2015-11-04 00:09:05', null, '', '0.0494299'), ('3596', '6', '1', '2015-11-04 00:09:05', null, '', '0.242476'), ('3597', '1', '2', '2015-11-04 00:09:05', null, '', '0.0640924'), ('3598', '2', '2', '2015-11-04 00:09:05', null, '', '0.593033'), ('3599', '3', '2', '2015-11-04 00:09:05', null, '', '0.772887'), ('3600', '4', '2', '2015-11-04 00:09:05', null, '', '0.0853353'), ('3601', '5', '2', '2015-11-04 00:09:05', null, '', '0.108017'), ('3602', '6', '2', '2015-11-04 00:09:05', null, '', '0.284077'), ('3603', '1', '3', '2015-11-04 00:09:05', null, '', '0.0963343'), ('3604', '2', '3', '2015-11-04 00:09:05', null, '', '0.629441'), ('3605', '3', '3', '2015-11-04 00:09:05', null, '', '0.858203'), ('3606', '4', '3', '2015-11-04 00:09:05', null, '', '0.402691'), ('3607', '5', '3', '2015-11-04 00:09:05', null, '', '0.438846'), ('3608', '6', '3', '2015-11-04 00:09:05', null, '', '0.986158'), ('3609', '1', '4', '2015-11-04 00:09:05', null, '', '0.614253'), ('3610', '2', '4', '2015-11-04 00:09:05', null, '', '0.11279'), ('3611', '3', '4', '2015-11-04 00:09:05', null, '', '0.721191'), ('3612', '4', '4', '2015-11-04 00:09:05', null, '', '0.267586'), ('3613', '5', '4', '2015-11-04 00:09:05', null, '', '0.174356'), ('3614', '6', '4', '2015-11-04 00:09:05', null, '', '0.0690227'), ('3615', '1', '5', '2015-11-04 00:09:05', null, '', '0.822045'), ('3616', '2', '5', '2015-11-04 00:09:05', null, '', '0.903159'), ('3617', '3', '5', '2015-11-04 00:09:05', null, '', '0.049657'), ('3618', '4', '5', '2015-11-04 00:09:05', null, '', '0.538809'), ('3619', '5', '5', '2015-11-04 00:09:05', null, '', '0.545075'), ('3620', '6', '5', '2015-11-04 00:09:05', null, '', '0.108946'), ('3621', '1', '6', '2015-11-04 00:09:05', null, '', '0.909507'), ('3622', '2', '6', '2015-11-04 00:09:05', null, '', '0.220695'), ('3623', '3', '6', '2015-11-04 00:09:05', null, '', '0.374955'), ('3624', '4', '6', '2015-11-04 00:09:05', null, '', '0.21269'), ('3625', '5', '6', '2015-11-04 00:09:05', null, '', '0.938586'), ('3626', '6', '6', '2015-11-04 00:09:05', null, '', '0.054859'), ('3627', '1', '7', '2015-11-04 00:09:05', null, '', '0.458537'), ('3628', '2', '7', '2015-11-04 00:09:05', null, '', '0.12811'), ('3629', '3', '7', '2015-11-04 00:09:05', null, '', '0.264937'), ('3630', '4', '7', '2015-11-04 00:09:05', null, '', '0.940358'), ('3631', '5', '7', '2015-11-04 00:09:05', null, '', '0.906976'), ('3632', '6', '7', '2015-11-04 00:09:05', null, '', '0.713807'), ('3633', '1', '8', '2015-11-04 00:09:05', null, '', '0.848105'), ('3634', '2', '8', '2015-11-04 00:09:05', null, '', '0.0991072'), ('3635', '3', '8', '2015-11-04 00:09:05', null, '', '0.95122'), ('3636', '4', '8', '2015-11-04 00:09:05', null, '', '0.458777'), ('3637', '5', '8', '2015-11-04 00:09:05', null, '', '0.440226'), ('3638', '6', '8', '2015-11-04 00:09:05', null, '', '0.824798'), ('3639', '1', '9', '2015-11-04 00:09:05', null, '', '0.803314'), ('3640', '2', '9', '2015-11-04 00:09:05', null, '', '0.542175'), ('3641', '3', '9', '2015-11-04 00:09:05', null, '', '0.300935'), ('3642', '4', '9', '2015-11-04 00:09:05', null, '', '0.878148'), ('3643', '5', '9', '2015-11-04 00:09:05', null, '', '0.487937'), ('3644', '6', '9', '2015-11-04 00:09:05', null, '', '0.80524'), ('3645', '1', '10', '2015-11-04 00:09:05', null, '', '0.562391'), ('3646', '2', '10', '2015-11-04 00:09:05', null, '', '0.396234'), ('3647', '3', '10', '2015-11-04 00:09:05', null, '', '0.293996'), ('3648', '4', '10', '2015-11-04 00:09:05', null, '', '0.281277'), ('3649', '5', '10', '2015-11-04 00:09:05', null, '', '0.524396'), ('3650', '6', '10', '2015-11-04 00:09:05', null, '', '0.778152'), ('3651', '1', '11', '2015-11-04 00:09:05', null, '', '0.317572'), ('3652', '2', '11', '2015-11-04 00:09:05', null, '', '0.253405'), ('3653', '3', '11', '2015-11-04 00:09:05', null, '', '0.314309'), ('3654', '4', '11', '2015-11-04 00:09:05', null, '', '0.811329'), ('3655', '5', '11', '2015-11-04 00:09:05', null, '', '0.113717'), ('3656', '6', '11', '2015-11-04 00:09:05', null, '', '0.134598'), ('3718', '1', '1', '2015-12-04 00:09:05', null, '', '0.331838'), ('3719', '2', '1', '2015-12-04 00:09:05', null, '', '0.255397'), ('3720', '3', '1', '2015-12-04 00:09:05', null, '', '0.281472'), ('3721', '4', '1', '2015-12-04 00:09:05', null, '', '0.641168'), ('3722', '5', '1', '2015-12-04 00:09:05', null, '', '0.361426'), ('3723', '6', '1', '2015-12-04 00:09:05', null, '', '0.883623'), ('3724', '1', '2', '2015-12-04 00:09:05', null, '', '0.33384'), ('3725', '2', '2', '2015-12-04 00:09:05', null, '', '0.0183304'), ('3726', '3', '2', '2015-12-04 00:09:05', null, '', '0.0901317'), ('3727', '4', '2', '2015-12-04 00:09:05', null, '', '0.395667'), ('3728', '5', '2', '2015-12-04 00:09:05', null, '', '0.707941'), ('3729', '6', '2', '2015-12-04 00:09:05', null, '', '0.352702'), ('3730', '1', '3', '2015-12-04 00:09:05', null, '', '0.639686'), ('3731', '2', '3', '2015-12-04 00:09:05', null, '', '0.140327'), ('3732', '3', '3', '2015-12-04 00:09:05', null, '', '0.782574'), ('3733', '4', '3', '2015-12-04 00:09:05', null, '', '0.491891'), ('3734', '5', '3', '2015-12-04 00:09:05', null, '', '0.111733'), ('3735', '6', '3', '2015-12-04 00:09:05', null, '', '0.0829915'), ('3736', '1', '4', '2015-12-04 00:09:05', null, '', '0.0797589'), ('3737', '2', '4', '2015-12-04 00:09:05', null, '', '0.14982'), ('3738', '3', '4', '2015-12-04 00:09:05', null, '', '0.509822'), ('3739', '4', '4', '2015-12-04 00:09:05', null, '', '0.0996508'), ('3740', '5', '4', '2015-12-04 00:09:05', null, '', '0.968788'), ('3741', '6', '4', '2015-12-04 00:09:05', null, '', '0.544988'), ('3742', '1', '5', '2015-12-04 00:09:05', null, '', '0.818577'), ('3743', '2', '5', '2015-12-04 00:09:05', null, '', '0.457921'), ('3744', '3', '5', '2015-12-04 00:09:05', null, '', '0.833876'), ('3745', '4', '5', '2015-12-04 00:09:05', null, '', '0.795613'), ('3746', '5', '5', '2015-12-04 00:09:05', null, '', '0.476439'), ('3747', '6', '5', '2015-12-04 00:09:05', null, '', '0.995358'), ('3748', '1', '6', '2015-12-04 00:09:05', null, '', '0.54747'), ('3749', '2', '6', '2015-12-04 00:09:05', null, '', '0.751276'), ('3750', '3', '6', '2015-12-04 00:09:05', null, '', '0.113972'), ('3751', '4', '6', '2015-12-04 00:09:05', null, '', '0.31603'), ('3752', '5', '6', '2015-12-04 00:09:05', null, '', '0.238235'), ('3753', '6', '6', '2015-12-04 00:09:05', null, '', '0.243084'), ('3754', '1', '7', '2015-12-04 00:09:05', null, '', '0.500718'), ('3755', '2', '7', '2015-12-04 00:09:05', null, '', '0.774334'), ('3756', '3', '7', '2015-12-04 00:09:05', null, '', '0.36952'), ('3757', '4', '7', '2015-12-04 00:09:05', null, '', '0.524595'), ('3758', '5', '7', '2015-12-04 00:09:05', null, '', '0.514416'), ('3759', '6', '7', '2015-12-04 00:09:05', null, '', '0.998295'), ('3760', '1', '8', '2015-12-04 00:09:05', null, '', '0.448227'), ('3761', '2', '8', '2015-12-04 00:09:05', null, '', '0.246249'), ('3762', '3', '8', '2015-12-04 00:09:05', null, '', '0.886565'), ('3763', '4', '8', '2015-12-04 00:09:05', null, '', '0.69408'), ('3764', '5', '8', '2015-12-04 00:09:05', null, '', '0.810701'), ('3765', '6', '8', '2015-12-04 00:09:05', null, '', '0.971269'), ('3766', '1', '9', '2015-12-04 00:09:05', null, '', '0.42424'), ('3767', '2', '9', '2015-12-04 00:09:05', null, '', '0.207395'), ('3768', '3', '9', '2015-12-04 00:09:05', null, '', '0.764255'), ('3769', '4', '9', '2015-12-04 00:09:05', null, '', '0.19909'), ('3770', '5', '9', '2015-12-04 00:09:05', null, '', '0.702686'), ('3771', '6', '9', '2015-12-04 00:09:05', null, '', '0.916159'), ('3772', '1', '10', '2015-12-04 00:09:05', null, '', '0.472737'), ('3773', '2', '10', '2015-12-04 00:09:05', null, '', '0.615209'), ('3774', '3', '10', '2015-12-04 00:09:05', null, '', '0.657835'), ('3775', '4', '10', '2015-12-04 00:09:05', null, '', '0.443546'), ('3776', '5', '10', '2015-12-04 00:09:05', null, '', '0.244227'), ('3777', '6', '10', '2015-12-04 00:09:05', null, '', '0.890498'), ('3778', '1', '11', '2015-12-04 00:09:05', null, '', '0.719807'), ('3779', '2', '11', '2015-12-04 00:09:05', null, '', '0.927542'), ('3780', '3', '11', '2015-12-04 00:09:05', null, '', '0.478288'), ('3781', '4', '11', '2015-12-04 00:09:05', null, '', '0.608816'), ('3782', '5', '11', '2015-12-04 00:09:05', null, '', '0.609215'), ('3783', '6', '11', '2015-12-04 00:09:05', null, '', '0.219626'), ('3845', '1', '1', '2016-01-03 00:09:05', null, '', '0.270484'), ('3846', '2', '1', '2016-01-03 00:09:05', null, '', '0.693543'), ('3847', '3', '1', '2016-01-03 00:09:05', null, '', '0.656262'), ('3848', '4', '1', '2016-01-03 00:09:05', null, '', '0.200682'), ('3849', '5', '1', '2016-01-03 00:09:05', null, '', '0.0346249'), ('3850', '6', '1', '2016-01-03 00:09:05', null, '', '0.571078'), ('3851', '1', '2', '2016-01-03 00:09:05', null, '', '0.751515'), ('3852', '2', '2', '2016-01-03 00:09:05', null, '', '0.0443393'), ('3853', '3', '2', '2016-01-03 00:09:05', null, '', '0.967153'), ('3854', '4', '2', '2016-01-03 00:09:05', null, '', '0.702747'), ('3855', '5', '2', '2016-01-03 00:09:05', null, '', '0.612275'), ('3856', '6', '2', '2016-01-03 00:09:05', null, '', '0.953137'), ('3857', '1', '3', '2016-01-03 00:09:05', null, '', '0.928858'), ('3858', '2', '3', '2016-01-03 00:09:05', null, '', '0.78488'), ('3859', '3', '3', '2016-01-03 00:09:05', null, '', '0.137826'), ('3860', '4', '3', '2016-01-03 00:09:05', null, '', '0.334492'), ('3861', '5', '3', '2016-01-03 00:09:05', null, '', '0.258979'), ('3862', '6', '3', '2016-01-03 00:09:05', null, '', '0.291418'), ('3863', '1', '4', '2016-01-03 00:09:05', null, '', '0.680156'), ('3864', '2', '4', '2016-01-03 00:09:05', null, '', '0.526525'), ('3865', '3', '4', '2016-01-03 00:09:05', null, '', '0.592156'), ('3866', '4', '4', '2016-01-03 00:09:05', null, '', '0.381204'), ('3867', '5', '4', '2016-01-03 00:09:05', null, '', '0.129554'), ('3868', '6', '4', '2016-01-03 00:09:05', null, '', '0.504158'), ('3869', '1', '5', '2016-01-03 00:09:05', null, '', '0.132127'), ('3870', '2', '5', '2016-01-03 00:09:05', null, '', '0.14816'), ('3871', '3', '5', '2016-01-03 00:09:05', null, '', '0.344421'), ('3872', '4', '5', '2016-01-03 00:09:05', null, '', '0.277626'), ('3873', '5', '5', '2016-01-03 00:09:05', null, '', '0.354867'), ('3874', '6', '5', '2016-01-03 00:09:05', null, '', '0.941455'), ('3875', '1', '6', '2016-01-03 00:09:05', null, '', '0.642676'), ('3876', '2', '6', '2016-01-03 00:09:05', null, '', '0.389014'), ('3877', '3', '6', '2016-01-03 00:09:05', null, '', '0.0170435'), ('3878', '4', '6', '2016-01-03 00:09:05', null, '', '0.918175'), ('3879', '5', '6', '2016-01-03 00:09:05', null, '', '0.539743'), ('3880', '6', '6', '2016-01-03 00:09:05', null, '', '0.944191'), ('3881', '1', '7', '2016-01-03 00:09:05', null, '', '0.101724'), ('3882', '2', '7', '2016-01-03 00:09:05', null, '', '0.676049'), ('3883', '3', '7', '2016-01-03 00:09:05', null, '', '0.0750744'), ('3884', '4', '7', '2016-01-03 00:09:05', null, '', '0.347224'), ('3885', '5', '7', '2016-01-03 00:09:05', null, '', '0.510896'), ('3886', '6', '7', '2016-01-03 00:09:05', null, '', '0.51281'), ('3887', '1', '8', '2016-01-03 00:09:05', null, '', '0.0313625'), ('3888', '2', '8', '2016-01-03 00:09:05', null, '', '0.618381'), ('3889', '3', '8', '2016-01-03 00:09:05', null, '', '0.99782'), ('3890', '4', '8', '2016-01-03 00:09:05', null, '', '0.133955'), ('3891', '5', '8', '2016-01-03 00:09:05', null, '', '0.676313'), ('3892', '6', '8', '2016-01-03 00:09:05', null, '', '0.979703'), ('3893', '1', '9', '2016-01-03 00:09:05', null, '', '0.869577'), ('3894', '2', '9', '2016-01-03 00:09:05', null, '', '0.408776'), ('3895', '3', '9', '2016-01-03 00:09:05', null, '', '0.435147'), ('3896', '4', '9', '2016-01-03 00:09:05', null, '', '0.949407'), ('3897', '5', '9', '2016-01-03 00:09:05', null, '', '0.441595'), ('3898', '6', '9', '2016-01-03 00:09:05', null, '', '0.359756'), ('3899', '1', '10', '2016-01-03 00:09:05', null, '', '0.473993'), ('3900', '2', '10', '2016-01-03 00:09:05', null, '', '0.290698'), ('3901', '3', '10', '2016-01-03 00:09:05', null, '', '0.0315085'), ('3902', '4', '10', '2016-01-03 00:09:05', null, '', '0.28545'), ('3903', '5', '10', '2016-01-03 00:09:05', null, '', '0.332725'), ('3904', '6', '10', '2016-01-03 00:09:05', null, '', '0.807273'), ('3905', '1', '11', '2016-01-03 00:09:05', null, '', '0.0381897'), ('3906', '2', '11', '2016-01-03 00:09:05', null, '', '0.769131'), ('3907', '3', '11', '2016-01-03 00:09:05', null, '', '0.731084'), ('3908', '4', '11', '2016-01-03 00:09:05', null, '', '0.348028'), ('3909', '5', '11', '2016-01-03 00:09:05', null, '', '0.54689'), ('3910', '6', '11', '2016-01-03 00:09:05', null, '', '0.690365');
COMMIT;

-- ----------------------------
--  Table structure for `outcome`
-- ----------------------------
DROP TABLE IF EXISTS `outcome`;
CREATE TABLE `outcome` (
  `id` int(11) NOT NULL AUTO_INCREMENT,
  `number` varchar(40) DEFAULT NULL,
  `name` varchar(500) NOT NULL,
  `summary` varchar(5000) DEFAULT NULL,
  `calc_method_id` char(1) DEFAULT NULL,
  `method` char(1) NOT NULL DEFAULT 'M',
  `sort_order` int(11) NOT NULL DEFAULT '0',
  PRIMARY KEY (`id`),
  UNIQUE KEY `unique_id` (`id`)
) ENGINE=InnoDB AUTO_INCREMENT=12 DEFAULT CHARSET=utf8 ROW_FORMAT=COMPACT;

-- ----------------------------
--  Records of `outcome`
-- ----------------------------
BEGIN;
INSERT INTO `outcome` VALUES ('1', '1.2', 'Incorrect DAW Events', 'How well we are doing with respect to the frequency of mis-labeled medication events.', null, 'D', '1'), ('2', '1.2', 'Incorrect DAW Events', 'How well we are doing with respect to the frequency of mis-labeled medication events.', null, 'D', '2'), ('3', '1.3', 'Customer Complaints about Staff', 'How well we are doing with respect to the frequency of customer complaints about staff behavior or treatment.', null, 'M', '3'), ('4', '1.4', 'Missed Drug Interactions', 'The frequency of missed drug interaction events.', null, 'D', '4'), ('5', '1.5', 'Preventive Care Opportunities Missed', 'How well we are doing in identifying and acting on preventive care opportunities.', null, 'M', '5'), ('6', '1.6', 'Time-to Fill for Prescriptions', 'The timelieness of prescription fills.', null, 'M', '6'), ('7', '1.7', 'Incorrect Directions Events', 'How often we have incorrect directions events.', null, 'D', '7'), ('8', '1.8', 'Incorrect Dosage Form Events', 'The frequency of incorrect dosage form events.', null, 'D', '8'), ('9', '1.9', 'Incorrect Release Form Events', 'The frequency of incorrect release form events.', null, 'D', '9'), ('10', '1.10', 'Timeliness Complaint Events', 'The frequency of customer complaints about timeliness of prescription fills.', null, 'M', '10'), ('11', '1.11', 'Customer Service Complaint Events', 'The frequency of customer complaints about service.', null, 'M', '11');
COMMIT;

-- ----------------------------
--  Table structure for `outcome_alignment`
-- ----------------------------
DROP TABLE IF EXISTS `outcome_alignment`;
CREATE TABLE `outcome_alignment` (
  `id` int(11) NOT NULL AUTO_INCREMENT,
  `outcome_id` int(11) NOT NULL,
  `question_id` int(11) NOT NULL,
  `weight` int(11) NOT NULL DEFAULT '1',
  `rel_wt` double DEFAULT '0.5',
  PRIMARY KEY (`id`),
  KEY `outcome_id_index` (`outcome_id`),
  KEY `question_id_index` (`question_id`),
  CONSTRAINT `outcome_alignment_ibfk_1` FOREIGN KEY (`outcome_id`) REFERENCES `outcome` (`id`),
  CONSTRAINT `outcome_alignment_ibfk_2` FOREIGN KEY (`question_id`) REFERENCES `question` (`id`)
) ENGINE=InnoDB AUTO_INCREMENT=93 DEFAULT CHARSET=utf8 ROW_FORMAT=COMPACT;

-- ----------------------------
--  Records of `outcome_alignment`
-- ----------------------------
BEGIN;
INSERT INTO `outcome_alignment` VALUES ('1', '1', '40', '1', '0.5'), ('2', '1', '42', '1', '0.5'), ('3', '1', '46', '1', '0.5'), ('4', '2', '40', '3', '0.5'), ('5', '2', '42', '3', '0.5'), ('6', '2', '46', '3', '0.5'), ('7', '3', '11', '1', '0.5'), ('8', '3', '12', '1', '0.5'), ('9', '3', '13', '1', '0.5'), ('10', '3', '14', '1', '0.5'), ('11', '3', '15', '1', '0.5'), ('12', '4', '30', '1', '0.5'), ('13', '4', '31', '1', '0.5'), ('14', '4', '32', '1', '0.5'), ('15', '4', '33', '1', '0.5'), ('16', '4', '34', '1', '0.5'), ('17', '4', '35', '1', '0.5'), ('18', '4', '36', '1', '0.5'), ('19', '4', '37', '1', '0.5'), ('20', '4', '38', '1', '0.5'), ('21', '4', '39', '1', '0.5'), ('22', '4', '40', '1', '0.5'), ('23', '4', '41', '1', '0.5'), ('24', '4', '42', '1', '0.5'), ('25', '4', '43', '1', '0.5'), ('26', '4', '44', '1', '0.5'), ('27', '4', '45', '1', '0.5'), ('28', '4', '46', '1', '0.5'), ('29', '4', '47', '1', '0.5'), ('30', '4', '48', '1', '0.5'), ('31', '4', '49', '1', '0.5'), ('32', '4', '50', '1', '0.5'), ('33', '4', '51', '1', '0.5'), ('34', '4', '52', '1', '0.5'), ('35', '4', '53', '1', '0.5'), ('36', '4', '54', '1', '0.5'), ('37', '4', '55', '1', '0.5'), ('38', '4', '56', '1', '0.5'), ('39', '4', '57', '1', '0.5'), ('40', '4', '58', '1', '0.5'), ('41', '4', '59', '1', '0.5'), ('42', '4', '60', '1', '0.5'), ('43', '6', '24', '1', '0.5'), ('44', '6', '25', '1', '0.5'), ('45', '6', '26', '1', '0.5'), ('46', '6', '27', '1', '0.5'), ('47', '6', '28', '1', '0.5'), ('48', '6', '30', '1', '0.5'), ('49', '6', '32', '1', '0.5'), ('50', '6', '33', '1', '0.5'), ('51', '6', '39', '1', '0.5'), ('52', '6', '41', '1', '0.5'), ('53', '6', '48', '1', '0.5'), ('54', '6', '51', '1', '0.5'), ('55', '6', '52', '1', '0.5'), ('56', '6', '54', '1', '0.5'), ('57', '6', '55', '1', '0.5'), ('58', '6', '56', '1', '0.5'), ('59', '6', '57', '1', '0.5'), ('60', '6', '60', '1', '0.5'), ('74', '5', '15', '1', '0.5'), ('75', '1', '1', '2', '0.5'), ('76', '1', '40', '1', '0.5'), ('77', '1', '42', '1', '0.5'), ('78', '1', '46', '1', '0.5'), ('79', '10', '1', '3', '0.5'), ('80', '11', '1', '2', '0.5'), ('81', '11', '2', '3', '0.5'), ('82', '11', '3', '3', '0.5'), ('83', '11', '4', '1', '0.5'), ('84', '2', '1', '3', '0.5'), ('85', '2', '2', '2', '0.5'), ('86', '4', '1', '4', '0.5'), ('87', '4', '2', '5', '0.5'), ('88', '4', '3', '1', '0.5'), ('89', '4', '4', '5', '0.5'), ('90', '4', '5', '2', '0.5'), ('91', '1', '2', '5', '0.5'), ('92', '1', '3', '1', '0.5');
COMMIT;

-- ----------------------------
--  Table structure for `outcome_event`
-- ----------------------------
DROP TABLE IF EXISTS `outcome_event`;
CREATE TABLE `outcome_event` (
  `id` int(11) NOT NULL AUTO_INCREMENT,
  `outcome_id` int(11) NOT NULL,
  `member_id` int(11) NOT NULL,
  `occurred` datetime NOT NULL,
  `name` varchar(100) NOT NULL,
  `category` varchar(100) NOT NULL,
  PRIMARY KEY (`id`,`outcome_id`),
  UNIQUE KEY `unique_id` (`id`),
  KEY `outcome_id_index` (`outcome_id`),
  KEY `member_id_index` (`member_id`),
  CONSTRAINT `outcome_event_ibfk_1` FOREIGN KEY (`outcome_id`) REFERENCES `outcome` (`id`),
  CONSTRAINT `outcome_event_ibfk_2` FOREIGN KEY (`member_id`) REFERENCES `member` (`id`)
) ENGINE=InnoDB AUTO_INCREMENT=119 DEFAULT CHARSET=utf8 ROW_FORMAT=COMPACT;

-- ----------------------------
--  Records of `outcome_event`
-- ----------------------------
BEGIN;
INSERT INTO `outcome_event` VALUES ('35', '10', '1', '2015-03-14 12:00:00', 'Customer Service Complaint', 'Code of Conduct'), ('36', '10', '2', '2015-03-14 12:00:00', 'Customer Service Complaint', 'Code of Conduct'), ('37', '10', '3', '2015-03-14 12:00:00', 'Customer Service Complaint', 'Code of Conduct'), ('38', '10', '4', '2015-03-14 12:00:00', 'Customer Service Complaint', 'Code of Conduct'), ('39', '10', '5', '2015-03-14 12:00:00', 'Customer Service Complaint', 'Code of Conduct'), ('40', '10', '6', '2015-03-14 12:00:00', 'Customer Service Complaint', 'Code of Conduct'), ('41', '10', '11', '2015-03-14 12:00:00', 'Customer Service Complaint', 'Code of Conduct'), ('42', '10', '12', '2015-03-14 12:00:00', 'Customer Service Complaint', 'Code of Conduct'), ('43', '10', '13', '2015-03-14 12:00:00', 'Customer Service Complaint', 'Code of Conduct'), ('44', '10', '14', '2015-03-14 12:00:00', 'Customer Service Complaint', 'Code of Conduct'), ('45', '10', '15', '2015-03-14 12:00:00', 'Customer Service Complaint', 'Code of Conduct'), ('46', '10', '7', '2015-03-14 12:00:00', 'Customer Service Complaint', 'Code of Conduct'), ('47', '10', '8', '2015-03-14 12:00:00', 'Customer Service Complaint', 'Code of Conduct'), ('48', '10', '9', '2015-03-14 12:00:00', 'Customer Service Complaint', 'Code of Conduct'), ('49', '10', '10', '2015-03-14 12:00:00', 'Customer Service Complaint', 'Code of Conduct'), ('50', '10', '16', '2015-03-14 12:00:00', 'Customer Service Complaint', 'Code of Conduct'), ('51', '10', '17', '2015-03-14 12:00:00', 'Customer Service Complaint', 'Code of Conduct'), ('52', '10', '18', '2015-03-14 12:00:00', 'Customer Service Complaint', 'Code of Conduct'), ('53', '10', '30', '2015-03-14 12:00:00', 'Customer Service Complaint', 'Code of Conduct'), ('54', '10', '20', '2015-03-14 12:00:00', 'Customer Service Complaint', 'Code of Conduct'), ('55', '10', '21', '2015-03-14 12:00:00', 'Customer Service Complaint', 'Code of Conduct'), ('56', '10', '22', '2015-03-14 12:00:00', 'Customer Service Complaint', 'Code of Conduct'), ('57', '10', '23', '2015-03-14 12:00:00', 'Customer Service Complaint', 'Code of Conduct'), ('58', '10', '24', '2015-03-14 12:00:00', 'Customer Service Complaint', 'Code of Conduct'), ('59', '10', '25', '2015-03-14 12:00:00', 'Customer Service Complaint', 'Code of Conduct'), ('60', '10', '26', '2015-03-14 12:00:00', 'Customer Service Complaint', 'Code of Conduct'), ('61', '10', '27', '2015-03-14 12:00:00', 'Customer Service Complaint', 'Code of Conduct'), ('62', '10', '28', '2015-03-14 12:00:00', 'Customer Service Complaint', 'Code of Conduct'), ('63', '10', '29', '2015-03-14 12:00:00', 'Customer Service Complaint', 'Code of Conduct'), ('66', '11', '1', '2015-03-14 12:00:00', 'Timeliness Complaint', 'Filling'), ('67', '11', '2', '2015-03-14 12:00:00', 'Timeliness Complaint', 'Filling'), ('68', '11', '3', '2015-03-14 12:00:00', 'Timeliness Complaint', 'Filling'), ('69', '11', '4', '2015-03-14 12:00:00', 'Timeliness Complaint', 'Filling'), ('70', '11', '5', '2015-03-14 12:00:00', 'Timeliness Complaint', 'Filling'), ('71', '11', '6', '2015-03-14 12:00:00', 'Timeliness Complaint', 'Filling'), ('72', '11', '11', '2015-03-14 12:00:00', 'Timeliness Complaint', 'Filling'), ('73', '11', '12', '2015-03-14 12:00:00', 'Timeliness Complaint', 'Filling'), ('74', '11', '13', '2015-03-14 12:00:00', 'Timeliness Complaint', 'Filling'), ('75', '11', '14', '2015-03-14 12:00:00', 'Timeliness Complaint', 'Filling'), ('76', '11', '15', '2015-03-14 12:00:00', 'Timeliness Complaint', 'Filling'), ('77', '11', '7', '2015-03-14 12:00:00', 'Timeliness Complaint', 'Filling'), ('78', '11', '8', '2015-03-14 12:00:00', 'Timeliness Complaint', 'Filling'), ('79', '11', '9', '2015-03-14 12:00:00', 'Timeliness Complaint', 'Filling'), ('80', '11', '10', '2015-03-14 12:00:00', 'Timeliness Complaint', 'Filling'), ('81', '11', '16', '2015-03-14 12:00:00', 'Timeliness Complaint', 'Filling'), ('82', '11', '17', '2015-03-14 12:00:00', 'Timeliness Complaint', 'Filling'), ('83', '11', '18', '2015-03-14 12:00:00', 'Timeliness Complaint', 'Filling'), ('84', '11', '30', '2015-03-14 12:00:00', 'Timeliness Complaint', 'Filling'), ('85', '11', '20', '2015-03-14 12:00:00', 'Timeliness Complaint', 'Filling'), ('86', '11', '21', '2015-03-14 12:00:00', 'Timeliness Complaint', 'Filling'), ('87', '11', '22', '2015-03-14 12:00:00', 'Timeliness Complaint', 'Filling'), ('88', '11', '23', '2015-03-14 12:00:00', 'Timeliness Complaint', 'Filling'), ('89', '11', '24', '2015-03-14 12:00:00', 'Timeliness Complaint', 'Filling'), ('90', '11', '25', '2015-03-14 12:00:00', 'Timeliness Complaint', 'Filling'), ('91', '11', '26', '2015-03-14 12:00:00', 'Timeliness Complaint', 'Filling'), ('92', '11', '27', '2015-03-14 12:00:00', 'Timeliness Complaint', 'Filling'), ('93', '11', '28', '2015-03-14 12:00:00', 'Timeliness Complaint', 'Filling'), ('94', '11', '29', '2015-03-14 12:00:00', 'Timeliness Complaint', 'Filling'), ('97', '1', '6', '2015-01-14 12:00:00', 'Incorrect Drug', 'Filling'), ('98', '1', '14', '2015-01-24 11:00:00', 'Incorrect Drug', 'Filling'), ('99', '1', '15', '2015-03-14 09:00:00', 'Incorrect Drug', 'Filling'), ('100', '1', '16', '2015-03-14 16:00:00', 'Incorrect Drug', 'Filling'), ('101', '8', '6', '2015-03-27 13:00:00', 'Incorrect Strength', 'Filling'), ('102', '8', '8', '2015-03-27 15:00:00', 'Incorrect Strength', 'Filling'), ('103', '8', '16', '2015-03-27 12:00:00', 'Incorrect Strength', 'Filling'), ('104', '2', '8', '2015-01-12 18:00:00', 'Incorrect DAW', 'Filling'), ('105', '2', '14', '2015-01-12 18:00:00', 'Incorrect DAW', 'Filling'), ('106', '2', '15', '2015-01-12 18:00:00', 'Incorrect DAW', 'Filling'), ('107', '2', '16', '2015-01-12 18:00:00', 'Incorrect DAW', 'Filling'), ('108', '9', '6', '2015-03-04 18:00:00', 'Incorrect Release Form', 'Filling'), ('109', '9', '8', '2015-02-18 18:00:00', 'Incorrect Release Form', 'Filling'), ('110', '9', '14', '2015-01-16 18:00:00', 'Incorrect Release Form', 'Filling'), ('111', '9', '15', '2015-01-16 18:00:00', 'Incorrect Release Form', 'Filling'), ('112', '8', '8', '2015-02-18 18:00:00', 'Incorrect Dosage Form', 'Filling'), ('113', '8', '14', '2015-01-16 18:00:00', 'Incorrect Dosage Form', 'Filling'), ('114', '8', '15', '2015-01-16 18:00:00', 'Incorrect Dosage Form', 'Filling'), ('115', '7', '8', '2015-02-22 10:00:00', 'Incorrect Directions', 'Entering'), ('116', '7', '6', '2015-01-19 15:00:00', 'Incorrect Directions', 'Entering'), ('117', '7', '14', '2015-01-08 01:00:00', 'Incorrect Directions', 'Entering'), ('118', '7', '16', '2015-01-10 11:00:00', 'Incorrect Directions', 'Entering');
COMMIT;

-- ----------------------------
--  Table structure for `plan_item`
-- ----------------------------
DROP TABLE IF EXISTS `plan_item`;
CREATE TABLE `plan_item` (
  `id` int(11) NOT NULL AUTO_INCREMENT,
  `module_id` int(11) DEFAULT NULL,
  `plan_item_status_id` char(1) DEFAULT NULL,
  `status_stamp` timestamp NOT NULL DEFAULT CURRENT_TIMESTAMP,
  `member_id` int(11) NOT NULL,
  `recommendation_id` int(11) DEFAULT NULL,
  `score` float NOT NULL DEFAULT '0',
  `rank` int(11) NOT NULL DEFAULT '0',
  PRIMARY KEY (`id`),
  UNIQUE KEY `unique_id` (`id`),
  KEY `learning_module_id_index` (`module_id`),
  KEY `member_id_index` (`member_id`),
  KEY `plan_item_status_id` (`plan_item_status_id`) USING BTREE,
  KEY `plan_item_recommendation__fk` (`recommendation_id`),
  CONSTRAINT `plan_item_ibfk_1` FOREIGN KEY (`module_id`) REFERENCES `module` (`id`),
  CONSTRAINT `plan_item_ibfk_2` FOREIGN KEY (`member_id`) REFERENCES `member` (`id`),
  CONSTRAINT `plan_item_ibfk_3` FOREIGN KEY (`plan_item_status_id`) REFERENCES `plan_item_status` (`id`),
  CONSTRAINT `plan_item_recommendation__fk` FOREIGN KEY (`recommendation_id`) REFERENCES `recommendation` (`id`)
) ENGINE=InnoDB AUTO_INCREMENT=1301 DEFAULT CHARSET=utf8 ROW_FORMAT=COMPACT;

-- ----------------------------
--  Records of `plan_item`
-- ----------------------------
BEGIN;
INSERT INTO `plan_item` VALUES ('310', '44', 'C', '2015-12-31 22:19:00', '3', null, '4', '4'), ('312', '46', 'C', '2015-02-14 11:38:32', '3', null, '4', '4'), ('315', '49', 'R', '2015-11-30 11:39:44', '3', null, '4', '4'), ('316', '50', 'C', '2015-02-24 22:19:00', '3', null, '4', '4'), ('320', '54', 'C', '2015-12-31 22:19:00', '3', null, '4', '4'), ('324', '61', 'C', '2015-06-25 11:38:32', '3', null, '4', '4'), ('325', '62', 'E', '2015-12-17 22:19:00', '3', null, '4', '4'), ('328', '65', 'C', '2015-08-07 22:19:00', '3', null, '4', '4'), ('330', '44', 'C', '2015-11-25 11:39:44', '4', null, '4', '4'), ('332', '46', 'C', '2015-07-20 22:19:00', '4', null, '4', '4'), ('335', '49', 'E', '2016-01-07 22:19:00', '4', null, '4', '4'), ('336', '50', 'C', '2015-09-24 11:38:32', '4', null, '4', '4'), ('340', '54', 'C', '2016-01-01 22:19:00', '4', null, '4', '4'), ('344', '61', 'C', '2015-11-15 22:19:00', '4', null, '4', '4'), ('345', '62', 'R', '2015-11-24 11:39:44', '4', null, '4', '4'), ('348', '65', 'C', '2015-05-30 11:38:32', '4', null, '4', '4'), ('350', '44', 'C', '2016-01-01 22:19:00', '5', null, '4', '4'), ('352', '46', 'C', '2015-09-22 22:19:00', '5', null, '4', '4'), ('355', '49', 'E', '2015-12-18 22:19:00', '5', null, '4', '4'), ('356', '50', 'C', '2015-12-06 22:19:00', '5', null, '4', '4'), ('360', '54', 'C', '2015-12-11 11:39:44', '5', null, '4', '4'), ('364', '61', 'C', '2015-06-24 22:19:00', '5', null, '4', '4'), ('365', '62', 'E', '2016-01-10 22:19:00', '5', null, '4', '4'), ('368', '65', 'C', '2015-06-25 22:19:00', '5', null, '4', '4'), ('370', '44', 'C', '2015-12-15 22:19:00', '31', null, '4', '4'), ('372', '46', 'C', '2015-03-29 11:38:32', '31', null, '4', '4'), ('375', '49', 'R', '2015-11-22 11:39:44', '31', null, '4', '4'), ('376', '50', 'C', '2015-11-22 22:19:00', '31', null, '4', '4'), ('380', '54', 'C', '2015-12-27 22:19:00', '31', null, '4', '4'), ('384', '61', 'C', '2015-10-20 11:38:32', '31', null, '4', '4'), ('385', '62', 'E', '2016-01-13 22:19:00', '31', null, '4', '4'), ('388', '65', 'C', '2016-01-11 22:19:00', '31', null, '4', '4'), ('390', '44', 'C', '2015-12-07 11:39:44', '32', null, '4', '4'), ('392', '46', 'C', '2015-06-22 22:19:00', '32', null, '4', '4'), ('395', '49', 'E', '2016-01-07 22:19:00', '32', null, '4', '4'), ('396', '50', 'C', '2015-10-18 11:38:32', '32', null, '4', '4'), ('400', '54', 'C', '2016-01-11 22:19:00', '32', null, '4', '4'), ('404', '61', 'C', '2015-02-27 22:19:00', '32', null, '4', '4'), ('405', '62', 'R', '2015-11-25 11:39:44', '32', null, '4', '4'), ('408', '65', 'C', '2015-04-18 11:38:32', '32', null, '4', '4'), ('410', '44', 'C', '2015-12-23 22:19:00', '33', null, '4', '4'), ('412', '46', 'C', '2015-04-02 22:19:00', '33', null, '4', '4'), ('415', '49', 'E', '2016-01-03 22:19:00', '33', null, '4', '4'), ('416', '50', 'C', '2015-09-13 22:19:00', '33', null, '4', '4'), ('420', '54', 'C', '2015-11-17 11:39:44', '33', null, '4', '4'), ('424', '61', 'C', '2015-10-03 22:19:00', '33', null, '4', '4'), ('425', '62', 'E', '2015-12-26 22:19:00', '33', null, '4', '4'), ('428', '65', 'C', '2015-08-22 22:19:00', '33', null, '4', '4'), ('430', '44', 'C', '2015-12-15 22:19:00', '6', null, '4', '4'), ('432', '46', 'C', '2015-11-30 11:38:32', '6', null, '4', '4'), ('435', '49', 'R', '2015-11-24 11:39:44', '6', null, '4', '4'), ('436', '50', 'C', '2015-11-09 22:19:00', '6', null, '4', '4'), ('440', '54', 'C', '2016-01-12 22:19:00', '6', null, '4', '4'), ('444', '61', 'C', '2015-09-28 11:38:32', '6', null, '4', '4'), ('445', '62', 'E', '2016-01-02 22:19:00', '6', null, '4', '4'), ('448', '65', 'C', '2015-05-16 22:19:00', '6', null, '4', '4'), ('450', '44', 'C', '2015-12-08 11:39:44', '8', null, '4', '4'), ('452', '46', 'C', '2015-03-02 22:19:00', '8', null, '4', '4'), ('455', '49', 'E', '2015-12-22 22:19:00', '8', null, '4', '4'), ('456', '50', 'C', '2015-02-11 11:38:32', '8', null, '4', '4'), ('460', '54', 'C', '2015-12-28 22:19:00', '8', null, '4', '4'), ('464', '61', 'C', '2015-08-05 22:19:00', '8', null, '4', '4'), ('465', '62', 'R', '2015-11-26 11:39:44', '8', null, '4', '4'), ('468', '65', 'C', '2015-11-24 11:38:32', '8', null, '4', '4'), ('470', '44', 'C', '2015-12-31 22:19:00', '14', null, '4', '4'), ('472', '46', 'C', '2015-06-24 22:19:00', '14', null, '4', '4'), ('475', '49', 'E', '2015-12-24 22:19:00', '14', null, '4', '4'), ('476', '50', 'C', '2015-07-15 22:19:00', '14', null, '4', '4'), ('480', '54', 'C', '2015-11-28 11:39:44', '14', null, '4', '4'), ('484', '61', 'C', '2015-03-17 22:19:00', '14', null, '4', '4'), ('485', '62', 'E', '2016-01-11 22:19:00', '14', null, '4', '4'), ('488', '65', 'C', '2015-04-22 22:19:00', '14', null, '4', '4'), ('490', '44', 'C', '2016-01-03 22:19:00', '15', null, '4', '4'), ('492', '46', 'C', '2015-01-01 11:38:32', '15', null, '4', '4'), ('495', '49', 'R', '2015-11-17 11:39:44', '15', null, '4', '4'), ('496', '50', 'C', '2015-11-01 22:19:00', '15', null, '4', '4'), ('500', '54', 'C', '2015-12-29 22:19:00', '15', null, '4', '4'), ('504', '61', 'C', '2015-05-31 11:38:32', '15', null, '4', '4'), ('505', '62', 'E', '2015-12-30 22:19:00', '15', null, '4', '4'), ('508', '65', 'C', '2015-04-20 22:19:00', '15', null, '4', '4'), ('510', '44', 'C', '2015-11-21 11:39:44', '16', null, '4', '4'), ('512', '46', 'C', '2015-11-02 22:19:00', '16', null, '4', '4'), ('515', '49', 'E', '2015-12-20 22:19:00', '16', null, '4', '4'), ('516', '50', 'C', '2015-01-09 11:38:32', '16', null, '4', '4'), ('520', '54', 'C', '2015-12-23 22:19:00', '16', null, '4', '4'), ('524', '61', 'C', '2015-05-02 22:19:00', '16', null, '4', '4'), ('525', '62', 'R', '2015-12-02 11:39:44', '16', null, '4', '4'), ('528', '65', 'C', '2015-10-22 11:38:32', '16', null, '4', '4'), ('530', '44', 'C', '2016-01-12 22:19:00', '1', null, '4', '4'), ('532', '46', 'C', '2016-01-01 22:19:00', '1', null, '4', '4'), ('535', '49', 'E', '2016-01-08 22:19:00', '1', null, '4', '4'), ('536', '50', 'C', '2015-02-01 22:19:00', '1', null, '4', '4'), ('540', '54', 'C', '2015-12-07 11:39:44', '1', null, '4', '4'), ('544', '61', 'C', '2015-03-25 22:19:00', '1', null, '4', '4'), ('545', '62', 'E', '2015-12-23 22:19:00', '1', null, '4', '4'), ('548', '65', 'C', '2015-10-25 22:19:00', '1', null, '4', '4'), ('550', '44', 'C', '2016-01-11 22:19:00', '7', null, '4', '4'), ('552', '46', 'C', '2015-09-16 11:38:32', '7', null, '4', '4'), ('555', '49', 'R', '2015-12-05 11:39:44', '7', null, '4', '4'), ('556', '50', 'C', '2015-06-07 22:19:00', '7', null, '4', '4'), ('560', '54', 'C', '2016-01-05 22:19:00', '7', null, '4', '4'), ('564', '61', 'C', '2015-05-22 11:38:32', '7', null, '4', '4'), ('565', '62', 'E', '2016-01-08 22:19:00', '7', null, '4', '4'), ('568', '65', 'C', '2015-08-05 22:19:00', '7', null, '4', '4'), ('570', '44', 'C', '2015-12-06 11:39:44', '9', null, '4', '4'), ('572', '46', 'C', '2015-08-19 22:19:00', '9', null, '4', '4'), ('575', '49', 'E', '2016-01-13 22:19:00', '9', null, '4', '4'), ('576', '50', 'C', '2015-01-27 11:38:32', '9', null, '4', '4'), ('580', '54', 'C', '2015-12-29 22:19:00', '9', null, '4', '4'), ('584', '61', 'C', '2015-05-08 22:19:00', '9', null, '4', '4'), ('585', '62', 'R', '2015-12-15 11:39:44', '9', null, '4', '4'), ('588', '65', 'C', '2015-04-12 11:38:32', '9', null, '4', '4'), ('590', '44', 'C', '2015-12-28 22:19:00', '10', null, '4', '4'), ('592', '46', 'C', '2015-09-27 22:19:00', '10', null, '4', '4'), ('595', '49', 'E', '2016-01-07 22:19:00', '10', null, '4', '4'), ('596', '50', 'C', '2015-08-22 22:19:00', '10', null, '4', '4'), ('600', '54', 'C', '2015-12-14 11:39:44', '10', null, '4', '4'), ('604', '61', 'C', '2015-11-29 22:19:00', '10', null, '4', '4'), ('605', '62', 'E', '2015-12-30 22:19:00', '10', null, '4', '4'), ('608', '65', 'C', '2015-08-23 22:19:00', '10', null, '4', '4'), ('610', '44', 'C', '2015-12-23 22:19:00', '11', null, '4', '4'), ('612', '46', 'C', '2015-12-10 11:38:32', '11', null, '4', '4'), ('615', '49', 'R', '2015-12-04 11:39:44', '11', null, '4', '4'), ('616', '50', 'C', '2015-05-26 22:19:00', '11', null, '4', '4'), ('620', '54', 'C', '2016-01-08 22:19:00', '11', null, '4', '4'), ('624', '61', 'C', '2015-06-18 11:38:32', '11', null, '4', '4'), ('625', '62', 'E', '2015-12-22 22:19:00', '11', null, '4', '4'), ('628', '65', 'C', '2015-12-12 22:19:00', '11', null, '4', '4'), ('630', '44', 'C', '2015-11-18 11:39:44', '12', null, '4', '4'), ('632', '46', 'C', '2015-08-03 22:19:00', '12', null, '4', '4'), ('635', '49', 'E', '2016-01-09 22:19:00', '12', null, '4', '4'), ('636', '50', 'C', '2015-02-28 11:38:32', '12', null, '4', '4'), ('640', '54', 'C', '2015-12-28 22:19:00', '12', null, '4', '4'), ('644', '61', 'C', '2015-12-24 22:19:00', '12', null, '4', '4'), ('645', '62', 'R', '2015-12-04 11:39:44', '12', null, '4', '4'), ('648', '65', 'C', '2015-10-09 11:38:32', '12', null, '4', '4'), ('670', '44', 'C', '2015-12-25 22:19:00', '17', null, '4', '4'), ('672', '46', 'C', '2015-07-08 11:38:32', '17', null, '4', '4'), ('675', '49', 'R', '2015-12-14 11:39:44', '17', null, '4', '4'), ('676', '50', 'C', '2015-12-16 22:19:00', '17', null, '4', '4'), ('680', '54', 'C', '2016-01-04 22:19:00', '17', null, '4', '4'), ('684', '61', 'C', '2015-05-11 11:38:32', '17', null, '4', '4'), ('685', '62', 'E', '2015-12-25 22:19:00', '17', null, '4', '4'), ('688', '65', 'C', '2015-12-03 22:19:00', '17', null, '4', '4'), ('690', '44', 'C', '2015-12-15 11:39:44', '18', null, '4', '4'), ('692', '46', 'C', '2015-09-11 22:19:00', '18', null, '4', '4'), ('695', '49', 'E', '2016-01-05 22:19:00', '18', null, '4', '4'), ('696', '50', 'C', '2015-02-09 11:38:32', '18', null, '4', '4'), ('700', '54', 'C', '2016-01-01 22:19:00', '18', null, '4', '4'), ('704', '61', 'C', '2015-08-19 22:19:00', '18', null, '4', '4'), ('705', '62', 'R', '2015-11-17 11:39:44', '18', null, '4', '4'), ('708', '65', 'C', '2015-06-25 11:38:32', '18', null, '4', '4'), ('710', '44', 'C', '2016-01-07 22:19:00', '20', null, '4', '4'), ('712', '46', 'C', '2015-12-30 22:19:00', '20', null, '4', '4'), ('715', '49', 'E', '2015-12-19 22:19:00', '20', null, '4', '4'), ('716', '50', 'C', '2015-02-17 22:19:00', '20', null, '4', '4'), ('720', '54', 'C', '2015-11-25 11:39:44', '20', null, '4', '4'), ('724', '61', 'C', '2015-06-20 22:19:00', '20', null, '4', '4'), ('725', '62', 'E', '2015-12-27 22:19:00', '20', null, '4', '4'), ('728', '65', 'C', '2015-11-28 22:19:00', '20', null, '4', '4'), ('730', '44', 'C', '2016-01-01 22:19:00', '21', null, '4', '4'), ('732', '46', 'C', '2015-07-11 11:38:32', '21', null, '4', '4'), ('735', '49', 'R', '2015-12-14 11:39:44', '21', null, '4', '4'), ('736', '50', 'C', '2015-03-09 22:19:00', '21', null, '4', '4'), ('740', '54', 'C', '2016-01-03 22:19:00', '21', null, '4', '4'), ('744', '61', 'C', '2015-09-16 11:38:32', '21', null, '4', '4'), ('745', '62', 'E', '2015-12-31 22:19:00', '21', null, '4', '4'), ('748', '65', 'C', '2015-12-31 22:19:00', '21', null, '4', '4'), ('750', '44', 'C', '2015-12-03 11:39:44', '22', null, '4', '4'), ('752', '46', 'C', '2015-07-11 22:19:00', '22', null, '4', '4'), ('755', '49', 'E', '2016-01-07 22:19:00', '22', null, '4', '4'), ('756', '50', 'C', '2015-11-20 11:38:32', '22', null, '4', '4'), ('760', '54', 'C', '2015-12-22 22:19:00', '22', null, '4', '4'), ('764', '61', 'C', '2015-07-05 22:19:00', '22', null, '4', '4'), ('765', '62', 'R', '2015-12-04 11:39:44', '22', null, '4', '4'), ('768', '65', 'C', '2015-02-18 11:38:32', '22', null, '4', '4'), ('770', '44', 'C', '2016-01-11 22:19:00', '23', null, '4', '4'), ('772', '46', 'C', '2015-11-22 22:19:00', '23', null, '4', '4'), ('775', '49', 'E', '2016-01-09 22:19:00', '23', null, '4', '4'), ('776', '50', 'C', '2015-12-09 22:19:00', '23', null, '4', '4'), ('780', '54', 'C', '2015-11-30 11:39:44', '23', null, '4', '4'), ('784', '61', 'C', '2015-12-26 22:19:00', '23', null, '4', '4'), ('785', '62', 'E', '2015-12-31 22:19:00', '23', null, '4', '4'), ('788', '65', 'C', '2015-02-11 22:19:00', '23', null, '4', '4'), ('790', '44', 'C', '2015-12-18 22:19:00', '24', null, '4', '4'), ('792', '46', 'C', '2015-02-17 11:38:32', '24', null, '4', '4'), ('795', '49', 'R', '2015-11-27 11:39:44', '24', null, '4', '4'), ('796', '50', 'C', '2015-06-01 22:19:00', '24', null, '4', '4'), ('800', '54', 'C', '2016-01-11 22:19:00', '24', null, '4', '4'), ('804', '61', 'C', '2015-12-13 11:38:32', '24', null, '4', '4'), ('805', '62', 'E', '2015-12-23 22:19:00', '24', null, '4', '4'), ('808', '65', 'C', '2015-09-13 22:19:00', '24', null, '4', '4'), ('810', '44', 'C', '2015-11-18 11:39:44', '25', null, '4', '4'), ('812', '46', 'C', '2015-04-05 22:19:00', '25', null, '4', '4'), ('815', '49', 'E', '2016-01-04 22:19:00', '25', null, '4', '4'), ('816', '50', 'C', '2015-08-10 11:38:32', '25', null, '4', '4'), ('820', '54', 'C', '2015-12-29 22:19:00', '25', null, '4', '4'), ('824', '61', 'C', '2016-01-13 22:19:00', '25', null, '4', '4'), ('825', '62', 'R', '2015-12-01 11:39:44', '25', null, '4', '4'), ('828', '65', 'C', '2015-05-04 11:38:32', '25', null, '4', '4'), ('830', '44', 'C', '2015-12-26 22:19:00', '26', null, '4', '4'), ('832', '46', 'C', '2015-06-27 22:19:00', '26', null, '4', '4'), ('835', '49', 'E', '2015-12-27 22:19:00', '26', null, '4', '4'), ('836', '50', 'C', '2015-03-16 22:19:00', '26', null, '4', '4'), ('840', '54', 'C', '2015-12-09 11:39:44', '26', null, '4', '4'), ('844', '61', 'C', '2015-06-11 22:19:00', '26', null, '4', '4'), ('845', '62', 'E', '2015-12-15 22:19:00', '26', null, '4', '4'), ('848', '65', 'C', '2015-07-28 22:19:00', '26', null, '4', '4'), ('850', '44', 'C', '2016-01-07 22:19:00', '27', null, '4', '4'), ('852', '46', 'C', '2015-10-23 11:38:32', '27', null, '4', '4'), ('855', '49', 'R', '2015-11-18 11:39:44', '27', null, '4', '4'), ('856', '50', 'C', '2015-06-30 22:19:00', '27', null, '4', '4'), ('860', '54', 'C', '2016-01-12 22:19:00', '27', null, '4', '4'), ('864', '61', 'C', '2015-08-24 11:38:32', '27', null, '4', '4'), ('865', '62', 'E', '2015-12-25 22:19:00', '27', null, '4', '4'), ('868', '65', 'C', '2015-09-06 22:19:00', '27', null, '4', '4'), ('870', '44', 'C', '2015-12-02 11:39:44', '28', null, '4', '4'), ('872', '46', 'C', '2015-11-18 22:19:00', '28', null, '4', '4'), ('875', '49', 'E', '2016-01-09 22:19:00', '28', null, '4', '4'), ('876', '50', 'C', '2015-01-03 11:38:32', '28', null, '4', '4'), ('880', '54', 'C', '2015-12-24 22:19:00', '28', null, '4', '4'), ('884', '61', 'C', '2015-05-16 22:19:00', '28', null, '4', '4'), ('885', '62', 'R', '2015-12-04 11:39:44', '28', null, '4', '4'), ('888', '65', 'C', '2015-05-21 11:38:32', '28', null, '4', '4'), ('890', '44', 'C', '2016-01-12 22:19:00', '29', null, '4', '4'), ('892', '46', 'C', '2015-02-03 22:19:00', '29', null, '4', '4'), ('895', '49', 'E', '2016-01-07 22:19:00', '29', null, '4', '4'), ('896', '50', 'C', '2015-03-24 22:19:00', '29', null, '4', '4'), ('900', '54', 'C', '2015-12-11 11:39:44', '29', null, '4', '4'), ('904', '61', 'C', '2015-10-11 22:19:00', '29', null, '4', '4'), ('905', '62', 'E', '2015-12-18 22:19:00', '29', null, '4', '4'), ('908', '65', 'C', '2015-04-05 22:19:00', '29', null, '4', '4'), ('910', '44', 'C', '2015-12-21 22:19:00', '30', null, '4', '4'), ('912', '46', 'C', '2015-06-13 11:38:32', '30', null, '4', '4'), ('915', '49', 'R', '2015-11-16 11:39:44', '30', null, '4', '4'), ('916', '50', 'C', '2015-10-20 22:19:00', '30', null, '4', '4'), ('920', '54', 'C', '2016-01-05 22:19:00', '30', null, '4', '4'), ('924', '61', 'C', '2015-09-29 11:38:32', '30', null, '4', '4'), ('925', '62', 'E', '2016-01-10 22:19:00', '30', null, '4', '4'), ('928', '65', 'C', '2015-04-10 22:19:00', '30', null, '4', '4'), ('929', '43', 'C', '2016-01-14 22:19:00', '3', null, '4', '4'), ('930', '45', 'C', '2016-01-14 22:19:00', '3', null, '4', '4'), ('931', '47', 'R', '2016-01-14 22:19:00', '3', null, '4', '4'), ('932', '48', 'C', '2015-10-21 22:19:00', '3', null, '4', '4'), ('933', '51', 'R', '2016-01-14 22:19:00', '3', null, '4', '4'), ('934', '52', 'C', '2015-04-02 22:19:00', '3', null, '4', '4'), ('935', '53', 'E', '2015-12-25 22:19:00', '3', null, '4', '4'), ('936', '58', 'C', '2016-01-14 22:19:00', '3', null, '4', '4'), ('937', '59', 'R', '2016-01-14 22:19:00', '3', null, '4', '4'), ('938', '60', 'C', '2015-09-04 22:19:00', '3', null, '4', '4'), ('939', '63', 'R', '2016-01-14 22:19:00', '3', null, '4', '4'), ('940', '64', 'C', '2015-12-16 22:19:00', '3', null, '4', '4'), ('941', '43', 'C', '2016-01-14 22:19:00', '4', null, '4', '4'), ('942', '45', 'C', '2016-01-14 22:19:00', '4', null, '4', '4'), ('943', '47', 'R', '2016-01-14 22:19:00', '4', null, '4', '4'), ('944', '48', 'C', '2015-08-20 22:19:00', '4', null, '4', '4'), ('945', '51', 'R', '2016-01-14 22:19:00', '4', null, '4', '4'), ('946', '52', 'C', '2015-02-11 22:19:00', '4', null, '4', '4'), ('947', '53', 'R', '2016-01-14 22:19:00', '4', null, '4', '4'), ('948', '58', 'C', '2016-01-14 22:19:00', '4', null, '4', '4'), ('949', '59', 'R', '2016-01-14 22:19:00', '4', null, '4', '4'), ('950', '60', 'C', '2015-12-20 22:19:00', '4', null, '4', '4'), ('951', '63', 'R', '2016-01-14 22:19:00', '4', null, '4', '4'), ('952', '64', 'C', '2015-07-03 22:19:00', '4', null, '4', '4'), ('953', '43', 'C', '2016-01-14 22:19:00', '5', null, '4', '4'), ('954', '45', 'C', '2016-01-14 22:19:00', '5', null, '4', '4'), ('955', '47', 'E', '2016-01-09 22:19:00', '5', null, '4', '4'), ('956', '48', 'C', '2015-03-05 22:19:00', '5', null, '4', '4'), ('957', '51', 'R', '2016-01-14 22:19:00', '5', null, '4', '4'), ('958', '52', 'C', '2015-03-31 22:19:00', '5', null, '4', '4'), ('959', '53', 'R', '2016-01-14 22:19:00', '5', null, '4', '4'), ('960', '58', 'C', '2016-01-14 22:19:00', '5', null, '4', '4'), ('961', '59', 'R', '2016-01-14 22:19:00', '5', null, '4', '4'), ('962', '60', 'C', '2015-08-18 22:19:00', '5', null, '4', '4'), ('963', '63', 'R', '2016-01-14 22:19:00', '5', null, '4', '4'), ('964', '64', 'C', '2015-05-31 22:19:00', '5', null, '4', '4'), ('965', '43', 'C', '2016-01-03 22:19:00', '31', null, '4', '4'), ('966', '45', 'C', '2016-01-14 22:19:00', '31', null, '4', '4'), ('967', '47', 'R', '2016-01-14 22:19:00', '31', null, '4', '4'), ('968', '48', 'C', '2015-02-07 22:19:00', '31', null, '4', '4'), ('969', '51', 'R', '2016-01-14 22:19:00', '31', null, '4', '4'), ('970', '52', 'C', '2016-01-03 22:19:00', '31', null, '4', '4'), ('971', '53', 'R', '2016-01-14 22:19:00', '31', null, '4', '4'), ('972', '58', 'C', '2016-01-14 22:19:00', '31', null, '4', '4'), ('973', '59', 'R', '2016-01-14 22:19:00', '31', null, '4', '4'), ('974', '60', 'C', '2015-03-01 22:19:00', '31', null, '4', '4'), ('975', '63', 'R', '2016-01-14 22:19:00', '31', null, '4', '4'), ('976', '64', 'C', '2015-06-04 22:19:00', '31', null, '4', '4'), ('977', '43', 'C', '2016-01-14 22:19:00', '32', null, '4', '4'), ('978', '45', 'C', '2016-01-14 22:19:00', '32', null, '4', '4'), ('979', '47', 'R', '2016-01-14 22:19:00', '32', null, '4', '4'), ('980', '48', 'C', '2015-12-25 22:19:00', '32', null, '4', '4'), ('981', '51', 'R', '2016-01-14 22:19:00', '32', null, '4', '4'), ('982', '52', 'C', '2015-08-03 22:19:00', '32', null, '4', '4'), ('983', '53', 'R', '2016-01-14 22:19:00', '32', null, '4', '4'), ('984', '58', 'C', '2016-01-14 22:19:00', '32', null, '4', '4'), ('985', '59', 'E', '2016-01-07 22:19:00', '32', null, '4', '4'), ('986', '60', 'C', '2015-08-23 22:19:00', '32', null, '4', '4'), ('987', '63', 'R', '2016-01-14 22:19:00', '32', null, '4', '4'), ('988', '64', 'C', '2015-05-29 22:19:00', '32', null, '4', '4'), ('989', '43', 'C', '2016-01-14 22:19:00', '33', null, '4', '4'), ('990', '45', 'C', '2016-01-14 22:19:00', '33', null, '4', '4'), ('991', '47', 'R', '2016-01-14 22:19:00', '33', null, '4', '4'), ('992', '48', 'C', '2015-12-29 22:19:00', '33', null, '4', '4'), ('993', '51', 'R', '2016-01-14 22:19:00', '33', null, '4', '4'), ('994', '52', 'C', '2015-10-17 22:19:00', '33', null, '4', '4'), ('995', '53', 'E', '2016-01-11 22:19:00', '33', null, '4', '4'), ('996', '58', 'C', '2016-01-14 22:19:00', '33', null, '4', '4'), ('997', '59', 'R', '2016-01-14 22:19:00', '33', null, '4', '4'), ('998', '60', 'C', '2015-11-27 22:19:00', '33', null, '4', '4'), ('999', '63', 'R', '2016-01-14 22:19:00', '33', null, '4', '4'), ('1000', '64', 'C', '2015-12-20 22:19:00', '33', null, '4', '4'), ('1001', '43', 'C', '2016-01-14 22:19:00', '6', null, '4', '4'), ('1002', '45', 'C', '2016-01-14 22:19:00', '6', null, '4', '4'), ('1003', '47', 'R', '2016-01-14 22:19:00', '6', null, '4', '4'), ('1004', '48', 'C', '2015-02-25 22:19:00', '6', null, '4', '4'), ('1005', '51', 'R', '2016-01-14 22:19:00', '6', null, '4', '4'), ('1006', '52', 'C', '2015-11-07 22:19:00', '6', null, '4', '4'), ('1007', '53', 'R', '2016-01-14 22:19:00', '6', null, '4', '4'), ('1008', '58', 'C', '2016-01-14 22:19:00', '6', null, '4', '4'), ('1009', '59', 'R', '2016-01-14 22:19:00', '6', null, '4', '4'), ('1010', '60', 'C', '2015-12-20 22:19:00', '6', null, '4', '4'), ('1011', '63', 'R', '2016-01-14 22:19:00', '6', null, '4', '4'), ('1012', '64', 'C', '2015-11-04 22:19:00', '6', null, '4', '4'), ('1013', '43', 'C', '2016-01-14 22:19:00', '8', null, '4', '4'), ('1014', '45', 'C', '2016-01-14 22:19:00', '8', null, '4', '4'), ('1015', '47', 'E', '2015-12-25 22:19:00', '8', null, '4', '4'), ('1016', '48', 'C', '2015-08-15 22:19:00', '8', null, '4', '4'), ('1017', '51', 'R', '2016-01-14 22:19:00', '8', null, '4', '4'), ('1018', '52', 'C', '2015-07-02 22:19:00', '8', null, '4', '4'), ('1019', '53', 'R', '2016-01-14 22:19:00', '8', null, '4', '4'), ('1020', '58', 'C', '2016-01-14 22:19:00', '8', null, '4', '4'), ('1021', '59', 'R', '2016-01-14 22:19:00', '8', null, '4', '4'), ('1022', '60', 'C', '2015-07-25 22:19:00', '8', null, '4', '4'), ('1023', '63', 'R', '2016-01-14 22:19:00', '8', null, '4', '4'), ('1024', '64', 'C', '2015-04-14 22:19:00', '8', null, '4', '4'), ('1025', '43', 'C', '2015-12-22 22:19:00', '14', null, '4', '4'), ('1026', '45', 'C', '2016-01-14 22:19:00', '14', null, '4', '4'), ('1027', '47', 'R', '2016-01-14 22:19:00', '14', null, '4', '4'), ('1028', '48', 'C', '2015-08-11 22:19:00', '14', null, '4', '4'), ('1029', '51', 'R', '2016-01-14 22:19:00', '14', null, '4', '4'), ('1030', '52', 'C', '2015-12-18 22:19:00', '14', null, '4', '4'), ('1031', '53', 'R', '2016-01-14 22:19:00', '14', null, '4', '4'), ('1032', '58', 'C', '2016-01-14 22:19:00', '14', null, '4', '4'), ('1033', '59', 'R', '2016-01-14 22:19:00', '14', null, '4', '4'), ('1034', '60', 'C', '2015-03-16 22:19:00', '14', null, '4', '4'), ('1035', '63', 'R', '2016-01-14 22:19:00', '14', null, '4', '4'), ('1036', '64', 'C', '2016-01-13 22:19:00', '14', null, '4', '4'), ('1037', '43', 'C', '2016-01-14 22:19:00', '15', null, '4', '4'), ('1038', '45', 'C', '2016-01-14 22:19:00', '15', null, '4', '4'), ('1039', '47', 'R', '2016-01-14 22:19:00', '15', null, '4', '4'), ('1040', '48', 'C', '2016-01-09 22:19:00', '15', null, '4', '4'), ('1041', '51', 'R', '2016-01-14 22:19:00', '15', null, '4', '4'), ('1042', '52', 'C', '2015-08-22 22:19:00', '15', null, '4', '4'), ('1043', '53', 'R', '2016-01-14 22:19:00', '15', null, '4', '4'), ('1044', '58', 'C', '2016-01-14 22:19:00', '15', null, '4', '4'), ('1045', '59', 'E', '2016-01-11 22:19:00', '15', null, '4', '4'), ('1046', '60', 'C', '2015-12-25 22:19:00', '15', null, '4', '4'), ('1047', '63', 'R', '2016-01-14 22:19:00', '15', null, '4', '4'), ('1048', '64', 'C', '2015-12-30 22:19:00', '15', null, '4', '4'), ('1049', '43', 'C', '2016-01-14 22:19:00', '16', null, '4', '4'), ('1050', '45', 'C', '2016-01-14 22:19:00', '16', null, '4', '4'), ('1051', '47', 'R', '2016-01-14 22:19:00', '16', null, '4', '4'), ('1052', '48', 'C', '2016-01-01 22:19:00', '16', null, '4', '4'), ('1053', '51', 'R', '2016-01-14 22:19:00', '16', null, '4', '4'), ('1054', '52', 'C', '2015-12-23 22:19:00', '16', null, '4', '4'), ('1055', '53', 'E', '2015-12-16 22:19:00', '16', null, '4', '4'), ('1056', '58', 'C', '2016-01-14 22:19:00', '16', null, '4', '4'), ('1057', '59', 'R', '2016-01-14 22:19:00', '16', null, '4', '4'), ('1058', '60', 'C', '2015-11-06 22:19:00', '16', null, '4', '4'), ('1059', '63', 'R', '2016-01-14 22:19:00', '16', null, '4', '4'), ('1060', '64', 'C', '2015-12-31 22:19:00', '16', null, '4', '4'), ('1061', '43', 'C', '2016-01-14 22:19:00', '1', null, '4', '4'), ('1062', '45', 'C', '2016-01-14 22:19:00', '1', null, '4', '4'), ('1063', '47', 'R', '2016-01-14 22:19:00', '1', null, '4', '4'), ('1064', '48', 'C', '2015-04-12 22:19:00', '1', null, '4', '4'), ('1065', '51', 'R', '2016-01-14 22:19:00', '1', null, '4', '4'), ('1066', '52', 'C', '2015-09-07 22:19:00', '1', null, '4', '4'), ('1067', '53', 'R', '2016-01-14 22:19:00', '1', null, '4', '4'), ('1068', '58', 'C', '2016-01-14 22:19:00', '1', null, '4', '4'), ('1069', '59', 'R', '2016-01-14 22:19:00', '1', null, '4', '4'), ('1070', '60', 'C', '2016-01-01 22:19:00', '1', null, '4', '4'), ('1071', '63', 'R', '2016-01-14 22:19:00', '1', null, '4', '4'), ('1072', '64', 'C', '2015-08-02 22:19:00', '1', null, '4', '4'), ('1073', '43', 'C', '2016-01-14 22:19:00', '7', null, '4', '4'), ('1074', '45', 'C', '2016-01-14 22:19:00', '7', null, '4', '4'), ('1075', '47', 'E', '2015-12-23 22:19:00', '7', null, '4', '4'), ('1076', '48', 'C', '2015-10-22 22:19:00', '7', null, '4', '4'), ('1077', '51', 'R', '2016-01-14 22:19:00', '7', null, '4', '4'), ('1078', '52', 'C', '2015-04-12 22:19:00', '7', null, '4', '4'), ('1079', '53', 'R', '2016-01-14 22:19:00', '7', null, '4', '4'), ('1080', '58', 'C', '2016-01-14 22:19:00', '7', null, '4', '4'), ('1081', '59', 'R', '2016-01-14 22:19:00', '7', null, '4', '4'), ('1082', '60', 'C', '2015-10-24 22:19:00', '7', null, '4', '4'), ('1083', '63', 'R', '2016-01-14 22:19:00', '7', null, '4', '4'), ('1084', '64', 'C', '2015-04-08 22:19:00', '7', null, '4', '4'), ('1085', '43', 'C', '2016-01-02 22:19:00', '9', null, '4', '4'), ('1086', '45', 'C', '2016-01-14 22:19:00', '9', null, '4', '4'), ('1087', '47', 'R', '2016-01-14 22:19:00', '9', null, '4', '4'), ('1088', '48', 'C', '2015-10-01 22:19:00', '9', null, '4', '4'), ('1089', '51', 'R', '2016-01-14 22:19:00', '9', null, '4', '4'), ('1090', '52', 'C', '2015-12-20 22:19:00', '9', null, '4', '4'), ('1091', '53', 'R', '2016-01-14 22:19:00', '9', null, '4', '4'), ('1092', '58', 'C', '2016-01-14 22:19:00', '9', null, '4', '4'), ('1093', '59', 'R', '2016-01-14 22:19:00', '9', null, '4', '4'), ('1094', '60', 'C', '2015-12-14 22:19:00', '9', null, '4', '4'), ('1095', '63', 'R', '2016-01-14 22:19:00', '9', null, '4', '4'), ('1096', '64', 'C', '2015-07-06 22:19:00', '9', null, '4', '4'), ('1097', '43', 'C', '2016-01-14 22:19:00', '10', null, '4', '4'), ('1098', '45', 'C', '2016-01-14 22:19:00', '10', null, '4', '4'), ('1099', '47', 'R', '2016-01-14 22:19:00', '10', null, '4', '4'), ('1100', '48', 'C', '2015-12-19 22:19:00', '10', null, '4', '4'), ('1101', '51', 'R', '2016-01-14 22:19:00', '10', null, '4', '4'), ('1102', '52', 'C', '2015-08-01 22:19:00', '10', null, '4', '4'), ('1103', '53', 'R', '2016-01-14 22:19:00', '10', null, '4', '4'), ('1104', '58', 'C', '2016-01-14 22:19:00', '10', null, '4', '4'), ('1105', '59', 'E', '2015-12-19 22:19:00', '10', null, '4', '4'), ('1106', '60', 'C', '2015-05-06 22:19:00', '10', null, '4', '4'), ('1107', '63', 'R', '2016-01-14 22:19:00', '10', null, '4', '4'), ('1108', '64', 'C', '2015-11-10 22:19:00', '10', null, '4', '4'), ('1109', '43', 'C', '2016-01-14 22:19:00', '11', null, '4', '4'), ('1110', '45', 'C', '2016-01-14 22:19:00', '11', null, '4', '4'), ('1111', '47', 'R', '2016-01-14 22:19:00', '11', null, '4', '4'), ('1112', '48', 'C', '2015-04-22 22:19:00', '11', null, '4', '4'), ('1113', '51', 'R', '2016-01-14 22:19:00', '11', null, '4', '4'), ('1114', '52', 'C', '2015-10-16 22:19:00', '11', null, '4', '4'), ('1115', '53', 'E', '2015-12-22 22:19:00', '11', null, '4', '4'), ('1116', '58', 'C', '2016-01-14 22:19:00', '11', null, '4', '4'), ('1117', '59', 'R', '2016-01-14 22:19:00', '11', null, '4', '4'), ('1118', '60', 'C', '2015-01-30 22:19:00', '11', null, '4', '4'), ('1119', '63', 'R', '2016-01-14 22:19:00', '11', null, '4', '4'), ('1120', '64', 'C', '2016-01-09 22:19:00', '11', null, '4', '4'), ('1121', '43', 'C', '2016-01-14 22:19:00', '12', null, '4', '4'), ('1122', '45', 'C', '2016-01-14 22:19:00', '12', null, '4', '4'), ('1123', '47', 'R', '2016-01-14 22:19:00', '12', null, '4', '4'), ('1124', '48', 'C', '2015-11-03 22:19:00', '12', null, '4', '4'), ('1125', '51', 'R', '2016-01-14 22:19:00', '12', null, '4', '4'), ('1126', '52', 'C', '2016-01-01 22:19:00', '12', null, '4', '4'), ('1127', '53', 'R', '2016-01-14 22:19:00', '12', null, '4', '4'), ('1128', '58', 'C', '2016-01-14 22:19:00', '12', null, '4', '4'), ('1129', '59', 'R', '2016-01-14 22:19:00', '12', null, '4', '4'), ('1130', '60', 'C', '2015-12-28 22:19:00', '12', null, '4', '4'), ('1131', '63', 'R', '2016-01-14 22:19:00', '12', null, '4', '4'), ('1132', '64', 'C', '2015-07-01 22:19:00', '12', null, '4', '4'), ('1145', '43', 'C', '2015-12-31 22:19:00', '17', null, '4', '4'), ('1146', '45', 'C', '2016-01-14 22:19:00', '17', null, '4', '4'), ('1147', '47', 'R', '2016-01-14 22:19:00', '17', null, '4', '4'), ('1148', '48', 'C', '2016-01-05 22:19:00', '17', null, '4', '4'), ('1149', '51', 'R', '2016-01-14 22:19:00', '17', null, '4', '4'), ('1150', '52', 'C', '2015-12-25 22:19:00', '17', null, '4', '4'), ('1151', '53', 'R', '2016-01-14 22:19:00', '17', null, '4', '4'), ('1152', '58', 'C', '2016-01-14 22:19:00', '17', null, '4', '4'), ('1153', '59', 'R', '2016-01-14 22:19:00', '17', null, '4', '4'), ('1154', '60', 'C', '2015-11-11 22:19:00', '17', null, '4', '4'), ('1155', '63', 'R', '2016-01-14 22:19:00', '17', null, '4', '4'), ('1156', '64', 'C', '2015-03-28 22:19:00', '17', null, '4', '4'), ('1157', '43', 'C', '2016-01-14 22:19:00', '18', null, '4', '4'), ('1158', '45', 'C', '2016-01-14 22:19:00', '18', null, '4', '4'), ('1159', '47', 'R', '2016-01-14 22:19:00', '18', null, '4', '4'), ('1160', '48', 'C', '2015-12-18 22:19:00', '18', null, '4', '4'), ('1161', '51', 'R', '2016-01-14 22:19:00', '18', null, '4', '4'), ('1162', '52', 'C', '2015-06-10 22:19:00', '18', null, '4', '4'), ('1163', '53', 'R', '2016-01-14 22:19:00', '18', null, '4', '4'), ('1164', '58', 'C', '2016-01-14 22:19:00', '18', null, '4', '4'), ('1165', '59', 'E', '2015-12-29 22:19:00', '18', null, '4', '4'), ('1166', '60', 'C', '2015-06-14 22:19:00', '18', null, '4', '4'), ('1167', '63', 'R', '2016-01-14 22:19:00', '18', null, '4', '4'), ('1168', '64', 'C', '2015-11-11 22:19:00', '18', null, '4', '4'), ('1169', '43', 'C', '2016-01-14 22:19:00', '20', null, '4', '4'), ('1170', '45', 'C', '2016-01-14 22:19:00', '20', null, '4', '4'), ('1171', '47', 'R', '2016-01-14 22:19:00', '20', null, '4', '4'), ('1172', '48', 'C', '2015-12-16 22:19:00', '20', null, '4', '4'), ('1173', '51', 'R', '2016-01-14 22:19:00', '20', null, '4', '4'), ('1174', '52', 'C', '2015-03-20 22:19:00', '20', null, '4', '4'), ('1175', '53', 'E', '2015-12-18 22:19:00', '20', null, '4', '4'), ('1176', '58', 'C', '2016-01-14 22:19:00', '20', null, '4', '4'), ('1177', '59', 'R', '2016-01-14 22:19:00', '20', null, '4', '4'), ('1178', '60', 'C', '2015-12-31 22:19:00', '20', null, '4', '4'), ('1179', '63', 'R', '2016-01-14 22:19:00', '20', null, '4', '4'), ('1180', '64', 'C', '2015-12-17 22:19:00', '20', null, '4', '4'), ('1181', '43', 'C', '2016-01-14 22:19:00', '21', null, '4', '4'), ('1182', '45', 'C', '2016-01-14 22:19:00', '21', null, '4', '4'), ('1183', '47', 'R', '2016-01-14 22:19:00', '21', null, '4', '4'), ('1184', '48', 'C', '2015-06-09 22:19:00', '21', null, '4', '4'), ('1185', '51', 'R', '2016-01-14 22:19:00', '21', null, '4', '4'), ('1186', '52', 'C', '2016-01-09 22:19:00', '21', null, '4', '4'), ('1187', '53', 'R', '2016-01-14 22:19:00', '21', null, '4', '4'), ('1188', '58', 'C', '2016-01-14 22:19:00', '21', null, '4', '4'), ('1189', '59', 'R', '2016-01-14 22:19:00', '21', null, '4', '4'), ('1190', '60', 'C', '2015-12-16 22:19:00', '21', null, '4', '4'), ('1191', '63', 'R', '2016-01-14 22:19:00', '21', null, '4', '4'), ('1192', '64', 'C', '2015-11-09 22:19:00', '21', null, '4', '4'), ('1193', '43', 'C', '2016-01-14 22:19:00', '22', null, '4', '4'), ('1194', '45', 'C', '2016-01-14 22:19:00', '22', null, '4', '4'), ('1195', '47', 'E', '2015-12-15 22:19:00', '22', null, '4', '4'), ('1196', '48', 'C', '2015-03-07 22:19:00', '22', null, '4', '4'), ('1197', '51', 'R', '2016-01-14 22:19:00', '22', null, '4', '4'), ('1198', '52', 'C', '2015-03-02 22:19:00', '22', null, '4', '4'), ('1199', '53', 'R', '2016-01-14 22:19:00', '22', null, '4', '4'), ('1200', '58', 'C', '2016-01-14 22:19:00', '22', null, '4', '4'), ('1201', '59', 'R', '2016-01-14 22:19:00', '22', null, '4', '4'), ('1202', '60', 'C', '2015-03-18 22:19:00', '22', null, '4', '4'), ('1203', '63', 'R', '2016-01-14 22:19:00', '22', null, '4', '4'), ('1204', '64', 'C', '2015-06-25 22:19:00', '22', null, '4', '4'), ('1205', '43', 'C', '2016-01-10 22:19:00', '23', null, '4', '4'), ('1206', '45', 'C', '2016-01-14 22:19:00', '23', null, '4', '4'), ('1207', '47', 'R', '2016-01-14 22:19:00', '23', null, '4', '4'), ('1208', '48', 'C', '2015-09-28 22:19:00', '23', null, '4', '4'), ('1209', '51', 'R', '2016-01-14 22:19:00', '23', null, '4', '4'), ('1210', '52', 'C', '2015-12-27 22:19:00', '23', null, '4', '4'), ('1211', '53', 'R', '2016-01-14 22:19:00', '23', null, '4', '4'), ('1212', '58', 'C', '2016-01-14 22:19:00', '23', null, '4', '4'), ('1213', '59', 'R', '2016-01-14 22:19:00', '23', null, '4', '4'), ('1214', '60', 'C', '2015-04-07 22:19:00', '23', null, '4', '4'), ('1215', '63', 'R', '2016-01-14 22:19:00', '23', null, '4', '4'), ('1216', '64', 'C', '2015-12-11 22:19:00', '23', null, '4', '4'), ('1217', '43', 'C', '2016-01-14 22:19:00', '24', null, '4', '4'), ('1218', '45', 'C', '2016-01-14 22:19:00', '24', null, '4', '4'), ('1219', '47', 'R', '2016-01-14 22:19:00', '24', null, '4', '4'), ('1220', '48', 'C', '2015-12-29 22:19:00', '24', null, '4', '4'), ('1221', '51', 'R', '2016-01-14 22:19:00', '24', null, '4', '4'), ('1222', '52', 'C', '2015-12-22 22:19:00', '24', null, '4', '4'), ('1223', '53', 'R', '2016-01-14 22:19:00', '24', null, '4', '4'), ('1224', '58', 'C', '2016-01-14 22:19:00', '24', null, '4', '4'), ('1225', '59', 'E', '2015-12-16 22:19:00', '24', null, '4', '4'), ('1226', '60', 'C', '2016-01-02 22:19:00', '24', null, '4', '4'), ('1227', '63', 'R', '2016-01-14 22:19:00', '24', null, '4', '4'), ('1228', '64', 'C', '2015-02-05 22:19:00', '24', null, '4', '4'), ('1229', '43', 'C', '2016-01-14 22:19:00', '25', null, '4', '4'), ('1230', '45', 'C', '2016-01-14 22:19:00', '25', null, '4', '4'), ('1231', '47', 'R', '2016-01-14 22:19:00', '25', null, '4', '4'), ('1232', '48', 'C', '2015-04-11 22:19:00', '25', null, '4', '4'), ('1233', '51', 'R', '2016-01-14 22:19:00', '25', null, '4', '4'), ('1234', '52', 'C', '2016-01-04 22:19:00', '25', null, '4', '4'), ('1235', '53', 'E', '2016-01-11 22:19:00', '25', null, '4', '4'), ('1236', '58', 'C', '2016-01-14 22:19:00', '25', null, '4', '4'), ('1237', '59', 'R', '2016-01-14 22:19:00', '25', null, '4', '4'), ('1238', '60', 'C', '2015-04-24 22:19:00', '25', null, '4', '4'), ('1239', '63', 'R', '2016-01-14 22:19:00', '25', null, '4', '4'), ('1240', '64', 'C', '2015-12-26 22:19:00', '25', null, '4', '4'), ('1241', '43', 'C', '2016-01-14 22:19:00', '26', null, '4', '4'), ('1242', '45', 'C', '2016-01-14 22:19:00', '26', null, '4', '4'), ('1243', '47', 'R', '2016-01-14 22:19:00', '26', null, '4', '4'), ('1244', '48', 'C', '2015-05-13 22:19:00', '26', null, '4', '4'), ('1245', '51', 'R', '2016-01-14 22:19:00', '26', null, '4', '4'), ('1246', '52', 'C', '2015-10-20 22:19:00', '26', null, '4', '4'), ('1247', '53', 'R', '2016-01-14 22:19:00', '26', null, '4', '4'), ('1248', '58', 'C', '2016-01-14 22:19:00', '26', null, '4', '4'), ('1249', '59', 'R', '2016-01-14 22:19:00', '26', null, '4', '4'), ('1250', '60', 'C', '2015-12-22 22:19:00', '26', null, '4', '4'), ('1251', '63', 'R', '2016-01-14 22:19:00', '26', null, '4', '4'), ('1252', '64', 'C', '2015-12-06 22:19:00', '26', null, '4', '4'), ('1253', '43', 'C', '2016-01-14 22:19:00', '27', null, '4', '4'), ('1254', '45', 'C', '2016-01-14 22:19:00', '27', null, '4', '4'), ('1255', '47', 'E', '2016-01-13 22:19:00', '27', null, '4', '4'), ('1256', '48', 'C', '2015-04-01 22:19:00', '27', null, '4', '4'), ('1257', '51', 'R', '2016-01-14 22:19:00', '27', null, '4', '4'), ('1258', '52', 'C', '2015-04-18 22:19:00', '27', null, '4', '4'), ('1259', '53', 'R', '2016-01-14 22:19:00', '27', null, '4', '4'), ('1260', '58', 'C', '2016-01-14 22:19:00', '27', null, '4', '4'), ('1261', '59', 'R', '2016-01-14 22:19:00', '27', null, '4', '4'), ('1262', '60', 'C', '2015-08-25 22:19:00', '27', null, '4', '4'), ('1263', '63', 'R', '2016-01-14 22:19:00', '27', null, '4', '4'), ('1264', '64', 'C', '2015-05-15 22:19:00', '27', null, '4', '4'), ('1265', '43', 'C', '2015-12-21 22:19:00', '28', null, '4', '4'), ('1266', '45', 'C', '2016-01-14 22:19:00', '28', null, '4', '4'), ('1267', '47', 'R', '2016-01-14 22:19:00', '28', null, '4', '4'), ('1268', '48', 'C', '2015-10-10 22:19:00', '28', null, '4', '4'), ('1269', '51', 'R', '2016-01-14 22:19:00', '28', null, '4', '4'), ('1270', '52', 'C', '2015-12-16 22:19:00', '28', null, '4', '4'), ('1271', '53', 'R', '2016-01-14 22:19:00', '28', null, '4', '4'), ('1272', '58', 'C', '2016-01-14 22:19:00', '28', null, '4', '4'), ('1273', '59', 'R', '2016-01-14 22:19:00', '28', null, '4', '4'), ('1274', '60', 'C', '2015-10-09 22:19:00', '28', null, '4', '4'), ('1275', '63', 'R', '2016-01-14 22:19:00', '28', null, '4', '4'), ('1276', '64', 'C', '2015-07-02 22:19:00', '28', null, '4', '4'), ('1277', '43', 'C', '2016-01-14 22:19:00', '29', null, '4', '4'), ('1278', '45', 'C', '2016-01-14 22:19:00', '29', null, '4', '4'), ('1279', '47', 'R', '2016-01-14 22:19:00', '29', null, '4', '4'), ('1280', '48', 'C', '2016-01-04 22:19:00', '29', null, '4', '4'), ('1281', '51', 'R', '2016-01-14 22:19:00', '29', null, '4', '4'), ('1282', '52', 'C', '2015-02-09 22:19:00', '29', null, '4', '4'), ('1283', '53', 'R', '2016-01-14 22:19:00', '29', null, '4', '4'), ('1284', '58', 'C', '2016-01-14 22:19:00', '29', null, '4', '4'), ('1285', '59', 'E', '2015-12-24 22:19:00', '29', null, '4', '4'), ('1286', '60', 'C', '2015-11-17 22:19:00', '29', null, '4', '4'), ('1287', '63', 'R', '2016-01-14 22:19:00', '29', null, '4', '4'), ('1288', '64', 'C', '2015-02-26 22:19:00', '29', null, '4', '4'), ('1289', '43', 'C', '2016-01-14 22:19:00', '30', null, '4', '4'), ('1290', '45', 'C', '2016-01-14 22:19:00', '30', null, '4', '4'), ('1291', '47', 'R', '2016-01-14 22:19:00', '30', null, '4', '4'), ('1292', '48', 'C', '2015-12-11 22:19:00', '30', null, '4', '4'), ('1293', '51', 'R', '2016-01-14 22:19:00', '30', null, '4', '4'), ('1294', '52', 'C', '2015-05-03 22:19:00', '30', null, '4', '4'), ('1295', '53', 'E', '2015-12-28 22:19:00', '30', null, '4', '4'), ('1296', '58', 'C', '2016-01-14 22:19:00', '30', null, '4', '4'), ('1297', '59', 'R', '2016-01-14 22:19:00', '30', null, '4', '4'), ('1298', '60', 'C', '2015-09-10 22:19:00', '30', null, '4', '4'), ('1299', '63', 'R', '2016-01-14 22:19:00', '30', null, '4', '4'), ('1300', '64', 'C', '2015-12-23 22:19:00', '30', null, '4', '4');
COMMIT;

-- ----------------------------
--  Table structure for `plan_item_status`
-- ----------------------------
DROP TABLE IF EXISTS `plan_item_status`;
CREATE TABLE `plan_item_status` (
  `id` char(1) NOT NULL,
  `name` varchar(25) NOT NULL,
  `description` varchar(4000) NOT NULL,
  `const_name` varchar(25) NOT NULL,
  PRIMARY KEY (`id`),
  UNIQUE KEY `unique_id` (`id`),
  UNIQUE KEY `unique_name` (`name`),
  UNIQUE KEY `unique_const_name` (`const_name`)
) ENGINE=InnoDB DEFAULT CHARSET=utf8 ROW_FORMAT=COMPACT;

-- ----------------------------
--  Records of `plan_item_status`
-- ----------------------------
BEGIN;
INSERT INTO `plan_item_status` VALUES ('C', 'Completed', 'Course completed by member.', 'COMPLETED'), ('E', 'Enrolled', 'Enrolled in course, or accepted by member.', 'ENROLLED'), ('R', 'Recommended', 'Recommended by the system.', 'RECOMMENDED'), ('W', 'Withdrawn', 'Enrolled, but withdrawn and will not complete.', 'WITHDRAWN');
COMMIT;

-- ----------------------------
--  Table structure for `question`
-- ----------------------------
DROP TABLE IF EXISTS `question`;
CREATE TABLE `question` (
  `id` int(11) NOT NULL AUTO_INCREMENT,
  `question_group_id` int(11) NOT NULL,
  `question_type_id` int(11) NOT NULL DEFAULT '0',
  `sort_order` int(11) NOT NULL,
  `number` varchar(40) DEFAULT NULL,
  `name` varchar(1024) DEFAULT NULL,
  `summary` varchar(500) DEFAULT NULL,
  `description` varchar(5000) DEFAULT NULL,
  `importance` int(11) NOT NULL DEFAULT '1',
  PRIMARY KEY (`id`),
  KEY `question_group_id_index` (`question_group_id`),
  KEY `question_type_id_index` (`question_type_id`),
  CONSTRAINT `question_ibfk_1` FOREIGN KEY (`question_group_id`) REFERENCES `question_group` (`id`)
) ENGINE=InnoDB AUTO_INCREMENT=61 DEFAULT CHARSET=utf8 ROW_FORMAT=COMPACT;

-- ----------------------------
--  Records of `question`
-- ----------------------------
BEGIN;
INSERT INTO `question` VALUES ('1', '1', '1', '1', '1', 'Patient Introduction', '<p>abc</p>', 'The pharmacy technician should be able to: <ul><li>Identify the patient</li><li>Introduce self to patient and explain their role</li></ul>', '1'), ('2', '1', '1', '2', '2', 'Patient Assessment', null, 'The pharmacy technician should be able to: <ul><li>Question the patient (parent or carer) or a health care professional to obtain information </li><li>Use a variety of information sources to gather information </li><li>Interpret records made by other health care professionals when appropriate</li><li>Identify if the patient has brought in their medicines and/or encourage medicines to be brought in</li></ul>', '1'), ('3', '1', '1', '3', '3', 'Patient Consent', null, 'For ward based pharmacy technicians, the main focus for obtaining patient consent is for using safe and/or removing unsafe Patients Own Drugs. This should follow the local process. As pharmacy technicians develop new roles and provide additional services they will require a greater understanding of the issues surrounding consent.', '1'), ('4', '1', '1', '4', '4', 'Relevant Medicines Management Information', null, 'During the consultation with the patient, health problems and medicines management background should be identified and documented as per local procedure. Medicines Management background information could include use of compliance aids, information on who usually fills this, need for large print labels, resident of a nursinghome requiring specific discharge instructions, support offered by social services etc. Identification of allergies and poor adherence.', '1'), ('5', '1', '1', '5', '5', 'Identification of Non-Adherence', null, 'Pharmacy technicians are ideally placed to identify patients with non-adherence to their medicines, such as an inability to use inhalers correctly, a fear of taking medications, or an inability to open clic locs or blister packs. These issues should be resolved and documented by the pharmacy technician or referred according to local policy.', '1'), ('6', '1', '1', '6', '6', 'Identification of Allergies', null, 'It is important patients do not receive medicines they allergic to, nor be exposed to products that contain substances they are allergic to eg latex or nuts (some topical preparations contain nut oils). A pharmacy technician should:  <ul><li>Ensure that any allergy identified, including the type of reaction, is documented according to local procedure </li><li>Review the prescription to ensure that no culprit medicines have been prescribed.</li><li>Refer any patients who are prescribed medicines to which they have a documented allergy according to local procedure.</li></ul>  Pharmacy technicians should also be aware some patients describe diarrhoea with antibiotics as being allergic to them.', '1'), ('7', '2', '1', '7', '1', 'Knowledge of Laws and Regulations', null, 'The member is familiar with pharmacy laws and regulations, especially as they pertain to pharmacy technician responsibilities.', '1'), ('8', '2', '1', '8', '2', 'Drug Enforcement Administration (DEA) Knowledge', null, 'The member is knowledgeable of the Drug Enforcement Administration (DEA) and state requirements for controlled substances: the candidate shall be able to identify controlled substance labels, understand the rationale for controlled substances, the need for proper inventory and accountability, and the proper storage of controlled substances.', '1'), ('9', '2', '1', '9', '3', 'Classification of Legend VS OTC', null, 'The member is knowledgeable of the Drug Enforcement Administration (DEA) and state requirements for controlled substances: the candidate shall be able to identify controlled substance labels, understand the rationale for controlled substances, the need for proper inventory and accountability, and the proper storage of controlled substances.', '1'), ('10', '2', '1', '10', '4', 'Pharmaceutical Vocabulary', null, 'The member demonstrates a thorough knowledge of general pharmaceutical and medical terminology, the apothecary symbols, abbreviations (English and Latin), and the common chemical symbols.', '1'), ('11', '3', '1', '11', '1', 'Prioritization', null, 'The technician should be able to prioritize his/her own work and adjust priorities in response to changing circumstances; for example, knowing which patients/tasks take priority. We recognise that it is not possible or necessary to review the pharmaceutical care of every patient, every day.', '1'), ('12', '3', '1', '12', '2', 'Punctuality', null, 'The pharmacy technician should ensure satisfactory completion of tasks with appropriate handover and recognise the importance of punctuality and attention to detail.', '1'), ('13', '3', '1', '13', '3', 'Initiative', null, 'The pharmacy technician should demonstrate initiative in solving a problem or taking on a new opportunity/task without the prompting from others, and demonstrate the ability to work independently within their limitations.', '1'), ('14', '3', '1', '14', '4', 'Efficiency', null, 'This section deals with time management, and the pharmacy technician should demonstrate efficient use of their time. An example could be reviewing the allocated patients in the given time to an appropriate standard.', '1'), ('15', '3', '1', '15', '5', 'Patient and Carer', null, 'The \"carer\" may be a friend or relative as well as a social services or private agency care worker.', '1'), ('16', '4', '2', '1', '1', 'Do all Pharmacy workstations, stock areas, will call, front/back counters and compounding appear neat, clean, organized and free of food/beverages?', null, null, '1'), ('17', '4', '2', '2', '2', 'Is the pharmacy fully staffed and are team members scheduled appropriately (peak days/ times)?', null, null, '1'), ('18', '4', '2', '3', '3', 'Partner with ETL-HR/ETL-Pharmacy and pull training meter report to determine if all team members have completed all required training?', null, null, '1'), ('19', '5', '2', '4', '1', 'Does staff member determine if guest/pet is a new or existing patient? (staff member should only offer paper patient profile, if requested)', null, null, '1'), ('20', '5', '2', '5', '2', 'Does staff member accurately select the correct patient from patient search using last and first name and DOB?', null, null, '1'), ('21', '5', '2', '6', '3', 'Does staff member verify that all patient information and maintenance tasks were correctly verified, including name, DOB, address, phone # and allergies?', null, null, '1'), ('22', '5', '2', '7', '4', 'Does staff member check on-hands to ensure that the quantity is in stock?', null, null, '1'), ('23', '5', '2', '8', '5', 'Does staff member select the correct Pick Up type (Urgent, Waiting, Shopping, Today, Future Date)?', null, null, '1'), ('24', '5', '2', '9', '6', 'If Refill, did the staff member complete patient maintenance tasks and let guests know they are out of refills and create an Open Call Queue to alert prescriber?', null, null, '1'), ('25', '5', '2', '10', '7', 'Does staff member ensure scan was successful and all relevant information is clearly captured on both sides of the prescription?', null, null, '1'), ('26', '5', '2', '11', '8', 'Does staff member place the hard copy prescription in the hard copy container?', null, null, '1'), ('27', '5', '2', '12', '9', 'Does staff member add the prescription to the queue to ensure proper prioritization?', null, null, '1'), ('28', '5', '2', '13', '10', 'If a prescription is called in from a prescriber or transferred, did only a pharmacist complete this task? (Pharmacist should use a blank prescription pad for all oral and transferred prescriptions)', null, null, '1'), ('29', '5', '2', '14', '11', 'If patient does not want a safety cap, does staff member select NO and scan a waiver form into Patient Info Image?', null, null, '1'), ('30', '6', '2', '15', '1', 'Does staff member review all notes associated with the prescription?', null, null, '1'), ('31', '6', '2', '16', '2', 'Does staff member accurately select DAW and enter all elements of the hard copy?', null, null, '1'), ('32', '6', '2', '17', '3', 'Does staff member search for prescribed drug (Drug Field) and select the right drug based on DAW? (Enter at least the first four letters of the drug name to get a better match)', null, null, '1'), ('33', '6', '2', '18', '4', 'Does staff member enter the correct date and prescriber written on the prescription?', null, null, '1'), ('34', '6', '2', '19', '5', 'Does staff member get clarification from the pharmacist, if they are unclear or don\'t understand hard copy image?', null, null, '1'), ('35', '6', '2', '20', '6', 'Does staff member provide notes that are related to the drug, if necessary?', null, null, '1'), ('36', '6', '2', '21', '7', 'Does staff member reject the order if review is required or if they need more information?', null, null, '1'), ('37', '6', '2', '22', '8', 'Does staff member properly handle any third party rejects/warnings and make any necessary edits?', null, null, '1'), ('38', '6', '2', '23', '9', 'Does staff member obtain a white or red basket based on Pick Up type?', null, null, '1'), ('39', '7', '2', '24', '1', 'Does staff member start fill task in order of priority? v', null, null, '1'), ('40', '7', '2', '25', '2', 'Does staff member obtain stock bottle from shelf, scan user barcode, scan thelabel, scan the stock bottle and wait for a positive beep and green light to confirm accuracy?', null, null, '1'), ('41', '7', '2', '26', '3', 'Does same staff member fill all prescriptions in order and complete only one order at a time? (Team member should not batch orders)', null, null, '1'), ('42', '7', '2', '27', '4', 'Does staff member pullbottle, count and measure and label correctly according to quantity field?', null, null, '1'), ('43', '7', '2', '28', '5', 'For liquid dosage form, did staff member select the correct dispensing device? (PIBA, syringe)', null, null, '1'), ('44', '7', '2', '29', '6', 'Does staff member accurately prepare order for pharmacist verification and immediately return the stock bottle to the shelf? (if unit of use stock bottle, staff membershould include stock bottle for verificatio', null, null, '1'), ('45', '7', '2', '30', '7', 'Does staff member update expiration, if necessary? (Topicals, Liquids, etc.)', null, null, '1'), ('46', '8', '2', '31', '1', 'Does Pharmacist initiate task by scanning thebottle label?', null, null, '1'), ('47', '8', '2', '32', '2', 'Does Pharmacist review all notes provided during order/data entry?', null, null, '1'), ('48', '8', '2', '33', '3', 'Does Pharmacist accurately complete seven point check? (Patient, DUR, SIG, Quantity, Prescriber, DAW) by reviewing the information against scanned hardcopy image.', null, null, '1'), ('49', '8', '2', '34', '4', 'Does Pharmacist open the bottle and validate that the product matches drug image as well as product name, appearance, quantity?', null, null, '1'), ('50', '8', '2', '35', '5', 'Does Pharmacist evaluate all DURs and drug therapy issues and take appropriate action as needed? (Medication Review; Call Doctor or add notes when they override a DUR)', null, null, '1'), ('51', '8', '2', '36', '6', 'Does Pharmacist reject the prescription correctly and select the right reason code if errors were found? (Sent Back to Data Entry by selecting Return to Data Entry for Correction)', null, null, '1'), ('52', '8', '2', '37', '7', 'Does Pharmacist add notes or remove for prescription for this fill or all fills, if needed? Counseling Required? Different generic than previous fill?', null, null, '1'), ('53', '8', '2', '38', '8', 'Did Pharmacist select the correct will call bin for placement? (Bulk/Fridge/Mix/Will Call)', null, null, '1'), ('54', '8', '2', '39', '9', 'Were prescriptions filed in appropriate will call section by using guest\'s last name in each section? Did team clip multiple prescriptions for the same guest?', null, null, '1'), ('55', '9', '2', '40', '1', 'Does staff member obtain and search the first, last name and DOB of the patient in Will Call from screen and determine number of prescription to be picked up?', null, null, '1'), ('56', '9', '2', '41', '2', 'Does staff member check screen for any release notes and offere counseling by pharmacist? (pharmacy services, auto-refill)', null, null, '1'), ('57', '9', '2', '42', '3', 'Does staff member correctly retrieve the prescription from the correct location? (Fridge/Bulk/ Mix/Will Call)', null, null, '1'), ('58', '9', '2', '43', '4', 'Does staff member remove contents of bag and verify order by reviewing patient name, DOB, address, phone number, and that product matches what patient is expecting?', null, null, '1'), ('59', '9', '2', '44', '5', 'Does staff member determine if counseling is required and alert the Pharmacist?', null, null, '1'), ('60', '9', '2', '45', '6', 'If counseling is required or requested, does Pharmacist provide counseling? (Counseling should offered on all new prescriptions)', null, null, '1');
COMMIT;

-- ----------------------------
--  Table structure for `question_choice`
-- ----------------------------
DROP TABLE IF EXISTS `question_choice`;
CREATE TABLE `question_choice` (
  `id` int(11) NOT NULL AUTO_INCREMENT,
  `question_type_id` int(11) NOT NULL,
  `sort_order` int(11) NOT NULL,
  `name` varchar(200) DEFAULT NULL,
  `value` varchar(500) DEFAULT NULL,
  `rubric` varchar(500) DEFAULT NULL,
  `icon_prefix` varchar(50) DEFAULT NULL,
  PRIMARY KEY (`id`),
  KEY `question_type_id_index` (`question_type_id`),
  CONSTRAINT `question_choice_ibfk_1` FOREIGN KEY (`question_type_id`) REFERENCES `question_type` (`id`)
) ENGINE=InnoDB AUTO_INCREMENT=10 DEFAULT CHARSET=utf8 ROW_FORMAT=COMPACT;

-- ----------------------------
--  Records of `question_choice`
-- ----------------------------
BEGIN;
INSERT INTO `question_choice` VALUES ('1', '1', '0', '-unset-', '-1', 'There is no response to this item.', 'levelBg'), ('2', '1', '1', 'Unacceptable', '0', 'The performance is not meeting the needs of the position.  Significant improvement is needed.', 'levelBg'), ('3', '1', '2', 'Needs Improvement', '1', 'Performance must improve somewhat to meet expectations.', 'levelBg'), ('4', '1', '3', 'Proficient', '2', 'Performance meets expectations.', 'levelBg'), ('5', '1', '4', 'Highly Proficient', '3', 'The level of performance exceeds expectations.', 'levelBg'), ('6', '2', '0', '-unset-', '-1', '', 'yesNoBg'), ('7', '2', '1', 'Yes', '2', 'Performance is satisfactory.', 'yesNoBg'), ('8', '2', '2', 'No', '1', 'Performance is not satisfactory.', 'yesNoBg'), ('9', '1', '5', 'Distinguished', '4', 'The level of performance is extraordinary, greatly exceeding expectations.', 'levelBg');
COMMIT;

-- ----------------------------
--  Table structure for `question_group`
-- ----------------------------
DROP TABLE IF EXISTS `question_group`;
CREATE TABLE `question_group` (
  `id` int(11) NOT NULL AUTO_INCREMENT,
  `instrument_id` int(11) NOT NULL,
  `tag` varchar(100) DEFAULT NULL,
  `number` varchar(40) DEFAULT NULL,
  `sort_order` int(11) NOT NULL DEFAULT '0',
  `summary` varchar(500) DEFAULT NULL,
  `description` varchar(5000) DEFAULT NULL,
  PRIMARY KEY (`id`),
  KEY `instrument_id_index` (`instrument_id`),
  CONSTRAINT `question_group_ibfk_1` FOREIGN KEY (`instrument_id`) REFERENCES `instrument` (`id`)
) ENGINE=InnoDB AUTO_INCREMENT=10 DEFAULT CHARSET=utf8 ROW_FORMAT=COMPACT;

-- ----------------------------
--  Records of `question_group`
-- ----------------------------
BEGIN;
INSERT INTO `question_group` VALUES ('1', '1', 'Basic Skillset', '1', '1', null, null), ('2', '1', 'Pharmacy Law and Ethics', '2', '2', null, null), ('3', '1', 'Personal Competencies', '3', '3', null, null), ('4', '2', 'Brand', 'A', '1', null, null), ('5', '2', 'Create an Order', 'B', '2', null, null), ('6', '2', 'Adding Prescription Information', 'C', '3', null, null), ('7', '2', 'Filling', 'D', '4', null, null), ('8', '2', 'Pharmacist Verification', 'E', '5', null, null), ('9', '2', 'Prescription Pickup', 'F', '6', null, null);
COMMIT;

-- ----------------------------
--  Table structure for `question_type`
-- ----------------------------
DROP TABLE IF EXISTS `question_type`;
CREATE TABLE `question_type` (
  `id` int(11) NOT NULL AUTO_INCREMENT,
  `name` varchar(200) NOT NULL,
  `summary` varchar(500) DEFAULT NULL,
  `min_range` double DEFAULT '0',
  `max_range` double DEFAULT '0',
  `entry_type` varchar(12) NOT NULL DEFAULT 'LIKERT',
  PRIMARY KEY (`id`),
  UNIQUE KEY `name` (`name`)
) ENGINE=InnoDB AUTO_INCREMENT=3 DEFAULT CHARSET=utf8 ROW_FORMAT=COMPACT;

-- ----------------------------
--  Records of `question_type`
-- ----------------------------
BEGIN;
INSERT INTO `question_type` VALUES ('1', 'LIKERT5', 'Likert scale, 0 t0 5.', '0', '5', 'LIKERT'), ('2', 'NAYesNo', 'N/A,Yes,No', '0', '2', 'YESNO');
COMMIT;

-- ----------------------------
--  Table structure for `recommendation`
-- ----------------------------
DROP TABLE IF EXISTS `recommendation`;
CREATE TABLE `recommendation` (
  `id` int(11) NOT NULL AUTO_INCREMENT,
  `member_id` int(11) NOT NULL,
  `created_on` timestamp NOT NULL DEFAULT CURRENT_TIMESTAMP,
  `assessment_id` int(11) NOT NULL,
  PRIMARY KEY (`id`),
  UNIQUE KEY `id` (`id`),
  KEY `member_id` (`member_id`),
  KEY `assessment_id` (`assessment_id`),
  CONSTRAINT `recommendation_ibfk_1` FOREIGN KEY (`member_id`) REFERENCES `member` (`id`),
  CONSTRAINT `recommendation_ibfk_2` FOREIGN KEY (`assessment_id`) REFERENCES `assessment` (`id`)
) ENGINE=InnoDB AUTO_INCREMENT=2 DEFAULT CHARSET=utf8;

-- ----------------------------
--  Records of `recommendation`
-- ----------------------------
BEGIN;
INSERT INTO `recommendation` VALUES ('1', '13', '2016-01-30 13:59:37', '785');
COMMIT;

-- ----------------------------
--  Table structure for `relationship`
-- ----------------------------
DROP TABLE IF EXISTS `relationship`;
CREATE TABLE `relationship` (
  `id` int(11) NOT NULL AUTO_INCREMENT,
  `superior_id` int(11) NOT NULL,
  `subordinate_id` int(11) NOT NULL,
  `relationship_type_id` char(1) NOT NULL DEFAULT 'S',
  PRIMARY KEY (`id`),
  UNIQUE KEY `id` (`id`) USING BTREE
) ENGINE=InnoDB AUTO_INCREMENT=2 DEFAULT CHARSET=utf8 ROW_FORMAT=COMPACT;

-- ----------------------------
--  Records of `relationship`
-- ----------------------------
BEGIN;
INSERT INTO `relationship` VALUES ('1', '4', '7', 'S');
COMMIT;

-- ----------------------------
--  Table structure for `relationship_type`
-- ----------------------------
DROP TABLE IF EXISTS `relationship_type`;
CREATE TABLE `relationship_type` (
  `id` char(1) NOT NULL,
  `name` varchar(25) NOT NULL,
  `superior_verb` varchar(25) NOT NULL,
  `subordinate_verb` varchar(25) NOT NULL,
  PRIMARY KEY (`id`),
  UNIQUE KEY `id` (`id`) USING BTREE
) ENGINE=InnoDB DEFAULT CHARSET=utf8 ROW_FORMAT=COMPACT;

-- ----------------------------
--  Records of `relationship_type`
-- ----------------------------
BEGIN;
INSERT INTO `relationship_type` VALUES ('S', 'Supervisor', 'Supervise', 'Works for');
COMMIT;

-- ----------------------------
--  Table structure for `resource`
-- ----------------------------
DROP TABLE IF EXISTS `resource`;
CREATE TABLE `resource` (
  `id` int(11) NOT NULL AUTO_INCREMENT,
  `resource_type_id` char(1) DEFAULT 'T',
  `role_ids` varchar(10) DEFAULT 'PM',
  `number` varchar(40) DEFAULT NULL,
  `name` varchar(200) DEFAULT NULL,
  `location` varchar(500) DEFAULT NULL,
  `summary` varchar(5000) DEFAULT NULL,
  `description` varchar(5000) DEFAULT NULL,
  `creator_id` int(11) DEFAULT NULL,
  `create_on` timestamp NOT NULL DEFAULT CURRENT_TIMESTAMP,
  `last_modified` timestamp NOT NULL DEFAULT CURRENT_TIMESTAMP,
  PRIMARY KEY (`id`),
  KEY `resource_type_id` (`resource_type_id`),
  KEY `resource_user__fk` (`creator_id`),
  CONSTRAINT `resource_ibfk_1` FOREIGN KEY (`resource_type_id`) REFERENCES `resource_type` (`id`),
  CONSTRAINT `resource_user__fk` FOREIGN KEY (`creator_id`) REFERENCES `member` (`id`)
) ENGINE=InnoDB AUTO_INCREMENT=13 DEFAULT CHARSET=utf8 ROW_FORMAT=COMPACT;

-- ----------------------------
--  Records of `resource`
-- ----------------------------
BEGIN;
INSERT INTO `resource` VALUES ('1', 'T', 'PM', 'PHT001', 'Introduction to the Pharmacy, for Technicians', null, 'Important characteristics of current and evolving advanced technician practice models\n            include training through an ASHP accredited training program, PTCB certification, and licensure with a Board of Pharmacy.', '<p>a2aq2</p>', null, '2015-10-26 15:53:38', '2015-10-26 15:53:38'), ('2', 'T', 'PM', 'PHT002', 'Allergy Identification', null, '<p>Important characteristics of current and evolving advanced technician practice models&nbsp;include training through an ASHP accredited training program, PTCB certification, and licensure with a Board of Pharmacy.</p>', '<p>a2aq2</p>', null, '2015-10-26 15:53:38', '2015-10-26 15:53:38'), ('3', 'T', 'PM', 'PHT003', 'Assessing Patients', null, 'This module provides a general overview.', null, null, '2015-10-26 15:53:38', '2015-10-26 15:53:38'), ('4', 'T', 'PM', 'PHT004', 'Adherence Assessment', null, 'This module provides a general overview.', null, null, '2015-10-26 15:53:38', '2015-10-26 15:53:38'), ('5', 'T', 'PM', 'PHT005', 'Prescription Labeling', null, 'This module provides a general overview.', null, null, '2015-10-26 15:53:38', '2015-10-26 15:53:38'), ('6', 'T', 'PM', 'PHT006', 'Code of Conduct', null, 'This module provides a general overview.', null, null, '2015-10-26 15:53:38', '2015-10-26 15:53:38'), ('7', 'T', 'PM', 'PHT007', 'Drug Interactions', null, 'This module provides a general overview.', null, null, '2015-10-26 15:53:38', '2015-10-26 15:53:38'), ('8', 'T', 'PM', 'PHT008', 'Preventive Care', null, 'This module provides a general overview.', null, null, '2015-10-26 15:53:38', '2015-10-26 15:53:38'), ('9', 'T', 'PM', 'PHT009', 'Calculations', null, 'Pharmacy Calculations: An Introduction for Pharmacy Technicians, is designed for pharmacy technician students enrolled in a training program, technicians preparing for the certification exam, and for on-site training. As the role for pharmacy technicians continues to evolve and expand one thing remains constant. The safety of patients is the highest priority for anyone working in pharmacy, whether in hospital, retail, or institutional practices. With a thorough understanding of pharmacy math comes accuracy in computations and safety and quality in practice.', null, null, '2015-10-26 15:53:38', '2015-10-26 15:53:38'), ('10', 'T', 'PM', 'PHT010', 'Preventing Errors with Look-Alike and Sound-Alike Drug Names', null, 'Drug names can often sound similar or appear similar. In addition the appearance of the products can look similar enough to cause confusion. These can easily be confused contributing to adverse medication events.', null, null, '2015-10-26 15:53:38', '2015-10-26 15:53:38'), ('11', 'T', 'PM', 'PHT011', 'Confusion Pairs and Confusion Categories', null, null, null, null, '2015-10-26 15:53:38', '2015-10-26 15:53:38'), ('12', 'T', 'PM', 'PHT012', 'High Risk High Alert Medication Review (Case Studies)', null, null, null, null, '2015-10-26 15:53:38', '2015-10-26 15:53:38');
COMMIT;

-- ----------------------------
--  Table structure for `resource_alignment`
-- ----------------------------
DROP TABLE IF EXISTS `resource_alignment`;
CREATE TABLE `resource_alignment` (
  `id` int(11) NOT NULL AUTO_INCREMENT,
  `resource_id` int(11) NOT NULL,
  `question_id` int(11) NOT NULL,
  PRIMARY KEY (`id`),
  KEY `resource_id_index` (`resource_id`),
  KEY `question_id_index` (`question_id`),
  CONSTRAINT `resource_alignment_ibfk_1` FOREIGN KEY (`resource_id`) REFERENCES `resource` (`id`),
  CONSTRAINT `resource_alignment_ibfk_2` FOREIGN KEY (`question_id`) REFERENCES `question` (`id`)
) ENGINE=InnoDB AUTO_INCREMENT=93 DEFAULT CHARSET=utf8 ROW_FORMAT=COMPACT;

-- ----------------------------
--  Records of `resource_alignment`
-- ----------------------------
BEGIN;
INSERT INTO `resource_alignment` VALUES ('1', '1', '1'), ('3', '3', '3'), ('6', '3', '2'), ('7', '4', '5'), ('8', '5', '40'), ('9', '5', '42'), ('10', '5', '46'), ('11', '6', '5'), ('12', '6', '60'), ('13', '7', '8'), ('14', '7', '32'), ('15', '7', '35'), ('16', '7', '49'), ('17', '7', '50'), ('18', '8', '15'), ('19', '9', '4'), ('20', '4', '1'), ('21', '4', '2'), ('22', '4', '3'), ('23', '4', '4'), ('24', '4', '6'), ('25', '4', '8'), ('26', '4', '9'), ('27', '4', '10'), ('28', '4', '11'), ('29', '4', '12'), ('30', '4', '13'), ('31', '4', '59'), ('32', '4', '60'), ('47', '4', '20'), ('48', '5', '39'), ('49', '3', '25'), ('50', '7', '18'), ('51', '9', '27'), ('52', '12', '24'), ('53', '9', '22'), ('54', '4', '29'), ('55', '7', '14'), ('56', '7', '34'), ('57', '6', '58'), ('59', '4', '22'), ('60', '12', '17'), ('61', '4', '24'), ('62', '8', '17'), ('63', '5', '31'), ('64', '10', '19'), ('65', '10', '28'), ('66', '4', '53'), ('67', '8', '31'), ('68', '7', '23'), ('69', '12', '27'), ('70', '4', '16'), ('71', '8', '53'), ('72', '8', '39'), ('73', '5', '27'), ('75', '12', '55'), ('90', '2', '1'), ('92', '3', '1');
COMMIT;

-- ----------------------------
--  Table structure for `resource_alignment_map`
-- ----------------------------
DROP TABLE IF EXISTS `resource_alignment_map`;
CREATE TABLE `resource_alignment_map` (
  `id` int(11) NOT NULL AUTO_INCREMENT,
  `resource_alignment_id` int(11) NOT NULL,
  `response` int(11) NOT NULL,
  `utility` int(11) NOT NULL DEFAULT '0',
  PRIMARY KEY (`id`),
  UNIQUE KEY `resource_alignment_id` (`resource_alignment_id`,`response`),
  KEY `resource_alignment_id_index` (`resource_alignment_id`),
  CONSTRAINT `resource_alignment_maps_ibfk_1` FOREIGN KEY (`resource_alignment_id`) REFERENCES `resource_alignment` (`id`) ON DELETE CASCADE
) ENGINE=InnoDB AUTO_INCREMENT=305 DEFAULT CHARSET=utf8 COLLATE=utf8_bin;

-- ----------------------------
--  Records of `resource_alignment_map`
-- ----------------------------
BEGIN;
INSERT INTO `resource_alignment_map` VALUES ('1', '1', '1', '4'), ('2', '20', '1', '4'), ('4', '6', '1', '3'), ('5', '21', '1', '2'), ('6', '3', '1', '2'), ('7', '22', '1', '1'), ('9', '19', '1', '2'), ('10', '23', '1', '2'), ('11', '7', '1', '4'), ('12', '11', '1', '1'), ('13', '24', '1', '4'), ('14', '13', '1', '5'), ('15', '25', '1', '1'), ('16', '26', '1', '4'), ('17', '27', '1', '2'), ('18', '28', '1', '4'), ('19', '29', '1', '1'), ('20', '30', '1', '2'), ('21', '55', '1', '3'), ('22', '18', '1', '4'), ('32', '1', '2', '4'), ('33', '20', '2', '5'), ('35', '6', '2', '4'), ('36', '21', '2', '3'), ('37', '3', '2', '2'), ('38', '22', '2', '2'), ('40', '19', '2', '3'), ('41', '23', '2', '5'), ('42', '7', '2', '2'), ('43', '11', '2', '4'), ('44', '24', '2', '4'), ('45', '13', '2', '5'), ('46', '25', '2', '3'), ('47', '26', '2', '2'), ('48', '27', '2', '5'), ('49', '28', '2', '4'), ('50', '29', '2', '4'), ('51', '30', '2', '5'), ('52', '55', '2', '2'), ('53', '18', '2', '4'), ('63', '1', '3', '4'), ('64', '20', '3', '2'), ('66', '6', '3', '4'), ('67', '21', '3', '3'), ('68', '3', '3', '3'), ('69', '22', '3', '1'), ('71', '19', '3', '5'), ('72', '23', '3', '2'), ('73', '7', '3', '4'), ('74', '11', '3', '3'), ('75', '24', '3', '4'), ('76', '13', '3', '1'), ('77', '25', '3', '2'), ('78', '26', '3', '4'), ('79', '27', '3', '4'), ('80', '28', '3', '4'), ('81', '29', '3', '2'), ('82', '30', '3', '4'), ('83', '55', '3', '2'), ('84', '18', '3', '4'), ('94', '1', '4', '4'), ('95', '20', '4', '1'), ('97', '6', '4', '4'), ('98', '21', '4', '2'), ('99', '3', '4', '2'), ('100', '22', '4', '1'), ('102', '19', '4', '4'), ('103', '23', '4', '5'), ('104', '7', '4', '5'), ('105', '11', '4', '4'), ('106', '24', '4', '3'), ('107', '13', '4', '3'), ('108', '25', '4', '3'), ('109', '26', '4', '3'), ('110', '27', '4', '4'), ('111', '28', '4', '4'), ('112', '29', '4', '2'), ('113', '30', '4', '5'), ('114', '55', '4', '5'), ('115', '18', '4', '5'), ('125', '1', '5', '4'), ('126', '20', '5', '1'), ('128', '6', '5', '2'), ('129', '21', '5', '3'), ('130', '3', '5', '4'), ('131', '22', '5', '1'), ('133', '19', '5', '2'), ('134', '23', '5', '1'), ('135', '7', '5', '5'), ('136', '11', '5', '2'), ('137', '24', '5', '4'), ('138', '13', '5', '3'), ('139', '25', '5', '5'), ('140', '26', '5', '5'), ('141', '27', '5', '4'), ('142', '28', '5', '2'), ('143', '29', '5', '2'), ('144', '30', '5', '4'), ('145', '55', '5', '2'), ('146', '18', '5', '5'), ('156', '70', '1', '2'), ('157', '60', '1', '2'), ('158', '62', '1', '3'), ('159', '50', '1', '4'), ('160', '64', '1', '4'), ('161', '47', '1', '2'), ('162', '53', '1', '1'), ('163', '59', '1', '3'), ('164', '68', '1', '3'), ('165', '52', '1', '4'), ('166', '61', '1', '4'), ('167', '49', '1', '3'), ('168', '51', '1', '3'), ('169', '69', '1', '2'), ('170', '73', '1', '4'), ('172', '65', '1', '4'), ('173', '54', '1', '4'), ('174', '63', '1', '4'), ('175', '67', '1', '4'), ('176', '14', '1', '2'), ('177', '56', '1', '3'), ('178', '15', '1', '4'), ('179', '48', '1', '5'), ('180', '72', '1', '3'), ('181', '8', '1', '4'), ('182', '9', '1', '3'), ('183', '10', '1', '3'), ('186', '16', '1', '4'), ('187', '17', '1', '2'), ('188', '66', '1', '5'), ('189', '71', '1', '5'), ('190', '75', '1', '3'), ('191', '57', '1', '1'), ('192', '31', '1', '3'), ('193', '12', '1', '4'), ('194', '32', '1', '4'), ('219', '70', '2', '4'), ('220', '60', '2', '1'), ('221', '62', '2', '3'), ('222', '50', '2', '4'), ('223', '64', '2', '5'), ('224', '47', '2', '2'), ('225', '53', '2', '3'), ('226', '59', '2', '1'), ('227', '68', '2', '4'), ('228', '52', '2', '2'), ('229', '61', '2', '4'), ('230', '49', '2', '1'), ('231', '51', '2', '5'), ('232', '69', '2', '5'), ('233', '73', '2', '3'), ('235', '65', '2', '3'), ('236', '54', '2', '3'), ('237', '63', '2', '3'), ('238', '67', '2', '2'), ('239', '14', '2', '1'), ('240', '56', '2', '3'), ('241', '15', '2', '3'), ('242', '48', '2', '4'), ('243', '72', '2', '2'), ('244', '8', '2', '2'), ('245', '9', '2', '2'), ('246', '10', '2', '4'), ('249', '16', '2', '3'), ('250', '17', '2', '5'), ('251', '66', '2', '1'), ('252', '71', '2', '3'), ('253', '75', '2', '3'), ('254', '57', '2', '2'), ('255', '31', '2', '3'), ('256', '12', '2', '2'), ('257', '32', '2', '2'), ('295', '90', '1', '4'), ('296', '90', '2', '3'), ('297', '90', '3', '4'), ('298', '90', '4', '5'), ('300', '92', '1', '3'), ('301', '92', '2', '3'), ('302', '92', '3', '3'), ('303', '92', '4', '3'), ('304', '92', '5', '3');
COMMIT;

-- ----------------------------
--  Table structure for `resource_type`
-- ----------------------------
DROP TABLE IF EXISTS `resource_type`;
CREATE TABLE `resource_type` (
  `id` char(1) NOT NULL,
  `name` varchar(100) NOT NULL,
  `summary` varchar(500) DEFAULT NULL,
  `description` varchar(5000) DEFAULT NULL,
  PRIMARY KEY (`id`),
  UNIQUE KEY `id` (`id`)
) ENGINE=InnoDB DEFAULT CHARSET=utf8 ROW_FORMAT=COMPACT;

-- ----------------------------
--  Records of `resource_type`
-- ----------------------------
BEGIN;
INSERT INTO `resource_type` VALUES ('T', 'Template', 'Local HTML template file.', null), ('W', 'Web', 'Web URL.', null);
COMMIT;

-- ----------------------------
--  Table structure for `role`
-- ----------------------------
DROP TABLE IF EXISTS `role`;
CREATE TABLE `role` (
  `id` char(1) NOT NULL,
  `name` varchar(100) NOT NULL,
  `app_role_id` char(1) NOT NULL,
  `summary` varchar(500) DEFAULT NULL,
  `description` varchar(5000) DEFAULT NULL,
  PRIMARY KEY (`id`)
) ENGINE=InnoDB DEFAULT CHARSET=utf8 ROW_FORMAT=COMPACT;

-- ----------------------------
--  Records of `role`
-- ----------------------------
BEGIN;
INSERT INTO `role` VALUES ('A', 'Executive', 'A', null, null), ('M', 'Manager', 'M', null, null), ('P', 'Pharmacist', 'P', null, null), ('S', 'Sysadmin', 'S', null, null), ('T', 'Pharmacy Technician', 'P', null, null);
COMMIT;

-- ----------------------------
--  Procedure structure for `getOrgDescendantIds`
-- ----------------------------
DROP PROCEDURE IF EXISTS `getOrgDescendantIds`;
delimiter ;;
CREATE DEFINER=`root`@`localhost` PROCEDURE `getOrgDescendantIds`(IN pOrgId INT, OUT pDescendantIds TEXT)
BEGIN
    DECLARE vDone INT DEFAULT 0;
    DECLARE vChildId INT DEFAULT NULL;
    DECLARE vDescendantIds TEXT DEFAULT '';
    DECLARE vNumItems INT DEFAULT 0;
    DECLARE vItem TEXT DEFAULT '';
    DECLARE vI INT DEFAULT 0;
    DECLARE curs CURSOR FOR SELECT id FROM organization WHERE parent_id = pOrgId;
    DECLARE CONTINUE HANDLER FOR NOT FOUND SET vDone = 1;

    SET max_sp_recursion_depth = 255;
    IF pDescendantIds IS NULL THEN
      SET pDescendantIds = '';
    END IF;
    OPEN curs;
    REPEAT
      FETCH curs INTO vChildId;
      IF vChildId IS NOT NULL THEN
        IF LENGTH(pDescendantIds) > 0 THEN
          IF FIND_IN_SET(vChildId, pDescendantIds) <= 0 THEN
            SET pDescendantIds = CONCAT(pDescendantIds, ',', vChildId);
          END IF;
        ELSE
          SET pDescendantIds = vChildId;
        END IF;
        CALL getOrgDescendantIds(vChildId, vDescendantIds);
        IF LENGTH(vDescendantIds) > 0 THEN
          SET vNumItems = SubstrCount(',', vDescendantIds);
          IF (vNumItems > 0) THEN
            SET vI = 1;
            REPEAT
              SET vItem = splitStrAt(vDescendantIds, ',', vI);
              SET pDescendantIds = CONCAT(pDescendantIds, ',', vItem);
              SET vI = vI + 1;
            UNTIL vI > vNumItems END REPEAT;
          ELSE
            SET pDescendantIds = pDescendantIds;
          END IF;
        ELSE
          SET pDescendantIds = pDescendantIds;
        END IF;
      END IF;
    UNTIL vDone END REPEAT;
    CLOSE curs;
  END
 ;;
delimiter ;

-- ----------------------------
--  Function structure for `nOrgChildren`
-- ----------------------------
DROP FUNCTION IF EXISTS `nOrgChildren`;
delimiter ;;
CREATE DEFINER=`root`@`localhost` FUNCTION `nOrgChildren`(pOrgId INT) RETURNS int(11)
    DETERMINISTIC
BEGIN
    DECLARE cnt INT DEFAULT 0;
    SELECT COUNT(id) INTO cnt FROM organization WHERE parent_id=pOrgId;
    RETURN cnt;
  END
 ;;
delimiter ;

-- ----------------------------
--  Function structure for `RandomInt`
-- ----------------------------
DROP FUNCTION IF EXISTS `RandomInt`;
delimiter ;;
CREATE DEFINER=`root`@`localhost` FUNCTION `RandomInt`(minVal INT, maxVal INT) RETURNS int(11)
BEGIN
    RETURN (minVal + FLOOR(RAND() * ((maxVal - minVal)+1)));
  END
 ;;
delimiter ;

-- ----------------------------
--  Function structure for `retrieveOrgAncestorIds`
-- ----------------------------
DROP FUNCTION IF EXISTS `retrieveOrgAncestorIds`;
delimiter ;;
CREATE DEFINER=`root`@`localhost` FUNCTION `retrieveOrgAncestorIds`(leafId INT) RETURNS varchar(1000) CHARSET utf8
BEGIN
    DECLARE sTemp VARCHAR(1000);
    DECLARE sTempChd VARCHAR(1000);

    SET sTemp = '';
    SET sTempChd = cast(leafId AS CHAR);

    WHILE sTempChd IS NOT NULL DO
      IF LENGTH(sTemp) > 0
      THEN
        SET sTemp = concat(sTempChd, ',', sTemp);
      ELSE
        SET sTemp = sTempChd;
      END IF;
      SELECT parent_id INTO sTempChd FROM organization WHERE id = sTempChd;
    END WHILE;
    RETURN sTemp;
  END
 ;;
delimiter ;

-- ----------------------------
--  Function structure for `retrieveOrgDescendantIds`
-- ----------------------------
DROP FUNCTION IF EXISTS `retrieveOrgDescendantIds`;
delimiter ;;
CREATE DEFINER=`root`@`localhost` FUNCTION `retrieveOrgDescendantIds`(rootId INT) RETURNS varchar(1000) CHARSET utf8
BEGIN
    DECLARE sTemp VARCHAR(1000);
    DECLARE sTempChd VARCHAR(1000);

    SET sTemp = '';
    SET sTempChd = cast(rootId AS CHAR);

    WHILE sTempChd IS NOT NULL DO
      IF LENGTH(sTemp) > 0
      THEN
        SET sTemp = concat(sTemp, ',', sTempChd);
      ELSE
        SET sTemp = concat(sTemp, sTempChd);
      END IF;
      SELECT group_concat(id) INTO sTempChd FROM organization WHERE FIND_IN_SET(parent_id, sTempChd) > 0;
    END WHILE;
    RETURN sTemp;
  END
 ;;
delimiter ;

-- ----------------------------
--  Function structure for `retrieveOrgSubParentId`
-- ----------------------------
DROP FUNCTION IF EXISTS `retrieveOrgSubParentId`;
delimiter ;;
CREATE DEFINER=`root`@`localhost` FUNCTION `retrieveOrgSubParentId`(pTopId INT, pOrgId INT) RETURNS int(11)
BEGIN
    DECLARE vAncestorIds VARCHAR(1000);
    DECLARE vNumIDs INT;
    DECLARE vIdx INT;
    DECLARE vID VARCHAR(50);
    DECLARE vTopFound BOOL;

    SET vAncestorIds = retrieveOrgAncestorIds(pOrgId);
    SET vNumIDs = substrCount(',', vAncestorIds) + 1;
    SET vIdx = 1;
    SET vTopFound = FALSE;
    WHILE vIdx <= vNumIDs DO
      SET vID = CAST(splitStrAt(vAncestorIds, ',', vIdx) AS UNSIGNED);
      IF vID = pTopId
      THEN
        SET vTopFound = TRUE;
      ELSE
        IF vTopFound
        THEN
          RETURN vID;
        END IF;
      END IF;
      SET vIdx = vIdx + 1;
    END WHILE;
    RETURN 0;
  END
 ;;
delimiter ;

-- ----------------------------
--  Function structure for `retrieveOrgSubParentName`
-- ----------------------------
DROP FUNCTION IF EXISTS `retrieveOrgSubParentName`;
delimiter ;;
CREATE DEFINER=`root`@`localhost` FUNCTION `retrieveOrgSubParentName`(pTopId INT, pOrgId INT) RETURNS text CHARSET utf8
BEGIN
    DECLARE vAncestorIds VARCHAR(1000);
    DECLARE vNumIDs INT;
    DECLARE vIdx INT;
    DECLARE vID VARCHAR(50);
    DECLARE vTopFound BOOL;
    DECLARE vName TEXT;

    SET vAncestorIds = retrieveOrgAncestorIds(pOrgId);
    SET vNumIDs = substrCount(',', vAncestorIds) + 1;
    SET vIdx = 1;
    SET vTopFound = FALSE;
    WHILE vIdx <= vNumIDs DO
      SET vID = CAST(splitStrAt(vAncestorIds, ',', vIdx) AS UNSIGNED);
      IF vID = pTopId
      THEN
        SET vTopFound = TRUE;
      ELSE
        IF vTopFound
        THEN
          SELECT name INTO vName FROM organization WHERE id=vID;
          RETURN vName;
        END IF;
      END IF;
      SET vIdx = vIdx + 1;
    END WHILE;
    RETURN NULL;
  END
 ;;
delimiter ;

-- ----------------------------
--  Function structure for `splitStrAt`
-- ----------------------------
DROP FUNCTION IF EXISTS `splitStrAt`;
delimiter ;;
CREATE DEFINER=`root`@`localhost` FUNCTION `splitStrAt`(x VARCHAR(255), delim VARCHAR(12), pos INT) RETURNS varchar(255) CHARSET utf8
RETURN REPLACE(SUBSTRING(SUBSTRING_INDEX(x, delim, pos), LENGTH(SUBSTRING_INDEX(x, delim, pos - 1)) + 1), delim, '')
 ;;
delimiter ;

-- ----------------------------
--  Function structure for `substrCount`
-- ----------------------------
DROP FUNCTION IF EXISTS `substrCount`;
delimiter ;;
CREATE DEFINER=`root`@`localhost` FUNCTION `substrCount`(ch CHAR, str TEXT) RETURNS int(11)
    DETERMINISTIC
BEGIN
    RETURN (LENGTH(str) - LENGTH(REPLACE(str, ch, '')));
  END
 ;;
delimiter ;

SET FOREIGN_KEY_CHECKS = 1;
