/*
 Navicat MySQL Data Transfer

 Source Server         : localhost
 Source Server Type    : MySQL
 Source Server Version : 50713
 Source Host           : localhost
 Source Database       : cogentqi_v1_oncourse

 Target Server Type    : MySQL
 Target Server Version : 50713
 File Encoding         : utf-8

 Date: 07/29/2016 21:22:30 PM
*/

SET NAMES utf8mb4;
SET FOREIGN_KEY_CHECKS = 0;

-- ----------------------------
--  Table structure for `_db_update`
-- ----------------------------
DROP TABLE IF EXISTS `_db_update`;
CREATE TABLE `_db_update` (
  `script_name` varchar(100) NOT NULL,
  `runOn` timestamp NOT NULL DEFAULT CURRENT_TIMESTAMP,
  PRIMARY KEY (`script_name`),
  UNIQUE KEY `script_name` (`script_name`)
) ENGINE=InnoDB DEFAULT CHARSET=utf8 ROW_FORMAT=COMPACT;

-- ----------------------------
--  Records of `_db_update`
-- ----------------------------
BEGIN;
INSERT INTO `_db_update` VALUES ('0001-RecommendationFields.sql', '2015-11-25 10:58:37'), ('0002-AppRole.sql', '2015-11-26 15:22:07'), ('0003-RoleAgain.sql', '2015-11-28 21:30:02'), ('0004-Events.sql', '2015-12-10 13:29:54'), ('0008-ResponseTimestamp.sql', '2016-01-03 19:28:35'), ('0009-EventOutcomeRecommendations.sql', '2016-01-30 13:57:29'), ('0010-ChangeLevelType.sql', '2016-02-01 19:39:12');
COMMIT;

-- ----------------------------
--  Table structure for `algorithm_usage`
-- ----------------------------
DROP TABLE IF EXISTS `algorithm_usage`;
CREATE TABLE `algorithm_usage` (
  `id` char(1) NOT NULL,
  `name` varchar(100) NOT NULL,
  `description` varchar(5000) DEFAULT NULL,
  `summary` varchar(500) DEFAULT NULL,
  PRIMARY KEY (`id`)
) ENGINE=InnoDB DEFAULT CHARSET=utf8 ROW_FORMAT=COMPACT;

-- ----------------------------
--  Records of `algorithm_usage`
-- ----------------------------
BEGIN;
INSERT INTO `algorithm_usage` VALUES ('N', 'None', null, null), ('R', 'Recommendations', null, null);
COMMIT;

-- ----------------------------
--  Table structure for `assessment`
-- ----------------------------
DROP TABLE IF EXISTS `assessment`;
CREATE TABLE `assessment` (
  `id` int(11) NOT NULL AUTO_INCREMENT,
  `instrument_id` int(11) NOT NULL,
  `member_id` int(11) NOT NULL,
  `assessor_id` int(11) DEFAULT NULL,
  `last_saved` datetime NOT NULL DEFAULT CURRENT_TIMESTAMP,
  `last_modified` timestamp NOT NULL DEFAULT CURRENT_TIMESTAMP,
  `assessor_comments` longtext,
  `member_comments` text,
  `score` double DEFAULT NULL,
  `rank` int(11) DEFAULT NULL,
  `edit_status` char(1) DEFAULT 'A',
  `view_status` char(1) DEFAULT 'A',
  `instrument_schedule_id` int(11) NOT NULL,
  PRIMARY KEY (`id`),
  KEY `instrument_id_index` (`instrument_id`),
  KEY `member_id_index` (`member_id`),
  KEY `by_member_id_index` (`assessor_id`),
  KEY `instrument_schedule_id` (`instrument_schedule_id`),
  CONSTRAINT `assessment_ibfk_1` FOREIGN KEY (`member_id`) REFERENCES `member` (`id`),
  CONSTRAINT `assessment_ibfk_2` FOREIGN KEY (`assessor_id`) REFERENCES `member` (`id`),
  CONSTRAINT `assessment_ibfk_3` FOREIGN KEY (`instrument_id`) REFERENCES `instrument` (`id`),
  CONSTRAINT `assessment_ibfk_4` FOREIGN KEY (`instrument_schedule_id`) REFERENCES `instrument_schedule` (`id`),
  CONSTRAINT `assessment_ibfk_5` FOREIGN KEY (`instrument_schedule_id`) REFERENCES `instrument_schedule` (`id`),
  CONSTRAINT `assessment_ibfk_6` FOREIGN KEY (`instrument_schedule_id`) REFERENCES `instrument_schedule` (`id`)
) ENGINE=InnoDB AUTO_INCREMENT=182 DEFAULT CHARSET=utf8 ROW_FORMAT=COMPACT;

-- ----------------------------
--  Records of `assessment`
-- ----------------------------
BEGIN;
INSERT INTO `assessment` VALUES ('66', '5', '7', '4', '2015-04-30 01:01:54', '2015-04-30 01:01:54', null, null, null, null, 'A', 'A', '2'), ('67', '5', '9', '4', '2015-05-31 01:01:54', '2015-05-31 01:01:54', null, null, null, null, 'A', 'A', '2'), ('68', '5', '10', '4', '2015-06-11 01:01:54', '2015-06-11 01:01:54', null, null, null, null, 'A', 'A', '2'), ('69', '5', '11', '4', '2015-09-30 22:52:33', '2015-09-30 22:52:33', null, null, '3.4', '3', 'A', 'A', '2'), ('70', '5', '12', '4', '2015-09-20 14:56:16', '2015-09-20 14:56:16', null, null, '3', null, 'A', 'A', '2'), ('71', '5', '13', '4', '2015-09-20 16:32:02', '2015-09-20 16:32:02', null, null, '3.2', '3', 'A', 'A', '2'), ('72', '5', '17', '4', '2015-09-13 19:41:27', '2015-09-13 19:41:27', null, null, null, null, 'A', 'A', '2'), ('73', '5', '18', '4', '2015-07-09 01:01:54', '2015-07-09 01:01:54', null, null, null, null, 'A', 'A', '2'), ('74', '5', '20', '4', '2015-07-21 01:01:54', '2015-07-21 01:01:54', null, null, null, null, 'A', 'A', '2'), ('75', '5', '21', '4', '2015-08-31 01:01:54', '2015-08-31 01:01:54', null, null, null, null, 'A', 'A', '2'), ('76', '5', '22', '4', '2015-04-08 01:01:54', '2015-04-08 01:01:54', null, null, null, null, 'A', 'A', '2'), ('77', '5', '23', '4', '2015-05-15 01:01:54', '2015-05-15 01:01:54', null, null, null, null, 'A', 'A', '2'), ('78', '5', '24', '4', '2015-08-31 01:01:54', '2015-08-31 01:01:54', null, null, null, null, 'A', 'A', '2'), ('79', '5', '25', '4', '2015-09-30 18:27:15', '2015-09-30 18:27:15', null, null, '3', '3', 'L', 'A', '2'), ('80', '5', '26', '4', '2015-08-31 01:01:54', '2015-08-31 01:01:54', null, null, null, null, 'A', 'A', '2'), ('81', '5', '27', '4', '2015-08-31 01:01:54', '2015-08-31 01:01:54', null, null, null, null, 'A', 'A', '2'), ('82', '5', '28', '4', '2015-08-31 01:01:54', '2015-08-31 01:01:54', null, null, null, null, 'A', 'A', '2'), ('83', '5', '29', '4', '2015-08-31 01:01:54', '2015-08-31 01:01:54', null, null, null, null, 'A', 'A', '2'), ('84', '5', '30', '4', '2015-08-31 01:01:54', '2015-08-31 01:01:54', null, null, null, null, 'A', 'A', '2'), ('97', '9', '6', '31', '2015-04-06 12:10:12', '2015-04-06 12:10:12', null, null, null, null, 'A', 'A', '3'), ('98', '9', '8', '31', '2015-08-31 01:01:54', '2015-08-31 01:01:54', null, null, null, null, 'A', 'A', '3'), ('99', '9', '14', '31', '2015-08-31 01:01:54', '2015-08-31 01:01:54', null, null, null, null, 'A', 'A', '3'), ('100', '9', '15', '31', '2015-08-31 01:01:54', '2015-08-31 01:01:54', null, null, null, null, 'A', 'A', '3'), ('101', '9', '16', '31', '2015-08-31 01:01:54', '2015-08-31 01:01:54', null, null, null, null, 'A', 'A', '3'), ('102', '9', '6', '4', '2015-09-20 16:32:41', '2015-09-20 16:32:41', null, null, '2.7', '3', 'A', 'A', '3'), ('104', '9', '6', '5', '2015-08-17 12:07:54', '2015-08-17 12:07:54', null, null, null, null, 'A', 'A', '3'), ('105', '9', '6', '4', '2015-10-17 12:13:23', '2015-10-17 12:13:23', null, null, null, null, 'A', 'A', '3'), ('106', '9', '6', '4', '2015-10-17 12:13:33', '2015-10-17 12:13:33', null, null, null, null, 'A', 'A', '3'), ('107', '9', '6', '4', '2015-10-17 12:31:56', '2015-10-17 12:31:56', null, null, null, null, 'A', 'A', '3'), ('108', '5', '11', '4', '2015-10-17 17:50:25', '2015-10-17 17:50:25', null, null, null, null, 'A', 'A', '2'), ('109', '5', '11', '4', '2015-10-17 17:50:26', '2015-10-17 17:50:26', null, null, null, null, 'A', 'A', '2'), ('110', '5', '11', '4', '2016-01-19 17:18:38', '2016-01-19 17:18:38', null, null, '3', '3', 'A', 'A', '2'), ('111', '5', '24', '24', '2016-01-03 17:43:02', '2016-01-03 17:43:02', 'We are seeing significant improvement since the last evaluation.', 'I feel as though I am on track.', null, null, 'A', 'A', '2'), ('112', '5', '20', '20', '2015-12-09 17:43:02', '2015-12-09 17:43:02', 'We are seeing significant improvement since the last evaluation.', 'I feel as though I am on track.', null, null, 'A', 'A', '2'), ('113', '5', '27', '27', '2016-01-05 17:43:02', '2016-01-05 17:43:02', 'We are seeing significant improvement since the last evaluation.', 'I feel as though I am on track.', null, null, 'A', 'A', '2'), ('114', '5', '30', '30', '2015-12-22 17:43:02', '2015-12-22 17:43:02', 'We are seeing significant improvement since the last evaluation.', 'I feel as though I am on track.', null, null, 'A', 'A', '2'), ('115', '5', '12', '12', '2015-12-16 17:43:02', '2015-12-16 17:43:02', 'We are seeing significant improvement since the last evaluation.', 'I feel as though I am on track.', null, null, 'A', 'A', '2'), ('116', '5', '11', '11', '2016-01-04 17:43:02', '2016-01-04 17:43:02', 'We are seeing significant improvement since the last evaluation.', 'I feel as though I am on track.', null, null, 'A', 'A', '2'), ('117', '5', '7', '7', '2015-12-30 17:43:02', '2015-12-30 17:43:02', 'We are seeing significant improvement since the last evaluation.', 'I feel as though I am on track.', null, null, 'A', 'A', '2'), ('118', '5', '25', '25', '2016-01-09 17:43:02', '2016-01-09 17:43:02', 'We are seeing significant improvement since the last evaluation.', 'I feel as though I am on track.', null, null, 'A', 'A', '2'), ('119', '5', '13', '13', '2016-01-10 17:43:02', '2016-01-10 17:43:02', 'We are seeing significant improvement since the last evaluation.', 'I feel as though I am on track.', null, null, 'A', 'A', '2'), ('120', '5', '29', '29', '2015-12-12 17:43:02', '2015-12-12 17:43:02', 'We are seeing significant improvement since the last evaluation.', 'I feel as though I am on track.', null, null, 'A', 'A', '2'), ('126', '5', '21', '21', '2015-12-12 17:43:34', '2015-12-12 17:43:34', 'We are seeing significant improvement since the last evaluation.', 'I feel as though I am on track.', null, null, 'A', 'A', '2'), ('127', '5', '23', '23', '2016-01-15 17:43:34', '2016-01-15 17:43:34', 'We are seeing significant improvement since the last evaluation.', 'I feel as though I am on track.', null, null, 'A', 'A', '2'), ('128', '5', '24', '24', '2015-12-23 17:43:34', '2015-12-23 17:43:34', 'We are seeing significant improvement since the last evaluation.', 'I feel as though I am on track.', null, null, 'A', 'A', '2'), ('129', '5', '25', '25', '2015-12-27 17:43:34', '2015-12-27 17:43:34', 'We are seeing significant improvement since the last evaluation.', 'I feel as though I am on track.', null, null, 'A', 'A', '2'), ('130', '5', '20', '20', '2015-12-12 17:43:34', '2015-12-12 17:43:34', 'We are seeing significant improvement since the last evaluation.', 'I feel as though I am on track.', null, null, 'A', 'A', '2'), ('131', '5', '13', '13', '2015-12-25 17:43:34', '2015-12-25 17:43:34', 'We are seeing significant improvement since the last evaluation.', 'I feel as though I am on track.', null, null, 'A', 'A', '2'), ('132', '5', '11', '11', '2015-12-16 17:43:34', '2015-12-16 17:43:34', 'We are seeing significant improvement since the last evaluation.', 'I feel as though I am on track.', null, null, 'A', 'A', '2'), ('133', '5', '18', '18', '2015-12-25 17:43:34', '2015-12-25 17:43:34', 'We are seeing significant improvement since the last evaluation.', 'I feel as though I am on track.', null, null, 'A', 'A', '2'), ('134', '5', '12', '12', '2016-01-02 17:43:34', '2016-01-02 17:43:34', 'We are seeing significant improvement since the last evaluation.', 'I feel as though I am on track.', null, null, 'A', 'A', '2'), ('135', '5', '17', '17', '2016-01-09 17:43:34', '2016-01-09 17:43:34', 'We are seeing significant improvement since the last evaluation.', 'I feel as though I am on track.', null, null, 'A', 'A', '2'), ('141', '9', '6', '6', '2015-02-11 17:43:34', '2015-02-11 17:43:34', 'We are seeing significant improvement since the last evaluation.', 'I feel as though I am on track.', null, null, 'A', 'A', '3'), ('142', '9', '8', '8', '2015-02-02 17:43:34', '2015-02-02 17:43:34', 'We are seeing significant improvement since the last evaluation.', 'I feel as though I am on track.', null, null, 'A', 'A', '3'), ('143', '9', '14', '14', '2015-03-13 17:43:34', '2015-03-13 17:43:34', 'We are seeing significant improvement since the last evaluation.', 'I feel as though I am on track.', null, null, 'A', 'A', '3'), ('144', '9', '15', '15', '2015-03-06 17:43:34', '2015-03-06 17:43:34', 'We are seeing significant improvement since the last evaluation.', 'I feel as though I am on track.', null, null, 'A', 'A', '3'), ('145', '9', '16', '16', '2015-03-19 17:43:34', '2015-03-19 17:43:34', 'We are seeing significant improvement since the last evaluation.', 'I feel as though I am on track.', null, null, 'A', 'A', '3'), ('148', '9', '6', '6', '2015-03-11 17:43:34', '2015-03-11 17:43:34', 'We are seeing significant improvement since the last evaluation.', 'I feel as though I am on track.', null, null, 'A', 'A', '3'), ('149', '9', '8', '8', '2015-05-21 17:43:34', '2015-05-21 17:43:34', 'We are seeing significant improvement since the last evaluation.', 'I feel as though I am on track.', null, null, 'A', 'A', '3'), ('150', '9', '14', '14', '2015-07-05 17:43:34', '2015-07-05 17:43:34', 'We are seeing significant improvement since the last evaluation.', 'I feel as though I am on track.', null, null, 'A', 'A', '3'), ('151', '9', '15', '15', '2015-06-21 17:43:34', '2015-06-21 17:43:34', 'We are seeing significant improvement since the last evaluation.', 'I feel as though I am on track.', null, null, 'A', 'A', '3'), ('152', '9', '16', '16', '2015-06-21 17:43:34', '2015-06-21 17:43:34', 'We are seeing significant improvement since the last evaluation.', 'I feel as though I am on track.', null, null, 'A', 'A', '3'), ('155', '9', '6', '6', '2015-11-03 17:43:34', '2015-11-03 17:43:34', 'We are seeing significant improvement since the last evaluation.', 'I feel as though I am on track.', null, null, 'A', 'A', '3'), ('156', '9', '8', '8', '2015-10-14 17:43:34', '2015-10-14 17:43:34', 'We are seeing significant improvement since the last evaluation.', 'I feel as though I am on track.', null, null, 'A', 'A', '3'), ('157', '9', '14', '14', '2015-10-09 17:43:34', '2015-10-09 17:43:34', 'We are seeing significant improvement since the last evaluation.', 'I feel as though I am on track.', null, null, 'A', 'A', '3'), ('158', '9', '15', '15', '2015-11-10 17:43:34', '2015-11-10 17:43:34', 'We are seeing significant improvement since the last evaluation.', 'I feel as though I am on track.', null, null, 'A', 'A', '3'), ('159', '9', '16', '16', '2015-10-18 17:43:34', '2015-10-18 17:43:34', 'We are seeing significant improvement since the last evaluation.', 'I feel as though I am on track.', null, null, 'A', 'A', '3'), ('162', '9', '15', '15', '2016-01-14 17:43:34', '2016-01-14 17:43:34', 'We are seeing significant improvement since the last evaluation.', 'I feel as though I am on track.', null, null, 'A', 'A', '3'), ('163', '9', '6', '6', '2015-12-25 17:43:34', '2015-12-25 17:43:34', 'We are seeing significant improvement since the last evaluation.', 'I feel as though I am on track.', null, null, 'A', 'A', '3'), ('164', '9', '16', '16', '2016-01-18 17:43:34', '2016-01-18 17:43:34', 'We are seeing significant improvement since the last evaluation.', 'I feel as though I am on track.', null, null, 'A', 'A', '3'), ('165', '9', '8', '8', '2015-12-27 17:43:34', '2015-12-27 17:43:34', 'We are seeing significant improvement since the last evaluation.', 'I feel as though I am on track.', null, null, 'A', 'A', '3'), ('166', '9', '14', '14', '2015-12-28 17:43:34', '2015-12-28 17:43:34', 'We are seeing significant improvement since the last evaluation.', 'I feel as though I am on track.', null, null, 'A', 'A', '3'), ('167', '10', '5', '5', '2016-02-23 21:09:05', '2016-02-23 21:09:05', 'We are seeing significant improvement since the last evaluation.', 'I feel as though I am on track.', null, null, 'A', 'A', '4'), ('168', '10', '31', '31', '2016-03-21 21:09:05', '2016-03-21 21:09:05', 'We are seeing significant improvement since the last evaluation.', 'I feel as though I am on track.', null, null, 'A', 'A', '4'), ('169', '10', '4', '4', '2016-03-07 21:09:05', '2016-03-07 21:09:05', 'We are seeing significant improvement since the last evaluation.', 'I feel as though I am on track.', null, null, 'A', 'A', '4'), ('170', '10', '32', '32', '2016-03-21 21:09:05', '2016-03-21 21:09:05', 'We are seeing significant improvement since the last evaluation.', 'I feel as though I am on track.', null, null, 'A', 'A', '4'), ('171', '10', '33', '33', '2016-02-24 21:09:05', '2016-02-24 21:09:05', 'We are seeing significant improvement since the last evaluation.', 'I feel as though I am on track.', null, null, 'A', 'A', '4'), ('174', '9', '31', '31', '2016-03-22 21:09:59', '2016-03-22 21:09:59', 'We are seeing significant improvement since the last evaluation.', 'I feel as though I am on track.', null, null, 'A', 'A', '3'), ('175', '9', '33', '33', '2016-03-13 21:09:59', '2016-03-13 21:09:59', 'We are seeing significant improvement since the last evaluation.', 'I feel as though I am on track.', null, null, 'A', 'A', '3'), ('176', '9', '32', '32', '2016-04-02 21:09:59', '2016-04-02 21:09:59', 'We are seeing significant improvement since the last evaluation.', 'I feel as though I am on track.', null, null, 'A', 'A', '3'), ('177', '9', '4', '4', '2016-03-06 21:09:59', '2016-03-06 21:09:59', 'We are seeing significant improvement since the last evaluation.', 'I feel as though I am on track.', null, null, 'A', 'A', '3'), ('178', '9', '5', '5', '2016-03-18 21:09:59', '2016-03-18 21:09:59', 'We are seeing significant improvement since the last evaluation.', 'I feel as though I am on track.', null, null, 'A', 'A', '3'), ('179', '5', '18', '3', '2016-04-14 22:45:54', '2016-04-14 22:45:54', null, null, null, null, 'A', 'A', '2'), ('180', '5', '18', '3', '2016-04-14 22:47:42', '2016-04-14 22:47:42', null, null, null, null, 'A', 'A', '2'), ('181', '5', '18', '3', '2016-04-14 22:47:59', '2016-04-14 22:47:59', null, null, null, null, 'A', 'A', '2');
COMMIT;

-- ----------------------------
--  Table structure for `assessment_response`
-- ----------------------------
DROP TABLE IF EXISTS `assessment_response`;
CREATE TABLE `assessment_response` (
  `id` int(11) NOT NULL AUTO_INCREMENT,
  `assessment_id` int(11) DEFAULT NULL,
  `question_id` int(11) NOT NULL,
  `response` varchar(500) DEFAULT NULL,
  `assessor_comments` longtext,
  `member_comments` text,
  `response_index` int(11) DEFAULT NULL,
  `recommended_resource_id` int(11) DEFAULT NULL,
  `time_stamp` timestamp NOT NULL DEFAULT CURRENT_TIMESTAMP,
  PRIMARY KEY (`id`),
  UNIQUE KEY `unique_evaluation_responses` (`assessment_id`,`question_id`),
  KEY `evaluation_id_index` (`assessment_id`),
  KEY `question_id_index` (`question_id`),
  KEY `assessment_response_resource__fk` (`recommended_resource_id`),
  CONSTRAINT `assessment_response_ibfk_1` FOREIGN KEY (`assessment_id`) REFERENCES `assessment` (`id`),
  CONSTRAINT `assessment_response_ibfk_2` FOREIGN KEY (`question_id`) REFERENCES `question` (`id`),
  CONSTRAINT `assessment_response_resource__fk` FOREIGN KEY (`recommended_resource_id`) REFERENCES `resource` (`id`)
) ENGINE=InnoDB AUTO_INCREMENT=5420 DEFAULT CHARSET=utf8 ROW_FORMAT=COMPACT;

-- ----------------------------
--  Records of `assessment_response`
-- ----------------------------
BEGIN;
INSERT INTO `assessment_response` VALUES ('3410', '167', '226', '2', null, null, '2', null, '2016-04-04 21:09:05'), ('3411', '168', '226', '4', null, null, '4', null, '2016-04-04 21:09:05'), ('3412', '169', '226', '3', null, null, '3', null, '2016-04-04 21:09:05'), ('3413', '170', '226', '4', null, null, '4', null, '2016-04-04 21:09:05'), ('3414', '171', '226', '5', null, null, '5', null, '2016-04-04 21:09:05'), ('3415', '167', '227', '5', null, null, '5', null, '2016-04-04 21:09:05'), ('3416', '168', '227', '5', null, null, '5', null, '2016-04-04 21:09:05'), ('3417', '169', '227', '3', null, null, '3', null, '2016-04-04 21:09:05'), ('3418', '170', '227', '3', null, null, '3', null, '2016-04-04 21:09:05'), ('3419', '171', '227', '3', null, null, '3', null, '2016-04-04 21:09:05'), ('3420', '167', '228', '5', null, null, '5', null, '2016-04-04 21:09:05'), ('3421', '168', '228', '2', null, null, '2', null, '2016-04-04 21:09:05'), ('3422', '169', '228', '5', null, null, '5', null, '2016-04-04 21:09:05'), ('3423', '170', '228', '2', null, null, '2', null, '2016-04-04 21:09:05'), ('3424', '171', '228', '5', null, null, '5', null, '2016-04-04 21:09:05'), ('3425', '167', '229', '5', null, null, '5', null, '2016-04-04 21:09:05'), ('3426', '168', '229', '5', null, null, '5', null, '2016-04-04 21:09:05'), ('3427', '169', '229', '5', null, null, '5', null, '2016-04-04 21:09:05'), ('3428', '170', '229', '4', null, null, '4', null, '2016-04-04 21:09:05'), ('3429', '171', '229', '3', null, null, '3', null, '2016-04-04 21:09:05'), ('3430', '167', '230', '3', null, null, '3', null, '2016-04-04 21:09:05'), ('3431', '168', '230', '5', null, null, '5', null, '2016-04-04 21:09:05'), ('3432', '169', '230', '3', null, null, '3', null, '2016-04-04 21:09:05'), ('3433', '170', '230', '3', null, null, '3', null, '2016-04-04 21:09:05'), ('3434', '171', '230', '5', null, null, '5', null, '2016-04-04 21:09:05'), ('3435', '167', '231', '5', null, null, '5', null, '2016-04-04 21:09:05'), ('3436', '168', '231', '5', null, null, '5', null, '2016-04-04 21:09:05'), ('3437', '169', '231', '5', null, null, '5', null, '2016-04-04 21:09:05'), ('3438', '170', '231', '4', null, null, '4', null, '2016-04-04 21:09:05'), ('3439', '171', '231', '3', null, null, '3', null, '2016-04-04 21:09:05'), ('3441', '97', '178', '4', null, null, '4', null, '2016-04-04 21:09:59'), ('3442', '98', '178', '2', null, null, '2', null, '2016-04-04 21:09:59'), ('3443', '99', '178', '1', null, null, '1', null, '2016-04-04 21:09:59'), ('3444', '100', '178', '1', null, null, '1', null, '2016-04-04 21:09:59'), ('3445', '101', '178', '2', null, null, '2', null, '2016-04-04 21:09:59'), ('3446', '102', '178', '2', null, null, '2', null, '2016-04-04 21:09:59'), ('3447', '104', '178', '3', null, null, '3', null, '2016-04-04 21:09:59'), ('3448', '105', '178', '3', null, null, '3', null, '2016-04-04 21:09:59'), ('3449', '106', '178', '4', null, null, '4', null, '2016-04-04 21:09:59'), ('3450', '107', '178', '3', null, null, '3', null, '2016-04-04 21:09:59'), ('3451', '141', '178', '3', null, null, '3', null, '2016-04-04 21:09:59'), ('3452', '142', '178', '4', null, null, '4', null, '2016-04-04 21:09:59'), ('3453', '143', '178', '4', null, null, '4', null, '2016-04-04 21:09:59'), ('3454', '144', '178', '2', null, null, '2', null, '2016-04-04 21:09:59'), ('3455', '145', '178', '4', null, null, '4', null, '2016-04-04 21:09:59'), ('3456', '148', '178', '5', null, null, '5', null, '2016-04-04 21:09:59'), ('3457', '149', '178', '2', null, null, '2', null, '2016-04-04 21:09:59'), ('3458', '150', '178', '5', null, null, '5', null, '2016-04-04 21:09:59'), ('3459', '151', '178', '3', null, null, '3', null, '2016-04-04 21:09:59'), ('3460', '152', '178', '4', null, null, '4', null, '2016-04-04 21:09:59'), ('3461', '155', '178', '1', null, null, '1', null, '2016-04-04 21:09:59'), ('3462', '156', '178', '2', null, null, '2', null, '2016-04-04 21:09:59'), ('3463', '157', '178', '4', null, null, '4', null, '2016-04-04 21:09:59'), ('3464', '158', '178', '5', null, null, '5', null, '2016-04-04 21:09:59'), ('3465', '159', '178', '4', null, null, '4', null, '2016-04-04 21:09:59'), ('3466', '162', '178', '5', null, null, '5', null, '2016-04-04 21:09:59'), ('3467', '163', '178', '5', null, null, '5', null, '2016-04-04 21:09:59'), ('3468', '164', '178', '2', null, null, '2', null, '2016-04-04 21:09:59'), ('3469', '165', '178', '4', null, null, '4', null, '2016-04-04 21:09:59'), ('3470', '166', '178', '2', null, null, '2', null, '2016-04-04 21:09:59'), ('3471', '174', '178', '4', null, null, '4', null, '2016-04-04 21:09:59'), ('3472', '175', '178', '5', null, null, '5', null, '2016-04-04 21:09:59'), ('3473', '176', '178', '1', null, null, '1', null, '2016-04-04 21:09:59'), ('3474', '177', '178', '5', null, null, '5', null, '2016-04-04 21:09:59'), ('3475', '178', '178', '5', null, null, '5', null, '2016-04-04 21:09:59'), ('3476', '97', '179', '4', null, null, '4', null, '2016-04-04 21:09:59'), ('3477', '98', '179', '5', null, null, '5', null, '2016-04-04 21:09:59'), ('3478', '99', '179', '2', null, null, '2', null, '2016-04-04 21:09:59'), ('3479', '100', '179', '1', null, null, '1', null, '2016-04-04 21:09:59'), ('3480', '101', '179', '5', null, null, '5', null, '2016-04-04 21:09:59'), ('3481', '102', '179', '2', null, null, '2', null, '2016-04-04 21:09:59'), ('3482', '104', '179', '3', null, null, '3', null, '2016-04-04 21:09:59'), ('3483', '105', '179', '1', null, null, '1', null, '2016-04-04 21:09:59'), ('3484', '106', '179', '5', null, null, '5', null, '2016-04-04 21:09:59'), ('3485', '107', '179', '3', null, null, '3', null, '2016-04-04 21:09:59'), ('3486', '141', '179', '1', null, null, '1', null, '2016-04-04 21:09:59'), ('3487', '142', '179', '2', null, null, '2', null, '2016-04-04 21:09:59'), ('3488', '143', '179', '1', null, null, '1', null, '2016-04-04 21:09:59'), ('3489', '144', '179', '3', null, null, '3', null, '2016-04-04 21:09:59'), ('3490', '145', '179', '3', null, null, '3', null, '2016-04-04 21:09:59'), ('3491', '148', '179', '2', null, null, '2', null, '2016-04-04 21:09:59'), ('3492', '149', '179', '2', null, null, '2', null, '2016-04-04 21:09:59'), ('3493', '150', '179', '3', null, null, '3', null, '2016-04-04 21:09:59'), ('3494', '151', '179', '5', null, null, '5', null, '2016-04-04 21:09:59'), ('3495', '152', '179', '1', null, null, '1', null, '2016-04-04 21:09:59'), ('3496', '155', '179', '5', null, null, '5', null, '2016-04-04 21:09:59'), ('3497', '156', '179', '1', null, null, '1', null, '2016-04-04 21:09:59'), ('3498', '157', '179', '5', null, null, '5', null, '2016-04-04 21:09:59'), ('3499', '158', '179', '1', null, null, '1', null, '2016-04-04 21:09:59'), ('3500', '159', '179', '2', null, null, '2', null, '2016-04-04 21:09:59'), ('3501', '162', '179', '5', null, null, '5', null, '2016-04-04 21:09:59'), ('3502', '163', '179', '3', null, null, '3', null, '2016-04-04 21:09:59'), ('3503', '164', '179', '1', null, null, '1', null, '2016-04-04 21:09:59'), ('3504', '165', '179', '3', null, null, '3', null, '2016-04-04 21:09:59'), ('3505', '166', '179', '5', null, null, '5', null, '2016-04-04 21:09:59'), ('3506', '174', '179', '3', null, null, '3', null, '2016-04-04 21:09:59'), ('3507', '175', '179', '3', null, null, '3', null, '2016-04-04 21:09:59'), ('3508', '176', '179', '2', null, null, '2', null, '2016-04-04 21:09:59'), ('3509', '177', '179', '1', null, null, '1', null, '2016-04-04 21:09:59'), ('3510', '178', '179', '3', null, null, '3', null, '2016-04-04 21:09:59'), ('3511', '97', '180', '2', null, null, '2', null, '2016-04-04 21:09:59'), ('3512', '98', '180', '1', null, null, '1', null, '2016-04-04 21:09:59'), ('3513', '99', '180', '2', null, null, '2', null, '2016-04-04 21:09:59'), ('3514', '100', '180', '2', null, null, '2', null, '2016-04-04 21:09:59'), ('3515', '101', '180', '4', null, null, '4', null, '2016-04-04 21:09:59'), ('3516', '102', '180', '5', null, null, '5', null, '2016-04-04 21:09:59'), ('3517', '104', '180', '4', null, null, '4', null, '2016-04-04 21:09:59'), ('3518', '105', '180', '3', null, null, '3', null, '2016-04-04 21:09:59'), ('3519', '106', '180', '5', null, null, '5', null, '2016-04-04 21:09:59'), ('3520', '107', '180', '4', null, null, '4', null, '2016-04-04 21:09:59'), ('3521', '141', '180', '2', null, null, '2', null, '2016-04-04 21:09:59'), ('3522', '142', '180', '1', null, null, '1', null, '2016-04-04 21:09:59'), ('3523', '143', '180', '5', null, null, '5', null, '2016-04-04 21:09:59'), ('3524', '144', '180', '3', null, null, '3', null, '2016-04-04 21:09:59'), ('3525', '145', '180', '1', null, null, '1', null, '2016-04-04 21:09:59'), ('3526', '148', '180', '2', null, null, '2', null, '2016-04-04 21:09:59'), ('3527', '149', '180', '2', null, null, '2', null, '2016-04-04 21:09:59'), ('3528', '150', '180', '3', null, null, '3', null, '2016-04-04 21:09:59'), ('3529', '151', '180', '3', null, null, '3', null, '2016-04-04 21:09:59'), ('3530', '152', '180', '2', null, null, '2', null, '2016-04-04 21:09:59'), ('3531', '155', '180', '4', null, null, '4', null, '2016-04-04 21:09:59'), ('3532', '156', '180', '4', null, null, '4', null, '2016-04-04 21:09:59'), ('3533', '157', '180', '3', null, null, '3', null, '2016-04-04 21:09:59'), ('3534', '158', '180', '5', null, null, '5', null, '2016-04-04 21:09:59'), ('3535', '159', '180', '3', null, null, '3', null, '2016-04-04 21:09:59'), ('3536', '162', '180', '5', null, null, '5', null, '2016-04-04 21:09:59'), ('3537', '163', '180', '5', null, null, '5', null, '2016-04-04 21:09:59'), ('3538', '164', '180', '4', null, null, '4', null, '2016-04-04 21:09:59'), ('3539', '165', '180', '1', null, null, '1', null, '2016-04-04 21:09:59'), ('3540', '166', '180', '3', null, null, '3', null, '2016-04-04 21:09:59'), ('3541', '174', '180', '5', null, null, '5', null, '2016-04-04 21:09:59'), ('3542', '175', '180', '5', null, null, '5', null, '2016-04-04 21:09:59'), ('3543', '176', '180', '4', null, null, '4', null, '2016-04-04 21:09:59'), ('3544', '177', '180', '1', null, null, '1', null, '2016-04-04 21:09:59'), ('3545', '178', '180', '3', null, null, '3', null, '2016-04-04 21:09:59'), ('3546', '97', '181', '3', null, null, '3', null, '2016-04-04 21:09:59'), ('3547', '98', '181', '5', null, null, '5', null, '2016-04-04 21:09:59'), ('3548', '99', '181', '4', null, null, '4', null, '2016-04-04 21:09:59'), ('3549', '100', '181', '3', null, null, '3', null, '2016-04-04 21:09:59'), ('3550', '101', '181', '1', null, null, '1', null, '2016-04-04 21:09:59'), ('3551', '102', '181', '1', null, null, '1', null, '2016-04-04 21:09:59'), ('3552', '104', '181', '1', null, null, '1', null, '2016-04-04 21:09:59'), ('3553', '105', '181', '2', null, null, '2', null, '2016-04-04 21:09:59'), ('3554', '106', '181', '2', null, null, '2', null, '2016-04-04 21:09:59'), ('3555', '107', '181', '3', null, null, '3', null, '2016-04-04 21:09:59'), ('3556', '141', '181', '3', null, null, '3', null, '2016-04-04 21:09:59'), ('3557', '142', '181', '4', null, null, '4', null, '2016-04-04 21:09:59'), ('3558', '143', '181', '2', null, null, '2', null, '2016-04-04 21:09:59'), ('3559', '144', '181', '4', null, null, '4', null, '2016-04-04 21:09:59'), ('3560', '145', '181', '3', null, null, '3', null, '2016-04-04 21:09:59'), ('3561', '148', '181', '3', null, null, '3', null, '2016-04-04 21:09:59'), ('3562', '149', '181', '3', null, null, '3', null, '2016-04-04 21:09:59'), ('3563', '150', '181', '1', null, null, '1', null, '2016-04-04 21:09:59'), ('3564', '151', '181', '3', null, null, '3', null, '2016-04-04 21:09:59'), ('3565', '152', '181', '5', null, null, '5', null, '2016-04-04 21:09:59'), ('3566', '155', '181', '5', null, null, '5', null, '2016-04-04 21:09:59'), ('3567', '156', '181', '3', null, null, '3', null, '2016-04-04 21:09:59'), ('3568', '157', '181', '4', null, null, '4', null, '2016-04-04 21:09:59'), ('3569', '158', '181', '1', null, null, '1', null, '2016-04-04 21:09:59'), ('3570', '159', '181', '5', null, null, '5', null, '2016-04-04 21:09:59'), ('3571', '162', '181', '5', null, null, '5', null, '2016-04-04 21:09:59'), ('3572', '163', '181', '1', null, null, '1', null, '2016-04-04 21:09:59'), ('3573', '164', '181', '4', null, null, '4', null, '2016-04-04 21:09:59'), ('3574', '165', '181', '4', null, null, '4', null, '2016-04-04 21:09:59'), ('3575', '166', '181', '2', null, null, '2', null, '2016-04-04 21:09:59'), ('3576', '174', '181', '3', null, null, '3', null, '2016-04-04 21:09:59'), ('3577', '175', '181', '4', null, null, '4', null, '2016-04-04 21:09:59'), ('3578', '176', '181', '5', null, null, '5', null, '2016-04-04 21:09:59'), ('3579', '177', '181', '2', null, null, '2', null, '2016-04-04 21:09:59'), ('3580', '178', '181', '4', null, null, '4', null, '2016-04-04 21:09:59'), ('3581', '97', '182', '5', null, null, '5', null, '2016-04-04 21:09:59'), ('3582', '98', '182', '1', null, null, '1', null, '2016-04-04 21:09:59'), ('3583', '99', '182', '3', null, null, '3', null, '2016-04-04 21:09:59'), ('3584', '100', '182', '2', null, null, '2', null, '2016-04-04 21:09:59'), ('3585', '101', '182', '4', null, null, '4', null, '2016-04-04 21:09:59'), ('3586', '102', '182', '3', null, null, '3', null, '2016-04-04 21:09:59'), ('3587', '104', '182', '5', null, null, '5', null, '2016-04-04 21:09:59'), ('3588', '105', '182', '4', null, null, '4', null, '2016-04-04 21:09:59'), ('3589', '106', '182', '1', null, null, '1', null, '2016-04-04 21:09:59'), ('3590', '107', '182', '3', null, null, '3', null, '2016-04-04 21:09:59'), ('3591', '141', '182', '5', null, null, '5', null, '2016-04-04 21:09:59'), ('3592', '142', '182', '1', null, null, '1', null, '2016-04-04 21:09:59'), ('3593', '143', '182', '3', null, null, '3', null, '2016-04-04 21:09:59'), ('3594', '144', '182', '4', null, null, '4', null, '2016-04-04 21:09:59'), ('3595', '145', '182', '4', null, null, '4', null, '2016-04-04 21:09:59'), ('3596', '148', '182', '3', null, null, '3', null, '2016-04-04 21:09:59'), ('3597', '149', '182', '1', null, null, '1', null, '2016-04-04 21:09:59'), ('3598', '150', '182', '1', null, null, '1', null, '2016-04-04 21:09:59'), ('3599', '151', '182', '1', null, null, '1', null, '2016-04-04 21:09:59'), ('3600', '152', '182', '3', null, null, '3', null, '2016-04-04 21:09:59'), ('3601', '155', '182', '2', null, null, '2', null, '2016-04-04 21:09:59'), ('3602', '156', '182', '5', null, null, '5', null, '2016-04-04 21:09:59'), ('3603', '157', '182', '1', null, null, '1', null, '2016-04-04 21:09:59'), ('3604', '158', '182', '1', null, null, '1', null, '2016-04-04 21:09:59'), ('3605', '159', '182', '1', null, null, '1', null, '2016-04-04 21:09:59'), ('3606', '162', '182', '5', null, null, '5', null, '2016-04-04 21:09:59'), ('3607', '163', '182', '2', null, null, '2', null, '2016-04-04 21:09:59'), ('3608', '164', '182', '5', null, null, '5', null, '2016-04-04 21:09:59'), ('3609', '165', '182', '4', null, null, '4', null, '2016-04-04 21:09:59'), ('3610', '166', '182', '5', null, null, '5', null, '2016-04-04 21:09:59'), ('3611', '174', '182', '1', null, null, '1', null, '2016-04-04 21:09:59'), ('3612', '175', '182', '4', null, null, '4', null, '2016-04-04 21:09:59'), ('3613', '176', '182', '3', null, null, '3', null, '2016-04-04 21:09:59'), ('3614', '177', '182', '3', null, null, '3', null, '2016-04-04 21:09:59'), ('3615', '178', '182', '5', null, null, '5', null, '2016-04-04 21:09:59'), ('3616', '97', '183', '2', null, null, '2', null, '2016-04-04 21:09:59'), ('3617', '98', '183', '4', null, null, '4', null, '2016-04-04 21:09:59'), ('3618', '99', '183', '3', null, null, '3', null, '2016-04-04 21:09:59'), ('3619', '100', '183', '4', null, null, '4', null, '2016-04-04 21:09:59'), ('3620', '101', '183', '2', null, null, '2', null, '2016-04-04 21:09:59'), ('3621', '102', '183', '4', null, null, '4', null, '2016-04-04 21:09:59'), ('3622', '104', '183', '4', null, null, '4', null, '2016-04-04 21:09:59'), ('3623', '105', '183', '2', null, null, '2', null, '2016-04-04 21:09:59'), ('3624', '106', '183', '5', null, null, '5', null, '2016-04-04 21:09:59'), ('3625', '107', '183', '1', null, null, '1', null, '2016-04-04 21:09:59'), ('3626', '141', '183', '3', null, null, '3', null, '2016-04-04 21:09:59'), ('3627', '142', '183', '5', null, null, '5', null, '2016-04-04 21:09:59'), ('3628', '143', '183', '1', null, null, '1', null, '2016-04-04 21:09:59'), ('3629', '144', '183', '2', null, null, '2', null, '2016-04-04 21:09:59'), ('3630', '145', '183', '5', null, null, '5', null, '2016-04-04 21:09:59'), ('3631', '148', '183', '5', null, null, '5', null, '2016-04-04 21:09:59'), ('3632', '149', '183', '3', null, null, '3', null, '2016-04-04 21:09:59'), ('3633', '150', '183', '3', null, null, '3', null, '2016-04-04 21:09:59'), ('3634', '151', '183', '5', null, null, '5', null, '2016-04-04 21:09:59'), ('3635', '152', '183', '4', null, null, '4', null, '2016-04-04 21:09:59'), ('3636', '155', '183', '3', null, null, '3', null, '2016-04-04 21:09:59'), ('3637', '156', '183', '5', null, null, '5', null, '2016-04-04 21:09:59'), ('3638', '157', '183', '4', null, null, '4', null, '2016-04-04 21:09:59'), ('3639', '158', '183', '2', null, null, '2', null, '2016-04-04 21:09:59'), ('3640', '159', '183', '1', null, null, '1', null, '2016-04-04 21:09:59'), ('3641', '162', '183', '4', null, null, '4', null, '2016-04-04 21:09:59'), ('3642', '163', '183', '1', null, null, '1', null, '2016-04-04 21:09:59'), ('3643', '164', '183', '3', null, null, '3', null, '2016-04-04 21:09:59'), ('3644', '165', '183', '5', null, null, '5', null, '2016-04-04 21:09:59'), ('3645', '166', '183', '2', null, null, '2', null, '2016-04-04 21:09:59'), ('3646', '174', '183', '3', null, null, '3', null, '2016-04-04 21:09:59'), ('3647', '175', '183', '1', null, null, '1', null, '2016-04-04 21:09:59'), ('3648', '176', '183', '4', null, null, '4', null, '2016-04-04 21:09:59'), ('3649', '177', '183', '5', null, null, '5', null, '2016-04-04 21:09:59'), ('3650', '178', '183', '3', null, null, '3', null, '2016-04-04 21:09:59'), ('3651', '97', '184', '4', null, null, '4', null, '2016-04-04 21:09:59'), ('3652', '98', '184', '1', null, null, '1', null, '2016-04-04 21:09:59'), ('3653', '99', '184', '5', null, null, '5', null, '2016-04-04 21:09:59'), ('3654', '100', '184', '1', null, null, '1', null, '2016-04-04 21:09:59'), ('3655', '101', '184', '4', null, null, '4', null, '2016-04-04 21:09:59'), ('3656', '102', '184', '4', null, null, '4', null, '2016-04-04 21:09:59'), ('3657', '104', '184', '1', null, null, '1', null, '2016-04-04 21:09:59'), ('3658', '105', '184', '1', null, null, '1', null, '2016-04-04 21:09:59'), ('3659', '106', '184', '1', null, null, '1', null, '2016-04-04 21:09:59'), ('3660', '107', '184', '1', null, null, '1', null, '2016-04-04 21:09:59'), ('3661', '141', '184', '3', null, null, '3', null, '2016-04-04 21:09:59'), ('3662', '142', '184', '4', null, null, '4', null, '2016-04-04 21:09:59'), ('3663', '143', '184', '2', null, null, '2', null, '2016-04-04 21:09:59'), ('3664', '144', '184', '5', null, null, '5', null, '2016-04-04 21:09:59'), ('3665', '145', '184', '5', null, null, '5', null, '2016-04-04 21:09:59'), ('3666', '148', '184', '5', null, null, '5', null, '2016-04-04 21:09:59'), ('3667', '149', '184', '4', null, null, '4', null, '2016-04-04 21:09:59'), ('3668', '150', '184', '4', null, null, '4', null, '2016-04-04 21:09:59'), ('3669', '151', '184', '1', null, null, '1', null, '2016-04-04 21:09:59'), ('3670', '152', '184', '4', null, null, '4', null, '2016-04-04 21:09:59'), ('3671', '155', '184', '2', null, null, '2', null, '2016-04-04 21:09:59'), ('3672', '156', '184', '1', null, null, '1', null, '2016-04-04 21:09:59'), ('3673', '157', '184', '4', null, null, '4', null, '2016-04-04 21:09:59'), ('3674', '158', '184', '2', null, null, '2', null, '2016-04-04 21:09:59'), ('3675', '159', '184', '1', null, null, '1', null, '2016-04-04 21:09:59'), ('3676', '162', '184', '1', null, null, '1', null, '2016-04-04 21:09:59'), ('3677', '163', '184', '1', null, null, '1', null, '2016-04-04 21:09:59'), ('3678', '164', '184', '2', null, null, '2', null, '2016-04-04 21:09:59'), ('3679', '165', '184', '5', null, null, '5', null, '2016-04-04 21:09:59'), ('3680', '166', '184', '5', null, null, '5', null, '2016-04-04 21:09:59'), ('3681', '174', '184', '1', null, null, '1', null, '2016-04-04 21:09:59'), ('3682', '175', '184', '2', null, null, '2', null, '2016-04-04 21:09:59'), ('3683', '176', '184', '4', null, null, '4', null, '2016-04-04 21:09:59'), ('3684', '177', '184', '3', null, null, '3', null, '2016-04-04 21:09:59'), ('3685', '178', '184', '5', null, null, '5', null, '2016-04-04 21:09:59'), ('3686', '97', '185', '3', null, null, '3', null, '2016-04-04 21:09:59'), ('3687', '98', '185', '1', null, null, '1', null, '2016-04-04 21:09:59'), ('3688', '99', '185', '4', null, null, '4', null, '2016-04-04 21:09:59'), ('3689', '100', '185', '1', null, null, '1', null, '2016-04-04 21:09:59'), ('3690', '101', '185', '1', null, null, '1', null, '2016-04-04 21:09:59'), ('3691', '102', '185', '5', null, null, '5', null, '2016-04-04 21:09:59'), ('3692', '104', '185', '5', null, null, '5', null, '2016-04-04 21:09:59'), ('3693', '105', '185', '3', null, null, '3', null, '2016-04-04 21:09:59'), ('3694', '106', '185', '4', null, null, '4', null, '2016-04-04 21:09:59'), ('3695', '107', '185', '1', null, null, '1', null, '2016-04-04 21:09:59'), ('3696', '141', '185', '4', null, null, '4', null, '2016-04-04 21:09:59'), ('3697', '142', '185', '1', null, null, '1', null, '2016-04-04 21:09:59'), ('3698', '143', '185', '2', null, null, '2', null, '2016-04-04 21:09:59'), ('3699', '144', '185', '2', null, null, '2', null, '2016-04-04 21:09:59'), ('3700', '145', '185', '1', null, null, '1', null, '2016-04-04 21:09:59'), ('3701', '148', '185', '5', null, null, '5', null, '2016-04-04 21:09:59'), ('3702', '149', '185', '2', null, null, '2', null, '2016-04-04 21:09:59'), ('3703', '150', '185', '1', null, null, '1', null, '2016-04-04 21:09:59'), ('3704', '151', '185', '2', null, null, '2', null, '2016-04-04 21:09:59'), ('3705', '152', '185', '1', null, null, '1', null, '2016-04-04 21:09:59'), ('3706', '155', '185', '4', null, null, '4', null, '2016-04-04 21:09:59'), ('3707', '156', '185', '1', null, null, '1', null, '2016-04-04 21:09:59'), ('3708', '157', '185', '3', null, null, '3', null, '2016-04-04 21:09:59'), ('3709', '158', '185', '2', null, null, '2', null, '2016-04-04 21:09:59'), ('3710', '159', '185', '3', null, null, '3', null, '2016-04-04 21:09:59'), ('3711', '162', '185', '5', null, null, '5', null, '2016-04-04 21:09:59'), ('3712', '163', '185', '2', null, null, '2', null, '2016-04-04 21:09:59'), ('3713', '164', '185', '3', null, null, '3', null, '2016-04-04 21:09:59'), ('3714', '165', '185', '1', null, null, '1', null, '2016-04-04 21:09:59'), ('3715', '166', '185', '3', null, null, '3', null, '2016-04-04 21:09:59'), ('3716', '174', '185', '3', null, null, '3', null, '2016-04-04 21:09:59'), ('3717', '175', '185', '2', null, null, '2', null, '2016-04-04 21:09:59'), ('3718', '176', '185', '5', null, null, '5', null, '2016-04-04 21:09:59'), ('3719', '177', '185', '2', null, null, '2', null, '2016-04-04 21:09:59'), ('3720', '178', '185', '3', null, null, '3', null, '2016-04-04 21:09:59'), ('3721', '97', '186', '4', null, null, '4', null, '2016-04-04 21:09:59'), ('3722', '98', '186', '1', null, null, '1', null, '2016-04-04 21:09:59'), ('3723', '99', '186', '5', null, null, '5', null, '2016-04-04 21:09:59'), ('3724', '100', '186', '1', null, null, '1', null, '2016-04-04 21:09:59'), ('3725', '101', '186', '5', null, null, '5', null, '2016-04-04 21:09:59'), ('3726', '102', '186', '5', null, null, '5', null, '2016-04-04 21:09:59'), ('3727', '104', '186', '5', null, null, '5', null, '2016-04-04 21:09:59'), ('3728', '105', '186', '5', null, null, '5', null, '2016-04-04 21:09:59'), ('3729', '106', '186', '3', null, null, '3', null, '2016-04-04 21:09:59'), ('3730', '107', '186', '5', null, null, '5', null, '2016-04-04 21:09:59'), ('3731', '141', '186', '3', null, null, '3', null, '2016-04-04 21:09:59'), ('3732', '142', '186', '3', null, null, '3', null, '2016-04-04 21:09:59'), ('3733', '143', '186', '4', null, null, '4', null, '2016-04-04 21:09:59'), ('3734', '144', '186', '3', null, null, '3', null, '2016-04-04 21:09:59'), ('3735', '145', '186', '5', null, null, '5', null, '2016-04-04 21:09:59'), ('3736', '148', '186', '5', null, null, '5', null, '2016-04-04 21:09:59'), ('3737', '149', '186', '2', null, null, '2', null, '2016-04-04 21:09:59'), ('3738', '150', '186', '2', null, null, '2', null, '2016-04-04 21:09:59'), ('3739', '151', '186', '5', null, null, '5', null, '2016-04-04 21:09:59'), ('3740', '152', '186', '2', null, null, '2', null, '2016-04-04 21:09:59'), ('3741', '155', '186', '5', null, null, '5', null, '2016-04-04 21:09:59'), ('3742', '156', '186', '5', null, null, '5', null, '2016-04-04 21:09:59'), ('3743', '157', '186', '2', null, null, '2', null, '2016-04-04 21:09:59'), ('3744', '158', '186', '4', null, null, '4', null, '2016-04-04 21:09:59'), ('3745', '159', '186', '4', null, null, '4', null, '2016-04-04 21:09:59'), ('3746', '162', '186', '2', null, null, '2', null, '2016-04-04 21:09:59'), ('3747', '163', '186', '5', null, null, '5', null, '2016-04-04 21:09:59'), ('3748', '164', '186', '1', null, null, '1', null, '2016-04-04 21:09:59'), ('3749', '165', '186', '5', null, null, '5', null, '2016-04-04 21:09:59'), ('3750', '166', '186', '5', null, null, '5', null, '2016-04-04 21:09:59'), ('3751', '174', '186', '5', null, null, '5', null, '2016-04-04 21:09:59'), ('3752', '175', '186', '5', null, null, '5', null, '2016-04-04 21:09:59'), ('3753', '176', '186', '3', null, null, '3', null, '2016-04-04 21:09:59'), ('3754', '177', '186', '4', null, null, '4', null, '2016-04-04 21:09:59'), ('3755', '178', '186', '2', null, null, '2', null, '2016-04-04 21:09:59'), ('3756', '97', '187', '1', null, null, '1', null, '2016-04-04 21:09:59'), ('3757', '98', '187', '5', null, null, '5', null, '2016-04-04 21:09:59'), ('3758', '99', '187', '5', null, null, '5', null, '2016-04-04 21:09:59'), ('3759', '100', '187', '1', null, null, '1', null, '2016-04-04 21:09:59'), ('3760', '101', '187', '5', null, null, '5', null, '2016-04-04 21:09:59'), ('3761', '102', '187', '1', null, null, '1', null, '2016-04-04 21:09:59'), ('3762', '104', '187', '1', null, null, '1', null, '2016-04-04 21:09:59'), ('3763', '105', '187', '3', null, null, '3', null, '2016-04-04 21:09:59'), ('3764', '106', '187', '4', null, null, '4', null, '2016-04-04 21:09:59'), ('3765', '107', '187', '5', null, null, '5', null, '2016-04-04 21:09:59'), ('3766', '141', '187', '2', null, null, '2', null, '2016-04-04 21:09:59'), ('3767', '142', '187', '3', null, null, '3', null, '2016-04-04 21:09:59'), ('3768', '143', '187', '3', null, null, '3', null, '2016-04-04 21:09:59'), ('3769', '144', '187', '3', null, null, '3', null, '2016-04-04 21:09:59'), ('3770', '145', '187', '4', null, null, '4', null, '2016-04-04 21:09:59'), ('3771', '148', '187', '4', null, null, '4', null, '2016-04-04 21:09:59'), ('3772', '149', '187', '4', null, null, '4', null, '2016-04-04 21:09:59'), ('3773', '150', '187', '4', null, null, '4', null, '2016-04-04 21:09:59'), ('3774', '151', '187', '5', null, null, '5', null, '2016-04-04 21:09:59'), ('3775', '152', '187', '4', null, null, '4', null, '2016-04-04 21:09:59'), ('3776', '155', '187', '2', null, null, '2', null, '2016-04-04 21:09:59'), ('3777', '156', '187', '5', null, null, '5', null, '2016-04-04 21:09:59'), ('3778', '157', '187', '3', null, null, '3', null, '2016-04-04 21:09:59'), ('3779', '158', '187', '1', null, null, '1', null, '2016-04-04 21:09:59'), ('3780', '159', '187', '2', null, null, '2', null, '2016-04-04 21:09:59'), ('3781', '162', '187', '5', null, null, '5', null, '2016-04-04 21:09:59'), ('3782', '163', '187', '3', null, null, '3', null, '2016-04-04 21:09:59'), ('3783', '164', '187', '5', null, null, '5', null, '2016-04-04 21:09:59'), ('3784', '165', '187', '4', null, null, '4', null, '2016-04-04 21:09:59'), ('3785', '166', '187', '5', null, null, '5', null, '2016-04-04 21:09:59'), ('3786', '174', '187', '3', null, null, '3', null, '2016-04-04 21:09:59'), ('3787', '175', '187', '3', null, null, '3', null, '2016-04-04 21:09:59'), ('3788', '176', '187', '3', null, null, '3', null, '2016-04-04 21:09:59'), ('3789', '177', '187', '5', null, null, '5', null, '2016-04-04 21:09:59'), ('3790', '178', '187', '3', null, null, '3', null, '2016-04-04 21:09:59'), ('3791', '97', '188', '2', null, null, '2', null, '2016-04-04 21:09:59'), ('3792', '98', '188', '4', null, null, '4', null, '2016-04-04 21:09:59'), ('3793', '99', '188', '3', null, null, '3', null, '2016-04-04 21:09:59'), ('3794', '100', '188', '4', null, null, '4', null, '2016-04-04 21:09:59'), ('3795', '101', '188', '3', null, null, '3', null, '2016-04-04 21:09:59'), ('3796', '102', '188', '5', null, null, '5', null, '2016-04-04 21:09:59'), ('3797', '104', '188', '5', null, null, '5', null, '2016-04-04 21:09:59'), ('3798', '105', '188', '3', null, null, '3', null, '2016-04-04 21:09:59'), ('3799', '106', '188', '1', null, null, '1', null, '2016-04-04 21:09:59'), ('3800', '107', '188', '3', null, null, '3', null, '2016-04-04 21:09:59'), ('3801', '141', '188', '4', null, null, '4', null, '2016-04-04 21:09:59'), ('3802', '142', '188', '5', null, null, '5', null, '2016-04-04 21:09:59'), ('3803', '143', '188', '4', null, null, '4', null, '2016-04-04 21:09:59'), ('3804', '144', '188', '3', null, null, '3', null, '2016-04-04 21:09:59'), ('3805', '145', '188', '4', null, null, '4', null, '2016-04-04 21:09:59'), ('3806', '148', '188', '3', null, null, '3', null, '2016-04-04 21:09:59'), ('3807', '149', '188', '4', null, null, '4', null, '2016-04-04 21:09:59'), ('3808', '150', '188', '5', null, null, '5', null, '2016-04-04 21:09:59'), ('3809', '151', '188', '3', null, null, '3', null, '2016-04-04 21:09:59'), ('3810', '152', '188', '2', null, null, '2', null, '2016-04-04 21:09:59'), ('3811', '155', '188', '3', null, null, '3', null, '2016-04-04 21:09:59'), ('3812', '156', '188', '4', null, null, '4', null, '2016-04-04 21:09:59'), ('3813', '157', '188', '4', null, null, '4', null, '2016-04-04 21:09:59'), ('3814', '158', '188', '4', null, null, '4', null, '2016-04-04 21:09:59'), ('3815', '159', '188', '3', null, null, '3', null, '2016-04-04 21:09:59'), ('3816', '162', '188', '3', null, null, '3', null, '2016-04-04 21:09:59'), ('3817', '163', '188', '4', null, null, '4', null, '2016-04-04 21:09:59'), ('3818', '164', '188', '5', null, null, '5', null, '2016-04-04 21:09:59'), ('3819', '165', '188', '4', null, null, '4', null, '2016-04-04 21:09:59'), ('3820', '166', '188', '4', null, null, '4', null, '2016-04-04 21:09:59'), ('3821', '174', '188', '4', null, null, '4', null, '2016-04-04 21:09:59'), ('3822', '175', '188', '3', null, null, '3', null, '2016-04-04 21:09:59'), ('3823', '176', '188', '2', null, null, '2', null, '2016-04-04 21:09:59'), ('3824', '177', '188', '4', null, null, '4', null, '2016-04-04 21:09:59'), ('3825', '178', '188', '3', null, null, '3', null, '2016-04-04 21:09:59'), ('3826', '97', '189', '4', null, null, '4', null, '2016-04-04 21:09:59'), ('3827', '98', '189', '1', null, null, '1', null, '2016-04-04 21:09:59'), ('3828', '99', '189', '3', null, null, '3', null, '2016-04-04 21:09:59'), ('3829', '100', '189', '5', null, null, '5', null, '2016-04-04 21:09:59'), ('3830', '101', '189', '5', null, null, '5', null, '2016-04-04 21:09:59'), ('3831', '102', '189', '4', null, null, '4', null, '2016-04-04 21:09:59'), ('3832', '104', '189', '5', null, null, '5', null, '2016-04-04 21:09:59'), ('3833', '105', '189', '5', null, null, '5', null, '2016-04-04 21:09:59'), ('3834', '106', '189', '4', null, null, '4', null, '2016-04-04 21:09:59'), ('3835', '107', '189', '2', null, null, '2', null, '2016-04-04 21:09:59'), ('3836', '141', '189', '2', null, null, '2', null, '2016-04-04 21:09:59'), ('3837', '142', '189', '5', null, null, '5', null, '2016-04-04 21:09:59'), ('3838', '143', '189', '1', null, null, '1', null, '2016-04-04 21:09:59'), ('3839', '144', '189', '5', null, null, '5', null, '2016-04-04 21:09:59'), ('3840', '145', '189', '3', null, null, '3', null, '2016-04-04 21:09:59'), ('3841', '148', '189', '2', null, null, '2', null, '2016-04-04 21:09:59'), ('3842', '149', '189', '3', null, null, '3', null, '2016-04-04 21:09:59'), ('3843', '150', '189', '5', null, null, '5', null, '2016-04-04 21:09:59'), ('3844', '151', '189', '4', null, null, '4', null, '2016-04-04 21:09:59'), ('3845', '152', '189', '4', null, null, '4', null, '2016-04-04 21:09:59'), ('3846', '155', '189', '3', null, null, '3', null, '2016-04-04 21:09:59'), ('3847', '156', '189', '1', null, null, '1', null, '2016-04-04 21:09:59'), ('3848', '157', '189', '1', null, null, '1', null, '2016-04-04 21:09:59'), ('3849', '158', '189', '2', null, null, '2', null, '2016-04-04 21:09:59'), ('3850', '159', '189', '3', null, null, '3', null, '2016-04-04 21:09:59'), ('3851', '162', '189', '1', null, null, '1', null, '2016-04-04 21:09:59'), ('3852', '163', '189', '3', null, null, '3', null, '2016-04-04 21:09:59'), ('3853', '164', '189', '2', null, null, '2', null, '2016-04-04 21:09:59'), ('3854', '165', '189', '5', null, null, '5', null, '2016-04-04 21:09:59'), ('3855', '166', '189', '4', null, null, '4', null, '2016-04-04 21:09:59'), ('3856', '174', '189', '2', null, null, '2', null, '2016-04-04 21:09:59'), ('3857', '175', '189', '3', null, null, '3', null, '2016-04-04 21:09:59'), ('3858', '176', '189', '3', null, null, '3', null, '2016-04-04 21:09:59'), ('3859', '177', '189', '3', null, null, '3', null, '2016-04-04 21:09:59'), ('3860', '178', '189', '5', null, null, '5', null, '2016-04-04 21:09:59'), ('3861', '97', '190', '2', null, null, '2', null, '2016-04-04 21:09:59'), ('3862', '98', '190', '1', null, null, '1', null, '2016-04-04 21:09:59'), ('3863', '99', '190', '3', null, null, '3', null, '2016-04-04 21:09:59'), ('3864', '100', '190', '3', null, null, '3', null, '2016-04-04 21:09:59'), ('3865', '101', '190', '5', null, null, '5', null, '2016-04-04 21:09:59'), ('3866', '102', '190', '5', null, null, '5', null, '2016-04-04 21:09:59'), ('3867', '104', '190', '5', null, null, '5', null, '2016-04-04 21:09:59'), ('3868', '105', '190', '2', null, null, '2', null, '2016-04-04 21:09:59'), ('3869', '106', '190', '4', null, null, '4', null, '2016-04-04 21:09:59'), ('3870', '107', '190', '5', null, null, '5', null, '2016-04-04 21:09:59'), ('3871', '141', '190', '3', null, null, '3', null, '2016-04-04 21:09:59'), ('3872', '142', '190', '2', null, null, '2', null, '2016-04-04 21:09:59'), ('3873', '143', '190', '3', null, null, '3', null, '2016-04-04 21:09:59'), ('3874', '144', '190', '1', null, null, '1', null, '2016-04-04 21:09:59'), ('3875', '145', '190', '5', null, null, '5', null, '2016-04-04 21:09:59'), ('3876', '148', '190', '2', null, null, '2', null, '2016-04-04 21:09:59'), ('3877', '149', '190', '4', null, null, '4', null, '2016-04-04 21:09:59'), ('3878', '150', '190', '4', null, null, '4', null, '2016-04-04 21:09:59'), ('3879', '151', '190', '5', null, null, '5', null, '2016-04-04 21:09:59'), ('3880', '152', '190', '4', null, null, '4', null, '2016-04-04 21:09:59'), ('3881', '155', '190', '1', null, null, '1', null, '2016-04-04 21:09:59'), ('3882', '156', '190', '5', null, null, '5', null, '2016-04-04 21:09:59'), ('3883', '157', '190', '4', null, null, '4', null, '2016-04-04 21:09:59'), ('3884', '158', '190', '5', null, null, '5', null, '2016-04-04 21:09:59'), ('3885', '159', '190', '3', null, null, '3', null, '2016-04-04 21:09:59'), ('3886', '162', '190', '3', null, null, '3', null, '2016-04-04 21:09:59'), ('3887', '163', '190', '1', null, null, '1', null, '2016-04-04 21:09:59'), ('3888', '164', '190', '5', null, null, '5', null, '2016-04-04 21:09:59'), ('3889', '165', '190', '1', null, null, '1', null, '2016-04-04 21:09:59'), ('3890', '166', '190', '2', null, null, '2', null, '2016-04-04 21:09:59'), ('3891', '174', '190', '1', null, null, '1', null, '2016-04-04 21:09:59'), ('3892', '175', '190', '3', null, null, '3', null, '2016-04-04 21:09:59'), ('3893', '176', '190', '3', null, null, '3', null, '2016-04-04 21:09:59'), ('3894', '177', '190', '1', null, null, '1', null, '2016-04-04 21:09:59'), ('3895', '178', '190', '1', null, null, '1', null, '2016-04-04 21:09:59'), ('3896', '97', '191', '2', null, null, '2', null, '2016-04-04 21:09:59'), ('3897', '98', '191', '3', null, null, '3', null, '2016-04-04 21:09:59'), ('3898', '99', '191', '1', null, null, '1', null, '2016-04-04 21:09:59'), ('3899', '100', '191', '2', null, null, '2', null, '2016-04-04 21:09:59'), ('3900', '101', '191', '2', null, null, '2', null, '2016-04-04 21:09:59'), ('3901', '102', '191', '3', null, null, '3', null, '2016-04-04 21:09:59'), ('3902', '104', '191', '3', null, null, '3', null, '2016-04-04 21:09:59'), ('3903', '105', '191', '1', null, null, '1', null, '2016-04-04 21:09:59'), ('3904', '106', '191', '3', null, null, '3', null, '2016-04-04 21:09:59'), ('3905', '107', '191', '5', null, null, '5', null, '2016-04-04 21:09:59'), ('3906', '141', '191', '3', null, null, '3', null, '2016-04-04 21:09:59'), ('3907', '142', '191', '2', null, null, '2', null, '2016-04-04 21:09:59'), ('3908', '143', '191', '4', null, null, '4', null, '2016-04-04 21:09:59'), ('3909', '144', '191', '5', null, null, '5', null, '2016-04-04 21:09:59'), ('3910', '145', '191', '5', null, null, '5', null, '2016-04-04 21:09:59'), ('3911', '148', '191', '5', null, null, '5', null, '2016-04-04 21:09:59'), ('3912', '149', '191', '4', null, null, '4', null, '2016-04-04 21:09:59'), ('3913', '150', '191', '5', null, null, '5', null, '2016-04-04 21:09:59'), ('3914', '151', '191', '1', null, null, '1', null, '2016-04-04 21:09:59'), ('3915', '152', '191', '5', null, null, '5', null, '2016-04-04 21:09:59'), ('3916', '155', '191', '3', null, null, '3', null, '2016-04-04 21:09:59'), ('3917', '156', '191', '5', null, null, '5', null, '2016-04-04 21:09:59'), ('3918', '157', '191', '1', null, null, '1', null, '2016-04-04 21:09:59'), ('3919', '158', '191', '2', null, null, '2', null, '2016-04-04 21:09:59'), ('3920', '159', '191', '2', null, null, '2', null, '2016-04-04 21:09:59'), ('3921', '162', '191', '2', null, null, '2', null, '2016-04-04 21:09:59'), ('3922', '163', '191', '4', null, null, '4', null, '2016-04-04 21:09:59'), ('3923', '164', '191', '4', null, null, '4', null, '2016-04-04 21:09:59'), ('3924', '165', '191', '4', null, null, '4', null, '2016-04-04 21:09:59'), ('3925', '166', '191', '3', null, null, '3', null, '2016-04-04 21:09:59'), ('3926', '174', '191', '2', null, null, '2', null, '2016-04-04 21:09:59'), ('3927', '175', '191', '4', null, null, '4', null, '2016-04-04 21:09:59'), ('3928', '176', '191', '4', null, null, '4', null, '2016-04-04 21:09:59'), ('3929', '177', '191', '5', null, null, '5', null, '2016-04-04 21:09:59'), ('3930', '178', '191', '5', null, null, '5', null, '2016-04-04 21:09:59'), ('3931', '97', '192', '4', null, null, '4', null, '2016-04-04 21:09:59'), ('3932', '98', '192', '2', null, null, '2', null, '2016-04-04 21:09:59'), ('3933', '99', '192', '1', null, null, '1', null, '2016-04-04 21:09:59'), ('3934', '100', '192', '5', null, null, '5', null, '2016-04-04 21:09:59'), ('3935', '101', '192', '3', null, null, '3', null, '2016-04-04 21:09:59'), ('3936', '102', '192', '5', null, null, '5', null, '2016-04-04 21:09:59'), ('3937', '104', '192', '2', null, null, '2', null, '2016-04-04 21:09:59'), ('3938', '105', '192', '3', null, null, '3', null, '2016-04-04 21:09:59'), ('3939', '106', '192', '4', null, null, '4', null, '2016-04-04 21:09:59'), ('3940', '107', '192', '4', null, null, '4', null, '2016-04-04 21:09:59'), ('3941', '141', '192', '2', null, null, '2', null, '2016-04-04 21:09:59'), ('3942', '142', '192', '1', null, null, '1', null, '2016-04-04 21:09:59'), ('3943', '143', '192', '2', null, null, '2', null, '2016-04-04 21:09:59'), ('3944', '144', '192', '4', null, null, '4', null, '2016-04-04 21:09:59'), ('3945', '145', '192', '4', null, null, '4', null, '2016-04-04 21:09:59'), ('3946', '148', '192', '5', null, null, '5', null, '2016-04-04 21:09:59'), ('3947', '149', '192', '5', null, null, '5', null, '2016-04-04 21:09:59'), ('3948', '150', '192', '2', null, null, '2', null, '2016-04-04 21:09:59'), ('3949', '151', '192', '4', null, null, '4', null, '2016-04-04 21:09:59'), ('3950', '152', '192', '1', null, null, '1', null, '2016-04-04 21:09:59'), ('3951', '155', '192', '3', null, null, '3', null, '2016-04-04 21:09:59'), ('3952', '156', '192', '4', null, null, '4', null, '2016-04-04 21:09:59'), ('3953', '157', '192', '3', null, null, '3', null, '2016-04-04 21:09:59'), ('3954', '158', '192', '5', null, null, '5', null, '2016-04-04 21:09:59'), ('3955', '159', '192', '1', null, null, '1', null, '2016-04-04 21:09:59'), ('3956', '162', '192', '2', null, null, '2', null, '2016-04-04 21:09:59'), ('3957', '163', '192', '5', null, null, '5', null, '2016-04-04 21:09:59'), ('3958', '164', '192', '3', null, null, '3', null, '2016-04-04 21:09:59'), ('3959', '165', '192', '4', null, null, '4', null, '2016-04-04 21:09:59'), ('3960', '166', '192', '1', null, null, '1', null, '2016-04-04 21:09:59'), ('3961', '174', '192', '5', null, null, '5', null, '2016-04-04 21:09:59'), ('3962', '175', '192', '3', null, null, '3', null, '2016-04-04 21:09:59'), ('3963', '176', '192', '4', null, null, '4', null, '2016-04-04 21:09:59'), ('3964', '177', '192', '4', null, null, '4', null, '2016-04-04 21:09:59'), ('3965', '178', '192', '3', null, null, '3', null, '2016-04-04 21:09:59'), ('3966', '97', '193', '1', null, null, '1', null, '2016-04-04 21:09:59'), ('3967', '98', '193', '2', null, null, '2', null, '2016-04-04 21:09:59'), ('3968', '99', '193', '5', null, null, '5', null, '2016-04-04 21:09:59'), ('3969', '100', '193', '1', null, null, '1', null, '2016-04-04 21:09:59'), ('3970', '101', '193', '3', null, null, '3', null, '2016-04-04 21:09:59'), ('3971', '102', '193', '4', null, null, '4', null, '2016-04-04 21:09:59'), ('3972', '104', '193', '3', null, null, '3', null, '2016-04-04 21:09:59'), ('3973', '105', '193', '4', null, null, '4', null, '2016-04-04 21:09:59'), ('3974', '106', '193', '1', null, null, '1', null, '2016-04-04 21:09:59'), ('3975', '107', '193', '5', null, null, '5', null, '2016-04-04 21:09:59'), ('3976', '141', '193', '5', null, null, '5', null, '2016-04-04 21:09:59'), ('3977', '142', '193', '1', null, null, '1', null, '2016-04-04 21:09:59'), ('3978', '143', '193', '1', null, null, '1', null, '2016-04-04 21:09:59'), ('3979', '144', '193', '3', null, null, '3', null, '2016-04-04 21:09:59'), ('3980', '145', '193', '2', null, null, '2', null, '2016-04-04 21:09:59'), ('3981', '148', '193', '4', null, null, '4', null, '2016-04-04 21:09:59'), ('3982', '149', '193', '3', null, null, '3', null, '2016-04-04 21:09:59'), ('3983', '150', '193', '1', null, null, '1', null, '2016-04-04 21:09:59'), ('3984', '151', '193', '3', null, null, '3', null, '2016-04-04 21:09:59'), ('3985', '152', '193', '4', null, null, '4', null, '2016-04-04 21:09:59'), ('3986', '155', '193', '3', null, null, '3', null, '2016-04-04 21:09:59'), ('3987', '156', '193', '2', null, null, '2', null, '2016-04-04 21:09:59'), ('3988', '157', '193', '2', null, null, '2', null, '2016-04-04 21:09:59'), ('3989', '158', '193', '1', null, null, '1', null, '2016-04-04 21:09:59'), ('3990', '159', '193', '5', null, null, '5', null, '2016-04-04 21:09:59'), ('3991', '162', '193', '3', null, null, '3', null, '2016-04-04 21:09:59'), ('3992', '163', '193', '2', null, null, '2', null, '2016-04-04 21:09:59'), ('3993', '164', '193', '4', null, null, '4', null, '2016-04-04 21:09:59'), ('3994', '165', '193', '5', null, null, '5', null, '2016-04-04 21:09:59'), ('3995', '166', '193', '5', null, null, '5', null, '2016-04-04 21:09:59'), ('3996', '174', '193', '1', null, null, '1', null, '2016-04-04 21:09:59'), ('3997', '175', '193', '3', null, null, '3', null, '2016-04-04 21:09:59'), ('3998', '176', '193', '5', null, null, '5', null, '2016-04-04 21:09:59'), ('3999', '177', '193', '1', null, null, '1', null, '2016-04-04 21:09:59'), ('4000', '178', '193', '5', null, null, '5', null, '2016-04-04 21:09:59'), ('4001', '97', '194', '2', null, null, '2', null, '2016-04-04 21:09:59'), ('4002', '98', '194', '1', null, null, '1', null, '2016-04-04 21:09:59'), ('4003', '99', '194', '3', null, null, '3', null, '2016-04-04 21:09:59'), ('4004', '100', '194', '1', null, null, '1', null, '2016-04-04 21:09:59'), ('4005', '101', '194', '4', null, null, '4', null, '2016-04-04 21:09:59'), ('4006', '102', '194', '1', null, null, '1', null, '2016-04-04 21:09:59'), ('4007', '104', '194', '3', null, null, '3', null, '2016-04-04 21:09:59'), ('4008', '105', '194', '4', null, null, '4', null, '2016-04-04 21:09:59'), ('4009', '106', '194', '3', null, null, '3', null, '2016-04-04 21:09:59'), ('4010', '107', '194', '5', null, null, '5', null, '2016-04-04 21:09:59'), ('4011', '141', '194', '2', null, null, '2', null, '2016-04-04 21:09:59'), ('4012', '142', '194', '2', null, null, '2', null, '2016-04-04 21:09:59'), ('4013', '143', '194', '1', null, null, '1', null, '2016-04-04 21:09:59'), ('4014', '144', '194', '2', null, null, '2', null, '2016-04-04 21:09:59'), ('4015', '145', '194', '3', null, null, '3', null, '2016-04-04 21:09:59'), ('4016', '148', '194', '5', null, null, '5', null, '2016-04-04 21:09:59'), ('4017', '149', '194', '5', null, null, '5', null, '2016-04-04 21:09:59'), ('4018', '150', '194', '5', null, null, '5', null, '2016-04-04 21:09:59'), ('4019', '151', '194', '5', null, null, '5', null, '2016-04-04 21:09:59'), ('4020', '152', '194', '1', null, null, '1', null, '2016-04-04 21:09:59'), ('4021', '155', '194', '3', null, null, '3', null, '2016-04-04 21:09:59'), ('4022', '156', '194', '1', null, null, '1', null, '2016-04-04 21:09:59'), ('4023', '157', '194', '3', null, null, '3', null, '2016-04-04 21:09:59'), ('4024', '158', '194', '3', null, null, '3', null, '2016-04-04 21:09:59'), ('4025', '159', '194', '2', null, null, '2', null, '2016-04-04 21:09:59'), ('4026', '162', '194', '3', null, null, '3', null, '2016-04-04 21:09:59'), ('4027', '163', '194', '4', null, null, '4', null, '2016-04-04 21:09:59'), ('4028', '164', '194', '1', null, null, '1', null, '2016-04-04 21:09:59'), ('4029', '165', '194', '5', null, null, '5', null, '2016-04-04 21:09:59'), ('4030', '166', '194', '5', null, null, '5', null, '2016-04-04 21:09:59'), ('4031', '174', '194', '4', null, null, '4', null, '2016-04-04 21:09:59'), ('4032', '175', '194', '3', null, null, '3', null, '2016-04-04 21:09:59'), ('4033', '176', '194', '4', null, null, '4', null, '2016-04-04 21:09:59'), ('4034', '177', '194', '4', null, null, '4', null, '2016-04-04 21:09:59'), ('4035', '178', '194', '1', null, null, '1', null, '2016-04-04 21:09:59'), ('4036', '97', '195', '2', null, null, '2', null, '2016-04-04 21:09:59'), ('4037', '98', '195', '3', null, null, '3', null, '2016-04-04 21:09:59'), ('4038', '99', '195', '3', null, null, '3', null, '2016-04-04 21:09:59'), ('4039', '100', '195', '1', null, null, '1', null, '2016-04-04 21:09:59'), ('4040', '101', '195', '2', null, null, '2', null, '2016-04-04 21:09:59'), ('4041', '102', '195', '4', null, null, '4', null, '2016-04-04 21:09:59'), ('4042', '104', '195', '2', null, null, '2', null, '2016-04-04 21:09:59'), ('4043', '105', '195', '1', null, null, '1', null, '2016-04-04 21:09:59'), ('4044', '106', '195', '1', null, null, '1', null, '2016-04-04 21:09:59'), ('4045', '107', '195', '2', null, null, '2', null, '2016-04-04 21:09:59'), ('4046', '141', '195', '1', null, null, '1', null, '2016-04-04 21:09:59'), ('4047', '142', '195', '4', null, null, '4', null, '2016-04-04 21:09:59'), ('4048', '143', '195', '2', null, null, '2', null, '2016-04-04 21:09:59'), ('4049', '144', '195', '1', null, null, '1', null, '2016-04-04 21:09:59'), ('4050', '145', '195', '2', null, null, '2', null, '2016-04-04 21:09:59'), ('4051', '148', '195', '5', null, null, '5', null, '2016-04-04 21:09:59'), ('4052', '149', '195', '2', null, null, '2', null, '2016-04-04 21:09:59'), ('4053', '150', '195', '4', null, null, '4', null, '2016-04-04 21:09:59'), ('4054', '151', '195', '2', null, null, '2', null, '2016-04-04 21:09:59'), ('4055', '152', '195', '4', null, null, '4', null, '2016-04-04 21:09:59'), ('4056', '155', '195', '4', null, null, '4', null, '2016-04-04 21:09:59'), ('4057', '156', '195', '2', null, null, '2', null, '2016-04-04 21:09:59'), ('4058', '157', '195', '2', null, null, '2', null, '2016-04-04 21:09:59'), ('4059', '158', '195', '5', null, null, '5', null, '2016-04-04 21:09:59'), ('4060', '159', '195', '4', null, null, '4', null, '2016-04-04 21:09:59'), ('4061', '162', '195', '4', null, null, '4', null, '2016-04-04 21:09:59'), ('4062', '163', '195', '4', null, null, '4', null, '2016-04-04 21:09:59'), ('4063', '164', '195', '3', null, null, '3', null, '2016-04-04 21:09:59'), ('4064', '165', '195', '2', null, null, '2', null, '2016-04-04 21:09:59'), ('4065', '166', '195', '2', null, null, '2', null, '2016-04-04 21:09:59'), ('4066', '174', '195', '5', null, null, '5', null, '2016-04-04 21:09:59'), ('4067', '175', '195', '5', null, null, '5', null, '2016-04-04 21:09:59'), ('4068', '176', '195', '3', null, null, '3', null, '2016-04-04 21:09:59'), ('4069', '177', '195', '2', null, null, '2', null, '2016-04-04 21:09:59'), ('4070', '178', '195', '3', null, null, '3', null, '2016-04-04 21:09:59'), ('4071', '97', '196', '5', null, null, '5', null, '2016-04-04 21:09:59'), ('4072', '98', '196', '2', null, null, '2', null, '2016-04-04 21:09:59'), ('4073', '99', '196', '3', null, null, '3', null, '2016-04-04 21:09:59'), ('4074', '100', '196', '3', null, null, '3', null, '2016-04-04 21:09:59'), ('4075', '101', '196', '5', null, null, '5', null, '2016-04-04 21:09:59'), ('4076', '102', '196', '5', null, null, '5', null, '2016-04-04 21:09:59'), ('4077', '104', '196', '5', null, null, '5', null, '2016-04-04 21:09:59'), ('4078', '105', '196', '3', null, null, '3', null, '2016-04-04 21:09:59'), ('4079', '106', '196', '1', null, null, '1', null, '2016-04-04 21:09:59'), ('4080', '107', '196', '3', null, null, '3', null, '2016-04-04 21:09:59'), ('4081', '141', '196', '3', null, null, '3', null, '2016-04-04 21:09:59'), ('4082', '142', '196', '1', null, null, '1', null, '2016-04-04 21:09:59'), ('4083', '143', '196', '4', null, null, '4', null, '2016-04-04 21:09:59'), ('4084', '144', '196', '1', null, null, '1', null, '2016-04-04 21:09:59'), ('4085', '145', '196', '3', null, null, '3', null, '2016-04-04 21:09:59'), ('4086', '148', '196', '3', null, null, '3', null, '2016-04-04 21:09:59'), ('4087', '149', '196', '5', null, null, '5', null, '2016-04-04 21:09:59'), ('4088', '150', '196', '1', null, null, '1', null, '2016-04-04 21:09:59'), ('4089', '151', '196', '3', null, null, '3', null, '2016-04-04 21:09:59'), ('4090', '152', '196', '3', null, null, '3', null, '2016-04-04 21:09:59'), ('4091', '155', '196', '4', null, null, '4', null, '2016-04-04 21:09:59'), ('4092', '156', '196', '1', null, null, '1', null, '2016-04-04 21:09:59'), ('4093', '157', '196', '1', null, null, '1', null, '2016-04-04 21:09:59'), ('4094', '158', '196', '4', null, null, '4', null, '2016-04-04 21:09:59'), ('4095', '159', '196', '2', null, null, '2', null, '2016-04-04 21:09:59'), ('4096', '162', '196', '5', null, null, '5', null, '2016-04-04 21:09:59'), ('4097', '163', '196', '3', null, null, '3', null, '2016-04-04 21:09:59'), ('4098', '164', '196', '5', null, null, '5', null, '2016-04-04 21:09:59'), ('4099', '165', '196', '3', null, null, '3', null, '2016-04-04 21:09:59'), ('4100', '166', '196', '2', null, null, '2', null, '2016-04-04 21:09:59'), ('4101', '174', '196', '2', null, null, '2', null, '2016-04-04 21:09:59'), ('4102', '175', '196', '2', null, null, '2', null, '2016-04-04 21:09:59'), ('4103', '176', '196', '3', null, null, '3', null, '2016-04-04 21:09:59'), ('4104', '177', '196', '3', null, null, '3', null, '2016-04-04 21:09:59'), ('4105', '178', '196', '1', null, null, '1', null, '2016-04-04 21:09:59'), ('4106', '97', '197', '5', null, null, '5', null, '2016-04-04 21:09:59'), ('4107', '98', '197', '2', null, null, '2', null, '2016-04-04 21:09:59'), ('4108', '99', '197', '2', null, null, '2', null, '2016-04-04 21:09:59'), ('4109', '100', '197', '2', null, null, '2', null, '2016-04-04 21:09:59'), ('4110', '101', '197', '2', null, null, '2', null, '2016-04-04 21:09:59'), ('4111', '102', '197', '3', null, null, '3', null, '2016-04-04 21:09:59'), ('4112', '104', '197', '3', null, null, '3', null, '2016-04-04 21:09:59'), ('4113', '105', '197', '2', null, null, '2', null, '2016-04-04 21:09:59'), ('4114', '106', '197', '2', null, null, '2', null, '2016-04-04 21:09:59'), ('4115', '107', '197', '1', null, null, '1', null, '2016-04-04 21:09:59'), ('4116', '141', '197', '2', null, null, '2', null, '2016-04-04 21:09:59'), ('4117', '142', '197', '5', null, null, '5', null, '2016-04-04 21:09:59'), ('4118', '143', '197', '3', null, null, '3', null, '2016-04-04 21:09:59'), ('4119', '144', '197', '3', null, null, '3', null, '2016-04-04 21:09:59'), ('4120', '145', '197', '5', null, null, '5', null, '2016-04-04 21:09:59'), ('4121', '148', '197', '5', null, null, '5', null, '2016-04-04 21:09:59'), ('4122', '149', '197', '2', null, null, '2', null, '2016-04-04 21:09:59'), ('4123', '150', '197', '4', null, null, '4', null, '2016-04-04 21:09:59'), ('4124', '151', '197', '4', null, null, '4', null, '2016-04-04 21:09:59'), ('4125', '152', '197', '1', null, null, '1', null, '2016-04-04 21:09:59'), ('4126', '155', '197', '2', null, null, '2', null, '2016-04-04 21:09:59'), ('4127', '156', '197', '5', null, null, '5', null, '2016-04-04 21:09:59'), ('4128', '157', '197', '2', null, null, '2', null, '2016-04-04 21:09:59'), ('4129', '158', '197', '2', null, null, '2', null, '2016-04-04 21:09:59'), ('4130', '159', '197', '4', null, null, '4', null, '2016-04-04 21:09:59'), ('4131', '162', '197', '3', null, null, '3', null, '2016-04-04 21:09:59'), ('4132', '163', '197', '2', null, null, '2', null, '2016-04-04 21:09:59'), ('4133', '164', '197', '3', null, null, '3', null, '2016-04-04 21:09:59'), ('4134', '165', '197', '1', null, null, '1', null, '2016-04-04 21:09:59'), ('4135', '166', '197', '1', null, null, '1', null, '2016-04-04 21:09:59'), ('4136', '174', '197', '3', null, null, '3', null, '2016-04-04 21:09:59'), ('4137', '175', '197', '4', null, null, '4', null, '2016-04-04 21:09:59'), ('4138', '176', '197', '4', null, null, '4', null, '2016-04-04 21:09:59'), ('4139', '177', '197', '2', null, null, '2', null, '2016-04-04 21:09:59'), ('4140', '178', '197', '5', null, null, '5', null, '2016-04-04 21:09:59'), ('4141', '97', '198', '1', null, null, '1', null, '2016-04-04 21:09:59'), ('4142', '98', '198', '4', null, null, '4', null, '2016-04-04 21:09:59'), ('4143', '99', '198', '1', null, null, '1', null, '2016-04-04 21:09:59'), ('4144', '100', '198', '5', null, null, '5', null, '2016-04-04 21:09:59'), ('4145', '101', '198', '4', null, null, '4', null, '2016-04-04 21:09:59'), ('4146', '102', '198', '2', null, null, '2', null, '2016-04-04 21:09:59'), ('4147', '104', '198', '1', null, null, '1', null, '2016-04-04 21:09:59'), ('4148', '105', '198', '2', null, null, '2', null, '2016-04-04 21:09:59'), ('4149', '106', '198', '3', null, null, '3', null, '2016-04-04 21:09:59'), ('4150', '107', '198', '2', null, null, '2', null, '2016-04-04 21:09:59'), ('4151', '141', '198', '3', null, null, '3', null, '2016-04-04 21:09:59'), ('4152', '142', '198', '2', null, null, '2', null, '2016-04-04 21:09:59'), ('4153', '143', '198', '5', null, null, '5', null, '2016-04-04 21:09:59'), ('4154', '144', '198', '5', null, null, '5', null, '2016-04-04 21:09:59'), ('4155', '145', '198', '2', null, null, '2', null, '2016-04-04 21:09:59'), ('4156', '148', '198', '1', null, null, '1', null, '2016-04-04 21:09:59'), ('4157', '149', '198', '3', null, null, '3', null, '2016-04-04 21:09:59'), ('4158', '150', '198', '2', null, null, '2', null, '2016-04-04 21:09:59'), ('4159', '151', '198', '3', null, null, '3', null, '2016-04-04 21:09:59'), ('4160', '152', '198', '3', null, null, '3', null, '2016-04-04 21:09:59'), ('4161', '155', '198', '3', null, null, '3', null, '2016-04-04 21:09:59'), ('4162', '156', '198', '4', null, null, '4', null, '2016-04-04 21:09:59'), ('4163', '157', '198', '4', null, null, '4', null, '2016-04-04 21:09:59'), ('4164', '158', '198', '5', null, null, '5', null, '2016-04-04 21:09:59'), ('4165', '159', '198', '5', null, null, '5', null, '2016-04-04 21:09:59'), ('4166', '162', '198', '5', null, null, '5', null, '2016-04-04 21:09:59'), ('4167', '163', '198', '2', null, null, '2', null, '2016-04-04 21:09:59'), ('4168', '164', '198', '2', null, null, '2', null, '2016-04-04 21:09:59'), ('4169', '165', '198', '3', null, null, '3', null, '2016-04-04 21:09:59'), ('4170', '166', '198', '5', null, null, '5', null, '2016-04-04 21:09:59'), ('4171', '174', '198', '1', null, null, '1', null, '2016-04-04 21:09:59'), ('4172', '175', '198', '1', null, null, '1', null, '2016-04-04 21:09:59'), ('4173', '176', '198', '5', null, null, '5', null, '2016-04-04 21:09:59'), ('4174', '177', '198', '3', null, null, '3', null, '2016-04-04 21:09:59'), ('4175', '178', '198', '4', null, null, '4', null, '2016-04-04 21:09:59'), ('4176', '97', '199', '2', null, null, '2', null, '2016-04-04 21:09:59'), ('4177', '98', '199', '2', null, null, '2', null, '2016-04-04 21:09:59'), ('4178', '99', '199', '5', null, null, '5', null, '2016-04-04 21:09:59'), ('4179', '100', '199', '1', null, null, '1', null, '2016-04-04 21:09:59'), ('4180', '101', '199', '5', null, null, '5', null, '2016-04-04 21:09:59'), ('4181', '102', '199', '4', null, null, '4', null, '2016-04-04 21:09:59'), ('4182', '104', '199', '2', null, null, '2', null, '2016-04-04 21:09:59'), ('4183', '105', '199', '2', null, null, '2', null, '2016-04-04 21:09:59'), ('4184', '106', '199', '4', null, null, '4', null, '2016-04-04 21:09:59'), ('4185', '107', '199', '1', null, null, '1', null, '2016-04-04 21:09:59'), ('4186', '141', '199', '1', null, null, '1', null, '2016-04-04 21:09:59'), ('4187', '142', '199', '4', null, null, '4', null, '2016-04-04 21:09:59'), ('4188', '143', '199', '3', null, null, '3', null, '2016-04-04 21:09:59'), ('4189', '144', '199', '3', null, null, '3', null, '2016-04-04 21:09:59'), ('4190', '145', '199', '4', null, null, '4', null, '2016-04-04 21:09:59'), ('4191', '148', '199', '1', null, null, '1', null, '2016-04-04 21:09:59'), ('4192', '149', '199', '2', null, null, '2', null, '2016-04-04 21:09:59'), ('4193', '150', '199', '2', null, null, '2', null, '2016-04-04 21:09:59'), ('4194', '151', '199', '4', null, null, '4', null, '2016-04-04 21:09:59'), ('4195', '152', '199', '2', null, null, '2', null, '2016-04-04 21:09:59'), ('4196', '155', '199', '1', null, null, '1', null, '2016-04-04 21:09:59'), ('4197', '156', '199', '2', null, null, '2', null, '2016-04-04 21:09:59'), ('4198', '157', '199', '5', null, null, '5', null, '2016-04-04 21:09:59'), ('4199', '158', '199', '3', null, null, '3', null, '2016-04-04 21:09:59'), ('4200', '159', '199', '4', null, null, '4', null, '2016-04-04 21:09:59'), ('4201', '162', '199', '3', null, null, '3', null, '2016-04-04 21:09:59'), ('4202', '163', '199', '2', null, null, '2', null, '2016-04-04 21:09:59'), ('4203', '164', '199', '3', null, null, '3', null, '2016-04-04 21:09:59'), ('4204', '165', '199', '3', null, null, '3', null, '2016-04-04 21:09:59'), ('4205', '166', '199', '3', null, null, '3', null, '2016-04-04 21:09:59'), ('4206', '174', '199', '3', null, null, '3', null, '2016-04-04 21:09:59'), ('4207', '175', '199', '2', null, null, '2', null, '2016-04-04 21:09:59'), ('4208', '176', '199', '2', null, null, '2', null, '2016-04-04 21:09:59'), ('4209', '177', '199', '1', null, null, '1', null, '2016-04-04 21:09:59'), ('4210', '178', '199', '3', null, null, '3', null, '2016-04-04 21:09:59'), ('4211', '97', '200', '2', null, null, '2', null, '2016-04-04 21:09:59'), ('4212', '98', '200', '2', null, null, '2', null, '2016-04-04 21:09:59'), ('4213', '99', '200', '5', null, null, '5', null, '2016-04-04 21:09:59'), ('4214', '100', '200', '1', null, null, '1', null, '2016-04-04 21:09:59'), ('4215', '101', '200', '3', null, null, '3', null, '2016-04-04 21:09:59'), ('4216', '102', '200', '4', null, null, '4', null, '2016-04-04 21:09:59'), ('4217', '104', '200', '5', null, null, '5', null, '2016-04-04 21:09:59'), ('4218', '105', '200', '2', null, null, '2', null, '2016-04-04 21:09:59'), ('4219', '106', '200', '3', null, null, '3', null, '2016-04-04 21:09:59'), ('4220', '107', '200', '5', null, null, '5', null, '2016-04-04 21:09:59'), ('4221', '141', '200', '2', null, null, '2', null, '2016-04-04 21:09:59'), ('4222', '142', '200', '5', null, null, '5', null, '2016-04-04 21:09:59'), ('4223', '143', '200', '2', null, null, '2', null, '2016-04-04 21:09:59'), ('4224', '144', '200', '5', null, null, '5', null, '2016-04-04 21:09:59'), ('4225', '145', '200', '3', null, null, '3', null, '2016-04-04 21:09:59'), ('4226', '148', '200', '1', null, null, '1', null, '2016-04-04 21:09:59'), ('4227', '149', '200', '2', null, null, '2', null, '2016-04-04 21:09:59'), ('4228', '150', '200', '4', null, null, '4', null, '2016-04-04 21:09:59'), ('4229', '151', '200', '2', null, null, '2', null, '2016-04-04 21:09:59'), ('4230', '152', '200', '1', null, null, '1', null, '2016-04-04 21:09:59'), ('4231', '155', '200', '1', null, null, '1', null, '2016-04-04 21:09:59'), ('4232', '156', '200', '3', null, null, '3', null, '2016-04-04 21:09:59'), ('4233', '157', '200', '2', null, null, '2', null, '2016-04-04 21:09:59'), ('4234', '158', '200', '5', null, null, '5', null, '2016-04-04 21:09:59'), ('4235', '159', '200', '4', null, null, '4', null, '2016-04-04 21:09:59'), ('4236', '162', '200', '1', null, null, '1', null, '2016-04-04 21:09:59'), ('4237', '163', '200', '5', null, null, '5', null, '2016-04-04 21:09:59'), ('4238', '164', '200', '1', null, null, '1', null, '2016-04-04 21:09:59'), ('4239', '165', '200', '3', null, null, '3', null, '2016-04-04 21:09:59'), ('4240', '166', '200', '2', null, null, '2', null, '2016-04-04 21:09:59'), ('4241', '174', '200', '1', null, null, '1', null, '2016-04-04 21:09:59'), ('4242', '175', '200', '5', null, null, '5', null, '2016-04-04 21:09:59'), ('4243', '176', '200', '4', null, null, '4', null, '2016-04-04 21:09:59'), ('4244', '177', '200', '3', null, null, '3', null, '2016-04-04 21:09:59'), ('4245', '178', '200', '5', null, null, '5', null, '2016-04-04 21:09:59'), ('4246', '97', '201', '4', null, null, '4', null, '2016-04-04 21:09:59'), ('4247', '98', '201', '2', null, null, '2', null, '2016-04-04 21:09:59'), ('4248', '99', '201', '1', null, null, '1', null, '2016-04-04 21:09:59'), ('4249', '100', '201', '3', null, null, '3', null, '2016-04-04 21:09:59'), ('4250', '101', '201', '3', null, null, '3', null, '2016-04-04 21:09:59'), ('4251', '102', '201', '4', null, null, '4', null, '2016-04-04 21:09:59'), ('4252', '104', '201', '1', null, null, '1', null, '2016-04-04 21:09:59'), ('4253', '105', '201', '1', null, null, '1', null, '2016-04-04 21:09:59'), ('4254', '106', '201', '3', null, null, '3', null, '2016-04-04 21:09:59'), ('4255', '107', '201', '4', null, null, '4', null, '2016-04-04 21:09:59'), ('4256', '141', '201', '3', null, null, '3', null, '2016-04-04 21:09:59'), ('4257', '142', '201', '3', null, null, '3', null, '2016-04-04 21:09:59'), ('4258', '143', '201', '4', null, null, '4', null, '2016-04-04 21:09:59'), ('4259', '144', '201', '5', null, null, '5', null, '2016-04-04 21:09:59'), ('4260', '145', '201', '1', null, null, '1', null, '2016-04-04 21:09:59'), ('4261', '148', '201', '3', null, null, '3', null, '2016-04-04 21:09:59'), ('4262', '149', '201', '5', null, null, '5', null, '2016-04-04 21:09:59'), ('4263', '150', '201', '4', null, null, '4', null, '2016-04-04 21:09:59'), ('4264', '151', '201', '5', null, null, '5', null, '2016-04-04 21:09:59'), ('4265', '152', '201', '2', null, null, '2', null, '2016-04-04 21:09:59'), ('4266', '155', '201', '4', null, null, '4', null, '2016-04-04 21:09:59'), ('4267', '156', '201', '2', null, null, '2', null, '2016-04-04 21:09:59'), ('4268', '157', '201', '1', null, null, '1', null, '2016-04-04 21:09:59'), ('4269', '158', '201', '5', null, null, '5', null, '2016-04-04 21:09:59'), ('4270', '159', '201', '3', null, null, '3', null, '2016-04-04 21:09:59'), ('4271', '162', '201', '5', null, null, '5', null, '2016-04-04 21:09:59'), ('4272', '163', '201', '5', null, null, '5', null, '2016-04-04 21:09:59'), ('4273', '164', '201', '5', null, null, '5', null, '2016-04-04 21:09:59'), ('4274', '165', '201', '3', null, null, '3', null, '2016-04-04 21:09:59'), ('4275', '166', '201', '5', null, null, '5', null, '2016-04-04 21:09:59'), ('4276', '174', '201', '1', null, null, '1', null, '2016-04-04 21:09:59'), ('4277', '175', '201', '5', null, null, '5', null, '2016-04-04 21:09:59'), ('4278', '176', '201', '2', null, null, '2', null, '2016-04-04 21:09:59'), ('4279', '177', '201', '1', null, null, '1', null, '2016-04-04 21:09:59'), ('4280', '178', '201', '4', null, null, '4', null, '2016-04-04 21:09:59'), ('4281', '97', '202', '3', null, null, '3', null, '2016-04-04 21:09:59'), ('4282', '98', '202', '5', null, null, '5', null, '2016-04-04 21:09:59'), ('4283', '99', '202', '2', null, null, '2', null, '2016-04-04 21:09:59'), ('4284', '100', '202', '1', null, null, '1', null, '2016-04-04 21:09:59'), ('4285', '101', '202', '5', null, null, '5', null, '2016-04-04 21:09:59');
INSERT INTO `assessment_response` VALUES ('4286', '102', '202', '5', null, null, '5', null, '2016-04-04 21:09:59'), ('4287', '104', '202', '2', null, null, '2', null, '2016-04-04 21:09:59'), ('4288', '105', '202', '4', null, null, '4', null, '2016-04-04 21:09:59'), ('4289', '106', '202', '3', null, null, '3', null, '2016-04-04 21:09:59'), ('4290', '107', '202', '5', null, null, '5', null, '2016-04-04 21:09:59'), ('4291', '141', '202', '1', null, null, '1', null, '2016-04-04 21:09:59'), ('4292', '142', '202', '1', null, null, '1', null, '2016-04-04 21:09:59'), ('4293', '143', '202', '3', null, null, '3', null, '2016-04-04 21:09:59'), ('4294', '144', '202', '3', null, null, '3', null, '2016-04-04 21:09:59'), ('4295', '145', '202', '2', null, null, '2', null, '2016-04-04 21:09:59'), ('4296', '148', '202', '2', null, null, '2', null, '2016-04-04 21:09:59'), ('4297', '149', '202', '2', null, null, '2', null, '2016-04-04 21:09:59'), ('4298', '150', '202', '3', null, null, '3', null, '2016-04-04 21:09:59'), ('4299', '151', '202', '1', null, null, '1', null, '2016-04-04 21:09:59'), ('4300', '152', '202', '2', null, null, '2', null, '2016-04-04 21:09:59'), ('4301', '155', '202', '4', null, null, '4', null, '2016-04-04 21:09:59'), ('4302', '156', '202', '1', null, null, '1', null, '2016-04-04 21:09:59'), ('4303', '157', '202', '5', null, null, '5', null, '2016-04-04 21:09:59'), ('4304', '158', '202', '2', null, null, '2', null, '2016-04-04 21:09:59'), ('4305', '159', '202', '3', null, null, '3', null, '2016-04-04 21:09:59'), ('4306', '162', '202', '4', null, null, '4', null, '2016-04-04 21:09:59'), ('4307', '163', '202', '2', null, null, '2', null, '2016-04-04 21:09:59'), ('4308', '164', '202', '3', null, null, '3', null, '2016-04-04 21:09:59'), ('4309', '165', '202', '1', null, null, '1', null, '2016-04-04 21:09:59'), ('4310', '166', '202', '2', null, null, '2', null, '2016-04-04 21:09:59'), ('4311', '174', '202', '5', null, null, '5', null, '2016-04-04 21:09:59'), ('4312', '175', '202', '4', null, null, '4', null, '2016-04-04 21:09:59'), ('4313', '176', '202', '2', null, null, '2', null, '2016-04-04 21:09:59'), ('4314', '177', '202', '4', null, null, '4', null, '2016-04-04 21:09:59'), ('4315', '178', '202', '2', null, null, '2', null, '2016-04-04 21:09:59'), ('4316', '97', '203', '4', null, null, '4', null, '2016-04-04 21:09:59'), ('4317', '98', '203', '5', null, null, '5', null, '2016-04-04 21:09:59'), ('4318', '99', '203', '1', null, null, '1', null, '2016-04-04 21:09:59'), ('4319', '100', '203', '4', null, null, '4', null, '2016-04-04 21:09:59'), ('4320', '101', '203', '3', null, null, '3', null, '2016-04-04 21:09:59'), ('4321', '102', '203', '4', null, null, '4', null, '2016-04-04 21:09:59'), ('4322', '104', '203', '1', null, null, '1', null, '2016-04-04 21:09:59'), ('4323', '105', '203', '5', null, null, '5', null, '2016-04-04 21:09:59'), ('4324', '106', '203', '1', null, null, '1', null, '2016-04-04 21:09:59'), ('4325', '107', '203', '5', null, null, '5', null, '2016-04-04 21:09:59'), ('4326', '141', '203', '5', null, null, '5', null, '2016-04-04 21:09:59'), ('4327', '142', '203', '1', null, null, '1', null, '2016-04-04 21:09:59'), ('4328', '143', '203', '4', null, null, '4', null, '2016-04-04 21:09:59'), ('4329', '144', '203', '2', null, null, '2', null, '2016-04-04 21:09:59'), ('4330', '145', '203', '3', null, null, '3', null, '2016-04-04 21:09:59'), ('4331', '148', '203', '5', null, null, '5', null, '2016-04-04 21:09:59'), ('4332', '149', '203', '4', null, null, '4', null, '2016-04-04 21:09:59'), ('4333', '150', '203', '3', null, null, '3', null, '2016-04-04 21:09:59'), ('4334', '151', '203', '3', null, null, '3', null, '2016-04-04 21:09:59'), ('4335', '152', '203', '4', null, null, '4', null, '2016-04-04 21:09:59'), ('4336', '155', '203', '2', null, null, '2', null, '2016-04-04 21:09:59'), ('4337', '156', '203', '3', null, null, '3', null, '2016-04-04 21:09:59'), ('4338', '157', '203', '3', null, null, '3', null, '2016-04-04 21:09:59'), ('4339', '158', '203', '1', null, null, '1', null, '2016-04-04 21:09:59'), ('4340', '159', '203', '3', null, null, '3', null, '2016-04-04 21:09:59'), ('4341', '162', '203', '4', null, null, '4', null, '2016-04-04 21:09:59'), ('4342', '163', '203', '4', null, null, '4', null, '2016-04-04 21:09:59'), ('4343', '164', '203', '4', null, null, '4', null, '2016-04-04 21:09:59'), ('4344', '165', '203', '1', null, null, '1', null, '2016-04-04 21:09:59'), ('4345', '166', '203', '4', null, null, '4', null, '2016-04-04 21:09:59'), ('4346', '174', '203', '2', null, null, '2', null, '2016-04-04 21:09:59'), ('4347', '175', '203', '5', null, null, '5', null, '2016-04-04 21:09:59'), ('4348', '176', '203', '5', null, null, '5', null, '2016-04-04 21:09:59'), ('4349', '177', '203', '2', null, null, '2', null, '2016-04-04 21:09:59'), ('4350', '178', '203', '3', null, null, '3', null, '2016-04-04 21:09:59'), ('4351', '97', '204', '2', null, null, '2', null, '2016-04-04 21:09:59'), ('4352', '98', '204', '3', null, null, '3', null, '2016-04-04 21:09:59'), ('4353', '99', '204', '4', null, null, '4', null, '2016-04-04 21:09:59'), ('4354', '100', '204', '1', null, null, '1', null, '2016-04-04 21:09:59'), ('4355', '101', '204', '3', null, null, '3', null, '2016-04-04 21:09:59'), ('4356', '102', '204', '5', null, null, '5', null, '2016-04-04 21:09:59'), ('4357', '104', '204', '3', null, null, '3', null, '2016-04-04 21:09:59'), ('4358', '105', '204', '3', null, null, '3', null, '2016-04-04 21:09:59'), ('4359', '106', '204', '3', null, null, '3', null, '2016-04-04 21:09:59'), ('4360', '107', '204', '1', null, null, '1', null, '2016-04-04 21:09:59'), ('4361', '141', '204', '4', null, null, '4', null, '2016-04-04 21:09:59'), ('4362', '142', '204', '3', null, null, '3', null, '2016-04-04 21:09:59'), ('4363', '143', '204', '2', null, null, '2', null, '2016-04-04 21:09:59'), ('4364', '144', '204', '2', null, null, '2', null, '2016-04-04 21:09:59'), ('4365', '145', '204', '5', null, null, '5', null, '2016-04-04 21:09:59'), ('4366', '148', '204', '3', null, null, '3', null, '2016-04-04 21:09:59'), ('4367', '149', '204', '2', null, null, '2', null, '2016-04-04 21:09:59'), ('4368', '150', '204', '3', null, null, '3', null, '2016-04-04 21:09:59'), ('4369', '151', '204', '1', null, null, '1', null, '2016-04-04 21:09:59'), ('4370', '152', '204', '4', null, null, '4', null, '2016-04-04 21:09:59'), ('4371', '155', '204', '1', null, null, '1', null, '2016-04-04 21:09:59'), ('4372', '156', '204', '4', null, null, '4', null, '2016-04-04 21:09:59'), ('4373', '157', '204', '4', null, null, '4', null, '2016-04-04 21:09:59'), ('4374', '158', '204', '4', null, null, '4', null, '2016-04-04 21:09:59'), ('4375', '159', '204', '4', null, null, '4', null, '2016-04-04 21:09:59'), ('4376', '162', '204', '5', null, null, '5', null, '2016-04-04 21:09:59'), ('4377', '163', '204', '4', null, null, '4', null, '2016-04-04 21:09:59'), ('4378', '164', '204', '3', null, null, '3', null, '2016-04-04 21:09:59'), ('4379', '165', '204', '2', null, null, '2', null, '2016-04-04 21:09:59'), ('4380', '166', '204', '4', null, null, '4', null, '2016-04-04 21:09:59'), ('4381', '174', '204', '3', null, null, '3', null, '2016-04-04 21:09:59'), ('4382', '175', '204', '4', null, null, '4', null, '2016-04-04 21:09:59'), ('4383', '176', '204', '2', null, null, '2', null, '2016-04-04 21:09:59'), ('4384', '177', '204', '1', null, null, '1', null, '2016-04-04 21:09:59'), ('4385', '178', '204', '5', null, null, '5', null, '2016-04-04 21:09:59'), ('4386', '97', '205', '5', null, null, '5', null, '2016-04-04 21:09:59'), ('4387', '98', '205', '4', null, null, '4', null, '2016-04-04 21:09:59'), ('4388', '99', '205', '1', null, null, '1', null, '2016-04-04 21:09:59'), ('4389', '100', '205', '1', null, null, '1', null, '2016-04-04 21:09:59'), ('4390', '101', '205', '3', null, null, '3', null, '2016-04-04 21:09:59'), ('4391', '102', '205', '2', null, null, '2', null, '2016-04-04 21:09:59'), ('4392', '104', '205', '1', null, null, '1', null, '2016-04-04 21:09:59'), ('4393', '105', '205', '1', null, null, '1', null, '2016-04-04 21:09:59'), ('4394', '106', '205', '2', null, null, '2', null, '2016-04-04 21:09:59'), ('4395', '107', '205', '1', null, null, '1', null, '2016-04-04 21:09:59'), ('4396', '141', '205', '4', null, null, '4', null, '2016-04-04 21:09:59'), ('4397', '142', '205', '3', null, null, '3', null, '2016-04-04 21:09:59'), ('4398', '143', '205', '1', null, null, '1', null, '2016-04-04 21:09:59'), ('4399', '144', '205', '5', null, null, '5', null, '2016-04-04 21:09:59'), ('4400', '145', '205', '2', null, null, '2', null, '2016-04-04 21:09:59'), ('4401', '148', '205', '5', null, null, '5', null, '2016-04-04 21:09:59'), ('4402', '149', '205', '2', null, null, '2', null, '2016-04-04 21:09:59'), ('4403', '150', '205', '3', null, null, '3', null, '2016-04-04 21:09:59'), ('4404', '151', '205', '2', null, null, '2', null, '2016-04-04 21:09:59'), ('4405', '152', '205', '4', null, null, '4', null, '2016-04-04 21:09:59'), ('4406', '155', '205', '3', null, null, '3', null, '2016-04-04 21:09:59'), ('4407', '156', '205', '2', null, null, '2', null, '2016-04-04 21:09:59'), ('4408', '157', '205', '5', null, null, '5', null, '2016-04-04 21:09:59'), ('4409', '158', '205', '1', null, null, '1', null, '2016-04-04 21:09:59'), ('4410', '159', '205', '4', null, null, '4', null, '2016-04-04 21:09:59'), ('4411', '162', '205', '1', null, null, '1', null, '2016-04-04 21:09:59'), ('4412', '163', '205', '1', null, null, '1', null, '2016-04-04 21:09:59'), ('4413', '164', '205', '4', null, null, '4', null, '2016-04-04 21:09:59'), ('4414', '165', '205', '5', null, null, '5', null, '2016-04-04 21:09:59'), ('4415', '166', '205', '3', null, null, '3', null, '2016-04-04 21:09:59'), ('4416', '174', '205', '2', null, null, '2', null, '2016-04-04 21:09:59'), ('4417', '175', '205', '2', null, null, '2', null, '2016-04-04 21:09:59'), ('4418', '176', '205', '3', null, null, '3', null, '2016-04-04 21:09:59'), ('4419', '177', '205', '4', null, null, '4', null, '2016-04-04 21:09:59'), ('4420', '178', '205', '1', null, null, '1', null, '2016-04-04 21:09:59'), ('4421', '97', '206', '1', null, null, '1', null, '2016-04-04 21:09:59'), ('4422', '98', '206', '2', null, null, '2', null, '2016-04-04 21:09:59'), ('4423', '99', '206', '3', null, null, '3', null, '2016-04-04 21:09:59'), ('4424', '100', '206', '2', null, null, '2', null, '2016-04-04 21:09:59'), ('4425', '101', '206', '2', null, null, '2', null, '2016-04-04 21:09:59'), ('4426', '102', '206', '2', null, null, '2', null, '2016-04-04 21:09:59'), ('4427', '104', '206', '3', null, null, '3', null, '2016-04-04 21:09:59'), ('4428', '105', '206', '3', null, null, '3', null, '2016-04-04 21:09:59'), ('4429', '106', '206', '5', null, null, '5', null, '2016-04-04 21:09:59'), ('4430', '107', '206', '3', null, null, '3', null, '2016-04-04 21:09:59'), ('4431', '141', '206', '1', null, null, '1', null, '2016-04-04 21:09:59'), ('4432', '142', '206', '4', null, null, '4', null, '2016-04-04 21:09:59'), ('4433', '143', '206', '2', null, null, '2', null, '2016-04-04 21:09:59'), ('4434', '144', '206', '4', null, null, '4', null, '2016-04-04 21:09:59'), ('4435', '145', '206', '2', null, null, '2', null, '2016-04-04 21:09:59'), ('4436', '148', '206', '3', null, null, '3', null, '2016-04-04 21:09:59'), ('4437', '149', '206', '1', null, null, '1', null, '2016-04-04 21:09:59'), ('4438', '150', '206', '1', null, null, '1', null, '2016-04-04 21:09:59'), ('4439', '151', '206', '5', null, null, '5', null, '2016-04-04 21:09:59'), ('4440', '152', '206', '5', null, null, '5', null, '2016-04-04 21:09:59'), ('4441', '155', '206', '2', null, null, '2', null, '2016-04-04 21:09:59'), ('4442', '156', '206', '3', null, null, '3', null, '2016-04-04 21:09:59'), ('4443', '157', '206', '3', null, null, '3', null, '2016-04-04 21:09:59'), ('4444', '158', '206', '1', null, null, '1', null, '2016-04-04 21:09:59'), ('4445', '159', '206', '4', null, null, '4', null, '2016-04-04 21:09:59'), ('4446', '162', '206', '1', null, null, '1', null, '2016-04-04 21:09:59'), ('4447', '163', '206', '5', null, null, '5', null, '2016-04-04 21:09:59'), ('4448', '164', '206', '2', null, null, '2', null, '2016-04-04 21:09:59'), ('4449', '165', '206', '2', null, null, '2', null, '2016-04-04 21:09:59'), ('4450', '166', '206', '1', null, null, '1', null, '2016-04-04 21:09:59'), ('4451', '174', '206', '3', null, null, '3', null, '2016-04-04 21:09:59'), ('4452', '175', '206', '3', null, null, '3', null, '2016-04-04 21:09:59'), ('4453', '176', '206', '3', null, null, '3', null, '2016-04-04 21:09:59'), ('4454', '177', '206', '2', null, null, '2', null, '2016-04-04 21:09:59'), ('4455', '178', '206', '2', null, null, '2', null, '2016-04-04 21:09:59'), ('4456', '97', '207', '1', null, null, '1', null, '2016-04-04 21:09:59'), ('4457', '98', '207', '3', null, null, '3', null, '2016-04-04 21:09:59'), ('4458', '99', '207', '1', null, null, '1', null, '2016-04-04 21:09:59'), ('4459', '100', '207', '4', null, null, '4', null, '2016-04-04 21:09:59'), ('4460', '101', '207', '4', null, null, '4', null, '2016-04-04 21:09:59'), ('4461', '102', '207', '1', null, null, '1', null, '2016-04-04 21:09:59'), ('4462', '104', '207', '4', null, null, '4', null, '2016-04-04 21:09:59'), ('4463', '105', '207', '5', null, null, '5', null, '2016-04-04 21:09:59'), ('4464', '106', '207', '5', null, null, '5', null, '2016-04-04 21:09:59'), ('4465', '107', '207', '2', null, null, '2', null, '2016-04-04 21:09:59'), ('4466', '141', '207', '5', null, null, '5', null, '2016-04-04 21:09:59'), ('4467', '142', '207', '3', null, null, '3', null, '2016-04-04 21:09:59'), ('4468', '143', '207', '5', null, null, '5', null, '2016-04-04 21:09:59'), ('4469', '144', '207', '4', null, null, '4', null, '2016-04-04 21:09:59'), ('4470', '145', '207', '3', null, null, '3', null, '2016-04-04 21:09:59'), ('4471', '148', '207', '4', null, null, '4', null, '2016-04-04 21:09:59'), ('4472', '149', '207', '2', null, null, '2', null, '2016-04-04 21:09:59'), ('4473', '150', '207', '3', null, null, '3', null, '2016-04-04 21:09:59'), ('4474', '151', '207', '2', null, null, '2', null, '2016-04-04 21:09:59'), ('4475', '152', '207', '1', null, null, '1', null, '2016-04-04 21:09:59'), ('4476', '155', '207', '5', null, null, '5', null, '2016-04-04 21:09:59'), ('4477', '156', '207', '2', null, null, '2', null, '2016-04-04 21:09:59'), ('4478', '157', '207', '2', null, null, '2', null, '2016-04-04 21:09:59'), ('4479', '158', '207', '2', null, null, '2', null, '2016-04-04 21:09:59'), ('4480', '159', '207', '1', null, null, '1', null, '2016-04-04 21:09:59'), ('4481', '162', '207', '4', null, null, '4', null, '2016-04-04 21:09:59'), ('4482', '163', '207', '5', null, null, '5', null, '2016-04-04 21:09:59'), ('4483', '164', '207', '2', null, null, '2', null, '2016-04-04 21:09:59'), ('4484', '165', '207', '1', null, null, '1', null, '2016-04-04 21:09:59'), ('4485', '166', '207', '1', null, null, '1', null, '2016-04-04 21:09:59'), ('4486', '174', '207', '3', null, null, '3', null, '2016-04-04 21:09:59'), ('4487', '175', '207', '2', null, null, '2', null, '2016-04-04 21:09:59'), ('4488', '176', '207', '5', null, null, '5', null, '2016-04-04 21:09:59'), ('4489', '177', '207', '5', null, null, '5', null, '2016-04-04 21:09:59'), ('4490', '178', '207', '2', null, null, '2', null, '2016-04-04 21:09:59'), ('4491', '97', '208', '5', null, null, '5', null, '2016-04-04 21:09:59'), ('4492', '98', '208', '1', null, null, '1', null, '2016-04-04 21:09:59'), ('4493', '99', '208', '2', null, null, '2', null, '2016-04-04 21:09:59'), ('4494', '100', '208', '4', null, null, '4', null, '2016-04-04 21:09:59'), ('4495', '101', '208', '5', null, null, '5', null, '2016-04-04 21:09:59'), ('4496', '102', '208', '5', null, null, '5', null, '2016-04-04 21:09:59'), ('4497', '104', '208', '5', null, null, '5', null, '2016-04-04 21:09:59'), ('4498', '105', '208', '2', null, null, '2', null, '2016-04-04 21:09:59'), ('4499', '106', '208', '1', null, null, '1', null, '2016-04-04 21:09:59'), ('4500', '107', '208', '5', null, null, '5', null, '2016-04-04 21:09:59'), ('4501', '141', '208', '4', null, null, '4', null, '2016-04-04 21:09:59'), ('4502', '142', '208', '4', null, null, '4', null, '2016-04-04 21:09:59'), ('4503', '143', '208', '4', null, null, '4', null, '2016-04-04 21:09:59'), ('4504', '144', '208', '2', null, null, '2', null, '2016-04-04 21:09:59'), ('4505', '145', '208', '2', null, null, '2', null, '2016-04-04 21:09:59'), ('4506', '148', '208', '5', null, null, '5', null, '2016-04-04 21:09:59'), ('4507', '149', '208', '3', null, null, '3', null, '2016-04-04 21:09:59'), ('4508', '150', '208', '4', null, null, '4', null, '2016-04-04 21:09:59'), ('4509', '151', '208', '5', null, null, '5', null, '2016-04-04 21:09:59'), ('4510', '152', '208', '4', null, null, '4', null, '2016-04-04 21:09:59'), ('4511', '155', '208', '5', null, null, '5', null, '2016-04-04 21:09:59'), ('4512', '156', '208', '1', null, null, '1', null, '2016-04-04 21:09:59'), ('4513', '157', '208', '5', null, null, '5', null, '2016-04-04 21:09:59'), ('4514', '158', '208', '5', null, null, '5', null, '2016-04-04 21:09:59'), ('4515', '159', '208', '4', null, null, '4', null, '2016-04-04 21:09:59'), ('4516', '162', '208', '2', null, null, '2', null, '2016-04-04 21:09:59'), ('4517', '163', '208', '3', null, null, '3', null, '2016-04-04 21:09:59'), ('4518', '164', '208', '2', null, null, '2', null, '2016-04-04 21:09:59'), ('4519', '165', '208', '4', null, null, '4', null, '2016-04-04 21:09:59'), ('4520', '166', '208', '5', null, null, '5', null, '2016-04-04 21:09:59'), ('4521', '174', '208', '2', null, null, '2', null, '2016-04-04 21:09:59'), ('4522', '175', '208', '1', null, null, '1', null, '2016-04-04 21:09:59'), ('4523', '176', '208', '2', null, null, '2', null, '2016-04-04 21:09:59'), ('4524', '177', '208', '2', null, null, '2', null, '2016-04-04 21:09:59'), ('4525', '178', '208', '2', null, null, '2', null, '2016-04-04 21:09:59'), ('4526', '97', '209', '3', null, null, '3', null, '2016-04-04 21:09:59'), ('4527', '98', '209', '2', null, null, '2', null, '2016-04-04 21:09:59'), ('4528', '99', '209', '4', null, null, '4', null, '2016-04-04 21:09:59'), ('4529', '100', '209', '3', null, null, '3', null, '2016-04-04 21:09:59'), ('4530', '101', '209', '5', null, null, '5', null, '2016-04-04 21:09:59'), ('4531', '102', '209', '2', null, null, '2', null, '2016-04-04 21:09:59'), ('4532', '104', '209', '1', null, null, '1', null, '2016-04-04 21:09:59'), ('4533', '105', '209', '3', null, null, '3', null, '2016-04-04 21:09:59'), ('4534', '106', '209', '2', null, null, '2', null, '2016-04-04 21:09:59'), ('4535', '107', '209', '5', null, null, '5', null, '2016-04-04 21:09:59'), ('4536', '141', '209', '1', null, null, '1', null, '2016-04-04 21:09:59'), ('4537', '142', '209', '5', null, null, '5', null, '2016-04-04 21:09:59'), ('4538', '143', '209', '4', null, null, '4', null, '2016-04-04 21:09:59'), ('4539', '144', '209', '5', null, null, '5', null, '2016-04-04 21:09:59'), ('4540', '145', '209', '5', null, null, '5', null, '2016-04-04 21:09:59'), ('4541', '148', '209', '2', null, null, '2', null, '2016-04-04 21:09:59'), ('4542', '149', '209', '2', null, null, '2', null, '2016-04-04 21:09:59'), ('4543', '150', '209', '4', null, null, '4', null, '2016-04-04 21:09:59'), ('4544', '151', '209', '3', null, null, '3', null, '2016-04-04 21:09:59'), ('4545', '152', '209', '4', null, null, '4', null, '2016-04-04 21:09:59'), ('4546', '155', '209', '4', null, null, '4', null, '2016-04-04 21:09:59'), ('4547', '156', '209', '1', null, null, '1', null, '2016-04-04 21:09:59'), ('4548', '157', '209', '5', null, null, '5', null, '2016-04-04 21:09:59'), ('4549', '158', '209', '2', null, null, '2', null, '2016-04-04 21:09:59'), ('4550', '159', '209', '4', null, null, '4', null, '2016-04-04 21:09:59'), ('4551', '162', '209', '3', null, null, '3', null, '2016-04-04 21:09:59'), ('4552', '163', '209', '4', null, null, '4', null, '2016-04-04 21:09:59'), ('4553', '164', '209', '2', null, null, '2', null, '2016-04-04 21:09:59'), ('4554', '165', '209', '4', null, null, '4', null, '2016-04-04 21:09:59'), ('4555', '166', '209', '5', null, null, '5', null, '2016-04-04 21:09:59'), ('4556', '174', '209', '3', null, null, '3', null, '2016-04-04 21:09:59'), ('4557', '175', '209', '2', null, null, '2', null, '2016-04-04 21:09:59'), ('4558', '176', '209', '5', null, null, '5', null, '2016-04-04 21:09:59'), ('4559', '177', '209', '3', null, null, '3', null, '2016-04-04 21:09:59'), ('4560', '178', '209', '4', null, null, '4', null, '2016-04-04 21:09:59'), ('4561', '97', '210', '3', null, null, '3', null, '2016-04-04 21:09:59'), ('4562', '98', '210', '3', null, null, '3', null, '2016-04-04 21:09:59'), ('4563', '99', '210', '1', null, null, '1', null, '2016-04-04 21:09:59'), ('4564', '100', '210', '1', null, null, '1', null, '2016-04-04 21:09:59'), ('4565', '101', '210', '1', null, null, '1', null, '2016-04-04 21:09:59'), ('4566', '102', '210', '1', null, null, '1', null, '2016-04-04 21:09:59'), ('4567', '104', '210', '2', null, null, '2', null, '2016-04-04 21:09:59'), ('4568', '105', '210', '5', null, null, '5', null, '2016-04-04 21:09:59'), ('4569', '106', '210', '4', null, null, '4', null, '2016-04-04 21:09:59'), ('4570', '107', '210', '2', null, null, '2', null, '2016-04-04 21:09:59'), ('4571', '141', '210', '4', null, null, '4', null, '2016-04-04 21:09:59'), ('4572', '142', '210', '5', null, null, '5', null, '2016-04-04 21:09:59'), ('4573', '143', '210', '1', null, null, '1', null, '2016-04-04 21:09:59'), ('4574', '144', '210', '5', null, null, '5', null, '2016-04-04 21:09:59'), ('4575', '145', '210', '3', null, null, '3', null, '2016-04-04 21:09:59'), ('4576', '148', '210', '4', null, null, '4', null, '2016-04-04 21:09:59'), ('4577', '149', '210', '5', null, null, '5', null, '2016-04-04 21:09:59'), ('4578', '150', '210', '4', null, null, '4', null, '2016-04-04 21:09:59'), ('4579', '151', '210', '3', null, null, '3', null, '2016-04-04 21:09:59'), ('4580', '152', '210', '5', null, null, '5', null, '2016-04-04 21:09:59'), ('4581', '155', '210', '3', null, null, '3', null, '2016-04-04 21:09:59'), ('4582', '156', '210', '1', null, null, '1', null, '2016-04-04 21:09:59'), ('4583', '157', '210', '4', null, null, '4', null, '2016-04-04 21:09:59'), ('4584', '158', '210', '1', null, null, '1', null, '2016-04-04 21:09:59'), ('4585', '159', '210', '2', null, null, '2', null, '2016-04-04 21:09:59'), ('4586', '162', '210', '5', null, null, '5', null, '2016-04-04 21:09:59'), ('4587', '163', '210', '4', null, null, '4', null, '2016-04-04 21:09:59'), ('4588', '164', '210', '4', null, null, '4', null, '2016-04-04 21:09:59'), ('4589', '165', '210', '1', null, null, '1', null, '2016-04-04 21:09:59'), ('4590', '166', '210', '5', null, null, '5', null, '2016-04-04 21:09:59'), ('4591', '174', '210', '3', null, null, '3', null, '2016-04-04 21:09:59'), ('4592', '175', '210', '3', null, null, '3', null, '2016-04-04 21:09:59'), ('4593', '176', '210', '2', null, null, '2', null, '2016-04-04 21:09:59'), ('4594', '177', '210', '5', null, null, '5', null, '2016-04-04 21:09:59'), ('4595', '178', '210', '5', null, null, '5', null, '2016-04-04 21:09:59'), ('4596', '97', '211', '1', null, null, '1', null, '2016-04-04 21:09:59'), ('4597', '98', '211', '2', null, null, '2', null, '2016-04-04 21:09:59'), ('4598', '99', '211', '4', null, null, '4', null, '2016-04-04 21:09:59'), ('4599', '100', '211', '4', null, null, '4', null, '2016-04-04 21:09:59'), ('4600', '101', '211', '3', null, null, '3', null, '2016-04-04 21:09:59'), ('4601', '102', '211', '4', null, null, '4', null, '2016-04-04 21:09:59'), ('4602', '104', '211', '4', null, null, '4', null, '2016-04-04 21:09:59'), ('4603', '105', '211', '5', null, null, '5', null, '2016-04-04 21:09:59'), ('4604', '106', '211', '5', null, null, '5', null, '2016-04-04 21:09:59'), ('4605', '107', '211', '3', null, null, '3', null, '2016-04-04 21:09:59'), ('4606', '141', '211', '4', null, null, '4', null, '2016-04-04 21:09:59'), ('4607', '142', '211', '5', null, null, '5', null, '2016-04-04 21:09:59'), ('4608', '143', '211', '5', null, null, '5', null, '2016-04-04 21:09:59'), ('4609', '144', '211', '1', null, null, '1', null, '2016-04-04 21:09:59'), ('4610', '145', '211', '3', null, null, '3', null, '2016-04-04 21:09:59'), ('4611', '148', '211', '5', null, null, '5', null, '2016-04-04 21:09:59'), ('4612', '149', '211', '4', null, null, '4', null, '2016-04-04 21:09:59'), ('4613', '150', '211', '5', null, null, '5', null, '2016-04-04 21:09:59'), ('4614', '151', '211', '2', null, null, '2', null, '2016-04-04 21:09:59'), ('4615', '152', '211', '4', null, null, '4', null, '2016-04-04 21:09:59'), ('4616', '155', '211', '2', null, null, '2', null, '2016-04-04 21:09:59'), ('4617', '156', '211', '5', null, null, '5', null, '2016-04-04 21:09:59'), ('4618', '157', '211', '4', null, null, '4', null, '2016-04-04 21:09:59'), ('4619', '158', '211', '2', null, null, '2', null, '2016-04-04 21:09:59'), ('4620', '159', '211', '1', null, null, '1', null, '2016-04-04 21:09:59'), ('4621', '162', '211', '5', null, null, '5', null, '2016-04-04 21:09:59'), ('4622', '163', '211', '2', null, null, '2', null, '2016-04-04 21:09:59'), ('4623', '164', '211', '2', null, null, '2', null, '2016-04-04 21:09:59'), ('4624', '165', '211', '1', null, null, '1', null, '2016-04-04 21:09:59'), ('4625', '166', '211', '4', null, null, '4', null, '2016-04-04 21:09:59'), ('4626', '174', '211', '3', null, null, '3', null, '2016-04-04 21:09:59'), ('4627', '175', '211', '3', null, null, '3', null, '2016-04-04 21:09:59'), ('4628', '176', '211', '1', null, null, '1', null, '2016-04-04 21:09:59'), ('4629', '177', '211', '4', null, null, '4', null, '2016-04-04 21:09:59'), ('4630', '178', '211', '4', null, null, '4', null, '2016-04-04 21:09:59'), ('4631', '97', '212', '1', null, null, '1', null, '2016-04-04 21:09:59'), ('4632', '98', '212', '1', null, null, '1', null, '2016-04-04 21:09:59'), ('4633', '99', '212', '1', null, null, '1', null, '2016-04-04 21:09:59'), ('4634', '100', '212', '3', null, null, '3', null, '2016-04-04 21:09:59'), ('4635', '101', '212', '2', null, null, '2', null, '2016-04-04 21:09:59'), ('4636', '102', '212', '1', null, null, '1', null, '2016-04-04 21:09:59'), ('4637', '104', '212', '4', null, null, '4', null, '2016-04-04 21:09:59'), ('4638', '105', '212', '5', null, null, '5', null, '2016-04-04 21:09:59'), ('4639', '106', '212', '2', null, null, '2', null, '2016-04-04 21:09:59'), ('4640', '107', '212', '5', null, null, '5', null, '2016-04-04 21:09:59'), ('4641', '141', '212', '2', null, null, '2', null, '2016-04-04 21:09:59'), ('4642', '142', '212', '4', null, null, '4', null, '2016-04-04 21:09:59'), ('4643', '143', '212', '2', null, null, '2', null, '2016-04-04 21:09:59'), ('4644', '144', '212', '2', null, null, '2', null, '2016-04-04 21:09:59'), ('4645', '145', '212', '1', null, null, '1', null, '2016-04-04 21:09:59'), ('4646', '148', '212', '5', null, null, '5', null, '2016-04-04 21:09:59'), ('4647', '149', '212', '1', null, null, '1', null, '2016-04-04 21:09:59'), ('4648', '150', '212', '5', null, null, '5', null, '2016-04-04 21:09:59'), ('4649', '151', '212', '2', null, null, '2', null, '2016-04-04 21:09:59'), ('4650', '152', '212', '4', null, null, '4', null, '2016-04-04 21:09:59'), ('4651', '155', '212', '5', null, null, '5', null, '2016-04-04 21:09:59'), ('4652', '156', '212', '1', null, null, '1', null, '2016-04-04 21:09:59'), ('4653', '157', '212', '5', null, null, '5', null, '2016-04-04 21:09:59'), ('4654', '158', '212', '2', null, null, '2', null, '2016-04-04 21:09:59'), ('4655', '159', '212', '4', null, null, '4', null, '2016-04-04 21:09:59'), ('4656', '162', '212', '5', null, null, '5', null, '2016-04-04 21:09:59'), ('4657', '163', '212', '2', null, null, '2', null, '2016-04-04 21:09:59'), ('4658', '164', '212', '2', null, null, '2', null, '2016-04-04 21:09:59'), ('4659', '165', '212', '1', null, null, '1', null, '2016-04-04 21:09:59'), ('4660', '166', '212', '4', null, null, '4', null, '2016-04-04 21:09:59'), ('4661', '174', '212', '2', null, null, '2', null, '2016-04-04 21:09:59'), ('4662', '175', '212', '2', null, null, '2', null, '2016-04-04 21:09:59'), ('4663', '176', '212', '5', null, null, '5', null, '2016-04-04 21:09:59'), ('4664', '177', '212', '4', null, null, '4', null, '2016-04-04 21:09:59'), ('4665', '178', '212', '2', null, null, '2', null, '2016-04-04 21:09:59'), ('4666', '97', '213', '5', null, null, '5', null, '2016-04-04 21:09:59'), ('4667', '98', '213', '2', null, null, '2', null, '2016-04-04 21:09:59'), ('4668', '99', '213', '4', null, null, '4', null, '2016-04-04 21:09:59'), ('4669', '100', '213', '3', null, null, '3', null, '2016-04-04 21:09:59'), ('4670', '101', '213', '3', null, null, '3', null, '2016-04-04 21:09:59'), ('4671', '102', '213', '5', null, null, '5', null, '2016-04-04 21:09:59'), ('4672', '104', '213', '5', null, null, '5', null, '2016-04-04 21:09:59'), ('4673', '105', '213', '4', null, null, '4', null, '2016-04-04 21:09:59'), ('4674', '106', '213', '1', null, null, '1', null, '2016-04-04 21:09:59'), ('4675', '107', '213', '3', null, null, '3', null, '2016-04-04 21:09:59'), ('4676', '141', '213', '4', null, null, '4', null, '2016-04-04 21:09:59'), ('4677', '142', '213', '3', null, null, '3', null, '2016-04-04 21:09:59'), ('4678', '143', '213', '3', null, null, '3', null, '2016-04-04 21:09:59'), ('4679', '144', '213', '2', null, null, '2', null, '2016-04-04 21:09:59'), ('4680', '145', '213', '3', null, null, '3', null, '2016-04-04 21:09:59'), ('4681', '148', '213', '5', null, null, '5', null, '2016-04-04 21:09:59'), ('4682', '149', '213', '4', null, null, '4', null, '2016-04-04 21:09:59'), ('4683', '150', '213', '4', null, null, '4', null, '2016-04-04 21:09:59'), ('4684', '151', '213', '4', null, null, '4', null, '2016-04-04 21:09:59'), ('4685', '152', '213', '1', null, null, '1', null, '2016-04-04 21:09:59'), ('4686', '155', '213', '4', null, null, '4', null, '2016-04-04 21:09:59'), ('4687', '156', '213', '4', null, null, '4', null, '2016-04-04 21:09:59'), ('4688', '157', '213', '2', null, null, '2', null, '2016-04-04 21:09:59'), ('4689', '158', '213', '1', null, null, '1', null, '2016-04-04 21:09:59'), ('4690', '159', '213', '3', null, null, '3', null, '2016-04-04 21:09:59'), ('4691', '162', '213', '4', null, null, '4', null, '2016-04-04 21:09:59'), ('4692', '163', '213', '2', null, null, '2', null, '2016-04-04 21:09:59'), ('4693', '164', '213', '5', null, null, '5', null, '2016-04-04 21:09:59'), ('4694', '165', '213', '5', null, null, '5', null, '2016-04-04 21:09:59'), ('4695', '166', '213', '1', null, null, '1', null, '2016-04-04 21:09:59'), ('4696', '174', '213', '5', null, null, '5', null, '2016-04-04 21:09:59'), ('4697', '175', '213', '4', null, null, '4', null, '2016-04-04 21:09:59'), ('4698', '176', '213', '2', null, null, '2', null, '2016-04-04 21:09:59'), ('4699', '177', '213', '4', null, null, '4', null, '2016-04-04 21:09:59'), ('4700', '178', '213', '2', null, null, '2', null, '2016-04-04 21:09:59'), ('4701', '97', '214', '3', null, null, '3', null, '2016-04-04 21:09:59'), ('4702', '98', '214', '1', null, null, '1', null, '2016-04-04 21:09:59'), ('4703', '99', '214', '3', null, null, '3', null, '2016-04-04 21:09:59'), ('4704', '100', '214', '2', null, null, '2', null, '2016-04-04 21:09:59'), ('4705', '101', '214', '3', null, null, '3', null, '2016-04-04 21:09:59'), ('4706', '102', '214', '5', null, null, '5', null, '2016-04-04 21:09:59'), ('4707', '104', '214', '1', null, null, '1', null, '2016-04-04 21:09:59'), ('4708', '105', '214', '5', null, null, '5', null, '2016-04-04 21:09:59'), ('4709', '106', '214', '3', null, null, '3', null, '2016-04-04 21:09:59'), ('4710', '107', '214', '2', null, null, '2', null, '2016-04-04 21:09:59'), ('4711', '141', '214', '1', null, null, '1', null, '2016-04-04 21:09:59'), ('4712', '142', '214', '5', null, null, '5', null, '2016-04-04 21:09:59'), ('4713', '143', '214', '2', null, null, '2', null, '2016-04-04 21:09:59'), ('4714', '144', '214', '2', null, null, '2', null, '2016-04-04 21:09:59'), ('4715', '145', '214', '5', null, null, '5', null, '2016-04-04 21:09:59'), ('4716', '148', '214', '1', null, null, '1', null, '2016-04-04 21:09:59'), ('4717', '149', '214', '2', null, null, '2', null, '2016-04-04 21:09:59'), ('4718', '150', '214', '1', null, null, '1', null, '2016-04-04 21:09:59'), ('4719', '151', '214', '4', null, null, '4', null, '2016-04-04 21:09:59'), ('4720', '152', '214', '5', null, null, '5', null, '2016-04-04 21:09:59'), ('4721', '155', '214', '4', null, null, '4', null, '2016-04-04 21:09:59'), ('4722', '156', '214', '5', null, null, '5', null, '2016-04-04 21:09:59'), ('4723', '157', '214', '3', null, null, '3', null, '2016-04-04 21:09:59'), ('4724', '158', '214', '2', null, null, '2', null, '2016-04-04 21:09:59'), ('4725', '159', '214', '3', null, null, '3', null, '2016-04-04 21:09:59'), ('4726', '162', '214', '1', null, null, '1', null, '2016-04-04 21:09:59'), ('4727', '163', '214', '5', null, null, '5', null, '2016-04-04 21:09:59'), ('4728', '164', '214', '3', null, null, '3', null, '2016-04-04 21:09:59'), ('4729', '165', '214', '4', null, null, '4', null, '2016-04-04 21:09:59'), ('4730', '166', '214', '4', null, null, '4', null, '2016-04-04 21:09:59'), ('4731', '174', '214', '4', null, null, '4', null, '2016-04-04 21:09:59'), ('4732', '175', '214', '3', null, null, '3', null, '2016-04-04 21:09:59'), ('4733', '176', '214', '1', null, null, '1', null, '2016-04-04 21:09:59'), ('4734', '177', '214', '5', null, null, '5', null, '2016-04-04 21:09:59'), ('4735', '178', '214', '2', null, null, '2', null, '2016-04-04 21:09:59'), ('4736', '97', '215', '5', null, null, '5', null, '2016-04-04 21:09:59'), ('4737', '98', '215', '2', null, null, '2', null, '2016-04-04 21:09:59'), ('4738', '99', '215', '5', null, null, '5', null, '2016-04-04 21:09:59'), ('4739', '100', '215', '3', null, null, '3', null, '2016-04-04 21:09:59'), ('4740', '101', '215', '4', null, null, '4', null, '2016-04-04 21:09:59'), ('4741', '102', '215', '5', null, null, '5', null, '2016-04-04 21:09:59'), ('4742', '104', '215', '5', null, null, '5', null, '2016-04-04 21:09:59'), ('4743', '105', '215', '4', null, null, '4', null, '2016-04-04 21:09:59'), ('4744', '106', '215', '5', null, null, '5', null, '2016-04-04 21:09:59'), ('4745', '107', '215', '5', null, null, '5', null, '2016-04-04 21:09:59'), ('4746', '141', '215', '3', null, null, '3', null, '2016-04-04 21:09:59'), ('4747', '142', '215', '3', null, null, '3', null, '2016-04-04 21:09:59'), ('4748', '143', '215', '1', null, null, '1', null, '2016-04-04 21:09:59'), ('4749', '144', '215', '3', null, null, '3', null, '2016-04-04 21:09:59'), ('4750', '145', '215', '4', null, null, '4', null, '2016-04-04 21:09:59'), ('4751', '148', '215', '4', null, null, '4', null, '2016-04-04 21:09:59'), ('4752', '149', '215', '2', null, null, '2', null, '2016-04-04 21:09:59'), ('4753', '150', '215', '2', null, null, '2', null, '2016-04-04 21:09:59'), ('4754', '151', '215', '4', null, null, '4', null, '2016-04-04 21:09:59'), ('4755', '152', '215', '2', null, null, '2', null, '2016-04-04 21:09:59'), ('4756', '155', '215', '4', null, null, '4', null, '2016-04-04 21:09:59'), ('4757', '156', '215', '3', null, null, '3', null, '2016-04-04 21:09:59'), ('4758', '157', '215', '4', null, null, '4', null, '2016-04-04 21:09:59'), ('4759', '158', '215', '2', null, null, '2', null, '2016-04-04 21:09:59'), ('4760', '159', '215', '5', null, null, '5', null, '2016-04-04 21:09:59'), ('4761', '162', '215', '4', null, null, '4', null, '2016-04-04 21:09:59'), ('4762', '163', '215', '5', null, null, '5', null, '2016-04-04 21:09:59'), ('4763', '164', '215', '5', null, null, '5', null, '2016-04-04 21:09:59'), ('4764', '165', '215', '2', null, null, '2', null, '2016-04-04 21:09:59'), ('4765', '166', '215', '2', null, null, '2', null, '2016-04-04 21:09:59'), ('4766', '174', '215', '4', null, null, '4', null, '2016-04-04 21:09:59'), ('4767', '175', '215', '2', null, null, '2', null, '2016-04-04 21:09:59'), ('4768', '176', '215', '4', null, null, '4', null, '2016-04-04 21:09:59'), ('4769', '177', '215', '4', null, null, '4', null, '2016-04-04 21:09:59'), ('4770', '178', '215', '1', null, null, '1', null, '2016-04-04 21:09:59'), ('4771', '97', '216', '2', null, null, '2', null, '2016-04-04 21:09:59'), ('4772', '98', '216', '3', null, null, '3', null, '2016-04-04 21:09:59'), ('4773', '99', '216', '5', null, null, '5', null, '2016-04-04 21:09:59'), ('4774', '100', '216', '3', null, null, '3', null, '2016-04-04 21:09:59'), ('4775', '101', '216', '2', null, null, '2', null, '2016-04-04 21:09:59'), ('4776', '102', '216', '4', null, null, '4', null, '2016-04-04 21:09:59'), ('4777', '104', '216', '4', null, null, '4', null, '2016-04-04 21:09:59'), ('4778', '105', '216', '2', null, null, '2', null, '2016-04-04 21:09:59'), ('4779', '106', '216', '4', null, null, '4', null, '2016-04-04 21:09:59'), ('4780', '107', '216', '1', null, null, '1', null, '2016-04-04 21:09:59'), ('4781', '141', '216', '4', null, null, '4', null, '2016-04-04 21:09:59'), ('4782', '142', '216', '5', null, null, '5', null, '2016-04-04 21:09:59'), ('4783', '143', '216', '3', null, null, '3', null, '2016-04-04 21:09:59'), ('4784', '144', '216', '1', null, null, '1', null, '2016-04-04 21:09:59'), ('4785', '145', '216', '3', null, null, '3', null, '2016-04-04 21:09:59'), ('4786', '148', '216', '2', null, null, '2', null, '2016-04-04 21:09:59'), ('4787', '149', '216', '3', null, null, '3', null, '2016-04-04 21:09:59'), ('4788', '150', '216', '2', null, null, '2', null, '2016-04-04 21:09:59'), ('4789', '151', '216', '4', null, null, '4', null, '2016-04-04 21:09:59'), ('4790', '152', '216', '3', null, null, '3', null, '2016-04-04 21:09:59'), ('4791', '155', '216', '4', null, null, '4', null, '2016-04-04 21:09:59'), ('4792', '156', '216', '4', null, null, '4', null, '2016-04-04 21:09:59'), ('4793', '157', '216', '5', null, null, '5', null, '2016-04-04 21:09:59'), ('4794', '158', '216', '2', null, null, '2', null, '2016-04-04 21:09:59'), ('4795', '159', '216', '5', null, null, '5', null, '2016-04-04 21:09:59'), ('4796', '162', '216', '5', null, null, '5', null, '2016-04-04 21:09:59'), ('4797', '163', '216', '1', null, null, '1', null, '2016-04-04 21:09:59'), ('4798', '164', '216', '2', null, null, '2', null, '2016-04-04 21:09:59'), ('4799', '165', '216', '2', null, null, '2', null, '2016-04-04 21:09:59'), ('4800', '166', '216', '1', null, null, '1', null, '2016-04-04 21:09:59'), ('4801', '174', '216', '4', null, null, '4', null, '2016-04-04 21:09:59'), ('4802', '175', '216', '3', null, null, '3', null, '2016-04-04 21:09:59'), ('4803', '176', '216', '3', null, null, '3', null, '2016-04-04 21:09:59'), ('4804', '177', '216', '5', null, null, '5', null, '2016-04-04 21:09:59'), ('4805', '178', '216', '2', null, null, '2', null, '2016-04-04 21:09:59'), ('4806', '97', '217', '3', null, null, '3', null, '2016-04-04 21:09:59'), ('4807', '98', '217', '2', null, null, '2', null, '2016-04-04 21:09:59'), ('4808', '99', '217', '1', null, null, '1', null, '2016-04-04 21:09:59'), ('4809', '100', '217', '1', null, null, '1', null, '2016-04-04 21:09:59'), ('4810', '101', '217', '3', null, null, '3', null, '2016-04-04 21:09:59'), ('4811', '102', '217', '5', null, null, '5', null, '2016-04-04 21:09:59'), ('4812', '104', '217', '5', null, null, '5', null, '2016-04-04 21:09:59'), ('4813', '105', '217', '3', null, null, '3', null, '2016-04-04 21:09:59'), ('4814', '106', '217', '2', null, null, '2', null, '2016-04-04 21:09:59'), ('4815', '107', '217', '2', null, null, '2', null, '2016-04-04 21:09:59'), ('4816', '141', '217', '3', null, null, '3', null, '2016-04-04 21:09:59'), ('4817', '142', '217', '5', null, null, '5', null, '2016-04-04 21:09:59'), ('4818', '143', '217', '3', null, null, '3', null, '2016-04-04 21:09:59'), ('4819', '144', '217', '4', null, null, '4', null, '2016-04-04 21:09:59'), ('4820', '145', '217', '2', null, null, '2', null, '2016-04-04 21:09:59'), ('4821', '148', '217', '2', null, null, '2', null, '2016-04-04 21:09:59'), ('4822', '149', '217', '5', null, null, '5', null, '2016-04-04 21:09:59'), ('4823', '150', '217', '2', null, null, '2', null, '2016-04-04 21:09:59'), ('4824', '151', '217', '5', null, null, '5', null, '2016-04-04 21:09:59'), ('4825', '152', '217', '5', null, null, '5', null, '2016-04-04 21:09:59'), ('4826', '155', '217', '5', null, null, '5', null, '2016-04-04 21:09:59'), ('4827', '156', '217', '5', null, null, '5', null, '2016-04-04 21:09:59'), ('4828', '157', '217', '2', null, null, '2', null, '2016-04-04 21:09:59'), ('4829', '158', '217', '2', null, null, '2', null, '2016-04-04 21:09:59'), ('4830', '159', '217', '5', null, null, '5', null, '2016-04-04 21:09:59'), ('4831', '162', '217', '1', null, null, '1', null, '2016-04-04 21:09:59'), ('4832', '163', '217', '5', null, null, '5', null, '2016-04-04 21:09:59'), ('4833', '164', '217', '1', null, null, '1', null, '2016-04-04 21:09:59'), ('4834', '165', '217', '1', null, null, '1', null, '2016-04-04 21:09:59'), ('4835', '166', '217', '5', null, null, '5', null, '2016-04-04 21:09:59'), ('4836', '174', '217', '1', null, null, '1', null, '2016-04-04 21:09:59'), ('4837', '175', '217', '5', null, null, '5', null, '2016-04-04 21:09:59'), ('4838', '176', '217', '2', null, null, '2', null, '2016-04-04 21:09:59'), ('4839', '177', '217', '3', null, null, '3', null, '2016-04-04 21:09:59'), ('4840', '178', '217', '1', null, null, '1', null, '2016-04-04 21:09:59'), ('4841', '97', '218', '3', null, null, '3', null, '2016-04-04 21:09:59'), ('4842', '98', '218', '5', null, null, '5', null, '2016-04-04 21:09:59'), ('4843', '99', '218', '4', null, null, '4', null, '2016-04-04 21:09:59'), ('4844', '100', '218', '2', null, null, '2', null, '2016-04-04 21:09:59'), ('4845', '101', '218', '5', null, null, '5', null, '2016-04-04 21:09:59'), ('4846', '102', '218', '4', null, null, '4', null, '2016-04-04 21:09:59'), ('4847', '104', '218', '5', null, null, '5', null, '2016-04-04 21:09:59'), ('4848', '105', '218', '5', null, null, '5', null, '2016-04-04 21:09:59'), ('4849', '106', '218', '4', null, null, '4', null, '2016-04-04 21:09:59'), ('4850', '107', '218', '1', null, null, '1', null, '2016-04-04 21:09:59'), ('4851', '141', '218', '2', null, null, '2', null, '2016-04-04 21:09:59'), ('4852', '142', '218', '3', null, null, '3', null, '2016-04-04 21:09:59'), ('4853', '143', '218', '5', null, null, '5', null, '2016-04-04 21:09:59'), ('4854', '144', '218', '5', null, null, '5', null, '2016-04-04 21:09:59'), ('4855', '145', '218', '5', null, null, '5', null, '2016-04-04 21:09:59'), ('4856', '148', '218', '3', null, null, '3', null, '2016-04-04 21:09:59'), ('4857', '149', '218', '5', null, null, '5', null, '2016-04-04 21:09:59'), ('4858', '150', '218', '3', null, null, '3', null, '2016-04-04 21:09:59'), ('4859', '151', '218', '1', null, null, '1', null, '2016-04-04 21:09:59'), ('4860', '152', '218', '1', null, null, '1', null, '2016-04-04 21:09:59'), ('4861', '155', '218', '2', null, null, '2', null, '2016-04-04 21:09:59'), ('4862', '156', '218', '2', null, null, '2', null, '2016-04-04 21:09:59'), ('4863', '157', '218', '3', null, null, '3', null, '2016-04-04 21:09:59'), ('4864', '158', '218', '5', null, null, '5', null, '2016-04-04 21:09:59'), ('4865', '159', '218', '3', null, null, '3', null, '2016-04-04 21:09:59'), ('4866', '162', '218', '2', null, null, '2', null, '2016-04-04 21:09:59'), ('4867', '163', '218', '5', null, null, '5', null, '2016-04-04 21:09:59'), ('4868', '164', '218', '3', null, null, '3', null, '2016-04-04 21:09:59'), ('4869', '165', '218', '4', null, null, '4', null, '2016-04-04 21:09:59'), ('4870', '166', '218', '2', null, null, '2', null, '2016-04-04 21:09:59'), ('4871', '174', '218', '5', null, null, '5', null, '2016-04-04 21:09:59'), ('4872', '175', '218', '3', null, null, '3', null, '2016-04-04 21:09:59'), ('4873', '176', '218', '4', null, null, '4', null, '2016-04-04 21:09:59'), ('4874', '177', '218', '1', null, null, '1', null, '2016-04-04 21:09:59'), ('4875', '178', '218', '2', null, null, '2', null, '2016-04-04 21:09:59'), ('4876', '97', '219', '4', null, null, '4', null, '2016-04-04 21:09:59'), ('4877', '98', '219', '5', null, null, '5', null, '2016-04-04 21:09:59'), ('4878', '99', '219', '1', null, null, '1', null, '2016-04-04 21:09:59'), ('4879', '100', '219', '4', null, null, '4', null, '2016-04-04 21:09:59'), ('4880', '101', '219', '5', null, null, '5', null, '2016-04-04 21:09:59'), ('4881', '102', '219', '2', null, null, '2', null, '2016-04-04 21:09:59'), ('4882', '104', '219', '3', null, null, '3', null, '2016-04-04 21:09:59'), ('4883', '105', '219', '2', null, null, '2', null, '2016-04-04 21:09:59'), ('4884', '106', '219', '4', null, null, '4', null, '2016-04-04 21:09:59'), ('4885', '107', '219', '1', null, null, '1', null, '2016-04-04 21:09:59'), ('4886', '141', '219', '1', null, null, '1', null, '2016-04-04 21:09:59'), ('4887', '142', '219', '2', null, null, '2', null, '2016-04-04 21:09:59'), ('4888', '143', '219', '2', null, null, '2', null, '2016-04-04 21:09:59'), ('4889', '144', '219', '1', null, null, '1', null, '2016-04-04 21:09:59'), ('4890', '145', '219', '1', null, null, '1', null, '2016-04-04 21:09:59'), ('4891', '148', '219', '3', null, null, '3', null, '2016-04-04 21:09:59'), ('4892', '149', '219', '4', null, null, '4', null, '2016-04-04 21:09:59'), ('4893', '150', '219', '5', null, null, '5', null, '2016-04-04 21:09:59'), ('4894', '151', '219', '2', null, null, '2', null, '2016-04-04 21:09:59'), ('4895', '152', '219', '2', null, null, '2', null, '2016-04-04 21:09:59'), ('4896', '155', '219', '3', null, null, '3', null, '2016-04-04 21:09:59'), ('4897', '156', '219', '2', null, null, '2', null, '2016-04-04 21:09:59'), ('4898', '157', '219', '3', null, null, '3', null, '2016-04-04 21:09:59'), ('4899', '158', '219', '1', null, null, '1', null, '2016-04-04 21:09:59'), ('4900', '159', '219', '1', null, null, '1', null, '2016-04-04 21:09:59'), ('4901', '162', '219', '2', null, null, '2', null, '2016-04-04 21:09:59'), ('4902', '163', '219', '2', null, null, '2', null, '2016-04-04 21:09:59'), ('4903', '164', '219', '1', null, null, '1', null, '2016-04-04 21:09:59'), ('4904', '165', '219', '4', null, null, '4', null, '2016-04-04 21:09:59'), ('4905', '166', '219', '3', null, null, '3', null, '2016-04-04 21:09:59'), ('4906', '174', '219', '4', null, null, '4', null, '2016-04-04 21:09:59'), ('4907', '175', '219', '5', null, null, '5', null, '2016-04-04 21:09:59'), ('4908', '176', '219', '1', null, null, '1', null, '2016-04-04 21:09:59'), ('4909', '177', '219', '4', null, null, '4', null, '2016-04-04 21:09:59'), ('4910', '178', '219', '4', null, null, '4', null, '2016-04-04 21:09:59'), ('4911', '97', '220', '1', null, null, '1', null, '2016-04-04 21:09:59'), ('4912', '98', '220', '2', null, null, '2', null, '2016-04-04 21:09:59'), ('4913', '99', '220', '4', null, null, '4', null, '2016-04-04 21:09:59'), ('4914', '100', '220', '5', null, null, '5', null, '2016-04-04 21:09:59'), ('4915', '101', '220', '3', null, null, '3', null, '2016-04-04 21:09:59'), ('4916', '102', '220', '4', null, null, '4', null, '2016-04-04 21:09:59'), ('4917', '104', '220', '1', null, null, '1', null, '2016-04-04 21:09:59'), ('4918', '105', '220', '3', null, null, '3', null, '2016-04-04 21:09:59'), ('4919', '106', '220', '4', null, null, '4', null, '2016-04-04 21:09:59'), ('4920', '107', '220', '4', null, null, '4', null, '2016-04-04 21:09:59'), ('4921', '141', '220', '5', null, null, '5', null, '2016-04-04 21:09:59'), ('4922', '142', '220', '5', null, null, '5', null, '2016-04-04 21:09:59'), ('4923', '143', '220', '4', null, null, '4', null, '2016-04-04 21:09:59'), ('4924', '144', '220', '5', null, null, '5', null, '2016-04-04 21:09:59'), ('4925', '145', '220', '2', null, null, '2', null, '2016-04-04 21:09:59'), ('4926', '148', '220', '4', null, null, '4', null, '2016-04-04 21:09:59'), ('4927', '149', '220', '2', null, null, '2', null, '2016-04-04 21:09:59'), ('4928', '150', '220', '5', null, null, '5', null, '2016-04-04 21:09:59'), ('4929', '151', '220', '1', null, null, '1', null, '2016-04-04 21:09:59'), ('4930', '152', '220', '5', null, null, '5', null, '2016-04-04 21:09:59'), ('4931', '155', '220', '2', null, null, '2', null, '2016-04-04 21:09:59'), ('4932', '156', '220', '5', null, null, '5', null, '2016-04-04 21:09:59'), ('4933', '157', '220', '2', null, null, '2', null, '2016-04-04 21:09:59'), ('4934', '158', '220', '5', null, null, '5', null, '2016-04-04 21:09:59'), ('4935', '159', '220', '4', null, null, '4', null, '2016-04-04 21:09:59'), ('4936', '162', '220', '4', null, null, '4', null, '2016-04-04 21:09:59'), ('4937', '163', '220', '3', null, null, '3', null, '2016-04-04 21:09:59'), ('4938', '164', '220', '3', null, null, '3', null, '2016-04-04 21:09:59'), ('4939', '165', '220', '2', null, null, '2', null, '2016-04-04 21:09:59'), ('4940', '166', '220', '4', null, null, '4', null, '2016-04-04 21:09:59'), ('4941', '174', '220', '2', null, null, '2', null, '2016-04-04 21:09:59'), ('4942', '175', '220', '5', null, null, '5', null, '2016-04-04 21:09:59'), ('4943', '176', '220', '2', null, null, '2', null, '2016-04-04 21:09:59'), ('4944', '177', '220', '3', null, null, '3', null, '2016-04-04 21:09:59'), ('4945', '178', '220', '4', null, null, '4', null, '2016-04-04 21:09:59'), ('4946', '97', '221', '3', null, null, '3', null, '2016-04-04 21:09:59'), ('4947', '98', '221', '5', null, null, '5', null, '2016-04-04 21:09:59'), ('4948', '99', '221', '4', null, null, '4', null, '2016-04-04 21:09:59'), ('4949', '100', '221', '5', null, null, '5', null, '2016-04-04 21:09:59'), ('4950', '101', '221', '4', null, null, '4', null, '2016-04-04 21:09:59'), ('4951', '102', '221', '5', null, null, '5', null, '2016-04-04 21:09:59'), ('4952', '104', '221', '1', null, null, '1', null, '2016-04-04 21:09:59'), ('4953', '105', '221', '1', null, null, '1', null, '2016-04-04 21:09:59'), ('4954', '106', '221', '1', null, null, '1', null, '2016-04-04 21:09:59'), ('4955', '107', '221', '2', null, null, '2', null, '2016-04-04 21:09:59'), ('4956', '141', '221', '1', null, null, '1', null, '2016-04-04 21:09:59'), ('4957', '142', '221', '3', null, null, '3', null, '2016-04-04 21:09:59'), ('4958', '143', '221', '1', null, null, '1', null, '2016-04-04 21:09:59'), ('4959', '144', '221', '5', null, null, '5', null, '2016-04-04 21:09:59'), ('4960', '145', '221', '5', null, null, '5', null, '2016-04-04 21:09:59'), ('4961', '148', '221', '1', null, null, '1', null, '2016-04-04 21:09:59'), ('4962', '149', '221', '3', null, null, '3', null, '2016-04-04 21:09:59'), ('4963', '150', '221', '3', null, null, '3', null, '2016-04-04 21:09:59'), ('4964', '151', '221', '3', null, null, '3', null, '2016-04-04 21:09:59'), ('4965', '152', '221', '5', null, null, '5', null, '2016-04-04 21:09:59'), ('4966', '155', '221', '1', null, null, '1', null, '2016-04-04 21:09:59'), ('4967', '156', '221', '5', null, null, '5', null, '2016-04-04 21:09:59'), ('4968', '157', '221', '4', null, null, '4', null, '2016-04-04 21:09:59'), ('4969', '158', '221', '4', null, null, '4', null, '2016-04-04 21:09:59'), ('4970', '159', '221', '2', null, null, '2', null, '2016-04-04 21:09:59'), ('4971', '162', '221', '2', null, null, '2', null, '2016-04-04 21:09:59'), ('4972', '163', '221', '2', null, null, '2', null, '2016-04-04 21:09:59'), ('4973', '164', '221', '3', null, null, '3', null, '2016-04-04 21:09:59'), ('4974', '165', '221', '4', null, null, '4', null, '2016-04-04 21:09:59'), ('4975', '166', '221', '2', null, null, '2', null, '2016-04-04 21:09:59'), ('4976', '174', '221', '3', null, null, '3', null, '2016-04-04 21:09:59'), ('4977', '175', '221', '5', null, null, '5', null, '2016-04-04 21:09:59'), ('4978', '176', '221', '5', null, null, '5', null, '2016-04-04 21:09:59'), ('4979', '177', '221', '1', null, null, '1', null, '2016-04-04 21:09:59'), ('4980', '178', '221', '2', null, null, '2', null, '2016-04-04 21:09:59'), ('4981', '97', '222', '2', null, null, '2', null, '2016-04-04 21:09:59'), ('4982', '98', '222', '2', null, null, '2', null, '2016-04-04 21:09:59'), ('4983', '99', '222', '1', null, null, '1', null, '2016-04-04 21:09:59'), ('4984', '100', '222', '2', null, null, '2', null, '2016-04-04 21:09:59'), ('4985', '101', '222', '5', null, null, '5', null, '2016-04-04 21:09:59'), ('4986', '102', '222', '1', null, null, '1', null, '2016-04-04 21:09:59'), ('4987', '104', '222', '5', null, null, '5', null, '2016-04-04 21:09:59'), ('4988', '105', '222', '4', null, null, '4', null, '2016-04-04 21:09:59'), ('4989', '106', '222', '1', null, null, '1', null, '2016-04-04 21:09:59'), ('4990', '107', '222', '4', null, null, '4', null, '2016-04-04 21:09:59'), ('4991', '141', '222', '2', null, null, '2', null, '2016-04-04 21:09:59'), ('4992', '142', '222', '3', null, null, '3', null, '2016-04-04 21:09:59'), ('4993', '143', '222', '5', null, null, '5', null, '2016-04-04 21:09:59'), ('4994', '144', '222', '5', null, null, '5', null, '2016-04-04 21:09:59'), ('4995', '145', '222', '4', null, null, '4', null, '2016-04-04 21:09:59'), ('4996', '148', '222', '3', null, null, '3', null, '2016-04-04 21:09:59'), ('4997', '149', '222', '5', null, null, '5', null, '2016-04-04 21:09:59'), ('4998', '150', '222', '4', null, null, '4', null, '2016-04-04 21:09:59'), ('4999', '151', '222', '1', null, null, '1', null, '2016-04-04 21:09:59'), ('5000', '152', '222', '3', null, null, '3', null, '2016-04-04 21:09:59'), ('5001', '155', '222', '5', null, null, '5', null, '2016-04-04 21:09:59'), ('5002', '156', '222', '1', null, null, '1', null, '2016-04-04 21:09:59'), ('5003', '157', '222', '2', null, null, '2', null, '2016-04-04 21:09:59'), ('5004', '158', '222', '1', null, null, '1', null, '2016-04-04 21:09:59'), ('5005', '159', '222', '2', null, null, '2', null, '2016-04-04 21:09:59'), ('5006', '162', '222', '1', null, null, '1', null, '2016-04-04 21:09:59'), ('5007', '163', '222', '2', null, null, '2', null, '2016-04-04 21:09:59'), ('5008', '164', '222', '1', null, null, '1', null, '2016-04-04 21:09:59'), ('5009', '165', '222', '3', null, null, '3', null, '2016-04-04 21:09:59'), ('5010', '166', '222', '2', null, null, '2', null, '2016-04-04 21:09:59'), ('5011', '174', '222', '1', null, null, '1', null, '2016-04-04 21:09:59'), ('5012', '175', '222', '3', null, null, '3', null, '2016-04-04 21:09:59'), ('5013', '176', '222', '4', null, null, '4', null, '2016-04-04 21:09:59'), ('5014', '177', '222', '2', null, null, '2', null, '2016-04-04 21:09:59'), ('5015', '178', '222', '3', null, null, '3', null, '2016-04-04 21:09:59'), ('5016', '97', '223', '5', null, null, '5', null, '2016-04-04 21:09:59'), ('5017', '98', '223', '4', null, null, '4', null, '2016-04-04 21:09:59'), ('5018', '99', '223', '1', null, null, '1', null, '2016-04-04 21:09:59'), ('5019', '100', '223', '2', null, null, '2', null, '2016-04-04 21:09:59'), ('5020', '101', '223', '2', null, null, '2', null, '2016-04-04 21:09:59'), ('5021', '102', '223', '5', null, null, '5', null, '2016-04-04 21:09:59'), ('5022', '104', '223', '1', null, null, '1', null, '2016-04-04 21:09:59'), ('5023', '105', '223', '5', null, null, '5', null, '2016-04-04 21:09:59'), ('5024', '106', '223', '3', null, null, '3', null, '2016-04-04 21:09:59'), ('5025', '107', '223', '3', null, null, '3', null, '2016-04-04 21:09:59'), ('5026', '141', '223', '2', null, null, '2', null, '2016-04-04 21:09:59'), ('5027', '142', '223', '4', null, null, '4', null, '2016-04-04 21:09:59'), ('5028', '143', '223', '2', null, null, '2', null, '2016-04-04 21:09:59'), ('5029', '144', '223', '1', null, null, '1', null, '2016-04-04 21:09:59'), ('5030', '145', '223', '3', null, null, '3', null, '2016-04-04 21:09:59'), ('5031', '148', '223', '2', null, null, '2', null, '2016-04-04 21:09:59'), ('5032', '149', '223', '1', null, null, '1', null, '2016-04-04 21:09:59'), ('5033', '150', '223', '3', null, null, '3', null, '2016-04-04 21:09:59'), ('5034', '151', '223', '3', null, null, '3', null, '2016-04-04 21:09:59'), ('5035', '152', '223', '5', null, null, '5', null, '2016-04-04 21:09:59'), ('5036', '155', '223', '4', null, null, '4', null, '2016-04-04 21:09:59'), ('5037', '156', '223', '2', null, null, '2', null, '2016-04-04 21:09:59'), ('5038', '157', '223', '5', null, null, '5', null, '2016-04-04 21:09:59'), ('5039', '158', '223', '2', null, null, '2', null, '2016-04-04 21:09:59'), ('5040', '159', '223', '3', null, null, '3', null, '2016-04-04 21:09:59'), ('5041', '162', '223', '2', null, null, '2', null, '2016-04-04 21:09:59'), ('5042', '163', '223', '2', null, null, '2', null, '2016-04-04 21:09:59'), ('5043', '164', '223', '1', null, null, '1', null, '2016-04-04 21:09:59'), ('5044', '165', '223', '1', null, null, '1', null, '2016-04-04 21:09:59'), ('5045', '166', '223', '4', null, null, '4', null, '2016-04-04 21:09:59'), ('5046', '174', '223', '2', null, null, '2', null, '2016-04-04 21:09:59'), ('5047', '175', '223', '3', null, null, '3', null, '2016-04-04 21:09:59'), ('5048', '176', '223', '1', null, null, '1', null, '2016-04-04 21:09:59'), ('5049', '177', '223', '5', null, null, '5', null, '2016-04-04 21:09:59'), ('5050', '178', '223', '3', null, null, '3', null, '2016-04-04 21:09:59'), ('5051', '97', '224', '1', null, null, '1', null, '2016-04-04 21:09:59'), ('5052', '98', '224', '4', null, null, '4', null, '2016-04-04 21:09:59'), ('5053', '99', '224', '4', null, null, '4', null, '2016-04-04 21:09:59'), ('5054', '100', '224', '1', null, null, '1', null, '2016-04-04 21:09:59'), ('5055', '101', '224', '3', null, null, '3', null, '2016-04-04 21:09:59'), ('5056', '102', '224', '5', null, null, '5', null, '2016-04-04 21:09:59'), ('5057', '104', '224', '5', null, null, '5', null, '2016-04-04 21:09:59'), ('5058', '105', '224', '1', null, null, '1', null, '2016-04-04 21:09:59'), ('5059', '106', '224', '2', null, null, '2', null, '2016-04-04 21:09:59'), ('5060', '107', '224', '4', null, null, '4', null, '2016-04-04 21:09:59'), ('5061', '141', '224', '4', null, null, '4', null, '2016-04-04 21:09:59'), ('5062', '142', '224', '2', null, null, '2', null, '2016-04-04 21:09:59'), ('5063', '143', '224', '4', null, null, '4', null, '2016-04-04 21:09:59'), ('5064', '144', '224', '5', null, null, '5', null, '2016-04-04 21:09:59'), ('5065', '145', '224', '2', null, null, '2', null, '2016-04-04 21:09:59'), ('5066', '148', '224', '1', null, null, '1', null, '2016-04-04 21:09:59'), ('5067', '149', '224', '1', null, null, '1', null, '2016-04-04 21:09:59'), ('5068', '150', '224', '5', null, null, '5', null, '2016-04-04 21:09:59'), ('5069', '151', '224', '5', null, null, '5', null, '2016-04-04 21:09:59'), ('5070', '152', '224', '5', null, null, '5', null, '2016-04-04 21:09:59'), ('5071', '155', '224', '5', null, null, '5', null, '2016-04-04 21:09:59'), ('5072', '156', '224', '1', null, null, '1', null, '2016-04-04 21:09:59'), ('5073', '157', '224', '5', null, null, '5', null, '2016-04-04 21:09:59'), ('5074', '158', '224', '2', null, null, '2', null, '2016-04-04 21:09:59'), ('5075', '159', '224', '5', null, null, '5', null, '2016-04-04 21:09:59'), ('5076', '162', '224', '3', null, null, '3', null, '2016-04-04 21:09:59'), ('5077', '163', '224', '5', null, null, '5', null, '2016-04-04 21:09:59'), ('5078', '164', '224', '4', null, null, '4', null, '2016-04-04 21:09:59'), ('5079', '165', '224', '1', null, null, '1', null, '2016-04-04 21:09:59'), ('5080', '166', '224', '3', null, null, '3', null, '2016-04-04 21:09:59'), ('5081', '174', '224', '5', null, null, '5', null, '2016-04-04 21:09:59'), ('5082', '175', '224', '2', null, null, '2', null, '2016-04-04 21:09:59'), ('5083', '176', '224', '5', null, null, '5', null, '2016-04-04 21:09:59'), ('5084', '177', '224', '5', null, null, '5', null, '2016-04-04 21:09:59'), ('5085', '178', '224', '3', null, null, '3', null, '2016-04-04 21:09:59'), ('5086', '97', '225', '2', null, null, '2', null, '2016-04-04 21:09:59'), ('5087', '98', '225', '3', null, null, '3', null, '2016-04-04 21:09:59'), ('5088', '99', '225', '2', null, null, '2', null, '2016-04-04 21:09:59'), ('5089', '100', '225', '3', null, null, '3', null, '2016-04-04 21:09:59'), ('5090', '101', '225', '1', null, null, '1', null, '2016-04-04 21:09:59'), ('5091', '102', '225', '3', null, null, '3', null, '2016-04-04 21:09:59'), ('5092', '104', '225', '2', null, null, '2', null, '2016-04-04 21:09:59'), ('5093', '105', '225', '3', null, null, '3', null, '2016-04-04 21:09:59'), ('5094', '106', '225', '4', null, null, '4', null, '2016-04-04 21:09:59'), ('5095', '107', '225', '2', null, null, '2', null, '2016-04-04 21:09:59'), ('5096', '141', '225', '5', null, null, '5', null, '2016-04-04 21:09:59'), ('5097', '142', '225', '4', null, null, '4', null, '2016-04-04 21:09:59'), ('5098', '143', '225', '5', null, null, '5', null, '2016-04-04 21:09:59'), ('5099', '144', '225', '5', null, null, '5', null, '2016-04-04 21:09:59'), ('5100', '145', '225', '2', null, null, '2', null, '2016-04-04 21:09:59'), ('5101', '148', '225', '2', null, null, '2', null, '2016-04-04 21:09:59'), ('5102', '149', '225', '1', null, null, '1', null, '2016-04-04 21:09:59'), ('5103', '150', '225', '1', null, null, '1', null, '2016-04-04 21:09:59'), ('5104', '151', '225', '5', null, null, '5', null, '2016-04-04 21:09:59'), ('5105', '152', '225', '4', null, null, '4', null, '2016-04-04 21:09:59'), ('5106', '155', '225', '3', null, null, '3', null, '2016-04-04 21:09:59'), ('5107', '156', '225', '5', null, null, '5', null, '2016-04-04 21:09:59'), ('5108', '157', '225', '4', null, null, '4', null, '2016-04-04 21:09:59'), ('5109', '158', '225', '3', null, null, '3', null, '2016-04-04 21:09:59'), ('5110', '159', '225', '3', null, null, '3', null, '2016-04-04 21:09:59'), ('5111', '162', '225', '1', null, null, '1', null, '2016-04-04 21:09:59'), ('5112', '163', '225', '1', null, null, '1', null, '2016-04-04 21:09:59'), ('5113', '164', '225', '1', null, null, '1', null, '2016-04-04 21:09:59'), ('5114', '165', '225', '1', null, null, '1', null, '2016-04-04 21:09:59'), ('5115', '166', '225', '5', null, null, '5', null, '2016-04-04 21:09:59'), ('5116', '174', '225', '3', null, null, '3', null, '2016-04-04 21:09:59'), ('5117', '175', '225', '1', null, null, '1', null, '2016-04-04 21:09:59'), ('5118', '176', '225', '1', null, null, '1', null, '2016-04-04 21:09:59'), ('5119', '177', '225', '2', null, null, '2', null, '2016-04-04 21:09:59'), ('5120', '178', '225', '5', null, null, '5', null, '2016-04-04 21:09:59'), ('5121', '133', '95', '1', null, null, '1', null, '2016-04-14 22:45:48'), ('5122', '133', '96', '4', null, null, '4', null, '2016-04-14 22:45:48'), ('5123', '133', '97', '5', null, null, '5', null, '2016-04-14 22:45:48'), ('5124', '133', '98', '4', null, null, '4', null, '2016-04-14 22:45:48'), ('5125', '133', '99', '1', null, null, '1', null, '2016-04-14 22:45:48'), ('5126', '133', '100', '4', null, null, '4', null, '2016-04-14 22:45:48'), ('5127', '133', '101', '4', null, null, '4', null, '2016-04-14 22:45:48'), ('5128', '133', '102', '2', null, null, '2', null, '2016-04-14 22:45:48'), ('5129', '133', '103', '3', null, null, '3', null, '2016-04-14 22:45:48'), ('5130', '133', '104', '3', null, null, '3', null, '2016-04-14 22:45:48'), ('5131', '133', '105', '4', null, null, '4', null, '2016-04-14 22:45:48'), ('5132', '133', '106', '5', null, null, '5', null, '2016-04-14 22:45:48'), ('5133', '133', '107', '4', null, null, '4', null, '2016-04-14 22:45:48'), ('5134', '73', '95', '1', null, null, '1', null, '2016-04-14 22:45:48'), ('5135', '73', '96', '4', null, null, '4', null, '2016-04-14 22:45:48'), ('5136', '73', '97', '5', null, null, '5', null, '2016-04-14 22:45:48'), ('5137', '73', '98', '2', null, null, '2', null, '2016-04-14 22:45:48'), ('5138', '73', '99', '3', null, null, '3', null, '2016-04-14 22:45:48'), ('5139', '73', '100', '4', null, null, '4', null, '2016-04-14 22:45:48'), ('5140', '73', '101', '2', null, null, '2', null, '2016-04-14 22:45:48'), ('5141', '73', '102', '1', null, null, '1', null, '2016-04-14 22:45:48'), ('5142', '73', '103', '2', null, null, '2', null, '2016-04-14 22:45:48'), ('5143', '73', '104', '4', null, null, '4', null, '2016-04-14 22:45:48'), ('5144', '73', '105', '5', null, null, '5', null, '2016-04-14 22:45:48'), ('5145', '73', '106', '4', null, null, '4', null, '2016-04-14 22:45:48'), ('5146', '73', '107', '2', null, null, '2', null, '2016-04-14 22:45:48'), ('5147', '179', '95', '1', null, null, '1', null, '2016-04-14 22:45:54'), ('5148', '179', '96', '3', null, null, '3', null, '2016-04-14 22:45:54'), ('5149', '179', '97', '3', null, null, '3', null, '2016-04-14 22:45:54'), ('5150', '179', '98', '5', null, null, '5', null, '2016-04-14 22:45:54'), ('5151', '179', '99', '5', null, null, '5', null, '2016-04-14 22:45:54'), ('5152', '179', '100', '4', null, null, '4', null, '2016-04-14 22:45:54'), ('5153', '179', '101', '1', null, null, '1', null, '2016-04-14 22:45:54'), ('5154', '179', '102', '3', null, null, '3', null, '2016-04-14 22:45:54'), ('5155', '179', '103', '3', null, null, '3', null, '2016-04-14 22:45:54'), ('5156', '179', '104', '2', null, null, '2', null, '2016-04-14 22:45:54'), ('5157', '179', '105', '3', null, null, '3', null, '2016-04-14 22:45:54'), ('5158', '179', '106', '4', null, null, '4', null, '2016-04-14 22:45:54'), ('5159', '179', '107', '4', null, null, '4', null, '2016-04-14 22:45:54'), ('5160', '180', '95', '2', null, null, '2', null, '2016-04-14 22:47:42'), ('5161', '180', '96', '5', null, null, '5', null, '2016-04-14 22:47:42');
INSERT INTO `assessment_response` VALUES ('5162', '180', '97', '3', null, null, '3', null, '2016-04-14 22:47:42'), ('5163', '180', '98', '3', null, null, '3', null, '2016-04-14 22:47:42'), ('5164', '180', '99', '1', null, null, '1', null, '2016-04-14 22:47:42'), ('5165', '180', '100', '2', null, null, '2', null, '2016-04-14 22:47:42'), ('5166', '180', '101', '1', null, null, '1', null, '2016-04-14 22:47:42'), ('5167', '180', '102', '3', null, null, '3', null, '2016-04-14 22:47:42'), ('5168', '180', '103', '1', null, null, '1', null, '2016-04-14 22:47:42'), ('5169', '180', '104', '1', null, null, '1', null, '2016-04-14 22:47:42'), ('5170', '180', '105', '2', null, null, '2', null, '2016-04-14 22:47:42'), ('5171', '180', '106', '5', null, null, '5', null, '2016-04-14 22:47:42'), ('5172', '180', '107', '5', null, null, '5', null, '2016-04-14 22:47:42'), ('5173', '181', '95', '5', null, null, '5', null, '2016-04-14 22:47:59'), ('5174', '181', '96', '4', null, null, '4', null, '2016-04-14 22:47:59'), ('5175', '181', '97', '4', null, null, '4', null, '2016-04-14 22:47:59'), ('5176', '181', '98', '5', null, null, '5', null, '2016-04-14 22:47:59'), ('5177', '181', '99', '5', null, null, '5', null, '2016-04-14 22:47:59'), ('5178', '181', '100', '5', null, null, '5', null, '2016-04-14 22:47:59'), ('5179', '181', '101', '4', null, null, '4', null, '2016-04-14 22:47:59'), ('5180', '181', '102', '1', null, null, '1', null, '2016-04-14 22:47:59'), ('5181', '181', '103', '1', null, null, '1', null, '2016-04-14 22:47:59'), ('5182', '181', '104', '1', null, null, '1', null, '2016-04-14 22:47:59'), ('5183', '181', '105', '2', null, null, '2', null, '2016-04-14 22:47:59'), ('5184', '181', '106', '3', null, null, '3', null, '2016-04-14 22:47:59'), ('5185', '181', '107', '3', null, null, '3', null, '2016-04-14 22:47:59'), ('5186', '134', '95', '4', null, null, '4', null, '2016-04-14 23:40:14'), ('5187', '134', '96', '1', null, null, '1', null, '2016-04-14 23:40:14'), ('5188', '134', '97', '3', null, null, '3', null, '2016-04-14 23:40:14'), ('5189', '134', '98', '3', null, null, '3', null, '2016-04-14 23:40:14'), ('5190', '134', '99', '3', null, null, '3', null, '2016-04-14 23:40:14'), ('5191', '134', '100', '1', null, null, '1', null, '2016-04-14 23:40:14'), ('5192', '134', '101', '5', null, null, '5', null, '2016-04-14 23:40:14'), ('5193', '134', '102', '3', null, null, '3', null, '2016-04-14 23:40:14'), ('5194', '134', '103', '4', null, null, '4', null, '2016-04-14 23:40:14'), ('5195', '134', '104', '5', null, null, '5', null, '2016-04-14 23:40:15'), ('5196', '134', '105', '3', null, null, '3', null, '2016-04-14 23:40:15'), ('5197', '134', '106', '3', null, null, '3', null, '2016-04-14 23:40:15'), ('5198', '134', '107', '4', null, null, '4', null, '2016-04-14 23:40:15'), ('5199', '115', '95', '4', null, null, '4', null, '2016-04-14 23:40:15'), ('5200', '115', '96', '2', null, null, '2', null, '2016-04-14 23:40:15'), ('5201', '115', '97', '1', null, null, '1', null, '2016-04-14 23:40:15'), ('5202', '115', '98', '5', null, null, '5', null, '2016-04-14 23:40:15'), ('5203', '115', '99', '4', null, null, '4', null, '2016-04-14 23:40:15'), ('5204', '115', '100', '3', null, null, '3', null, '2016-04-14 23:40:15'), ('5205', '115', '101', '1', null, null, '1', null, '2016-04-14 23:40:15'), ('5206', '115', '102', '5', null, null, '5', null, '2016-04-14 23:40:15'), ('5207', '115', '103', '1', null, null, '1', null, '2016-04-14 23:40:15'), ('5208', '115', '104', '2', null, null, '2', null, '2016-04-14 23:40:15'), ('5209', '115', '105', '5', null, null, '5', null, '2016-04-14 23:40:15'), ('5210', '115', '106', '4', null, null, '4', null, '2016-04-14 23:40:15'), ('5211', '115', '107', '4', null, null, '4', null, '2016-04-14 23:40:15'), ('5212', '70', '95', '4', null, null, '4', null, '2016-04-14 23:40:15'), ('5213', '70', '96', '3', null, null, '3', null, '2016-04-14 23:40:15'), ('5214', '70', '97', '1', null, null, '1', null, '2016-04-14 23:40:15'), ('5215', '70', '98', '4', null, null, '4', null, '2016-04-14 23:40:15'), ('5216', '70', '99', '4', null, null, '4', null, '2016-04-14 23:40:15'), ('5217', '70', '100', '3', null, null, '3', null, '2016-04-14 23:40:15'), ('5218', '70', '101', '3', null, null, '3', null, '2016-04-14 23:40:15'), ('5219', '70', '102', '5', null, null, '5', null, '2016-04-14 23:40:15'), ('5220', '70', '103', '1', null, null, '1', null, '2016-04-14 23:40:15'), ('5221', '70', '104', '4', null, null, '4', null, '2016-04-14 23:40:15'), ('5222', '70', '105', '2', null, null, '2', null, '2016-04-14 23:40:15'), ('5223', '70', '106', '2', null, null, '2', null, '2016-04-14 23:40:15'), ('5224', '70', '107', '2', null, null, '2', null, '2016-04-14 23:40:15'), ('5225', '130', '95', '1', null, null, '1', null, '2016-04-15 00:01:37'), ('5226', '130', '96', '4', null, null, '4', null, '2016-04-15 00:01:37'), ('5227', '130', '97', '2', null, null, '2', null, '2016-04-15 00:01:37'), ('5228', '130', '98', '3', null, null, '3', null, '2016-04-15 00:01:37'), ('5229', '130', '99', '1', null, null, '1', null, '2016-04-15 00:01:37'), ('5230', '130', '100', '5', null, null, '5', null, '2016-04-15 00:01:37'), ('5231', '130', '101', '1', null, null, '1', null, '2016-04-15 00:01:37'), ('5232', '130', '102', '5', null, null, '5', null, '2016-04-15 00:01:37'), ('5233', '130', '103', '1', null, null, '1', null, '2016-04-15 00:01:37'), ('5234', '130', '104', '2', null, null, '2', null, '2016-04-15 00:01:37'), ('5235', '130', '105', '4', null, null, '4', null, '2016-04-15 00:01:37'), ('5236', '130', '106', '3', null, null, '3', null, '2016-04-15 00:01:37'), ('5237', '130', '107', '4', null, null, '4', null, '2016-04-15 00:01:37'), ('5238', '112', '95', '1', null, null, '1', null, '2016-04-15 00:01:37'), ('5239', '112', '96', '2', null, null, '2', null, '2016-04-15 00:01:37'), ('5240', '112', '97', '2', null, null, '2', null, '2016-04-15 00:01:37'), ('5241', '112', '98', '1', null, null, '1', null, '2016-04-15 00:01:37'), ('5242', '112', '99', '1', null, null, '1', null, '2016-04-15 00:01:37'), ('5243', '112', '100', '5', null, null, '5', null, '2016-04-15 00:01:37'), ('5244', '112', '101', '2', null, null, '2', null, '2016-04-15 00:01:37'), ('5245', '112', '102', '4', null, null, '4', null, '2016-04-15 00:01:37'), ('5246', '112', '103', '2', null, null, '2', null, '2016-04-15 00:01:37'), ('5247', '112', '104', '4', null, null, '4', null, '2016-04-15 00:01:37'), ('5248', '112', '105', '2', null, null, '2', null, '2016-04-15 00:01:37'), ('5249', '112', '106', '1', null, null, '1', null, '2016-04-15 00:01:37'), ('5250', '112', '107', '5', null, null, '5', null, '2016-04-15 00:01:37'), ('5251', '74', '95', '3', null, null, '3', null, '2016-04-15 00:01:37'), ('5252', '74', '96', '2', null, null, '2', null, '2016-04-15 00:01:37'), ('5253', '74', '97', '3', null, null, '3', null, '2016-04-15 00:01:37'), ('5254', '74', '98', '5', null, null, '5', null, '2016-04-15 00:01:37'), ('5255', '74', '99', '3', null, null, '3', null, '2016-04-15 00:01:37'), ('5256', '74', '100', '1', null, null, '1', null, '2016-04-15 00:01:37'), ('5257', '74', '101', '4', null, null, '4', null, '2016-04-15 00:01:37'), ('5258', '74', '102', '1', null, null, '1', null, '2016-04-15 00:01:37'), ('5259', '74', '103', '1', null, null, '1', null, '2016-04-15 00:01:37'), ('5260', '74', '104', '5', null, null, '5', null, '2016-04-15 00:01:37'), ('5261', '74', '105', '4', null, null, '4', null, '2016-04-15 00:01:37'), ('5262', '74', '106', '4', null, null, '4', null, '2016-04-15 00:01:37'), ('5263', '74', '107', '2', null, null, '2', null, '2016-04-15 00:01:37'), ('5264', '118', '95', '5', null, null, '5', null, '2016-04-15 00:04:54'), ('5265', '118', '96', '4', null, null, '4', null, '2016-04-15 00:04:54'), ('5266', '118', '97', '4', null, null, '4', null, '2016-04-15 00:04:54'), ('5267', '118', '98', '2', null, null, '2', null, '2016-04-15 00:04:54'), ('5268', '118', '99', '5', null, null, '5', null, '2016-04-15 00:04:54'), ('5269', '118', '100', '5', null, null, '5', null, '2016-04-15 00:04:54'), ('5270', '118', '101', '2', null, null, '2', null, '2016-04-15 00:04:54'), ('5271', '118', '102', '3', null, null, '3', null, '2016-04-15 00:04:54'), ('5272', '118', '103', '5', null, null, '5', null, '2016-04-15 00:04:54'), ('5273', '118', '104', '2', null, null, '2', null, '2016-04-15 00:04:54'), ('5274', '118', '105', '2', null, null, '2', null, '2016-04-15 00:04:54'), ('5275', '118', '106', '5', null, null, '5', null, '2016-04-15 00:04:54'), ('5276', '118', '107', '1', null, null, '1', null, '2016-04-15 00:04:54'), ('5277', '129', '95', '3', null, null, '3', null, '2016-04-15 00:04:55'), ('5278', '129', '96', '3', null, null, '3', null, '2016-04-15 00:04:55'), ('5279', '129', '97', '2', null, null, '2', null, '2016-04-15 00:04:55'), ('5280', '129', '98', '4', null, null, '4', null, '2016-04-15 00:04:55'), ('5281', '129', '99', '4', null, null, '4', null, '2016-04-15 00:04:55'), ('5282', '129', '100', '4', null, null, '4', null, '2016-04-15 00:04:55'), ('5283', '129', '101', '1', null, null, '1', null, '2016-04-15 00:04:55'), ('5284', '129', '102', '3', null, null, '3', null, '2016-04-15 00:04:55'), ('5285', '129', '103', '1', null, null, '1', null, '2016-04-15 00:04:55'), ('5286', '129', '104', '5', null, null, '5', null, '2016-04-15 00:04:55'), ('5287', '129', '105', '4', null, null, '4', null, '2016-04-15 00:04:55'), ('5288', '129', '106', '4', null, null, '4', null, '2016-04-15 00:04:55'), ('5289', '129', '107', '5', null, null, '5', null, '2016-04-15 00:04:55'), ('5290', '79', '95', '1', null, null, '1', null, '2016-04-15 00:04:55'), ('5291', '79', '96', '3', null, null, '3', null, '2016-04-15 00:04:55'), ('5292', '79', '97', '5', null, null, '5', null, '2016-04-15 00:04:55'), ('5293', '79', '98', '1', null, null, '1', null, '2016-04-15 00:04:55'), ('5294', '79', '99', '4', null, null, '4', null, '2016-04-15 00:04:55'), ('5295', '79', '100', '1', null, null, '1', null, '2016-04-15 00:04:55'), ('5296', '79', '101', '2', null, null, '2', null, '2016-04-15 00:04:55'), ('5297', '79', '102', '4', null, null, '4', null, '2016-04-15 00:04:55'), ('5298', '79', '103', '4', null, null, '4', null, '2016-04-15 00:04:55'), ('5299', '79', '104', '2', null, null, '2', null, '2016-04-15 00:04:55'), ('5300', '79', '105', '5', null, null, '5', null, '2016-04-15 00:04:55'), ('5301', '79', '106', '2', null, null, '2', null, '2016-04-15 00:04:55'), ('5302', '79', '107', '2', null, null, '2', null, '2016-04-15 00:04:55'), ('5303', '67', '95', '5', null, null, '5', null, '2016-04-15 00:07:21'), ('5304', '67', '96', '2', null, null, '2', null, '2016-04-15 00:07:21'), ('5305', '67', '97', '5', null, null, '5', null, '2016-04-15 00:07:21'), ('5306', '67', '98', '5', null, null, '5', null, '2016-04-15 00:07:21'), ('5307', '67', '99', '5', null, null, '5', null, '2016-04-15 00:07:21'), ('5308', '67', '100', '5', null, null, '5', null, '2016-04-15 00:07:21'), ('5309', '67', '101', '5', null, null, '5', null, '2016-04-15 00:07:21'), ('5310', '67', '102', '4', null, null, '4', null, '2016-04-15 00:07:21'), ('5311', '67', '103', '4', null, null, '4', null, '2016-04-15 00:07:21'), ('5312', '67', '104', '1', null, null, '1', null, '2016-04-15 00:07:21'), ('5313', '67', '105', '2', null, null, '2', null, '2016-04-15 00:07:21'), ('5314', '67', '106', '2', null, null, '2', null, '2016-04-15 00:07:21'), ('5315', '67', '107', '4', null, null, '4', null, '2016-04-15 00:07:21'), ('5316', '126', '95', '', null, null, '0', null, '2016-07-07 11:20:29'), ('5317', '126', '96', '', null, null, '0', null, '2016-07-07 11:20:29'), ('5318', '126', '97', '', null, null, '0', null, '2016-07-07 11:20:29'), ('5319', '126', '98', '', null, null, '0', null, '2016-07-07 11:20:29'), ('5320', '126', '99', '', null, null, '0', null, '2016-07-07 11:20:29'), ('5321', '126', '100', '', null, null, '0', null, '2016-07-07 11:20:29'), ('5322', '126', '101', '', null, null, '0', null, '2016-07-07 11:20:29'), ('5323', '126', '102', '', null, null, '0', null, '2016-07-07 11:20:29'), ('5324', '126', '103', '', null, null, '0', null, '2016-07-07 11:20:29'), ('5325', '126', '104', '', null, null, '0', null, '2016-07-07 11:20:29'), ('5326', '126', '105', '', null, null, '0', null, '2016-07-07 11:20:29'), ('5327', '126', '106', '', null, null, '0', null, '2016-07-07 11:20:29'), ('5328', '126', '107', '', null, null, '0', null, '2016-07-07 11:20:29'), ('5329', '75', '95', '', null, null, '0', null, '2016-07-28 16:01:22'), ('5330', '75', '96', '', null, null, '0', null, '2016-07-28 16:01:22'), ('5331', '75', '97', '', null, null, '0', null, '2016-07-28 16:01:22'), ('5332', '75', '98', '', null, null, '0', null, '2016-07-28 16:01:22'), ('5333', '75', '99', '', null, null, '0', null, '2016-07-28 16:01:22'), ('5334', '75', '100', '', null, null, '0', null, '2016-07-28 16:01:22'), ('5335', '75', '101', '', null, null, '0', null, '2016-07-28 16:01:22'), ('5336', '75', '102', '', null, null, '0', null, '2016-07-28 16:01:22'), ('5337', '75', '103', '', null, null, '0', null, '2016-07-28 16:01:22'), ('5338', '75', '104', '', null, null, '0', null, '2016-07-28 16:01:22'), ('5339', '75', '105', '', null, null, '0', null, '2016-07-28 16:01:22'), ('5340', '75', '106', '', null, null, '0', null, '2016-07-28 16:01:22'), ('5341', '75', '107', '', null, null, '0', null, '2016-07-28 16:01:22'), ('5342', '110', '95', '', null, null, '0', null, '2016-07-28 16:01:36'), ('5343', '110', '96', '', null, null, '0', null, '2016-07-28 16:01:36'), ('5344', '110', '97', '', null, null, '0', null, '2016-07-28 16:01:36'), ('5345', '110', '98', '', null, null, '0', null, '2016-07-28 16:01:36'), ('5346', '110', '99', '', null, null, '0', null, '2016-07-28 16:01:36'), ('5347', '110', '100', '', null, null, '0', null, '2016-07-28 16:01:36'), ('5348', '110', '101', '', null, null, '0', null, '2016-07-28 16:01:36'), ('5349', '110', '102', '', null, null, '0', null, '2016-07-28 16:01:36'), ('5350', '110', '103', '', null, null, '0', null, '2016-07-28 16:01:36'), ('5351', '110', '104', '', null, null, '0', null, '2016-07-28 16:01:36'), ('5352', '110', '105', '', null, null, '0', null, '2016-07-28 16:01:36'), ('5353', '110', '106', '', null, null, '0', null, '2016-07-28 16:01:36'), ('5354', '110', '107', '', null, null, '0', null, '2016-07-28 16:01:36'), ('5355', '116', '95', '', null, null, '0', null, '2016-07-28 16:01:36'), ('5356', '116', '96', '', null, null, '0', null, '2016-07-28 16:01:36'), ('5357', '116', '97', '', null, null, '0', null, '2016-07-28 16:01:36'), ('5358', '116', '98', '', null, null, '0', null, '2016-07-28 16:01:36'), ('5359', '116', '99', '', null, null, '0', null, '2016-07-28 16:01:36'), ('5360', '116', '100', '', null, null, '0', null, '2016-07-28 16:01:36'), ('5361', '116', '101', '', null, null, '0', null, '2016-07-28 16:01:36'), ('5362', '116', '102', '', null, null, '0', null, '2016-07-28 16:01:36'), ('5363', '116', '103', '', null, null, '0', null, '2016-07-28 16:01:36'), ('5364', '116', '104', '', null, null, '0', null, '2016-07-28 16:01:36'), ('5365', '116', '105', '', null, null, '0', null, '2016-07-28 16:01:36'), ('5366', '116', '106', '', null, null, '0', null, '2016-07-28 16:01:36'), ('5367', '116', '107', '', null, null, '0', null, '2016-07-28 16:01:36'), ('5368', '132', '95', '', null, null, '0', null, '2016-07-28 16:01:37'), ('5369', '132', '96', '', null, null, '0', null, '2016-07-28 16:01:37'), ('5370', '132', '97', '', null, null, '0', null, '2016-07-28 16:01:37'), ('5371', '132', '98', '', null, null, '0', null, '2016-07-28 16:01:37'), ('5372', '132', '99', '', null, null, '0', null, '2016-07-28 16:01:37'), ('5373', '132', '100', '', null, null, '0', null, '2016-07-28 16:01:37'), ('5374', '132', '101', '', null, null, '0', null, '2016-07-28 16:01:37'), ('5375', '132', '102', '', null, null, '0', null, '2016-07-28 16:01:37'), ('5376', '132', '103', '', null, null, '0', null, '2016-07-28 16:01:37'), ('5377', '132', '104', '', null, null, '0', null, '2016-07-28 16:01:37'), ('5378', '132', '105', '', null, null, '0', null, '2016-07-28 16:01:37'), ('5379', '132', '106', '', null, null, '0', null, '2016-07-28 16:01:37'), ('5380', '132', '107', '', null, null, '0', null, '2016-07-28 16:01:37'), ('5381', '109', '95', '', null, null, '0', null, '2016-07-28 16:01:37'), ('5382', '109', '96', '', null, null, '0', null, '2016-07-28 16:01:37'), ('5383', '109', '97', '', null, null, '0', null, '2016-07-28 16:01:37'), ('5384', '109', '98', '', null, null, '0', null, '2016-07-28 16:01:37'), ('5385', '109', '99', '', null, null, '0', null, '2016-07-28 16:01:37'), ('5386', '109', '100', '', null, null, '0', null, '2016-07-28 16:01:37'), ('5387', '109', '101', '', null, null, '0', null, '2016-07-28 16:01:37'), ('5388', '109', '102', '', null, null, '0', null, '2016-07-28 16:01:37'), ('5389', '109', '103', '', null, null, '0', null, '2016-07-28 16:01:37'), ('5390', '109', '104', '', null, null, '0', null, '2016-07-28 16:01:37'), ('5391', '109', '105', '', null, null, '0', null, '2016-07-28 16:01:37'), ('5392', '109', '106', '', null, null, '0', null, '2016-07-28 16:01:37'), ('5393', '109', '107', '', null, null, '0', null, '2016-07-28 16:01:37'), ('5394', '108', '95', '', null, null, '0', null, '2016-07-28 16:01:37'), ('5395', '108', '96', '', null, null, '0', null, '2016-07-28 16:01:37'), ('5396', '108', '97', '', null, null, '0', null, '2016-07-28 16:01:37'), ('5397', '108', '98', '', null, null, '0', null, '2016-07-28 16:01:37'), ('5398', '108', '99', '', null, null, '0', null, '2016-07-28 16:01:37'), ('5399', '108', '100', '', null, null, '0', null, '2016-07-28 16:01:37'), ('5400', '108', '101', '', null, null, '0', null, '2016-07-28 16:01:37'), ('5401', '108', '102', '', null, null, '0', null, '2016-07-28 16:01:37'), ('5402', '108', '103', '', null, null, '0', null, '2016-07-28 16:01:37'), ('5403', '108', '104', '', null, null, '0', null, '2016-07-28 16:01:37'), ('5404', '108', '105', '', null, null, '0', null, '2016-07-28 16:01:37'), ('5405', '108', '106', '', null, null, '0', null, '2016-07-28 16:01:37'), ('5406', '108', '107', '', null, null, '0', null, '2016-07-28 16:01:37'), ('5407', '69', '95', '', null, null, '0', null, '2016-07-28 16:01:37'), ('5408', '69', '96', '', null, null, '0', null, '2016-07-28 16:01:37'), ('5409', '69', '97', '', null, null, '0', null, '2016-07-28 16:01:37'), ('5410', '69', '98', '', null, null, '0', null, '2016-07-28 16:01:37'), ('5411', '69', '99', '', null, null, '0', null, '2016-07-28 16:01:37'), ('5412', '69', '100', '', null, null, '0', null, '2016-07-28 16:01:37'), ('5413', '69', '101', '', null, null, '0', null, '2016-07-28 16:01:37'), ('5414', '69', '102', '', null, null, '0', null, '2016-07-28 16:01:37'), ('5415', '69', '103', '', null, null, '0', null, '2016-07-28 16:01:37'), ('5416', '69', '104', '', null, null, '0', null, '2016-07-28 16:01:37'), ('5417', '69', '105', '', null, null, '0', null, '2016-07-28 16:01:37'), ('5418', '69', '106', '', null, null, '0', null, '2016-07-28 16:01:37'), ('5419', '69', '107', '', null, null, '0', null, '2016-07-28 16:01:37');
COMMIT;

-- ----------------------------
--  Table structure for `badge`
-- ----------------------------
DROP TABLE IF EXISTS `badge`;
CREATE TABLE `badge` (
  `id` int(11) NOT NULL AUTO_INCREMENT,
  `name` varchar(255) COLLATE utf8_bin DEFAULT NULL,
  `description` varchar(4000) COLLATE utf8_bin DEFAULT NULL,
  `image` varchar(500) COLLATE utf8_bin DEFAULT NULL,
  `issuer` varchar(500) COLLATE utf8_bin DEFAULT NULL,
  `tags` varchar(500) COLLATE utf8_bin DEFAULT NULL,
  PRIMARY KEY (`id`),
  UNIQUE KEY `id` (`id`)
) ENGINE=InnoDB AUTO_INCREMENT=22 DEFAULT CHARSET=utf8 COLLATE=utf8_bin ROW_FORMAT=COMPACT;

-- ----------------------------
--  Records of `badge`
-- ----------------------------
BEGIN;
INSERT INTO `badge` VALUES ('12', 'CSS3', 'CSS3 mastery module.', '/site/default/badges/css3.png', 'CogentQI.com', null), ('13', 'Caring Workplace', 'Developing a caring workplace environment.', '/site/default/badges/cup.png', 'CogentQI.com', null), ('14', 'Legal Issues', 'Legal issues in our profession.', '/site/default/badges/gavel.png', 'CogentQI.com', null), ('15', 'Internet Technology', 'How the Internet affects our workplace.', '/site/default/badges/ipv6.png', 'CogentQI.com', null), ('16', 'Team Participation', 'Working as a member of a professional team.', '/site/default/badges/participation.png', 'CogentQI.com', null), ('17', 'Prescription Management', 'Managing prescriptions safely, optimally and accurately.', '/site/default/badges/prescriptions.png', 'CogentQI.com', null), ('18', 'Security 101', 'Security awareness in the workplace.', '/site/default/badges/security.png', 'CogentQI.com', null), ('19', 'Support Technologies', 'Technologies that can help you do your job better.', '/site/default/badges/technology.png', 'CogentQI.com', null), ('20', 'Communication', 'Basic communications skills.', '/site/default/badges/telegraph.png', 'CogentQI.com', null), ('21', 'Planning', 'Wise planning and time management.', '/site/default/badges/wisdom.png', 'CogentQI.com', null);
COMMIT;

-- ----------------------------
--  Table structure for `configuration`
-- ----------------------------
DROP TABLE IF EXISTS `configuration`;
CREATE TABLE `configuration` (
  `id` int(11) NOT NULL,
  `assessment_weight` int(11) NOT NULL DEFAULT '5',
  `outcome_weight` int(11) NOT NULL DEFAULT '5',
  PRIMARY KEY (`id`),
  UNIQUE KEY `configuration_id_uindex` (`id`)
) ENGINE=InnoDB DEFAULT CHARSET=utf8 COLLATE=utf8_bin ROW_FORMAT=COMPACT;

-- ----------------------------
--  Records of `configuration`
-- ----------------------------
BEGIN;
INSERT INTO `configuration` VALUES ('0', '3', '7');
COMMIT;

-- ----------------------------
--  Table structure for `event`
-- ----------------------------
DROP TABLE IF EXISTS `event`;
CREATE TABLE `event` (
  `id` int(11) NOT NULL AUTO_INCREMENT,
  `name` varchar(100) COLLATE utf8_bin NOT NULL,
  `description` text COLLATE utf8_bin NOT NULL,
  `category` varchar(100) COLLATE utf8_bin NOT NULL DEFAULT 'Generic',
  `threshold` int(11) NOT NULL DEFAULT '1',
  PRIMARY KEY (`id`)
) ENGINE=InnoDB AUTO_INCREMENT=17 DEFAULT CHARSET=utf8 COLLATE=utf8_bin ROW_FORMAT=COMPACT;

-- ----------------------------
--  Records of `event`
-- ----------------------------
BEGIN;
INSERT INTO `event` VALUES ('2', 'Patient Fall', '.', 'Patient Care', '1'), ('3', 'Patient Drop', '.', 'Patient Care', '1'), ('4', 'Improper Med Dispensed', 'An incorrect medication was dispensed to a patient.', 'Medication', '1'), ('5', 'Improper Med Dosage', 'An incorrect medication dosage was dispensed to a patient.', 'Medication', '1'), ('6', 'Patient Complaint', 'A complaint was submitted by a patient.', 'Communication', '1'), ('7', 'Tardiness', 'The employee was late to work without sufficient explanation or notice.', 'Conduct', '1'), ('8', 'Failure to Notify', 'The employee failed to communicate important information about a patient.', 'Communication', '1'), ('9', 'Improper Attire', 'The employee arrived for work dressed inappropriately for professional work.', 'Conduct', '1'), ('10', 'Absence', 'Employee was absent for a scheduled shift.', 'Conduct', '1'), ('11', 'Data Entry Error', 'Data entered regarding either a patient or a medication was incorrect.', 'Medication', '1'), ('12', 'Failure to Complete Routine Task', 'A regular maintenance task was not performed as scheduled/required.', 'Medication', '1'), ('13', 'Treatment Error', 'The wrong treatment was applied to a patient.', 'Medication', '1'), ('14', 'Failure to Follow Order', 'Patient treatment orders were not followed.', 'Conduct', '1'), ('15', 'Sexual Misconduct', 'Improper behavior toward a colleague or patient.', 'Conduct', '1'), ('16', 'Patient Communication Problem', 'The patient misunderstood information communicated by the employee.', 'Communication', '1');
COMMIT;

-- ----------------------------
--  Table structure for `event_alignment`
-- ----------------------------
DROP TABLE IF EXISTS `event_alignment`;
CREATE TABLE `event_alignment` (
  `id` int(11) NOT NULL AUTO_INCREMENT,
  `increment` int(11) NOT NULL DEFAULT '1',
  `event_id` int(11) NOT NULL,
  `question_id` int(11) NOT NULL,
  `weight` int(11) NOT NULL DEFAULT '1',
  PRIMARY KEY (`id`),
  KEY `event_key` (`event_id`),
  KEY `question_key` (`question_id`),
  CONSTRAINT `event_alignment_ibfk_1` FOREIGN KEY (`event_id`) REFERENCES `event` (`id`),
  CONSTRAINT `event_alignment_ibfk_2` FOREIGN KEY (`question_id`) REFERENCES `question` (`id`)
) ENGINE=InnoDB DEFAULT CHARSET=utf8 COLLATE=utf8_bin ROW_FORMAT=COMPACT;

-- ----------------------------
--  Table structure for `homepage`
-- ----------------------------
DROP TABLE IF EXISTS `homepage`;
CREATE TABLE `homepage` (
  `id` int(11) NOT NULL AUTO_INCREMENT,
  `title` varchar(255) DEFAULT 'Home Page',
  `description` longtext,
  PRIMARY KEY (`id`),
  UNIQUE KEY `id` (`id`)
) ENGINE=InnoDB DEFAULT CHARSET=utf8 ROW_FORMAT=COMPACT;

-- ----------------------------
--  Table structure for `instrument`
-- ----------------------------
DROP TABLE IF EXISTS `instrument`;
CREATE TABLE `instrument` (
  `id` int(11) NOT NULL AUTO_INCREMENT,
  `name` varchar(100) DEFAULT NULL,
  `role_id` char(1) NOT NULL DEFAULT 'P',
  `usage_id` char(1) NOT NULL DEFAULT 'R',
  `description` varchar(5000) DEFAULT NULL,
  `summary` varchar(500) DEFAULT NULL,
  `is_uniform` tinyint(1) DEFAULT '1',
  `question_type_id` int(11) DEFAULT NULL,
  `max_range` int(11) NOT NULL DEFAULT '0',
  `min_range` int(11) NOT NULL DEFAULT '5',
  `sort_order` int(11) NOT NULL DEFAULT '0',
  `status` char(1) NOT NULL DEFAULT 'A',
  PRIMARY KEY (`id`),
  KEY `role_id` (`role_id`),
  KEY `usage_id` (`usage_id`),
  CONSTRAINT `instrument_ibfk_1` FOREIGN KEY (`role_id`) REFERENCES `role` (`id`),
  CONSTRAINT `instrument_ibfk_2` FOREIGN KEY (`usage_id`) REFERENCES `algorithm_usage` (`id`)
) ENGINE=InnoDB AUTO_INCREMENT=11 DEFAULT CHARSET=utf8 ROW_FORMAT=COMPACT;

-- ----------------------------
--  Records of `instrument`
-- ----------------------------
BEGIN;
INSERT INTO `instrument` VALUES ('5', 'Nursing Evaluation', 'N', 'R', null, null, '1', '37', '4', '0', '5', 'A'), ('9', 'PA Evaluation', 'P', 'R', null, null, '1', '37', '4', '0', '9', 'A'), ('10', 'Nurse Preceptor Evaluation', 'M', 'R', 'A demonstration framework with just a few competencies.', null, '1', '37', '4', '0', '1', 'A');
COMMIT;

-- ----------------------------
--  Table structure for `instrument_schedule`
-- ----------------------------
DROP TABLE IF EXISTS `instrument_schedule`;
CREATE TABLE `instrument_schedule` (
  `id` int(11) NOT NULL AUTO_INCREMENT,
  `instrument_id` int(11) NOT NULL,
  `starts` date DEFAULT NULL,
  `ends` date DEFAULT NULL,
  `locked_on` datetime DEFAULT NULL,
  `nag_window_start` int(11) DEFAULT '0',
  `nag_window_end` int(11) DEFAULT '0',
  `is_shared` tinyint(4) NOT NULL DEFAULT '1',
  `status_id` char(1) DEFAULT 'A',
  `name` varchar(255) NOT NULL DEFAULT 'Schedule',
  PRIMARY KEY (`id`),
  UNIQUE KEY `unique_id` (`id`),
  KEY `instrument_id` (`instrument_id`),
  CONSTRAINT `instrument_schedule_ibfk_1` FOREIGN KEY (`instrument_id`) REFERENCES `instrument` (`id`),
  CONSTRAINT `instrument_schedule_ibfk_2` FOREIGN KEY (`instrument_id`) REFERENCES `instrument` (`id`)
) ENGINE=InnoDB AUTO_INCREMENT=5 DEFAULT CHARSET=utf8 ROW_FORMAT=COMPACT;

-- ----------------------------
--  Records of `instrument_schedule`
-- ----------------------------
BEGIN;
INSERT INTO `instrument_schedule` VALUES ('2', '5', '2015-01-02', '2015-12-31', null, '0', '0', '1', 'A', 'Nursing 2015'), ('3', '9', '2015-01-02', '2015-12-31', null, '0', '0', '1', 'A', 'PA 2015'), ('4', '10', '2016-04-04', '2017-04-04', null, '0', '0', '1', 'A', 'Schedule');
COMMIT;

-- ----------------------------
--  Table structure for `instrument_schedule_operation`
-- ----------------------------
DROP TABLE IF EXISTS `instrument_schedule_operation`;
CREATE TABLE `instrument_schedule_operation` (
  `id` int(11) NOT NULL AUTO_INCREMENT,
  `instrument_schedule_id` int(11) NOT NULL,
  `role_id` char(1) NOT NULL,
  `operation_id` char(1) NOT NULL DEFAULT 'R',
  PRIMARY KEY (`id`),
  UNIQUE KEY `id` (`id`),
  KEY `instrument_schedule_id` (`instrument_schedule_id`),
  KEY `role_id` (`role_id`),
  KEY `operation_id` (`operation_id`),
  CONSTRAINT `instrument_schedule_operation_ibfk_1` FOREIGN KEY (`instrument_schedule_id`) REFERENCES `instrument_schedule` (`id`),
  CONSTRAINT `instrument_schedule_operation_ibfk_2` FOREIGN KEY (`role_id`) REFERENCES `role` (`id`),
  CONSTRAINT `instrument_schedule_operation_ibfk_3` FOREIGN KEY (`operation_id`) REFERENCES `operation` (`id`)
) ENGINE=InnoDB AUTO_INCREMENT=21 DEFAULT CHARSET=utf8 ROW_FORMAT=COMPACT;

-- ----------------------------
--  Records of `instrument_schedule_operation`
-- ----------------------------
BEGIN;
INSERT INTO `instrument_schedule_operation` VALUES ('1', '2', 'N', 'X'), ('2', '2', 'N', 'C'), ('3', '2', 'N', 'R'), ('4', '2', 'N', 'U'), ('5', '2', 'N', 'D'), ('6', '2', 'A', 'R'), ('7', '2', 'A', 'U'), ('8', '2', 'A', 'D'), ('9', '2', 'M', 'R'), ('10', '2', 'M', 'U'), ('11', '3', 'P', 'X'), ('12', '3', 'P', 'C'), ('13', '3', 'P', 'R'), ('14', '3', 'P', 'U'), ('15', '3', 'P', 'D'), ('16', '3', 'A', 'R'), ('17', '3', 'A', 'U'), ('18', '3', 'A', 'D'), ('19', '3', 'M', 'R'), ('20', '3', 'M', 'U');
COMMIT;

-- ----------------------------
--  Table structure for `member`
-- ----------------------------
DROP TABLE IF EXISTS `member`;
CREATE TABLE `member` (
  `id` int(11) NOT NULL AUTO_INCREMENT,
  `organization_id` int(11) NOT NULL,
  `role_id` char(1) NOT NULL DEFAULT 'P',
  `first_name` varchar(50) NOT NULL,
  `last_name` varchar(50) NOT NULL,
  `job_title` varchar(50) DEFAULT NULL,
  `email` varchar(100) DEFAULT NULL,
  `username` varchar(100) NOT NULL,
  `password` varchar(50) DEFAULT NULL,
  `avatar` varchar(200) DEFAULT NULL,
  `level` int(11) DEFAULT NULL,
  `is_assessable` tinyint(4) DEFAULT '1',
  `phone` varchar(20) NOT NULL,
  `mobile` varchar(20) NOT NULL,
  `address` varchar(500) NOT NULL,
  `city` varchar(100) DEFAULT NULL,
  `state` char(2) DEFAULT NULL,
  `postal` varchar(20) DEFAULT NULL,
  `message_format` varchar(50) DEFAULT NULL,
  `active_start` datetime DEFAULT CURRENT_TIMESTAMP,
  `active_end` datetime DEFAULT NULL,
  PRIMARY KEY (`id`),
  UNIQUE KEY `username_index` (`username`),
  UNIQUE KEY `unique_email` (`email`),
  KEY `organization_id_index` (`organization_id`),
  KEY `message_provder_name` (`message_format`),
  KEY `member_ibfk_2` (`role_id`),
  CONSTRAINT `member_ibfk_1` FOREIGN KEY (`organization_id`) REFERENCES `organization` (`id`),
  CONSTRAINT `member_ibfk_2` FOREIGN KEY (`role_id`) REFERENCES `role` (`id`)
) ENGINE=InnoDB AUTO_INCREMENT=34 DEFAULT CHARSET=utf8 ROW_FORMAT=COMPACT;

-- ----------------------------
--  Records of `member`
-- ----------------------------
BEGIN;
INSERT INTO `member` VALUES ('1', '1', 'S', 'David', 'Quinn-Jacobs', 'CTO', 'dqj@cogentqi.com', 'dqj', 'd7da283e8c6f9506b9e96b45a7582a07', '/site/pharmacy/avatars/1.png', '0', '1', '3335711480', '7391522670', '888 Any St.\nAnytown, ZA 12345', 'Anytown', 'NY', '12345-6789', '{n}@messaging.sprintpcs.com', '2015-10-01 00:00:00', null), ('3', '2', 'A', 'Melissa', 'Barbache', '', 'admin1@cogentqi.com', 'exec1', 'd7da283e8c6f9506b9e96b45a7582a07', '/site/pharmacy/avatars/3.png', '0', '0', '3871126890', '5831418880', '657 Any St.\nAnytown, ZA 12345', 'Anytown', 'NY', '12345-6789', '{n}@messaging.sprintpcs.com', '2015-10-01 00:00:00', null), ('4', '3', 'M', 'Benjamin', 'Foreman', null, 'manager1@cogentqi.com', 'manager1', 'd7da283e8c6f9506b9e96b45a7582a07', '/site/pharmacy/avatars/4.png', '0', '0', '2313237760', '8432954612', '798 Any St', 'Anytown', 'NY', '12345-6789', '{n}@messaging.sprintpcs.com', '2015-10-01 00:00:00', null), ('5', '3', 'M', 'Andrea', 'Franklin', null, 'manager2@cogentqi.com', 'manager2', 'd7da283e8c6f9506b9e96b45a7582a07', '/site/pharmacy/avatars/5.png', '1', '0', '2675454340', '1119846590', '341 Any St.\nAnytown, ZA 12345', 'Anytown', 'NY', '12345-6789', '{n}@tmomail.net', '2015-10-01 00:00:00', null), ('6', '10', 'P', 'Regina', 'Shipman', null, 'pa1@cogentqi.com', 'pa1', 'd7da283e8c6f9506b9e96b45a7582a07', '/site/pharmacy/avatars/6.png', '1', '1', '5865537760', '1272472880', '293 Any St.\nAnytown, ZA 12345', 'Anytown', 'NY', '12345-6789', '{n}@myboostmobile.com', '2015-10-01 00:00:00', null), ('7', '4', 'N', 'Maggie', 'Westover', null, 'nurse1@cogentqi.com', 'nurse1', 'd7da283e8c6f9506b9e96b45a7582a07', '/site/pharmacy/avatars/7.png', '4', '1', '4683129990', '2747323640', '677 Any St.\nAnytown, ZA 12345', 'Anytown', 'NY', '12345-6789', '{n}@messaging.nextel.com', '2015-10-01 00:00:00', null), ('8', '9', 'P', 'Perry', 'Constable', null, 'pa2@cogentqi.com', 'pa2', 'd7da283e8c6f9506b9e96b45a7582a07', '/site/pharmacy/avatars/8.png', '2', '1', '4893426750', '5238434110', '113 Any St.\nAnytown, ZA 12345', 'Anytown', 'NY', '12345-6789', '{n}@vtext.com', '2015-10-01 00:00:00', null), ('9', '4', 'N', 'Jim', 'Harris', null, 'nurse2@cogentqi.com', 'nurse2', 'd7da283e8c6f9506b9e96b45a7582a07', '/site/pharmacy/avatars/9.png', '4', '1', '4342838310', '5572712730', '126 Any St.\nAnytown, ZA 12345', 'Anytown', 'NY', '12345-6789', '{n}@message.alltel.com', '2015-10-01 00:00:00', null), ('10', '9', 'N', 'Marion', 'Wight', null, 'nurse3@cogentqi.com', 'nurse3', 'd7da283e8c6f9506b9e96b45a7582a07', '/site/pharmacy/avatars/10.png', '4', '1', '5245312140', '8888472540', '865 Any St.\nAnytown, ZA 12345', 'Anytown', 'NY', '12345-6789', '{n}@message.alltel.com', '2015-10-01 00:00:00', null), ('11', '9', 'N', 'Roger', 'Bitworth', null, 'nurse4@cogentqi.com', 'nurse4', 'd7da283e8c6f9506b9e96b45a7582a07', '/site/pharmacy/avatars/11.png', '4', '1', '1336342660', '3627539820', '494 Any St.\nAnytown, ZA 12345', 'Anytown', 'NY', '12345-6789', '{n}@myboostmobile.com', '2015-10-01 00:00:00', null), ('12', '10', 'N', 'Greg', 'Abernathy', null, 'nurse5@cogentqi.com', 'nurse5', 'd7da283e8c6f9506b9e96b45a7582a07', '/site/pharmacy/avatars/12.png', '5', '1', '4329148360', '4944721560', '529 Any St.\nAnytown, ZA 12345', 'Anytown', 'NY', '12345-6789', '{n}@email.uscc.net', '2015-10-01 00:00:00', null), ('13', '3', 'N', 'Sarah', 'Zinkowksi', null, 'nurse6@cogentqi.com', 'nurse6', 'd7da283e8c6f9506b9e96b45a7582a07', '/site/pharmacy/avatars/13.png', '2', '1', '2156548870', '1336912140', '583 Any St.\nAnytown, ZA 12345', 'Anytown', 'NY', '12345-6789', '{n}@message.alltel.com', '2015-10-01 00:00:00', null), ('14', '3', 'P', 'Rachael', 'Creighton', null, 'pa3@cogentqi.com', 'pa3', 'd7da283e8c6f9506b9e96b45a7582a07', '/site/pharmacy/avatars/14.png', '1', '1', '9634267940', '9648968470', '111 Any St.\nAnytown, ZA 12345', 'Anytown', 'NY', '12345-6789', '{n}@vmobl.com', '2015-10-01 00:00:00', null), ('15', '4', 'P', 'Bob', 'Waters', null, 'pa4@cogentqi.com', 'pa4', 'd7da283e8c6f9506b9e96b45a7582a07', '/site/pharmacy/avatars/15.png', '1', '1', '1579622250', '7127266350', '455 Any St.\nAnytown, ZA 12345', 'Anytown', 'NY', '12345-6789', '{n}@message.alltel.com', '2015-10-01 00:00:00', null), ('16', '4', 'P', 'Jerry', 'Rinehart', null, 'pa5@cogentqi.com', 'pa5', 'd7da283e8c6f9506b9e96b45a7582a07', '/site/pharmacy/avatars/16.png', '2', '1', '4184353990', '1334272510', '859 Any St.\nAnytown, ZA 12345', 'Anytown', 'NY', '12345-6789', '{n}@vmobl.com', '2015-10-01 00:00:00', null), ('17', '4', 'N', 'Karim', 'Shahir', null, 'nurse7@cogentqi.com', 'nurse7', 'd7da283e8c6f9506b9e96b45a7582a07', '/site/pharmacy/avatars/17.png', '4', '1', '3825915370', '1133364830', '938 Any St.\nAnytown, ZA 12345', 'Anytown', 'NY', '12345-6789', '{n}@txt.att.net', '2015-10-01 00:00:00', null), ('18', '4', 'N', 'Elizabeth', 'Ainsley', null, 'nurse8@cogentqi.com', 'nurse8', 'd7da283e8c6f9506b9e96b45a7582a07', '/site/pharmacy/avatars/18.png', '1', '1', '5428511890', '2225933960', '112 Any St.\nAnytown, ZA 12345', 'Anytown', 'NY', '12345-6789', '{n}@messaging.sprintpcs.com', '2015-10-01 00:00:00', null), ('20', '5', 'N', 'Becky', 'Jackson', null, 'nurse9@cogentqi.com', 'nurse9', 'd7da283e8c6f9506b9e96b45a7582a07', '/site/pharmacy/avatars/20.png', '1', '1', '5885188910', '5315567880', '356 Any St.\nAnytown, ZA 12345', 'Anytown', 'NY', '12345-6789', '{n}@messaging.sprintpcs.com', '2015-10-01 00:00:00', null), ('21', '5', 'N', 'Roxanne', 'Babcock', null, 'nurse10@cogentqi.com', 'nurse10', 'd7da283e8c6f9506b9e96b45a7582a07', '/site/pharmacy/avatars/21.png', '2', '1', '8314767880', '6761476630', '739 Any St.\nAnytown, ZA 12345', 'Anytown', 'NY', '12345-6789', '{n}@email.uscc.net', '2015-10-01 00:00:00', null), ('22', '5', 'N', 'Judy', 'Parsons', null, 'nurse11@cogentqi.com', 'nurse11', 'd7da283e8c6f9506b9e96b45a7582a07', '/site/pharmacy/avatars/22.png', '2', '1', '5399789230', '7955195850', '754 Any St.\nAnytown, ZA 12345', 'Anytown', 'NY', '12345-6789', '{n}@messaging.nextel.com', '2015-10-01 00:00:00', null), ('23', '5', 'N', 'Ralph', 'Simpson', null, 'nurse12@cogentqi.com', 'nurse12', 'd7da283e8c6f9506b9e96b45a7582a07', '/site/pharmacy/avatars/23.png', '2', '1', '9288489290', '2899287380', '225 Any St.\nAnytown, ZA 12345', 'Anytown', 'NY', '12345-6789', '{n}@vmobl.com', '2015-10-01 00:00:00', null), ('24', '5', 'N', 'Jacob', 'Smith', null, 'nurse13@cogentqi.com', 'nurse13', 'd7da283e8c6f9506b9e96b45a7582a07', '/site/pharmacy/avatars/24.png', '1', '1', '3356621620', '9927596970', '777 Any St.\nAnytown, ZA 12345', 'Anytown', 'NY', '12345-6789', '{n}@txt.att.net', '2015-10-01 00:00:00', null), ('25', '6', 'N', 'Jerry', 'Coleman', null, 'nurse14@cogentqi.com', 'nurse14', 'd7da283e8c6f9506b9e96b45a7582a07', '/site/pharmacy/avatars/25.png', '3', '1', '4489494330', '6916983780', '126 Any St.\nAnytown, ZA 12345', 'Anytown', 'NY', '12345-6789', '{n}@myboostmobile.com', '2015-10-01 00:00:00', null), ('26', '6', 'N', 'Blake', 'Whitman', null, 'nurse15@cogentqi.com', 'nurse15', 'd7da283e8c6f9506b9e96b45a7582a07', '/site/pharmacy/avatars/26.png', '2', '1', '8541334190', '9951613550', '225 Any St.\nAnytown, ZA 12345', 'Anytown', 'NY', '12345-6789', '{n}@vmobl.com', '2015-10-01 00:00:00', null), ('27', '6', 'N', 'Marcia', 'Simonson', null, 'nurse16@cogentqi.com', 'nurse16', 'd7da283e8c6f9506b9e96b45a7582a07', '/site/pharmacy/avatars/27.png', '2', '1', '6419769830', '8372486570', '923 Any St.\nAnytown, ZA 12345', 'Anytown', 'NY', '12345-6789', '{n}@email.uscc.net', '2015-10-01 00:00:00', null), ('28', '6', 'N', 'Bob', 'Mason', null, 'nurse17@cogentqi.com', 'nurse17', 'd7da283e8c6f9506b9e96b45a7582a07', '/site/pharmacy/avatars/28.png', '2', '1', '1145328590', '4839999840', '964 Any St.\nAnytown, ZA 12345', 'Anytown', 'NY', '12345-6789', '{n}@txt.att.net', '2015-10-01 00:00:00', null), ('29', '6', 'N', 'Connie', 'Sung', null, 'nurse18@cogentqi.com', 'nurse18', 'd7da283e8c6f9506b9e96b45a7582a07', '/site/pharmacy/avatars/29.png', '1', '1', '1934542910', '5246126620', '518 Any St.\nAnytown, ZA 12345', 'Anytown', 'NY', '12345-6789', '{n}@tmomail.net', '2015-10-01 00:00:00', null), ('30', '4', 'N', 'Bill', 'Hart', null, 'nurse19@cogentqi.com', 'nurse19', 'd7da283e8c6f9506b9e96b45a7582a07', '/site/pharmacy/avatars/30.png', '2', '1', '4322465670', '7662365780', '956 Any St.\nAnytown, ZA 12345', 'Anytown', 'NY', '12345-6789', '{n}@messaging.nextel.com', '2015-10-01 00:00:00', null), ('31', '4', 'M', 'Sharon', 'Myers', null, 'manager30@cogentqi.com', 'manager3', 'd7da283e8c6f9506b9e96b45a7582a07', '/site/pharmacy/avatars/31.png', '0', '0', '1824294880', '1558884360', '381 Any St.\nAnytown, ZA 12345', 'Anytown', 'NY', '12345-6789', '{n}@txt.att.net', '2015-10-01 00:00:00', null), ('32', '10', 'M', 'Wade', 'Hitchens', null, 'manager4@cogentqi.com', 'manager4', 'd7da283e8c6f9506b9e96b45a7582a07', '/site/pharmacy/avatars/32.png', '0', '0', '1677734950', '7995865720', '289 Any St.\nAnytown, ZA 12345', 'Anytown', 'NY', '12345-6789', '{n}@messaging.sprintpcs.com', '2015-10-01 00:00:00', null), ('33', '11', 'M', 'Makesh', 'Patel', null, 'manager5@cogentqi.com', 'manager5', 'd7da283e8c6f9506b9e96b45a7582a07', '/site/pharmacy/avatars/33.png', '0', '0', '6775432210', '1842664380', '658 Any St.\nAnytown, ZA 12345', 'Anytown', 'NY', '12345-6789', '{n}@email.uscc.net', '2015-10-01 00:00:00', null);
COMMIT;

-- ----------------------------
--  Table structure for `member_badge`
-- ----------------------------
DROP TABLE IF EXISTS `member_badge`;
CREATE TABLE `member_badge` (
  `id` int(11) NOT NULL AUTO_INCREMENT,
  `title` varchar(100) NOT NULL,
  `member_id` int(11) NOT NULL,
  `earned` datetime NOT NULL DEFAULT CURRENT_TIMESTAMP,
  `badge_id` int(11) DEFAULT NULL,
  PRIMARY KEY (`id`),
  UNIQUE KEY `unique_id` (`id`),
  KEY `member_id_index` (`member_id`),
  KEY `member_badge_badge__fk` (`badge_id`),
  CONSTRAINT `member_badge_badge__fk` FOREIGN KEY (`badge_id`) REFERENCES `badge` (`id`)
) ENGINE=InnoDB AUTO_INCREMENT=9 DEFAULT CHARSET=utf8 ROW_FORMAT=COMPACT;

-- ----------------------------
--  Records of `member_badge`
-- ----------------------------
BEGIN;
INSERT INTO `member_badge` VALUES ('1', 'Prescription Management', '2', '2015-03-21 21:12:39', '17'), ('2', 'Caring Workplace', '2', '2015-03-21 21:13:08', '13'), ('3', 'Security 101', '3', '2015-03-21 21:13:46', '18'), ('4', 'Internet Technology', '11', '2015-03-21 21:13:59', '15'), ('5', 'Planning', '13', '2015-03-21 21:14:15', '21'), ('6', 'Caring Workplace', '13', '2015-03-21 21:14:49', '13'), ('7', 'Support Technologies', '6', '2015-03-21 21:15:03', '19'), ('8', 'Prescription Management', '7', '2015-03-21 21:15:22', '17');
COMMIT;

-- ----------------------------
--  Table structure for `member_event`
-- ----------------------------
DROP TABLE IF EXISTS `member_event`;
CREATE TABLE `member_event` (
  `id` int(11) NOT NULL AUTO_INCREMENT,
  `member_id` int(11) NOT NULL,
  `event_id` int(11) NOT NULL,
  `comments` text COLLATE utf8_bin,
  `occurred` datetime NOT NULL DEFAULT CURRENT_TIMESTAMP,
  PRIMARY KEY (`id`),
  KEY `event_key` (`event_id`),
  KEY `member_key` (`member_id`),
  CONSTRAINT `member_event_ibfk_1` FOREIGN KEY (`event_id`) REFERENCES `event` (`id`),
  CONSTRAINT `member_event_ibfk_2` FOREIGN KEY (`member_id`) REFERENCES `member` (`id`)
) ENGINE=InnoDB AUTO_INCREMENT=121 DEFAULT CHARSET=utf8 COLLATE=utf8_bin ROW_FORMAT=COMPACT;

-- ----------------------------
--  Records of `member_event`
-- ----------------------------
BEGIN;
INSERT INTO `member_event` VALUES ('1', '9', '7', null, '2015-12-07 10:26:58'), ('2', '23', '2', null, '2015-07-17 10:26:58'), ('3', '22', '5', null, '2015-09-23 10:26:58'), ('4', '3', '15', null, '2015-08-27 10:26:58'), ('5', '30', '2', null, '2015-07-30 10:26:58'), ('6', '6', '9', null, '2015-04-21 10:26:58'), ('7', '22', '12', null, '2015-12-31 10:26:58'), ('8', '4', '6', null, '2015-12-26 10:26:58'), ('9', '33', '4', null, '2015-03-29 10:26:58'), ('10', '21', '2', null, '2015-11-01 10:26:58'), ('11', '9', '3', null, '2015-09-06 10:26:58'), ('12', '14', '15', null, '2015-06-11 10:26:58'), ('13', '24', '12', null, '2015-08-22 10:26:58'), ('14', '27', '12', null, '2015-05-13 10:26:58'), ('15', '31', '11', null, '2015-12-09 10:26:58'), ('16', '6', '13', null, '2015-09-24 10:26:58'), ('17', '10', '5', null, '2015-07-07 10:26:58'), ('18', '14', '8', null, '2015-04-03 10:26:58'), ('19', '11', '14', null, '2015-04-21 10:26:58'), ('20', '31', '3', null, '2015-10-30 10:26:58'), ('21', '18', '13', null, '2015-09-23 10:26:58'), ('22', '7', '6', null, '2015-09-09 10:26:58'), ('23', '25', '15', null, '2015-12-09 10:26:58'), ('24', '11', '13', null, '2015-09-10 10:26:58'), ('25', '13', '6', null, '2015-10-23 10:26:58'), ('26', '20', '3', null, '2015-12-09 10:26:58'), ('27', '33', '2', null, '2015-05-16 10:26:58'), ('28', '18', '4', null, '2015-07-29 10:26:58'), ('29', '12', '14', null, '2015-10-08 10:26:58'), ('30', '21', '12', null, '2015-12-22 10:26:58'), ('31', '7', '7', null, '2016-01-19 10:26:58'), ('32', '5', '7', null, '2015-12-27 10:26:58'), ('33', '32', '5', null, '2015-07-28 10:26:58'), ('34', '16', '5', null, '2015-04-10 10:26:58'), ('35', '31', '2', null, '2015-07-07 10:26:58'), ('36', '27', '13', null, '2015-05-06 10:26:58'), ('37', '12', '8', null, '2015-10-23 10:26:58'), ('38', '16', '16', null, '2015-12-27 10:26:58'), ('39', '24', '5', null, '2015-09-17 10:26:58'), ('40', '10', '13', null, '2015-12-03 10:26:58'), ('41', '23', '3', null, '2015-08-11 10:26:58'), ('42', '3', '5', null, '2015-10-03 10:26:58'), ('43', '13', '9', null, '2016-01-10 10:26:58'), ('44', '27', '14', null, '2015-05-15 10:26:58'), ('45', '12', '6', null, '2015-08-08 10:26:58'), ('46', '20', '8', null, '2015-08-04 10:26:58'), ('47', '30', '16', null, '2015-11-17 10:26:58'), ('48', '4', '2', null, '2015-12-08 10:26:58'), ('49', '31', '7', null, '2016-01-04 10:26:58'), ('50', '21', '11', null, '2015-12-28 10:26:58'), ('51', '13', '14', null, '2015-06-01 10:26:58'), ('52', '8', '4', null, '2015-06-11 10:26:58'), ('53', '25', '9', null, '2015-05-19 10:26:58'), ('54', '14', '12', null, '2015-05-11 10:26:58'), ('55', '8', '15', null, '2015-09-26 10:26:58'), ('56', '7', '11', null, '2015-04-08 10:26:58'), ('57', '4', '4', null, '2015-08-02 10:26:58'), ('58', '13', '4', null, '2015-07-11 10:26:58'), ('59', '30', '5', null, '2015-06-16 10:26:58'), ('60', '25', '5', null, '2015-10-14 10:26:58'), ('61', '9', '13', null, '2015-10-11 10:26:58'), ('62', '9', '16', null, '2015-04-09 10:26:58'), ('63', '1', '11', null, '2015-12-02 10:26:58'), ('64', '24', '2', null, '2015-08-16 10:26:58'), ('65', '27', '7', null, '2015-11-25 10:26:58'), ('66', '12', '3', null, '2015-11-02 10:26:58'), ('67', '9', '4', null, '2015-09-28 10:26:58'), ('68', '16', '14', null, '2016-01-11 10:26:58'), ('69', '10', '6', null, '2015-06-02 10:26:58'), ('70', '1', '2', null, '2015-08-11 10:26:58'), ('71', '3', '7', null, '2015-09-06 10:26:58'), ('72', '17', '16', null, '2015-10-08 10:26:58'), ('73', '17', '14', null, '2015-04-14 10:26:58'), ('74', '23', '15', null, '2015-09-04 10:26:58'), ('75', '20', '16', null, '2015-10-20 10:26:58'), ('76', '1', '5', null, '2015-11-22 10:26:58'), ('77', '6', '15', null, '2016-01-02 10:26:58'), ('78', '26', '6', null, '2015-07-05 10:26:58'), ('79', '15', '9', null, '2015-11-18 10:26:58'), ('80', '5', '8', null, '2015-07-15 10:26:58'), ('81', '24', '10', null, '2015-06-27 10:26:58'), ('82', '18', '6', null, '2015-11-02 10:26:58'), ('83', '29', '16', null, '2015-08-19 10:26:58'), ('84', '22', '14', null, '2015-04-01 10:26:58'), ('85', '16', '7', null, '2015-06-30 10:26:58'), ('86', '27', '11', null, '2015-12-14 10:26:58'), ('87', '17', '15', null, '2015-12-07 10:26:58'), ('88', '5', '11', null, '2015-09-22 10:26:58'), ('89', '24', '3', null, '2015-09-15 10:26:58'), ('90', '5', '4', null, '2015-07-02 10:26:58'), ('91', '5', '2', null, '2015-04-24 10:26:58'), ('92', '31', '13', null, '2015-04-23 10:26:58'), ('93', '6', '7', null, '2015-10-27 10:26:58'), ('94', '31', '9', null, '2015-11-14 10:26:58'), ('95', '27', '2', null, '2015-07-28 10:26:58'), ('96', '17', '10', null, '2015-11-26 10:26:58'), ('97', '3', '14', null, '2015-08-13 10:26:58'), ('98', '3', '4', null, '2015-10-07 10:26:58'), ('99', '1', '14', null, '2016-01-16 10:26:58'), ('100', '21', '3', null, '2015-10-19 10:26:58'), ('101', '32', '3', null, '2015-08-28 10:26:58'), ('102', '14', '6', null, '2015-10-24 10:26:58'), ('103', '31', '4', null, '2015-10-22 10:26:58'), ('104', '26', '15', null, '2015-09-03 10:26:58'), ('105', '24', '14', null, '2015-07-03 10:26:58'), ('106', '32', '9', null, '2015-07-02 10:26:58'), ('107', '1', '3', null, '2015-08-14 10:26:58'), ('108', '29', '8', null, '2015-07-17 10:26:58'), ('109', '4', '14', null, '2015-07-22 10:26:58'), ('110', '3', '13', null, '2015-11-26 10:26:58'), ('111', '17', '7', null, '2015-08-31 10:26:58'), ('112', '22', '13', null, '2015-04-01 10:26:58'), ('113', '11', '8', null, '2015-11-12 10:26:58'), ('114', '28', '5', null, '2015-10-18 10:26:58'), ('115', '20', '7', null, '2015-04-05 10:26:58'), ('116', '12', '9', null, '2015-10-09 10:26:58'), ('117', '4', '9', null, '2015-05-05 10:26:58'), ('118', '18', '2', null, '2015-11-12 10:26:58'), ('119', '14', '11', null, '2015-07-31 10:26:58'), ('120', '15', '13', null, '2015-05-08 10:26:58');
COMMIT;

-- ----------------------------
--  Table structure for `member_note`
-- ----------------------------
DROP TABLE IF EXISTS `member_note`;
CREATE TABLE `member_note` (
  `id` int(11) NOT NULL AUTO_INCREMENT,
  `member_id` int(11) NOT NULL,
  `creator_id` int(11) DEFAULT NULL,
  `is_private` tinyint(4) NOT NULL DEFAULT '1',
  `content` longtext NOT NULL,
  `last_modified` timestamp NOT NULL DEFAULT CURRENT_TIMESTAMP ON UPDATE CURRENT_TIMESTAMP,
  `flag` int(11) DEFAULT '0',
  PRIMARY KEY (`id`),
  UNIQUE KEY `unique_id` (`id`),
  KEY `creatorId_index` (`creator_id`),
  KEY `memberId_index` (`member_id`),
  CONSTRAINT `member_note_ibfk_1` FOREIGN KEY (`member_id`) REFERENCES `member` (`id`),
  CONSTRAINT `member_note_ibfk_2` FOREIGN KEY (`creator_id`) REFERENCES `member` (`id`),
  CONSTRAINT `member_note_ibfk_3` FOREIGN KEY (`member_id`) REFERENCES `member` (`id`),
  CONSTRAINT `member_note_ibfk_4` FOREIGN KEY (`creator_id`) REFERENCES `member` (`id`)
) ENGINE=InnoDB AUTO_INCREMENT=72 DEFAULT CHARSET=utf8 ROW_FORMAT=COMPACT;

-- ----------------------------
--  Records of `member_note`
-- ----------------------------
BEGIN;
INSERT INTO `member_note` VALUES ('2', '5', '10', '1', 'asdfasdf', '2015-04-14 00:12:44', '0'), ('3', '4', '4', '0', 'Welcome to the Professional Development app.', '2015-04-14 00:15:16', '0'), ('4', '5', '4', '0', 'Welcome to the Professional Development app.', '2015-04-14 00:15:16', '0'), ('6', '11', '4', '0', 'Welcome to the Professional Development app.', '2015-04-14 00:15:16', '2'), ('7', '12', '4', '0', 'Welcome to the Professional Development app.', '2015-04-14 00:15:16', '0'), ('8', '13', '4', '0', 'Welcome to the Professional Development app.', '2015-04-14 00:15:16', '0'), ('9', '14', '4', '0', 'Welcome to the Professional Development app.', '2015-04-14 00:15:16', '0'), ('10', '15', '4', '0', 'Welcome to the Professional Development app.', '2016-03-09 14:05:50', '2'), ('18', '7', '31', '0', 'Welcome to the Professional Development app.', '2015-04-14 00:16:45', '0'), ('19', '8', '31', '0', 'Welcome to the Professional Development app.', '2015-04-14 00:16:45', '0'), ('20', '9', '31', '0', 'Welcome to the Professional Development app.', '2015-04-14 00:16:45', '0'), ('21', '10', '31', '0', 'Welcome to the Professional Development app.', '2015-04-14 00:16:45', '0'), ('22', '16', '31', '0', 'Welcome to the Professional Development app.', '2015-04-14 00:16:45', '0'), ('23', '17', '31', '0', 'Welcome to the Professional Development app.', '2015-04-14 00:16:45', '0'), ('24', '18', '31', '0', 'Welcome to the Professional Development app.', '2015-04-14 00:16:45', '0'), ('25', '30', '31', '0', 'Welcome to the Professional Development app.', '2015-04-14 00:16:45', '0'), ('26', '31', '31', '0', 'Welcome to the Professional Development app.', '2015-04-14 00:16:45', '0'), ('33', '20', '32', '0', 'Welcome to the Professional Development app.', '2015-04-14 00:16:45', '0'), ('34', '21', '32', '0', 'Welcome to the Professional Development app.', '2015-04-14 00:16:45', '0'), ('35', '22', '32', '0', 'Welcome to the Professional Development app.', '2015-04-14 00:16:45', '0'), ('36', '23', '32', '0', 'Welcome to the Professional Development app.', '2015-04-14 00:16:45', '0'), ('37', '24', '32', '0', 'Welcome to the Professional Development app.', '2015-04-14 00:16:45', '0'), ('38', '32', '32', '0', 'Welcome to the Professional Development app.', '2015-04-14 00:16:45', '0'), ('40', '25', '33', '0', 'Welcome to the Professional Development app.', '2015-04-14 00:16:45', '0'), ('41', '26', '33', '0', 'Welcome to the Professional Development app.', '2015-04-14 00:16:45', '0'), ('42', '27', '33', '0', 'Welcome to the Professional Development app.', '2015-04-14 00:16:45', '0'), ('43', '28', '33', '0', 'Welcome to the Professional Development app.', '2015-04-14 00:16:45', '0'), ('44', '29', '33', '0', 'Welcome to the Professional Development app.', '2015-04-14 00:16:45', '0'), ('45', '33', '33', '0', 'Welcome to the Professional Development app.', '2015-04-14 00:16:45', '0'), ('63', '6', '4', '1', 'hello', '2015-10-17 20:23:48', '0'), ('67', '6', '4', '1', 'This is a note', '2015-10-17 23:48:35', '2'), ('70', '11', '4', '1', 'This is another note.', '2015-10-18 00:09:23', '0'), ('71', '15', '4', '1', 'Another note.', '2016-03-09 14:05:47', '0');
COMMIT;

-- ----------------------------
--  Table structure for `message`
-- ----------------------------
DROP TABLE IF EXISTS `message`;
CREATE TABLE `message` (
  `id` int(11) NOT NULL AUTO_INCREMENT,
  `address` varchar(255) NOT NULL,
  `content` longtext NOT NULL,
  `sent` datetime NOT NULL,
  PRIMARY KEY (`id`),
  UNIQUE KEY `unique_id` (`id`)
) ENGINE=InnoDB DEFAULT CHARSET=utf8 ROW_FORMAT=COMPACT;

-- ----------------------------
--  Table structure for `message_provider`
-- ----------------------------
DROP TABLE IF EXISTS `message_provider`;
CREATE TABLE `message_provider` (
  `name` varchar(50) NOT NULL,
  `format` varchar(255) NOT NULL,
  PRIMARY KEY (`name`),
  UNIQUE KEY `unique_name` (`name`)
) ENGINE=InnoDB DEFAULT CHARSET=utf8 ROW_FORMAT=COMPACT;

-- ----------------------------
--  Records of `message_provider`
-- ----------------------------
BEGIN;
INSERT INTO `message_provider` VALUES ('Alltel', '{n}@message.alltel.com'), ('AT&T', '{n}@txt.att.net'), ('Boost', '{n}@myboostmobile.com'), ('Nextel', '{n}@messaging.nextel.com'), ('Sprint PCS', '{n}@messaging.sprintpcs.com'), ('T-Mobile', '{n}@tmomail.net'), ('US Cellular', '{n}@email.uscc.net'), ('Verizon', '{n}@vtext.com'), ('Virgin Mobile', '{n}@vmobl.com');
COMMIT;

-- ----------------------------
--  Table structure for `module`
-- ----------------------------
DROP TABLE IF EXISTS `module`;
CREATE TABLE `module` (
  `id` int(11) NOT NULL AUTO_INCREMENT,
  `resource_id` int(11) NOT NULL,
  `ends` datetime NOT NULL,
  `sched_type` char(1) NOT NULL,
  `starts` datetime NOT NULL,
  PRIMARY KEY (`id`),
  UNIQUE KEY `unique_id` (`id`),
  KEY `resource_id_index` (`resource_id`),
  CONSTRAINT `module_ibfk_1` FOREIGN KEY (`resource_id`) REFERENCES `resource` (`id`)
) ENGINE=InnoDB AUTO_INCREMENT=33 DEFAULT CHARSET=utf8 ROW_FORMAT=COMPACT;

-- ----------------------------
--  Records of `module`
-- ----------------------------
BEGIN;
INSERT INTO `module` VALUES ('1', '1', '2015-09-02 18:08:18', 'C', '2015-06-12 18:08:18'), ('2', '2', '2015-09-01 18:08:18', 'C', '2015-06-28 18:08:18'), ('3', '11', '2015-04-30 18:08:18', 'C', '2015-03-10 18:08:18'), ('4', '4', '2015-06-17 18:08:18', 'C', '2015-03-19 18:08:18'), ('5', '5', '2015-08-23 18:08:18', 'C', '2015-05-28 18:08:18'), ('6', '6', '2015-08-30 18:08:18', 'C', '2015-06-18 18:08:18'), ('7', '7', '2015-05-20 18:08:18', 'C', '2015-03-08 18:08:18'), ('8', '8', '2015-06-01 18:08:18', 'C', '2015-04-07 18:08:18'), ('9', '9', '2015-07-07 18:08:18', 'C', '2015-04-09 18:08:18'), ('10', '10', '2015-08-26 18:08:18', 'C', '2015-06-20 18:08:18'), ('11', '11', '2015-04-18 18:08:18', 'C', '2015-03-11 18:08:18'), ('12', '12', '2015-07-07 18:08:18', 'C', '2015-04-14 18:08:18'), ('13', '7', '2015-08-07 18:08:18', 'C', '2015-05-09 18:08:18'), ('14', '7', '2015-07-15 18:08:18', 'C', '2015-05-26 18:08:18'), ('15', '12', '2015-08-19 18:08:18', 'C', '2015-06-09 18:08:18'), ('16', '3', '2016-01-21 18:09:59', 'C', '2016-01-20 18:09:59'), ('17', '1', '2016-06-09 18:09:59', 'C', '2016-03-29 18:09:59'), ('18', '2', '2016-05-28 18:09:59', 'C', '2016-03-11 18:09:59'), ('19', '3', '2016-05-22 18:09:59', 'C', '2016-03-10 18:09:59'), ('20', '11', '2016-08-06 18:09:59', 'C', '2016-04-28 18:09:59'), ('21', '4', '2016-06-11 18:09:59', 'C', '2016-05-01 18:09:59'), ('22', '5', '2016-07-24 18:09:59', 'C', '2016-04-26 18:09:59'), ('23', '6', '2016-06-05 18:09:59', 'C', '2016-03-19 18:09:59'), ('24', '7', '2016-04-28 18:09:59', 'C', '2016-01-25 18:09:59'), ('25', '7', '2016-06-23 18:09:59', 'C', '2016-04-19 18:09:59'), ('26', '7', '2016-06-26 18:09:59', 'C', '2016-04-01 18:09:59'), ('27', '8', '2016-06-19 18:09:59', 'C', '2016-04-20 18:09:59'), ('28', '9', '2016-04-18 18:09:59', 'C', '2016-01-22 18:09:59'), ('29', '10', '2016-07-13 18:09:59', 'C', '2016-04-23 18:09:59'), ('30', '11', '2016-06-19 18:09:59', 'C', '2016-05-05 18:09:59'), ('31', '12', '2016-05-01 18:09:59', 'C', '2016-01-30 18:09:59'), ('32', '12', '2016-07-14 18:09:59', 'C', '2016-04-21 18:09:59');
COMMIT;

-- ----------------------------
--  Table structure for `module_badge`
-- ----------------------------
DROP TABLE IF EXISTS `module_badge`;
CREATE TABLE `module_badge` (
  `id` int(11) NOT NULL AUTO_INCREMENT,
  `module_id` int(11) DEFAULT NULL,
  `badge_id` int(11) DEFAULT NULL,
  PRIMARY KEY (`id`),
  UNIQUE KEY `id` (`id`),
  KEY `module_id` (`module_id`),
  KEY `badge_id` (`badge_id`),
  CONSTRAINT `module_badge_ibfk_1` FOREIGN KEY (`module_id`) REFERENCES `module` (`id`),
  CONSTRAINT `module_badge_ibfk_2` FOREIGN KEY (`badge_id`) REFERENCES `badge` (`id`)
) ENGINE=InnoDB AUTO_INCREMENT=17 DEFAULT CHARSET=utf8 COLLATE=utf8_bin ROW_FORMAT=COMPACT;

-- ----------------------------
--  Records of `module_badge`
-- ----------------------------
BEGIN;
INSERT INTO `module_badge` VALUES ('1', '1', '20'), ('2', '2', '20'), ('3', '3', '19'), ('4', '4', '13'), ('5', '5', '15'), ('6', '6', '15'), ('7', '7', '21'), ('8', '8', '14'), ('9', '9', '19'), ('10', '10', '18'), ('11', '11', '17'), ('12', '12', '12'), ('13', '13', '12'), ('14', '14', '13'), ('15', '15', '12'), ('16', '16', '17');
COMMIT;

-- ----------------------------
--  Table structure for `operation`
-- ----------------------------
DROP TABLE IF EXISTS `operation`;
CREATE TABLE `operation` (
  `id` char(1) NOT NULL,
  `name` varchar(50) DEFAULT NULL,
  PRIMARY KEY (`id`),
  UNIQUE KEY `id` (`id`)
) ENGINE=InnoDB DEFAULT CHARSET=utf8 ROW_FORMAT=COMPACT;

-- ----------------------------
--  Records of `operation`
-- ----------------------------
BEGIN;
INSERT INTO `operation` VALUES ('C', 'CREATE'), ('D', 'DELETE'), ('R', 'READ'), ('U', 'UPDATE'), ('X', 'EXECUTE');
COMMIT;

-- ----------------------------
--  Table structure for `organization`
-- ----------------------------
DROP TABLE IF EXISTS `organization`;
CREATE TABLE `organization` (
  `id` int(11) NOT NULL AUTO_INCREMENT,
  `parent_id` int(11) DEFAULT NULL,
  `name` varchar(100) NOT NULL,
  `summary` varchar(5000) DEFAULT NULL,
  `description` text,
  `address` varchar(4000) DEFAULT NULL,
  `phone` varchar(50) DEFAULT NULL,
  `fax` varchar(50) NOT NULL,
  `city` varchar(50) DEFAULT NULL,
  `state` varchar(50) NOT NULL,
  `postal` varchar(20) DEFAULT NULL,
  `is_department` tinyint(4) NOT NULL DEFAULT '0',
  PRIMARY KEY (`id`),
  KEY `parent_id` (`parent_id`),
  CONSTRAINT `organization_ibfk_1` FOREIGN KEY (`parent_id`) REFERENCES `organization` (`id`)
) ENGINE=InnoDB AUTO_INCREMENT=12 DEFAULT CHARSET=utf8 ROW_FORMAT=COMPACT;

-- ----------------------------
--  Records of `organization`
-- ----------------------------
BEGIN;
INSERT INTO `organization` VALUES ('1', null, 'CogentQI', null, null, '123 Any St.', '(123) 456-7890', '(123) 456-7890', 'Anytown', 'ST', '012345', '0'), ('2', '1', 'OnCourse Learning', null, null, '123 Any St.', '(123) 456-7890', '(123) 456-7890', 'Anytown', 'ST', '012345', '1'), ('3', '7', 'Medical/Surgical Floor', null, null, '123 Any St.', '(123) 456-7890', '(123) 456-7890', 'Anytown', 'ST', '012345', '1'), ('4', '7', 'Obstetrics & Gynecology', null, null, '123 Any St.', '(123) 456-7890', '(123) 456-7890', 'Anytown', 'ST', '012345', '1'), ('5', '7', 'Intensive Care Unit', null, null, '123 Any St.', '(123) 456-7890', '(123) 456-7890', 'Anytown', 'ST', '012345', '1'), ('6', '7', 'Emergency Room', null, null, '123 Any St.', '(123) 456-7890', '(123) 456-7890', 'Anytown', 'ST', '012345', '1'), ('7', '2', 'Mercy Hospital', null, null, '123 Any St.', '(123) 456-7890', '(123) 456-7890', 'Anytown', 'WI', '012345', '0'), ('8', '2', 'St. Agnes Childrens Hospital', null, null, '123 Any St.', '(123) 456-7890', '(123) 456-7890', 'Anytown', 'PA', '012345', '0'), ('9', '8', 'ER', null, null, '123 Any St.', '(123) 456-7890', '(123) 456-7890', null, 'NY', '012345', '1'), ('10', '8', 'Med/Surg', null, null, '123 Any St.', '(123) 456-7890', '(123) 456-7890', null, 'MD', '012345', '1'), ('11', '8', 'Obstetrics', null, null, '123 Any St.', '(123) 456-7890', '(123) 456-7890', null, 'MS', '012345', '1');
COMMIT;

-- ----------------------------
--  Table structure for `organization_outcome`
-- ----------------------------
DROP TABLE IF EXISTS `organization_outcome`;
CREATE TABLE `organization_outcome` (
  `id` int(11) NOT NULL AUTO_INCREMENT,
  `organization_id` int(11) NOT NULL,
  `outcome_id` int(11) NOT NULL,
  `evaluated` datetime NOT NULL DEFAULT CURRENT_TIMESTAMP,
  `evaluator_id` int(11) DEFAULT NULL,
  `evaluator_comments` varchar(5000) DEFAULT NULL,
  `level` float NOT NULL DEFAULT '0',
  PRIMARY KEY (`id`),
  UNIQUE KEY `unique_id` (`id`),
  KEY `organization_id_index` (`organization_id`),
  KEY `outcome_id_index` (`outcome_id`),
  KEY `evaluator_id_index` (`evaluator_id`),
  CONSTRAINT `organization_outcome_ibfk_1` FOREIGN KEY (`organization_id`) REFERENCES `organization` (`id`),
  CONSTRAINT `organization_outcome_ibfk_2` FOREIGN KEY (`outcome_id`) REFERENCES `outcome` (`id`),
  CONSTRAINT `organization_outcome_ibfk_3` FOREIGN KEY (`evaluator_id`) REFERENCES `member` (`id`)
) ENGINE=InnoDB AUTO_INCREMENT=2038 DEFAULT CHARSET=utf8 ROW_FORMAT=COMPACT;

-- ----------------------------
--  Records of `organization_outcome`
-- ----------------------------
BEGIN;
INSERT INTO `organization_outcome` VALUES ('1171', '1', '1', '2015-01-24 17:56:08', null, '', '0.654102'), ('1172', '2', '1', '2015-01-24 17:56:08', null, '', '0.266403'), ('1173', '3', '1', '2015-01-24 17:56:08', null, '', '0.369709'), ('1174', '4', '1', '2015-01-24 17:56:08', null, '', '0.0493376'), ('1175', '5', '1', '2015-01-24 17:56:08', null, '', '0.13756'), ('1176', '6', '1', '2015-01-24 17:56:08', null, '', '0.539787'), ('1177', '1', '3', '2015-01-24 17:56:08', null, '', '0.286257'), ('1178', '2', '3', '2015-01-24 17:56:08', null, '', '0.811924'), ('1179', '3', '3', '2015-01-24 17:56:08', null, '', '0.200849'), ('1180', '4', '3', '2015-01-24 17:56:08', null, '', '0.56847'), ('1181', '5', '3', '2015-01-24 17:56:08', null, '', '0.239806'), ('1182', '6', '3', '2015-01-24 17:56:08', null, '', '0.493621'), ('1183', '1', '4', '2015-01-24 17:56:08', null, '', '0.748686'), ('1184', '2', '4', '2015-01-24 17:56:08', null, '', '0.262565'), ('1185', '3', '4', '2015-01-24 17:56:08', null, '', '0.0667687'), ('1186', '4', '4', '2015-01-24 17:56:08', null, '', '0.546148'), ('1187', '5', '4', '2015-01-24 17:56:08', null, '', '0.530436'), ('1188', '6', '4', '2015-01-24 17:56:08', null, '', '0.0137335'), ('1189', '1', '5', '2015-01-24 17:56:08', null, '', '0.47736'), ('1190', '2', '5', '2015-01-24 17:56:08', null, '', '0.345601'), ('1191', '3', '5', '2015-01-24 17:56:08', null, '', '0.295926'), ('1192', '4', '5', '2015-01-24 17:56:08', null, '', '0.442827'), ('1193', '5', '5', '2015-01-24 17:56:08', null, '', '0.326356'), ('1194', '6', '5', '2015-01-24 17:56:08', null, '', '0.303298'), ('1195', '1', '6', '2015-01-24 17:56:08', null, '', '0.537422'), ('1196', '2', '6', '2015-01-24 17:56:08', null, '', '0.777217'), ('1197', '3', '6', '2015-01-24 17:56:08', null, '', '0.27382'), ('1198', '4', '6', '2015-01-24 17:56:08', null, '', '0.037447'), ('1199', '5', '6', '2015-01-24 17:56:08', null, '', '0.365776'), ('1200', '6', '6', '2015-01-24 17:56:08', null, '', '0.716538'), ('1201', '1', '7', '2015-01-24 17:56:08', null, '', '0.485363'), ('1202', '2', '7', '2015-01-24 17:56:08', null, '', '0.277203'), ('1203', '3', '7', '2015-01-24 17:56:08', null, '', '0.929923'), ('1204', '4', '7', '2015-01-24 17:56:08', null, '', '0.818009'), ('1205', '5', '7', '2015-01-24 17:56:08', null, '', '0.300273'), ('1206', '6', '7', '2015-01-24 17:56:08', null, '', '0.0473401'), ('1207', '1', '8', '2015-01-24 17:56:08', null, '', '0.335881'), ('1208', '2', '8', '2015-01-24 17:56:08', null, '', '0.537384'), ('1209', '3', '8', '2015-01-24 17:56:08', null, '', '0.679276'), ('1210', '4', '8', '2015-01-24 17:56:08', null, '', '0.784228'), ('1211', '5', '8', '2015-01-24 17:56:08', null, '', '0.883315'), ('1212', '6', '8', '2015-01-24 17:56:08', null, '', '0.0638875'), ('1213', '1', '9', '2015-01-24 17:56:08', null, '', '0.669494'), ('1214', '2', '9', '2015-01-24 17:56:08', null, '', '0.155808'), ('1215', '3', '9', '2015-01-24 17:56:08', null, '', '0.770556'), ('1216', '4', '9', '2015-01-24 17:56:08', null, '', '0.385356'), ('1217', '5', '9', '2015-01-24 17:56:08', null, '', '0.615114'), ('1218', '6', '9', '2015-01-24 17:56:08', null, '', '0.919502'), ('1234', '1', '1', '2015-02-23 17:56:08', null, '', '0.752167'), ('1235', '2', '1', '2015-02-23 17:56:08', null, '', '0.0023303'), ('1236', '3', '1', '2015-02-23 17:56:08', null, '', '0.75515'), ('1237', '4', '1', '2015-02-23 17:56:08', null, '', '0.768759'), ('1238', '5', '1', '2015-02-23 17:56:08', null, '', '0.578343'), ('1239', '6', '1', '2015-02-23 17:56:08', null, '', '0.585441'), ('1240', '1', '3', '2015-02-23 17:56:08', null, '', '0.192173'), ('1241', '2', '3', '2015-02-23 17:56:08', null, '', '0.204543'), ('1242', '3', '3', '2015-02-23 17:56:08', null, '', '0.446198'), ('1243', '4', '3', '2015-02-23 17:56:08', null, '', '0.617358'), ('1244', '5', '3', '2015-02-23 17:56:08', null, '', '0.748198'), ('1245', '6', '3', '2015-02-23 17:56:08', null, '', '0.888914'), ('1246', '1', '4', '2015-02-23 17:56:08', null, '', '0.199976'), ('1247', '2', '4', '2015-02-23 17:56:08', null, '', '0.333137'), ('1248', '3', '4', '2015-02-23 17:56:08', null, '', '0.0657578'), ('1249', '4', '4', '2015-02-23 17:56:08', null, '', '0.329379'), ('1250', '5', '4', '2015-02-23 17:56:08', null, '', '0.449619'), ('1251', '6', '4', '2015-02-23 17:56:08', null, '', '0.259961'), ('1252', '1', '5', '2015-02-23 17:56:08', null, '', '0.950946'), ('1253', '2', '5', '2015-02-23 17:56:08', null, '', '0.974846'), ('1254', '3', '5', '2015-02-23 17:56:08', null, '', '0.021394'), ('1255', '4', '5', '2015-02-23 17:56:08', null, '', '0.182431'), ('1256', '5', '5', '2015-02-23 17:56:08', null, '', '0.847975'), ('1257', '6', '5', '2015-02-23 17:56:08', null, '', '0.69258'), ('1258', '1', '6', '2015-02-23 17:56:08', null, '', '0.918977'), ('1259', '2', '6', '2015-02-23 17:56:08', null, '', '0.517143'), ('1260', '3', '6', '2015-02-23 17:56:08', null, '', '0.828785'), ('1261', '4', '6', '2015-02-23 17:56:08', null, '', '0.592496'), ('1262', '5', '6', '2015-02-23 17:56:08', null, '', '0.476123'), ('1263', '6', '6', '2015-02-23 17:56:08', null, '', '0.603129'), ('1264', '1', '7', '2015-02-23 17:56:08', null, '', '0.587275'), ('1265', '2', '7', '2015-02-23 17:56:08', null, '', '0.126988'), ('1266', '3', '7', '2015-02-23 17:56:08', null, '', '0.873113'), ('1267', '4', '7', '2015-02-23 17:56:08', null, '', '0.984604'), ('1268', '5', '7', '2015-02-23 17:56:08', null, '', '0.303681'), ('1269', '6', '7', '2015-02-23 17:56:08', null, '', '0.56459'), ('1270', '1', '8', '2015-02-23 17:56:08', null, '', '0.91191'), ('1271', '2', '8', '2015-02-23 17:56:08', null, '', '0.865781'), ('1272', '3', '8', '2015-02-23 17:56:08', null, '', '0.593174'), ('1273', '4', '8', '2015-02-23 17:56:08', null, '', '0.368526'), ('1274', '5', '8', '2015-02-23 17:56:08', null, '', '0.0631086'), ('1275', '6', '8', '2015-02-23 17:56:08', null, '', '0.209965'), ('1276', '1', '9', '2015-02-23 17:56:08', null, '', '0.860499'), ('1277', '2', '9', '2015-02-23 17:56:08', null, '', '0.672599'), ('1278', '3', '9', '2015-02-23 17:56:08', null, '', '0.781497'), ('1279', '4', '9', '2015-02-23 17:56:08', null, '', '0.88969'), ('1280', '5', '9', '2015-02-23 17:56:08', null, '', '0.103959'), ('1281', '6', '9', '2015-02-23 17:56:08', null, '', '0.850726'), ('1297', '1', '1', '2015-03-15 17:56:08', null, '', '0.941753'), ('1298', '2', '1', '2015-03-15 17:56:08', null, '', '0.156586'), ('1299', '3', '1', '2015-03-15 17:56:08', null, '', '0.957672'), ('1300', '4', '1', '2015-03-15 17:56:08', null, '', '0.318601'), ('1301', '5', '1', '2015-03-15 17:56:08', null, '', '0.719988'), ('1302', '6', '1', '2015-03-15 17:56:08', null, '', '0.644137'), ('1303', '1', '3', '2015-03-15 17:56:08', null, '', '0.0607204'), ('1304', '2', '3', '2015-03-15 17:56:08', null, '', '0.371192'), ('1305', '3', '3', '2015-03-15 17:56:08', null, '', '0.673798'), ('1306', '4', '3', '2015-03-15 17:56:08', null, '', '0.255416'), ('1307', '5', '3', '2015-03-15 17:56:08', null, '', '0.255686'), ('1308', '6', '3', '2015-03-15 17:56:08', null, '', '0.512182'), ('1309', '1', '4', '2015-03-15 17:56:08', null, '', '0.79385'), ('1310', '2', '4', '2015-03-15 17:56:08', null, '', '0.432705'), ('1311', '3', '4', '2015-03-15 17:56:08', null, '', '0.781975'), ('1312', '4', '4', '2015-03-15 17:56:08', null, '', '0.611761'), ('1313', '5', '4', '2015-03-15 17:56:08', null, '', '0.712878'), ('1314', '6', '4', '2015-03-15 17:56:08', null, '', '0.729106'), ('1315', '1', '5', '2015-03-15 17:56:08', null, '', '0.506899'), ('1316', '2', '5', '2015-03-15 17:56:08', null, '', '0.347174'), ('1317', '3', '5', '2015-03-15 17:56:08', null, '', '0.215176'), ('1318', '4', '5', '2015-03-15 17:56:08', null, '', '0.0343584'), ('1319', '5', '5', '2015-03-15 17:56:08', null, '', '0.526263'), ('1320', '6', '5', '2015-03-15 17:56:08', null, '', '0.528239'), ('1321', '1', '6', '2015-03-15 17:56:08', null, '', '0.0624065'), ('1322', '2', '6', '2015-03-15 17:56:08', null, '', '0.727316'), ('1323', '3', '6', '2015-03-15 17:56:08', null, '', '0.449359'), ('1324', '4', '6', '2015-03-15 17:56:08', null, '', '0.0648463'), ('1325', '5', '6', '2015-03-15 17:56:08', null, '', '0.976156'), ('1326', '6', '6', '2015-03-15 17:56:08', null, '', '0.68624'), ('1327', '1', '7', '2015-03-15 17:56:08', null, '', '0.502732'), ('1328', '2', '7', '2015-03-15 17:56:08', null, '', '0.45494'), ('1329', '3', '7', '2015-03-15 17:56:08', null, '', '0.766503'), ('1330', '4', '7', '2015-03-15 17:56:08', null, '', '0.467696'), ('1331', '5', '7', '2015-03-15 17:56:08', null, '', '0.0389693'), ('1332', '6', '7', '2015-03-15 17:56:08', null, '', '0.79176'), ('1333', '1', '8', '2015-03-15 17:56:08', null, '', '0.84189'), ('1334', '2', '8', '2015-03-15 17:56:08', null, '', '0.834172'), ('1335', '3', '8', '2015-03-15 17:56:08', null, '', '0.645191'), ('1336', '4', '8', '2015-03-15 17:56:08', null, '', '0.723439'), ('1337', '5', '8', '2015-03-15 17:56:08', null, '', '0.681619'), ('1338', '6', '8', '2015-03-15 17:56:08', null, '', '0.237781'), ('1339', '1', '9', '2015-03-15 17:56:08', null, '', '0.144046'), ('1340', '2', '9', '2015-03-15 17:56:08', null, '', '0.00688816'), ('1341', '3', '9', '2015-03-15 17:56:08', null, '', '0.602303'), ('1342', '4', '9', '2015-03-15 17:56:08', null, '', '0.990848'), ('1343', '5', '9', '2015-03-15 17:56:08', null, '', '0.147335'), ('1344', '6', '9', '2015-03-15 17:56:08', null, '', '0.764128'), ('1360', '1', '1', '2015-04-04 17:56:08', null, '', '0.378637'), ('1361', '2', '1', '2015-04-04 17:56:08', null, '', '0.600802'), ('1362', '3', '1', '2015-04-04 17:56:08', null, '', '0.868099'), ('1363', '4', '1', '2015-04-04 17:56:08', null, '', '0.53809'), ('1364', '5', '1', '2015-04-04 17:56:08', null, '', '0.0861512'), ('1365', '6', '1', '2015-04-04 17:56:08', null, '', '0.816487'), ('1366', '1', '3', '2015-04-04 17:56:08', null, '', '0.823979'), ('1367', '2', '3', '2015-04-04 17:56:08', null, '', '0.670436'), ('1368', '3', '3', '2015-04-04 17:56:08', null, '', '0.880244'), ('1369', '4', '3', '2015-04-04 17:56:08', null, '', '0.389913'), ('1370', '5', '3', '2015-04-04 17:56:08', null, '', '0.308831'), ('1371', '6', '3', '2015-04-04 17:56:08', null, '', '0.374416'), ('1372', '1', '4', '2015-04-04 17:56:08', null, '', '0.945586'), ('1373', '2', '4', '2015-04-04 17:56:08', null, '', '0.604685'), ('1374', '3', '4', '2015-04-04 17:56:08', null, '', '0.186665'), ('1375', '4', '4', '2015-04-04 17:56:08', null, '', '0.119272'), ('1376', '5', '4', '2015-04-04 17:56:08', null, '', '0.0363653'), ('1377', '6', '4', '2015-04-04 17:56:08', null, '', '0.82401'), ('1378', '1', '5', '2015-04-04 17:56:08', null, '', '0.0109527'), ('1379', '2', '5', '2015-04-04 17:56:08', null, '', '0.582734'), ('1380', '3', '5', '2015-04-04 17:56:08', null, '', '0.880814'), ('1381', '4', '5', '2015-04-04 17:56:08', null, '', '0.655866'), ('1382', '5', '5', '2015-04-04 17:56:08', null, '', '0.63689'), ('1383', '6', '5', '2015-04-04 17:56:08', null, '', '0.216852'), ('1384', '1', '6', '2015-04-04 17:56:08', null, '', '0.173588'), ('1385', '2', '6', '2015-04-04 17:56:08', null, '', '0.217387'), ('1386', '3', '6', '2015-04-04 17:56:08', null, '', '0.566169'), ('1387', '4', '6', '2015-04-04 17:56:08', null, '', '0.178686'), ('1388', '5', '6', '2015-04-04 17:56:08', null, '', '0.194923'), ('1389', '6', '6', '2015-04-04 17:56:08', null, '', '0.438556'), ('1390', '1', '7', '2015-04-04 17:56:08', null, '', '0.608012'), ('1391', '2', '7', '2015-04-04 17:56:08', null, '', '0.724393'), ('1392', '3', '7', '2015-04-04 17:56:08', null, '', '0.797927'), ('1393', '4', '7', '2015-04-04 17:56:08', null, '', '0.816456'), ('1394', '5', '7', '2015-04-04 17:56:08', null, '', '0.688499'), ('1395', '6', '7', '2015-04-04 17:56:08', null, '', '0.993128'), ('1396', '1', '8', '2015-04-04 17:56:08', null, '', '0.900144'), ('1397', '2', '8', '2015-04-04 17:56:08', null, '', '0.521334'), ('1398', '3', '8', '2015-04-04 17:56:08', null, '', '0.906238'), ('1399', '4', '8', '2015-04-04 17:56:08', null, '', '0.967191'), ('1400', '5', '8', '2015-04-04 17:56:08', null, '', '0.117238'), ('1401', '6', '8', '2015-04-04 17:56:08', null, '', '0.68462'), ('1402', '1', '9', '2015-04-04 17:56:08', null, '', '0.0713831'), ('1403', '2', '9', '2015-04-04 17:56:08', null, '', '0.303057'), ('1404', '3', '9', '2015-04-04 17:56:08', null, '', '0.301134'), ('1405', '4', '9', '2015-04-04 17:56:08', null, '', '0.596499'), ('1406', '5', '9', '2015-04-04 17:56:08', null, '', '0.079093'), ('1407', '6', '9', '2015-04-04 17:56:08', null, '', '0.605969'), ('1423', '1', '1', '2015-05-04 17:56:08', null, '', '0.792564'), ('1424', '2', '1', '2015-05-04 17:56:08', null, '', '0.144913'), ('1425', '3', '1', '2015-05-04 17:56:08', null, '', '0.346874'), ('1426', '4', '1', '2015-05-04 17:56:08', null, '', '0.299632'), ('1427', '5', '1', '2015-05-04 17:56:08', null, '', '0.457539'), ('1428', '6', '1', '2015-05-04 17:56:08', null, '', '0.388798'), ('1429', '1', '3', '2015-05-04 17:56:08', null, '', '0.571372'), ('1430', '2', '3', '2015-05-04 17:56:08', null, '', '0.690467'), ('1431', '3', '3', '2015-05-04 17:56:08', null, '', '0.738217'), ('1432', '4', '3', '2015-05-04 17:56:08', null, '', '0.619685'), ('1433', '5', '3', '2015-05-04 17:56:08', null, '', '0.883772'), ('1434', '6', '3', '2015-05-04 17:56:08', null, '', '0.559807'), ('1435', '1', '4', '2015-05-04 17:56:08', null, '', '0.147719'), ('1436', '2', '4', '2015-05-04 17:56:08', null, '', '0.0591748'), ('1437', '3', '4', '2015-05-04 17:56:08', null, '', '0.852716'), ('1438', '4', '4', '2015-05-04 17:56:08', null, '', '0.0860572'), ('1439', '5', '4', '2015-05-04 17:56:08', null, '', '0.872137'), ('1440', '6', '4', '2015-05-04 17:56:08', null, '', '0.102514'), ('1441', '1', '5', '2015-05-04 17:56:08', null, '', '0.896157'), ('1442', '2', '5', '2015-05-04 17:56:08', null, '', '0.173242'), ('1443', '3', '5', '2015-05-04 17:56:08', null, '', '0.177743'), ('1444', '4', '5', '2015-05-04 17:56:08', null, '', '0.368986'), ('1445', '5', '5', '2015-05-04 17:56:08', null, '', '0.311702'), ('1446', '6', '5', '2015-05-04 17:56:08', null, '', '0.451553'), ('1447', '1', '6', '2015-05-04 17:56:08', null, '', '0.322657'), ('1448', '2', '6', '2015-05-04 17:56:08', null, '', '0.258626'), ('1449', '3', '6', '2015-05-04 17:56:08', null, '', '0.325161'), ('1450', '4', '6', '2015-05-04 17:56:08', null, '', '0.849925'), ('1451', '5', '6', '2015-05-04 17:56:08', null, '', '0.274144'), ('1452', '6', '6', '2015-05-04 17:56:08', null, '', '0.820946'), ('1453', '1', '7', '2015-05-04 17:56:08', null, '', '0.282296'), ('1454', '2', '7', '2015-05-04 17:56:08', null, '', '0.948641'), ('1455', '3', '7', '2015-05-04 17:56:08', null, '', '0.896317'), ('1456', '4', '7', '2015-05-04 17:56:08', null, '', '0.635661'), ('1457', '5', '7', '2015-05-04 17:56:08', null, '', '0.489355'), ('1458', '6', '7', '2015-05-04 17:56:08', null, '', '0.539794'), ('1459', '1', '8', '2015-05-04 17:56:08', null, '', '0.230902'), ('1460', '2', '8', '2015-05-04 17:56:08', null, '', '0.535129'), ('1461', '3', '8', '2015-05-04 17:56:08', null, '', '0.982941'), ('1462', '4', '8', '2015-05-04 17:56:08', null, '', '0.309317'), ('1463', '5', '8', '2015-05-04 17:56:08', null, '', '0.597764'), ('1464', '6', '8', '2015-05-04 17:56:08', null, '', '0.0608667'), ('1465', '1', '9', '2015-05-04 17:56:08', null, '', '0.511042'), ('1466', '2', '9', '2015-05-04 17:56:08', null, '', '0.372611'), ('1467', '3', '9', '2015-05-04 17:56:08', null, '', '0.329929'), ('1468', '4', '9', '2015-05-04 17:56:08', null, '', '0.531811'), ('1469', '5', '9', '2015-05-04 17:56:08', null, '', '0.669269'), ('1470', '6', '9', '2015-05-04 17:56:08', null, '', '0.750911'), ('1486', '1', '1', '2015-06-03 17:56:08', null, '', '0.746747'), ('1487', '2', '1', '2015-06-03 17:56:08', null, '', '0.481002'), ('1488', '3', '1', '2015-06-03 17:56:08', null, '', '0.164769'), ('1489', '4', '1', '2015-06-03 17:56:08', null, '', '0.380842'), ('1490', '5', '1', '2015-06-03 17:56:08', null, '', '0.4099'), ('1491', '6', '1', '2015-06-03 17:56:08', null, '', '0.906973'), ('1492', '1', '3', '2015-06-03 17:56:08', null, '', '0.305168'), ('1493', '2', '3', '2015-06-03 17:56:08', null, '', '0.804921'), ('1494', '3', '3', '2015-06-03 17:56:08', null, '', '0.109102'), ('1495', '4', '3', '2015-06-03 17:56:08', null, '', '0.130746'), ('1496', '5', '3', '2015-06-03 17:56:08', null, '', '0.326424'), ('1497', '6', '3', '2015-06-03 17:56:08', null, '', '0.239881'), ('1498', '1', '4', '2015-06-03 17:56:08', null, '', '0.220135'), ('1499', '2', '4', '2015-06-03 17:56:08', null, '', '0.381031'), ('1500', '3', '4', '2015-06-03 17:56:08', null, '', '0.244752'), ('1501', '4', '4', '2015-06-03 17:56:08', null, '', '0.080665'), ('1502', '5', '4', '2015-06-03 17:56:08', null, '', '0.66907'), ('1503', '6', '4', '2015-06-03 17:56:08', null, '', '0.103353'), ('1504', '1', '5', '2015-06-03 17:56:08', null, '', '0.509558'), ('1505', '2', '5', '2015-06-03 17:56:08', null, '', '0.237729'), ('1506', '3', '5', '2015-06-03 17:56:08', null, '', '0.659971'), ('1507', '4', '5', '2015-06-03 17:56:08', null, '', '0.586669'), ('1508', '5', '5', '2015-06-03 17:56:08', null, '', '0.95343'), ('1509', '6', '5', '2015-06-03 17:56:08', null, '', '0.00714466'), ('1510', '1', '6', '2015-06-03 17:56:08', null, '', '0.175433'), ('1511', '2', '6', '2015-06-03 17:56:08', null, '', '0.855731'), ('1512', '3', '6', '2015-06-03 17:56:08', null, '', '0.752356'), ('1513', '4', '6', '2015-06-03 17:56:08', null, '', '0.194586'), ('1514', '5', '6', '2015-06-03 17:56:08', null, '', '0.715863'), ('1515', '6', '6', '2015-06-03 17:56:08', null, '', '0.995557'), ('1516', '1', '7', '2015-06-03 17:56:08', null, '', '0.830196'), ('1517', '2', '7', '2015-06-03 17:56:08', null, '', '0.164311'), ('1518', '3', '7', '2015-06-03 17:56:08', null, '', '0.330965'), ('1519', '4', '7', '2015-06-03 17:56:08', null, '', '0.161892'), ('1520', '5', '7', '2015-06-03 17:56:08', null, '', '0.816564'), ('1521', '6', '7', '2015-06-03 17:56:08', null, '', '0.597143'), ('1522', '1', '8', '2015-06-03 17:56:08', null, '', '0.536025'), ('1523', '2', '8', '2015-06-03 17:56:08', null, '', '0.888696'), ('1524', '3', '8', '2015-06-03 17:56:08', null, '', '0.835407'), ('1525', '4', '8', '2015-06-03 17:56:08', null, '', '0.510945'), ('1526', '5', '8', '2015-06-03 17:56:08', null, '', '0.0485025'), ('1527', '6', '8', '2015-06-03 17:56:08', null, '', '0.709679'), ('1528', '1', '9', '2015-06-03 17:56:08', null, '', '0.402886'), ('1529', '2', '9', '2015-06-03 17:56:08', null, '', '0.885395'), ('1530', '3', '9', '2015-06-03 17:56:08', null, '', '0.218317'), ('1531', '4', '9', '2015-06-03 17:56:08', null, '', '0.435399'), ('1532', '5', '9', '2015-06-03 17:56:08', null, '', '0.522045'), ('1533', '6', '9', '2015-06-03 17:56:08', null, '', '0.304029'), ('1549', '1', '1', '2015-06-23 17:56:08', null, '', '0.954008'), ('1550', '2', '1', '2015-06-23 17:56:08', null, '', '0.857953'), ('1551', '3', '1', '2015-06-23 17:56:08', null, '', '0.427741'), ('1552', '4', '1', '2015-06-23 17:56:08', null, '', '0.564846'), ('1553', '5', '1', '2015-06-23 17:56:08', null, '', '0.541008'), ('1554', '6', '1', '2015-06-23 17:56:08', null, '', '0.0105034'), ('1555', '1', '3', '2015-06-23 17:56:08', null, '', '0.429492'), ('1556', '2', '3', '2015-06-23 17:56:08', null, '', '0.115948'), ('1557', '3', '3', '2015-06-23 17:56:08', null, '', '0.291264'), ('1558', '4', '3', '2015-06-23 17:56:08', null, '', '0.108476'), ('1559', '5', '3', '2015-06-23 17:56:08', null, '', '0.66859'), ('1560', '6', '3', '2015-06-23 17:56:08', null, '', '0.0175206'), ('1561', '1', '4', '2015-06-23 17:56:08', null, '', '0.0818332'), ('1562', '2', '4', '2015-06-23 17:56:08', null, '', '0.356605'), ('1563', '3', '4', '2015-06-23 17:56:08', null, '', '0.537523'), ('1564', '4', '4', '2015-06-23 17:56:08', null, '', '0.617801'), ('1565', '5', '4', '2015-06-23 17:56:08', null, '', '0.476437'), ('1566', '6', '4', '2015-06-23 17:56:08', null, '', '0.52878'), ('1567', '1', '5', '2015-06-23 17:56:08', null, '', '0.214588'), ('1568', '2', '5', '2015-06-23 17:56:08', null, '', '0.486603'), ('1569', '3', '5', '2015-06-23 17:56:08', null, '', '0.789251'), ('1570', '4', '5', '2015-06-23 17:56:08', null, '', '0.486445'), ('1571', '5', '5', '2015-06-23 17:56:08', null, '', '0.064472'), ('1572', '6', '5', '2015-06-23 17:56:08', null, '', '0.863025'), ('1573', '1', '6', '2015-06-23 17:56:08', null, '', '0.121709'), ('1574', '2', '6', '2015-06-23 17:56:08', null, '', '0.0194713'), ('1575', '3', '6', '2015-06-23 17:56:08', null, '', '0.732229'), ('1576', '4', '6', '2015-06-23 17:56:08', null, '', '0.60273'), ('1577', '5', '6', '2015-06-23 17:56:08', null, '', '0.816966'), ('1578', '6', '6', '2015-06-23 17:56:08', null, '', '0.276636'), ('1579', '1', '7', '2015-06-23 17:56:08', null, '', '0.932285'), ('1580', '2', '7', '2015-06-23 17:56:08', null, '', '0.831517'), ('1581', '3', '7', '2015-06-23 17:56:08', null, '', '0.36073'), ('1582', '4', '7', '2015-06-23 17:56:08', null, '', '0.3091'), ('1583', '5', '7', '2015-06-23 17:56:08', null, '', '0.463308'), ('1584', '6', '7', '2015-06-23 17:56:08', null, '', '0.389239'), ('1585', '1', '8', '2015-06-23 17:56:08', null, '', '0.556273'), ('1586', '2', '8', '2015-06-23 17:56:08', null, '', '0.613649'), ('1587', '3', '8', '2015-06-23 17:56:08', null, '', '0.399425'), ('1588', '4', '8', '2015-06-23 17:56:08', null, '', '0.156179'), ('1589', '5', '8', '2015-06-23 17:56:08', null, '', '0.582621'), ('1590', '6', '8', '2015-06-23 17:56:08', null, '', '0.444569'), ('1591', '1', '9', '2015-06-23 17:56:08', null, '', '0.47498'), ('1592', '2', '9', '2015-06-23 17:56:08', null, '', '0.0411929'), ('1593', '3', '9', '2015-06-23 17:56:08', null, '', '0.781025'), ('1594', '4', '9', '2015-06-23 17:56:08', null, '', '0.781545'), ('1595', '5', '9', '2015-06-23 17:56:08', null, '', '0.564652'), ('1596', '6', '9', '2015-06-23 17:56:08', null, '', '0.478623'), ('1612', '1', '1', '2015-07-13 17:56:08', null, '', '0.699162'), ('1613', '2', '1', '2015-07-13 17:56:08', null, '', '0.0599397'), ('1614', '3', '1', '2015-07-13 17:56:08', null, '', '0.202212'), ('1615', '4', '1', '2015-07-13 17:56:08', null, '', '0.831243'), ('1616', '5', '1', '2015-07-13 17:56:08', null, '', '0.549578'), ('1617', '6', '1', '2015-07-13 17:56:08', null, '', '0.254163'), ('1618', '1', '3', '2015-07-13 17:56:08', null, '', '0.622078'), ('1619', '2', '3', '2015-07-13 17:56:08', null, '', '0.347903'), ('1620', '3', '3', '2015-07-13 17:56:08', null, '', '0.873281'), ('1621', '4', '3', '2015-07-13 17:56:08', null, '', '0.322694'), ('1622', '5', '3', '2015-07-13 17:56:08', null, '', '0.993628'), ('1623', '6', '3', '2015-07-13 17:56:08', null, '', '0.0000599194'), ('1624', '1', '4', '2015-07-13 17:56:08', null, '', '0.0194144'), ('1625', '2', '4', '2015-07-13 17:56:08', null, '', '0.0968922'), ('1626', '3', '4', '2015-07-13 17:56:08', null, '', '0.426218'), ('1627', '4', '4', '2015-07-13 17:56:08', null, '', '0.840413'), ('1628', '5', '4', '2015-07-13 17:56:08', null, '', '0.923412'), ('1629', '6', '4', '2015-07-13 17:56:08', null, '', '0.0958224'), ('1630', '1', '5', '2015-07-13 17:56:08', null, '', '0.708875'), ('1631', '2', '5', '2015-07-13 17:56:08', null, '', '0.256907'), ('1632', '3', '5', '2015-07-13 17:56:08', null, '', '0.157909'), ('1633', '4', '5', '2015-07-13 17:56:08', null, '', '0.0188241'), ('1634', '5', '5', '2015-07-13 17:56:08', null, '', '0.620394'), ('1635', '6', '5', '2015-07-13 17:56:08', null, '', '0.0454981'), ('1636', '1', '6', '2015-07-13 17:56:08', null, '', '0.366308'), ('1637', '2', '6', '2015-07-13 17:56:08', null, '', '0.695048'), ('1638', '3', '6', '2015-07-13 17:56:08', null, '', '0.376314'), ('1639', '4', '6', '2015-07-13 17:56:08', null, '', '0.796427'), ('1640', '5', '6', '2015-07-13 17:56:08', null, '', '0.853192'), ('1641', '6', '6', '2015-07-13 17:56:08', null, '', '0.876681'), ('1642', '1', '7', '2015-07-13 17:56:08', null, '', '0.823826'), ('1643', '2', '7', '2015-07-13 17:56:08', null, '', '0.489089'), ('1644', '3', '7', '2015-07-13 17:56:08', null, '', '0.973966'), ('1645', '4', '7', '2015-07-13 17:56:08', null, '', '0.402562'), ('1646', '5', '7', '2015-07-13 17:56:08', null, '', '0.0909122'), ('1647', '6', '7', '2015-07-13 17:56:08', null, '', '0.246876'), ('1648', '1', '8', '2015-07-13 17:56:08', null, '', '0.961642'), ('1649', '2', '8', '2015-07-13 17:56:08', null, '', '0.0675836'), ('1650', '3', '8', '2015-07-13 17:56:08', null, '', '0.452992'), ('1651', '4', '8', '2015-07-13 17:56:08', null, '', '0.0622072'), ('1652', '5', '8', '2015-07-13 17:56:08', null, '', '0.952061'), ('1653', '6', '8', '2015-07-13 17:56:08', null, '', '0.573685'), ('1654', '1', '9', '2015-07-13 17:56:08', null, '', '0.0122418'), ('1655', '2', '9', '2015-07-13 17:56:08', null, '', '0.340154'), ('1656', '3', '9', '2015-07-13 17:56:08', null, '', '0.664042'), ('1657', '4', '9', '2015-07-13 17:56:08', null, '', '0.29975'), ('1658', '5', '9', '2015-07-13 17:56:08', null, '', '0.506625'), ('1659', '6', '9', '2015-07-13 17:56:08', null, '', '0.633876'), ('1675', '1', '1', '2015-08-12 17:56:08', null, '', '0.649505'), ('1676', '2', '1', '2015-08-12 17:56:08', null, '', '0.345896'), ('1677', '3', '1', '2015-08-12 17:56:08', null, '', '0.780964'), ('1678', '4', '1', '2015-08-12 17:56:08', null, '', '0.867134'), ('1679', '5', '1', '2015-08-12 17:56:08', null, '', '0.992778'), ('1680', '6', '1', '2015-08-12 17:56:08', null, '', '0.362489'), ('1681', '1', '3', '2015-08-12 17:56:08', null, '', '0.83411'), ('1682', '2', '3', '2015-08-12 17:56:08', null, '', '0.083081'), ('1683', '3', '3', '2015-08-12 17:56:08', null, '', '0.913076'), ('1684', '4', '3', '2015-08-12 17:56:08', null, '', '0.316138'), ('1685', '5', '3', '2015-08-12 17:56:08', null, '', '0.841463'), ('1686', '6', '3', '2015-08-12 17:56:08', null, '', '0.2589'), ('1687', '1', '4', '2015-08-12 17:56:08', null, '', '0.770109'), ('1688', '2', '4', '2015-08-12 17:56:08', null, '', '0.0738484'), ('1689', '3', '4', '2015-08-12 17:56:08', null, '', '0.0589137'), ('1690', '4', '4', '2015-08-12 17:56:08', null, '', '0.0730231'), ('1691', '5', '4', '2015-08-12 17:56:08', null, '', '0.188375'), ('1692', '6', '4', '2015-08-12 17:56:08', null, '', '0.722804'), ('1693', '1', '5', '2015-08-12 17:56:08', null, '', '0.0488968'), ('1694', '2', '5', '2015-08-12 17:56:08', null, '', '0.0760716'), ('1695', '3', '5', '2015-08-12 17:56:08', null, '', '0.233667'), ('1696', '4', '5', '2015-08-12 17:56:08', null, '', '0.940122'), ('1697', '5', '5', '2015-08-12 17:56:08', null, '', '0.999609'), ('1698', '6', '5', '2015-08-12 17:56:08', null, '', '0.177677'), ('1699', '1', '6', '2015-08-12 17:56:08', null, '', '0.889559'), ('1700', '2', '6', '2015-08-12 17:56:08', null, '', '0.914762'), ('1701', '3', '6', '2015-08-12 17:56:08', null, '', '0.905136'), ('1702', '4', '6', '2015-08-12 17:56:08', null, '', '0.781391'), ('1703', '5', '6', '2015-08-12 17:56:08', null, '', '0.19155'), ('1704', '6', '6', '2015-08-12 17:56:08', null, '', '0.613576'), ('1705', '1', '7', '2015-08-12 17:56:08', null, '', '0.493231'), ('1706', '2', '7', '2015-08-12 17:56:08', null, '', '0.625427'), ('1707', '3', '7', '2015-08-12 17:56:08', null, '', '0.647443'), ('1708', '4', '7', '2015-08-12 17:56:08', null, '', '0.360934'), ('1709', '5', '7', '2015-08-12 17:56:08', null, '', '0.862339'), ('1710', '6', '7', '2015-08-12 17:56:08', null, '', '0.228896'), ('1711', '1', '8', '2015-08-12 17:56:08', null, '', '0.557461'), ('1712', '2', '8', '2015-08-12 17:56:08', null, '', '0.100619'), ('1713', '3', '8', '2015-08-12 17:56:08', null, '', '0.830709'), ('1714', '4', '8', '2015-08-12 17:56:08', null, '', '0.85169'), ('1715', '5', '8', '2015-08-12 17:56:08', null, '', '0.766323'), ('1716', '6', '8', '2015-08-12 17:56:08', null, '', '0.276545'), ('1717', '1', '9', '2015-08-12 17:56:08', null, '', '0.0837568'), ('1718', '2', '9', '2015-08-12 17:56:08', null, '', '0.589149'), ('1719', '3', '9', '2015-08-12 17:56:08', null, '', '0.694472'), ('1720', '4', '9', '2015-08-12 17:56:08', null, '', '0.704916'), ('1721', '5', '9', '2015-08-12 17:56:08', null, '', '0.441161'), ('1722', '6', '9', '2015-08-12 17:56:08', null, '', '0.091058'), ('1738', '1', '1', '2015-09-11 17:56:08', null, '', '0.131807'), ('1739', '2', '1', '2015-09-11 17:56:08', null, '', '0.385863'), ('1740', '3', '1', '2015-09-11 17:56:08', null, '', '0.533894'), ('1741', '4', '1', '2015-09-11 17:56:08', null, '', '0.511882'), ('1742', '5', '1', '2015-09-11 17:56:08', null, '', '0.957727'), ('1743', '6', '1', '2015-09-11 17:56:08', null, '', '0.252989'), ('1744', '1', '3', '2015-09-11 17:56:08', null, '', '0.391766'), ('1745', '2', '3', '2015-09-11 17:56:08', null, '', '0.19986'), ('1746', '3', '3', '2015-09-11 17:56:08', null, '', '0.824004'), ('1747', '4', '3', '2015-09-11 17:56:08', null, '', '0.520438'), ('1748', '5', '3', '2015-09-11 17:56:08', null, '', '0.130178'), ('1749', '6', '3', '2015-09-11 17:56:08', null, '', '0.0895768'), ('1750', '1', '4', '2015-09-11 17:56:08', null, '', '0.05735'), ('1751', '2', '4', '2015-09-11 17:56:08', null, '', '0.0180198'), ('1752', '3', '4', '2015-09-11 17:56:08', null, '', '0.918049'), ('1753', '4', '4', '2015-09-11 17:56:08', null, '', '0.536185'), ('1754', '5', '4', '2015-09-11 17:56:08', null, '', '0.926778'), ('1755', '6', '4', '2015-09-11 17:56:08', null, '', '0.0253371'), ('1756', '1', '5', '2015-09-11 17:56:08', null, '', '0.34635'), ('1757', '2', '5', '2015-09-11 17:56:08', null, '', '0.65574'), ('1758', '3', '5', '2015-09-11 17:56:08', null, '', '0.239649'), ('1759', '4', '5', '2015-09-11 17:56:08', null, '', '0.231027'), ('1760', '5', '5', '2015-09-11 17:56:08', null, '', '0.436188'), ('1761', '6', '5', '2015-09-11 17:56:08', null, '', '0.487856'), ('1762', '1', '6', '2015-09-11 17:56:08', null, '', '0.130718'), ('1763', '2', '6', '2015-09-11 17:56:08', null, '', '0.190022'), ('1764', '3', '6', '2015-09-11 17:56:08', null, '', '0.557956'), ('1765', '4', '6', '2015-09-11 17:56:08', null, '', '0.219716'), ('1766', '5', '6', '2015-09-11 17:56:08', null, '', '0.424709'), ('1767', '6', '6', '2015-09-11 17:56:08', null, '', '0.464397'), ('1768', '1', '7', '2015-09-11 17:56:08', null, '', '0.0478574'), ('1769', '2', '7', '2015-09-11 17:56:08', null, '', '0.846097'), ('1770', '3', '7', '2015-09-11 17:56:08', null, '', '0.0869135'), ('1771', '4', '7', '2015-09-11 17:56:08', null, '', '0.896276'), ('1772', '5', '7', '2015-09-11 17:56:08', null, '', '0.22064'), ('1773', '6', '7', '2015-09-11 17:56:08', null, '', '0.414373'), ('1774', '1', '8', '2015-09-11 17:56:08', null, '', '0.409944'), ('1775', '2', '8', '2015-09-11 17:56:08', null, '', '0.806602'), ('1776', '3', '8', '2015-09-11 17:56:08', null, '', '0.803179'), ('1777', '4', '8', '2015-09-11 17:56:08', null, '', '0.596086'), ('1778', '5', '8', '2015-09-11 17:56:08', null, '', '0.570896'), ('1779', '6', '8', '2015-09-11 17:56:08', null, '', '0.0662217'), ('1780', '1', '9', '2015-09-11 17:56:08', null, '', '0.61842'), ('1781', '2', '9', '2015-09-11 17:56:08', null, '', '0.893434'), ('1782', '3', '9', '2015-09-11 17:56:08', null, '', '0.611912'), ('1783', '4', '9', '2015-09-11 17:56:08', null, '', '0.379255'), ('1784', '5', '9', '2015-09-11 17:56:08', null, '', '0.0605407'), ('1785', '6', '9', '2015-09-11 17:56:08', null, '', '0.164938'), ('1801', '1', '1', '2015-10-11 17:56:08', null, '', '0.643069'), ('1802', '2', '1', '2015-10-11 17:56:08', null, '', '0.720532'), ('1803', '3', '1', '2015-10-11 17:56:08', null, '', '0.673451'), ('1804', '4', '1', '2015-10-11 17:56:08', null, '', '0.205658'), ('1805', '5', '1', '2015-10-11 17:56:08', null, '', '0.00793658'), ('1806', '6', '1', '2015-10-11 17:56:08', null, '', '0.42271'), ('1807', '1', '3', '2015-10-11 17:56:08', null, '', '0.0897407'), ('1808', '2', '3', '2015-10-11 17:56:08', null, '', '0.180573'), ('1809', '3', '3', '2015-10-11 17:56:08', null, '', '0.633644'), ('1810', '4', '3', '2015-10-11 17:56:08', null, '', '0.6265'), ('1811', '5', '3', '2015-10-11 17:56:08', null, '', '0.231569'), ('1812', '6', '3', '2015-10-11 17:56:08', null, '', '0.278345'), ('1813', '1', '4', '2015-10-11 17:56:08', null, '', '0.697018'), ('1814', '2', '4', '2015-10-11 17:56:08', null, '', '0.650053'), ('1815', '3', '4', '2015-10-11 17:56:08', null, '', '0.159212'), ('1816', '4', '4', '2015-10-11 17:56:08', null, '', '0.845902'), ('1817', '5', '4', '2015-10-11 17:56:08', null, '', '0.751875'), ('1818', '6', '4', '2015-10-11 17:56:08', null, '', '0.221667'), ('1819', '1', '5', '2015-10-11 17:56:08', null, '', '0.852709'), ('1820', '2', '5', '2015-10-11 17:56:08', null, '', '0.598547'), ('1821', '3', '5', '2015-10-11 17:56:08', null, '', '0.434608'), ('1822', '4', '5', '2015-10-11 17:56:08', null, '', '0.377398'), ('1823', '5', '5', '2015-10-11 17:56:08', null, '', '0.583167'), ('1824', '6', '5', '2015-10-11 17:56:08', null, '', '0.78364'), ('1825', '1', '6', '2015-10-11 17:56:08', null, '', '0.168698'), ('1826', '2', '6', '2015-10-11 17:56:08', null, '', '0.492572'), ('1827', '3', '6', '2015-10-11 17:56:08', null, '', '0.956764'), ('1828', '4', '6', '2015-10-11 17:56:08', null, '', '0.306104'), ('1829', '5', '6', '2015-10-11 17:56:08', null, '', '0.660228'), ('1830', '6', '6', '2015-10-11 17:56:08', null, '', '0.38283'), ('1831', '1', '7', '2015-10-11 17:56:08', null, '', '0.933465'), ('1832', '2', '7', '2015-10-11 17:56:08', null, '', '0.518836'), ('1833', '3', '7', '2015-10-11 17:56:08', null, '', '0.793786'), ('1834', '4', '7', '2015-10-11 17:56:08', null, '', '0.412423'), ('1835', '5', '7', '2015-10-11 17:56:08', null, '', '0.680755'), ('1836', '6', '7', '2015-10-11 17:56:08', null, '', '0.166507'), ('1837', '1', '8', '2015-10-11 17:56:08', null, '', '0.790271'), ('1838', '2', '8', '2015-10-11 17:56:08', null, '', '0.451832'), ('1839', '3', '8', '2015-10-11 17:56:08', null, '', '0.888349'), ('1840', '4', '8', '2015-10-11 17:56:08', null, '', '0.0862503'), ('1841', '5', '8', '2015-10-11 17:56:08', null, '', '0.766203'), ('1842', '6', '8', '2015-10-11 17:56:08', null, '', '0.572264'), ('1843', '1', '9', '2015-10-11 17:56:08', null, '', '0.562711'), ('1844', '2', '9', '2015-10-11 17:56:08', null, '', '0.0967625'), ('1845', '3', '9', '2015-10-11 17:56:08', null, '', '0.79568'), ('1846', '4', '9', '2015-10-11 17:56:08', null, '', '0.688113'), ('1847', '5', '9', '2015-10-11 17:56:08', null, '', '0.0535259'), ('1848', '6', '9', '2015-10-11 17:56:08', null, '', '0.20329'), ('1864', '1', '1', '2015-11-10 17:56:08', null, '', '0.855871'), ('1865', '2', '1', '2015-11-10 17:56:08', null, '', '0.669486'), ('1866', '3', '1', '2015-11-10 17:56:08', null, '', '0.779819'), ('1867', '4', '1', '2015-11-10 17:56:08', null, '', '0.890634'), ('1868', '5', '1', '2015-11-10 17:56:08', null, '', '0.113714'), ('1869', '6', '1', '2015-11-10 17:56:08', null, '', '0.896667'), ('1870', '1', '3', '2015-11-10 17:56:08', null, '', '0.142195'), ('1871', '2', '3', '2015-11-10 17:56:08', null, '', '0.0209716'), ('1872', '3', '3', '2015-11-10 17:56:08', null, '', '0.678274'), ('1873', '4', '3', '2015-11-10 17:56:08', null, '', '0.328456'), ('1874', '5', '3', '2015-11-10 17:56:08', null, '', '0.607458'), ('1875', '6', '3', '2015-11-10 17:56:08', null, '', '0.0519201'), ('1876', '1', '4', '2015-11-10 17:56:08', null, '', '0.437228'), ('1877', '2', '4', '2015-11-10 17:56:08', null, '', '0.030378'), ('1878', '3', '4', '2015-11-10 17:56:08', null, '', '0.840207'), ('1879', '4', '4', '2015-11-10 17:56:08', null, '', '0.109901'), ('1880', '5', '4', '2015-11-10 17:56:08', null, '', '0.0288839'), ('1881', '6', '4', '2015-11-10 17:56:08', null, '', '0.814717'), ('1882', '1', '5', '2015-11-10 17:56:08', null, '', '0.986932'), ('1883', '2', '5', '2015-11-10 17:56:08', null, '', '0.490508'), ('1884', '3', '5', '2015-11-10 17:56:08', null, '', '0.491745'), ('1885', '4', '5', '2015-11-10 17:56:08', null, '', '0.987201'), ('1886', '5', '5', '2015-11-10 17:56:08', null, '', '0.46077'), ('1887', '6', '5', '2015-11-10 17:56:08', null, '', '0.342248'), ('1888', '1', '6', '2015-11-10 17:56:08', null, '', '0.328931'), ('1889', '2', '6', '2015-11-10 17:56:08', null, '', '0.617911'), ('1890', '3', '6', '2015-11-10 17:56:08', null, '', '0.102761'), ('1891', '4', '6', '2015-11-10 17:56:08', null, '', '0.660074'), ('1892', '5', '6', '2015-11-10 17:56:08', null, '', '0.992084'), ('1893', '6', '6', '2015-11-10 17:56:08', null, '', '0.980198'), ('1894', '1', '7', '2015-11-10 17:56:08', null, '', '0.924739'), ('1895', '2', '7', '2015-11-10 17:56:08', null, '', '0.683099'), ('1896', '3', '7', '2015-11-10 17:56:08', null, '', '0.641279'), ('1897', '4', '7', '2015-11-10 17:56:08', null, '', '0.157097'), ('1898', '5', '7', '2015-11-10 17:56:08', null, '', '0.861651'), ('1899', '6', '7', '2015-11-10 17:56:08', null, '', '0.836961'), ('1900', '1', '8', '2015-11-10 17:56:08', null, '', '0.599853'), ('1901', '2', '8', '2015-11-10 17:56:08', null, '', '0.488383'), ('1902', '3', '8', '2015-11-10 17:56:08', null, '', '0.642354'), ('1903', '4', '8', '2015-11-10 17:56:08', null, '', '0.746624'), ('1904', '5', '8', '2015-11-10 17:56:08', null, '', '0.806056'), ('1905', '6', '8', '2015-11-10 17:56:08', null, '', '0.790409'), ('1906', '1', '9', '2015-11-10 17:56:08', null, '', '0.533875'), ('1907', '2', '9', '2015-11-10 17:56:08', null, '', '0.29815'), ('1908', '3', '9', '2015-11-10 17:56:08', null, '', '0.889124'), ('1909', '4', '9', '2015-11-10 17:56:08', null, '', '0.55117'), ('1910', '5', '9', '2015-11-10 17:56:08', null, '', '0.088478'), ('1911', '6', '9', '2015-11-10 17:56:08', null, '', '0.78888'), ('1927', '1', '1', '2015-12-10 17:56:08', null, '', '0.678967'), ('1928', '2', '1', '2015-12-10 17:56:08', null, '', '0.0281928'), ('1929', '3', '1', '2015-12-10 17:56:08', null, '', '0.104064'), ('1930', '4', '1', '2015-12-10 17:56:08', null, '', '0.435743'), ('1931', '5', '1', '2015-12-10 17:56:08', null, '', '0.86652'), ('1932', '6', '1', '2015-12-10 17:56:08', null, '', '0.0253732'), ('1933', '1', '3', '2015-12-10 17:56:08', null, '', '0.527305'), ('1934', '2', '3', '2015-12-10 17:56:08', null, '', '0.560408'), ('1935', '3', '3', '2015-12-10 17:56:08', null, '', '0.220122'), ('1936', '4', '3', '2015-12-10 17:56:08', null, '', '0.419388'), ('1937', '5', '3', '2015-12-10 17:56:08', null, '', '0.436572'), ('1938', '6', '3', '2015-12-10 17:56:08', null, '', '0.924695'), ('1939', '1', '4', '2015-12-10 17:56:08', null, '', '0.313761'), ('1940', '2', '4', '2015-12-10 17:56:08', null, '', '0.79472'), ('1941', '3', '4', '2015-12-10 17:56:08', null, '', '0.0323167'), ('1942', '4', '4', '2015-12-10 17:56:08', null, '', '0.777424'), ('1943', '5', '4', '2015-12-10 17:56:08', null, '', '0.790168'), ('1944', '6', '4', '2015-12-10 17:56:08', null, '', '0.618568'), ('1945', '1', '5', '2015-12-10 17:56:08', null, '', '0.722335'), ('1946', '2', '5', '2015-12-10 17:56:08', null, '', '0.755971'), ('1947', '3', '5', '2015-12-10 17:56:08', null, '', '0.612851'), ('1948', '4', '5', '2015-12-10 17:56:08', null, '', '0.796343'), ('1949', '5', '5', '2015-12-10 17:56:08', null, '', '0.143163'), ('1950', '6', '5', '2015-12-10 17:56:08', null, '', '0.326785'), ('1951', '1', '6', '2015-12-10 17:56:08', null, '', '0.204436'), ('1952', '2', '6', '2015-12-10 17:56:08', null, '', '0.0418248'), ('1953', '3', '6', '2015-12-10 17:56:08', null, '', '0.595816'), ('1954', '4', '6', '2015-12-10 17:56:08', null, '', '0.853607'), ('1955', '5', '6', '2015-12-10 17:56:08', null, '', '0.480585'), ('1956', '6', '6', '2015-12-10 17:56:08', null, '', '0.842104'), ('1957', '1', '7', '2015-12-10 17:56:08', null, '', '0.768766'), ('1958', '2', '7', '2015-12-10 17:56:08', null, '', '0.31752'), ('1959', '3', '7', '2015-12-10 17:56:08', null, '', '0.281299'), ('1960', '4', '7', '2015-12-10 17:56:08', null, '', '0.453937'), ('1961', '5', '7', '2015-12-10 17:56:08', null, '', '0.425787'), ('1962', '6', '7', '2015-12-10 17:56:08', null, '', '0.767123'), ('1963', '1', '8', '2015-12-10 17:56:08', null, '', '0.558253'), ('1964', '2', '8', '2015-12-10 17:56:08', null, '', '0.489896'), ('1965', '3', '8', '2015-12-10 17:56:08', null, '', '0.774724'), ('1966', '4', '8', '2015-12-10 17:56:08', null, '', '0.403929'), ('1967', '5', '8', '2015-12-10 17:56:08', null, '', '0.695473'), ('1968', '6', '8', '2015-12-10 17:56:08', null, '', '0.265578'), ('1969', '1', '9', '2015-12-10 17:56:08', null, '', '0.241473'), ('1970', '2', '9', '2015-12-10 17:56:08', null, '', '0.410632'), ('1971', '3', '9', '2015-12-10 17:56:08', null, '', '0.328739'), ('1972', '4', '9', '2015-12-10 17:56:08', null, '', '0.411801'), ('1973', '5', '9', '2015-12-10 17:56:08', null, '', '0.0727858'), ('1974', '6', '9', '2015-12-10 17:56:08', null, '', '0.128527'), ('1990', '1', '1', '2016-01-09 17:56:08', null, '', '0.424277'), ('1991', '2', '1', '2016-01-09 17:56:08', null, '', '0.735803'), ('1992', '3', '1', '2016-03-09 17:41:29', '4', '', '0.406186'), ('1993', '4', '1', '2016-01-09 17:56:08', null, '', '0.823522'), ('1994', '5', '1', '2016-01-09 17:56:08', null, '', '0.899052'), ('1995', '6', '1', '2016-03-09 09:25:51', '3', '', '0.0246921'), ('1996', '1', '3', '2016-01-09 17:56:08', null, '', '0.426306'), ('1997', '2', '3', '2016-01-09 17:56:08', null, '', '0.0574512'), ('1998', '3', '3', '2016-03-09 17:41:29', '4', '', '0.00833952'), ('1999', '4', '3', '2016-01-09 17:56:08', null, '', '0.869344'), ('2000', '5', '3', '2016-01-09 17:56:08', null, '', '0.321702'), ('2001', '6', '3', '2016-03-09 09:25:51', '3', '', '0.00047562'), ('2002', '1', '4', '2016-01-09 17:56:08', null, '', '0.0372736'), ('2003', '2', '4', '2016-01-09 17:56:08', null, '', '0.184941'), ('2004', '3', '4', '2016-03-09 17:41:29', '4', '', '0.812884'), ('2005', '4', '4', '2016-01-09 17:56:08', null, '', '0.509597'), ('2006', '5', '4', '2016-01-09 17:56:08', null, '', '0.109335'), ('2007', '6', '4', '2016-03-09 09:25:51', '3', '', '0.0178828'), ('2008', '1', '5', '2016-01-09 17:56:08', null, '', '0.761409'), ('2009', '2', '5', '2016-01-09 17:56:08', null, '', '0.753396'), ('2010', '3', '5', '2016-03-09 17:41:29', '4', '', '0.9'), ('2011', '4', '5', '2016-01-09 17:56:08', null, '', '0.15358'), ('2012', '5', '5', '2016-01-09 17:56:08', null, '', '0.319639'), ('2013', '6', '5', '2016-03-09 09:25:51', '3', '', '1'), ('2014', '1', '6', '2016-01-09 17:56:08', null, '', '0.728364'), ('2015', '2', '6', '2016-01-09 17:56:08', null, '', '0.229453'), ('2016', '3', '6', '2016-03-09 17:41:29', '4', '', '0.962171'), ('2017', '4', '6', '2016-01-09 17:56:08', null, '', '0.122496'), ('2018', '5', '6', '2016-01-09 17:56:08', null, '', '0.725967'), ('2019', '6', '6', '2016-03-09 09:25:51', '3', '', '0.262346'), ('2020', '1', '7', '2016-01-09 17:56:08', null, '', '0.13383'), ('2021', '2', '7', '2016-01-09 17:56:08', null, '', '0.882113'), ('2022', '3', '7', '2016-03-09 17:41:29', '4', '', '0.00907286'), ('2023', '4', '7', '2016-01-09 17:56:08', null, '', '0.399026'), ('2024', '5', '7', '2016-01-09 17:56:08', null, '', '0.967913'), ('2025', '6', '7', '2016-03-09 09:25:51', '3', '', '0.642487'), ('2026', '1', '8', '2016-01-09 17:56:08', null, '', '0.308694'), ('2027', '2', '8', '2016-01-09 17:56:08', null, '', '0.616009'), ('2028', '3', '8', '2016-03-09 17:41:29', '4', '', '0.153965'), ('2029', '4', '8', '2016-01-09 17:56:08', null, '', '0.921797'), ('2030', '5', '8', '2016-01-09 17:56:08', null, '', '0.147089'), ('2031', '6', '8', '2016-03-09 09:25:51', '3', '', '0.970055'), ('2032', '1', '9', '2016-01-09 17:56:08', null, '', '0.409009'), ('2033', '2', '9', '2016-01-09 17:56:08', null, '', '0.134879'), ('2034', '3', '9', '2016-03-09 17:41:29', '4', '', '0.447366'), ('2035', '4', '9', '2016-01-09 17:56:08', null, '', '0.832195'), ('2036', '5', '9', '2016-01-09 17:56:08', null, '', '0.818876'), ('2037', '6', '9', '2016-03-09 09:25:51', '3', '', '0.597796');
COMMIT;

-- ----------------------------
--  Table structure for `outcome`
-- ----------------------------
DROP TABLE IF EXISTS `outcome`;
CREATE TABLE `outcome` (
  `id` int(11) NOT NULL AUTO_INCREMENT,
  `number` varchar(40) DEFAULT NULL,
  `name` varchar(500) NOT NULL,
  `summary` varchar(5000) DEFAULT NULL,
  `calc_method_id` char(1) DEFAULT NULL,
  `method` char(1) NOT NULL DEFAULT 'M',
  `sort_order` int(11) NOT NULL DEFAULT '0',
  PRIMARY KEY (`id`),
  UNIQUE KEY `unique_id` (`id`)
) ENGINE=InnoDB AUTO_INCREMENT=10 DEFAULT CHARSET=utf8 ROW_FORMAT=COMPACT;

-- ----------------------------
--  Records of `outcome`
-- ----------------------------
BEGIN;
INSERT INTO `outcome` VALUES ('1', '1.1', 'Incorrect Drug Events', 'The frequency of incorrect medication events.', null, 'D', '1'), ('3', '1.7', 'Patient Complaints', 'How well we are doing with respect to the frequency of customer complaints about staff behavior or treatment.', null, 'M', '7'), ('4', '1.4', 'Missed Drug Interactions', 'The frequency of missed drug interaction events.', null, 'D', '4'), ('5', '1.2', 'Preventive Care Opportunities Missed', 'How well we are doing in identifying and acting on preventive care opportunities.', null, 'M', '2'), ('6', '1.8', 'Timeliness of Response', 'The timelieness of response to patient requests.', null, 'M', '8'), ('7', '1.3', 'Incorrect Directions Events', 'How often we have incorrect directions events.', null, 'D', '3'), ('8', '1.5', 'Incorrect Dosage Form Events', 'The frequency of incorrect dosage form events.', null, 'D', '5'), ('9', '1.6', 'Incorrect Release Form Events', 'The frequency of incorrect release form events.', null, 'D', '6');
COMMIT;

-- ----------------------------
--  Table structure for `outcome_alignment`
-- ----------------------------
DROP TABLE IF EXISTS `outcome_alignment`;
CREATE TABLE `outcome_alignment` (
  `id` int(11) NOT NULL AUTO_INCREMENT,
  `outcome_id` int(11) NOT NULL,
  `question_id` int(11) NOT NULL,
  `weight` int(11) NOT NULL DEFAULT '1',
  `rel_wt` double DEFAULT '0.5',
  PRIMARY KEY (`id`),
  KEY `outcome_id_index` (`outcome_id`),
  KEY `question_id_index` (`question_id`),
  CONSTRAINT `outcome_alignment_ibfk_1` FOREIGN KEY (`outcome_id`) REFERENCES `outcome` (`id`),
  CONSTRAINT `outcome_alignment_ibfk_2` FOREIGN KEY (`question_id`) REFERENCES `question` (`id`)
) ENGINE=InnoDB AUTO_INCREMENT=73 DEFAULT CHARSET=utf8 ROW_FORMAT=COMPACT;

-- ----------------------------
--  Records of `outcome_alignment`
-- ----------------------------
BEGIN;
INSERT INTO `outcome_alignment` VALUES ('5', '3', '99', '1', '0.5'), ('9', '3', '100', '2', '0.5'), ('10', '3', '101', '2', '0.5'), ('11', '3', '102', '2', '0.5'), ('12', '3', '95', '1', '0.5'), ('13', '3', '96', '2', '0.5'), ('14', '3', '97', '3', '0.5'), ('15', '3', '98', '2', '0.5'), ('16', '3', '99', '1', '0.5'), ('17', '3', '103', '2', '0.5'), ('18', '3', '106', '3', '0.5'), ('19', '3', '107', '3', '0.5'), ('20', '3', '178', '2', '0.5'), ('21', '3', '180', '2', '0.5'), ('22', '3', '181', '2', '0.5'), ('23', '3', '182', '2', '0.5'), ('24', '3', '184', '2', '0.5'), ('25', '3', '185', '2', '0.5'), ('26', '3', '186', '1', '0.5'), ('27', '3', '189', '1', '0.5'), ('28', '3', '190', '3', '0.5'), ('29', '3', '224', '1', '0.5'), ('30', '3', '225', '1', '0.5'), ('31', '1', '185', '3', '0.5'), ('32', '1', '186', '2', '0.5'), ('33', '1', '194', '1', '0.5'), ('34', '1', '197', '1', '0.5'), ('35', '1', '198', '1', '0.5'), ('36', '1', '199', '3', '0.5'), ('37', '5', '95', '3', '0.5'), ('38', '5', '96', '2', '0.5'), ('39', '4', '178', '1', '0.5'), ('40', '1', '95', '3', '0.5'), ('41', '1', '96', '2', '0.5'), ('42', '1', '185', '3', '0.5'), ('43', '1', '186', '2', '0.5'), ('44', '1', '194', '1', '0.5'), ('45', '1', '197', '1', '0.5'), ('46', '1', '198', '1', '0.5'), ('47', '1', '199', '3', '0.5'), ('48', '3', '178', '2', '0.5'), ('49', '3', '180', '2', '0.5'), ('50', '3', '181', '2', '0.5'), ('51', '3', '182', '2', '0.5'), ('52', '3', '184', '2', '0.5'), ('53', '3', '185', '2', '0.5'), ('54', '3', '186', '1', '0.5'), ('55', '3', '189', '1', '0.5'), ('56', '3', '190', '3', '0.5'), ('57', '3', '224', '1', '0.5'), ('58', '3', '225', '1', '0.5'), ('59', '3', '178', '2', '0.5'), ('60', '3', '180', '2', '0.5'), ('61', '3', '181', '2', '0.5'), ('62', '3', '182', '2', '0.5'), ('63', '3', '184', '2', '0.5'), ('64', '3', '185', '2', '0.5'), ('65', '3', '186', '1', '0.5'), ('66', '3', '189', '1', '0.5'), ('67', '3', '190', '3', '0.5'), ('68', '3', '224', '1', '0.5'), ('69', '3', '225', '1', '0.5'), ('70', '1', '95', '3', '0.5'), ('71', '1', '96', '2', '0.5'), ('72', '1', '178', '2', '0.5');
COMMIT;

-- ----------------------------
--  Table structure for `outcome_event`
-- ----------------------------
DROP TABLE IF EXISTS `outcome_event`;
CREATE TABLE `outcome_event` (
  `id` int(11) NOT NULL AUTO_INCREMENT,
  `outcome_id` int(11) NOT NULL,
  `member_id` int(11) NOT NULL,
  `occurred` datetime NOT NULL,
  `name` varchar(100) NOT NULL,
  `category` varchar(100) NOT NULL,
  PRIMARY KEY (`id`,`outcome_id`),
  UNIQUE KEY `unique_id` (`id`),
  KEY `outcome_id_index` (`outcome_id`),
  KEY `member_id_index` (`member_id`),
  CONSTRAINT `outcome_event_ibfk_1` FOREIGN KEY (`outcome_id`) REFERENCES `outcome` (`id`),
  CONSTRAINT `outcome_event_ibfk_2` FOREIGN KEY (`member_id`) REFERENCES `member` (`id`)
) ENGINE=InnoDB AUTO_INCREMENT=119 DEFAULT CHARSET=utf8 ROW_FORMAT=COMPACT;

-- ----------------------------
--  Records of `outcome_event`
-- ----------------------------
BEGIN;
INSERT INTO `outcome_event` VALUES ('37', '6', '3', '2015-08-14 12:00:00', 'Patient Complaint', 'Code of Conduct'), ('38', '6', '4', '2015-08-14 12:00:00', 'Patient Complaint', 'Code of Conduct'), ('39', '6', '5', '2015-08-14 12:00:00', 'Patient Complaint', 'Code of Conduct'), ('40', '6', '6', '2015-08-14 12:00:00', 'Patient Complaint', 'Code of Conduct'), ('41', '6', '11', '2015-08-14 12:00:00', 'Patient Complaint', 'Code of Conduct'), ('42', '6', '12', '2015-08-14 12:00:00', 'Patient Complaint', 'Code of Conduct'), ('43', '6', '13', '2015-08-14 12:00:00', 'Patient Complaint', 'Code of Conduct'), ('44', '6', '14', '2015-08-14 12:00:00', 'Patient Complaint', 'Code of Conduct'), ('45', '6', '15', '2015-08-14 12:00:00', 'Patient Complaint', 'Code of Conduct'), ('46', '6', '7', '2015-08-14 12:00:00', 'Patient Complaint', 'Code of Conduct'), ('47', '6', '8', '2015-08-14 12:00:00', 'Patient Complaint', 'Code of Conduct'), ('48', '6', '9', '2015-08-14 12:00:00', 'Patient Complaint', 'Code of Conduct'), ('49', '6', '10', '2015-08-14 12:00:00', 'Patient Complaint', 'Code of Conduct'), ('50', '6', '16', '2015-08-14 12:00:00', 'Patient Complaint', 'Code of Conduct'), ('51', '6', '17', '2015-08-14 12:00:00', 'Patient Complaint', 'Code of Conduct'), ('52', '6', '18', '2015-08-14 12:00:00', 'Patient Complaint', 'Code of Conduct'), ('53', '6', '30', '2015-08-14 12:00:00', 'Patient Complaint', 'Code of Conduct'), ('54', '6', '20', '2015-08-14 12:00:00', 'Patient Complaint', 'Code of Conduct'), ('55', '6', '21', '2015-08-14 12:00:00', 'Patient Complaint', 'Code of Conduct'), ('56', '6', '22', '2015-08-14 12:00:00', 'Patient Complaint', 'Code of Conduct'), ('57', '6', '23', '2015-08-14 12:00:00', 'Patient Complaint', 'Code of Conduct'), ('58', '6', '24', '2015-08-14 12:00:00', 'Patient Complaint', 'Code of Conduct'), ('59', '6', '25', '2015-08-14 12:00:00', 'Patient Complaint', 'Code of Conduct'), ('60', '6', '26', '2015-08-14 12:00:00', 'Patient Complaint', 'Code of Conduct'), ('61', '6', '27', '2015-08-14 12:00:00', 'Patient Complaint', 'Code of Conduct'), ('62', '6', '28', '2015-08-14 12:00:00', 'Patient Complaint', 'Code of Conduct'), ('63', '6', '29', '2015-08-14 12:00:00', 'Patient Complaint', 'Code of Conduct'), ('68', '3', '3', '2015-08-14 12:00:00', 'Patient Fall', 'Patient Care'), ('69', '3', '4', '2015-08-14 12:00:00', 'Patient Fall', 'Patient Care'), ('70', '3', '5', '2015-08-14 12:00:00', 'Patient Fall', 'Patient Care'), ('71', '3', '6', '2015-08-14 12:00:00', 'Patient Fall', 'Patient Care'), ('72', '3', '11', '2015-08-14 12:00:00', 'Patient Fall', 'Patient Care'), ('73', '3', '12', '2015-08-14 12:00:00', 'Patient Fall', 'Patient Care'), ('74', '3', '13', '2015-08-14 12:00:00', 'Patient Fall', 'Patient Care'), ('75', '3', '14', '2015-08-14 12:00:00', 'Patient Fall', 'Patient Care'), ('76', '3', '15', '2015-08-14 12:00:00', 'Patient Fall', 'Patient Care'), ('77', '3', '7', '2015-08-14 12:00:00', 'Patient Fall', 'Patient Care'), ('78', '3', '8', '2015-08-14 12:00:00', 'Patient Fall', 'Patient Care'), ('79', '3', '9', '2015-08-14 12:00:00', 'Patient Fall', 'Patient Care'), ('80', '3', '10', '2015-08-14 12:00:00', 'Patient Fall', 'Patient Care'), ('81', '3', '16', '2015-08-14 12:00:00', 'Patient Fall', 'Patient Care'), ('82', '3', '17', '2015-08-14 12:00:00', 'Patient Fall', 'Patient Care'), ('83', '3', '18', '2015-08-14 12:00:00', 'Patient Fall', 'Patient Care'), ('84', '3', '30', '2015-08-14 12:00:00', 'Patient Fall', 'Patient Care'), ('85', '3', '20', '2015-08-14 12:00:00', 'Patient Fall', 'Patient Care'), ('86', '3', '21', '2015-08-14 12:00:00', 'Patient Fall', 'Patient Care'), ('87', '3', '22', '2015-08-14 12:00:00', 'Patient Fall', 'Patient Care'), ('88', '3', '23', '2015-08-14 12:00:00', 'Patient Fall', 'Patient Care'), ('89', '3', '24', '2015-08-14 12:00:00', 'Patient Fall', 'Patient Care'), ('90', '3', '25', '2015-08-14 12:00:00', 'Patient Fall', 'Patient Care'), ('91', '3', '26', '2015-08-14 12:00:00', 'Patient Fall', 'Patient Care'), ('92', '3', '27', '2015-08-14 12:00:00', 'Patient Fall', 'Patient Care'), ('93', '3', '28', '2015-08-14 12:00:00', 'Patient Fall', 'Patient Care'), ('94', '3', '29', '2015-08-14 12:00:00', 'Patient Fall', 'Patient Care'), ('97', '1', '6', '2015-06-14 12:00:00', 'Incorrect Drug', 'Medication'), ('98', '1', '14', '2015-06-24 11:00:00', 'Incorrect Drug', 'Medication'), ('99', '1', '15', '2015-08-14 09:00:00', 'Incorrect Drug', 'Medication'), ('100', '1', '16', '2015-08-14 16:00:00', 'Incorrect Drug', 'Medication'), ('101', '8', '6', '2015-08-27 13:00:00', 'Incorrect Strength', 'Medication'), ('102', '8', '8', '2015-08-27 15:00:00', 'Incorrect Strength', 'Medication'), ('103', '8', '16', '2015-08-27 12:00:00', 'Incorrect Strength', 'Medication'), ('108', '9', '6', '2015-08-04 18:00:00', 'Incorrect Release Form', 'Medication'), ('109', '9', '8', '2015-07-18 18:00:00', 'Incorrect Release Form', 'Medication'), ('110', '9', '14', '2015-06-16 18:00:00', 'Incorrect Release Form', 'Medication'), ('111', '9', '15', '2015-06-16 18:00:00', 'Incorrect Release Form', 'Medication'), ('112', '8', '8', '2015-07-18 18:00:00', 'Incorrect Dosage Form', 'Medication'), ('113', '8', '14', '2015-06-16 18:00:00', 'Incorrect Dosage Form', 'Medication'), ('114', '8', '15', '2015-06-16 18:00:00', 'Incorrect Dosage Form', 'Medication'), ('115', '7', '8', '2015-07-22 10:00:00', 'Incorrect Directions', 'Medication'), ('116', '7', '6', '2015-06-19 15:00:00', 'Incorrect Directions', 'Medication'), ('117', '7', '14', '2015-06-08 01:00:00', 'Incorrect Directions', 'Medication'), ('118', '7', '16', '2015-06-10 11:00:00', 'Incorrect Directions', 'Medication');
COMMIT;

-- ----------------------------
--  Table structure for `plan_item`
-- ----------------------------
DROP TABLE IF EXISTS `plan_item`;
CREATE TABLE `plan_item` (
  `id` int(11) NOT NULL AUTO_INCREMENT,
  `module_id` int(11) DEFAULT NULL,
  `plan_item_status_id` char(1) DEFAULT NULL,
  `status_stamp` timestamp NOT NULL DEFAULT CURRENT_TIMESTAMP,
  `member_id` int(11) NOT NULL,
  `recommendation_id` int(11) DEFAULT NULL,
  `score` float NOT NULL DEFAULT '0',
  `rank` int(11) NOT NULL DEFAULT '0',
  PRIMARY KEY (`id`),
  UNIQUE KEY `unique_id` (`id`),
  KEY `learning_module_id_index` (`module_id`),
  KEY `member_id_index` (`member_id`),
  KEY `plan_item_status_id` (`plan_item_status_id`),
  KEY `plan_item_recommendation__fk` (`recommendation_id`),
  CONSTRAINT `plan_item_ibfk_1` FOREIGN KEY (`module_id`) REFERENCES `module` (`id`),
  CONSTRAINT `plan_item_ibfk_2` FOREIGN KEY (`member_id`) REFERENCES `member` (`id`),
  CONSTRAINT `plan_item_ibfk_3` FOREIGN KEY (`plan_item_status_id`) REFERENCES `plan_item_status` (`id`),
  CONSTRAINT `plan_item_recommendation__fk` FOREIGN KEY (`recommendation_id`) REFERENCES `recommendation` (`id`)
) ENGINE=InnoDB AUTO_INCREMENT=310 DEFAULT CHARSET=utf8 ROW_FORMAT=COMPACT;

-- ----------------------------
--  Records of `plan_item`
-- ----------------------------
BEGIN;
INSERT INTO `plan_item` VALUES ('1', '11', 'C', '2015-08-25 10:49:47', '30', null, '3', '0'), ('2', '7', 'C', '2015-02-21 17:46:27', '18', null, '3', '0'), ('4', '2', 'C', '2015-04-21 17:46:27', '30', null, '4', '0'), ('6', '10', 'C', '2015-03-07 17:46:27', '14', null, '3', '0'), ('7', '5', 'C', '2015-03-02 17:46:27', '22', null, '0', '0'), ('8', '2', 'C', '2015-03-16 17:46:27', '12', null, '4', '0'), ('9', '7', 'C', '2015-02-26 17:46:27', '17', null, '4', '0'), ('10', '12', 'C', '2015-04-10 12:18:47', '5', null, '2', '0'), ('12', '5', 'R', '2015-07-03 09:42:47', '28', null, '0', '0'), ('13', '10', 'C', '2015-05-09 17:46:27', '13', null, '0', '0'), ('14', '1', 'C', '2015-02-06 17:46:27', '29', null, '2', '0'), ('17', '5', 'R', '2015-08-25 12:18:47', '18', null, '4', '0'), ('18', '8', 'R', '2015-07-03 10:49:47', '28', null, '1', '0'), ('19', '1', 'C', '2015-06-04 11:40:47', '30', null, '0', '0'), ('20', '1', 'C', '2015-03-09 17:46:27', '16', null, '5', '0'), ('32', '7', 'C', '2015-04-05 17:46:27', '29', null, '1', '0'), ('33', '12', 'C', '2015-02-04 17:46:27', '16', null, '3', '0'), ('34', '8', 'R', '2015-05-30 11:38:27', '30', null, '5', '0'), ('35', '10', 'E', '2015-06-04 11:38:27', '28', null, '5', '0'), ('36', '4', 'R', '2015-07-30 11:29:27', '17', null, '3', '0'), ('37', '3', 'C', '2015-08-10 09:43:27', '12', null, '1', '0'), ('38', '6', 'C', '2015-03-01 17:46:27', '16', null, '5', '0'), ('39', '8', 'C', '2015-02-28 17:46:27', '10', null, '3', '0'), ('40', '4', 'C', '2015-07-24 10:21:27', '6', null, '5', '0'), ('41', '3', 'C', '2015-08-05 11:02:27', '27', null, '5', '0'), ('42', '5', 'R', '2015-08-07 12:19:27', '13', null, '5', '0'), ('45', '6', 'C', '2015-03-23 17:46:27', '15', null, '1', '0'), ('49', '2', 'C', '2015-09-15 11:50:27', '6', null, '4', '0'), ('50', '4', 'C', '2015-04-10 17:46:27', '20', null, '2', '0'), ('51', '12', 'C', '2015-05-02 17:46:27', '29', null, '1', '0'), ('63', '3', 'C', '2015-06-04 11:38:41', '9', null, '0', '0'), ('64', '2', 'C', '2015-03-18 17:46:27', '26', null, '4', '0'), ('65', '2', 'R', '2015-05-25 11:50:41', '23', null, '3', '0'), ('66', '5', 'C', '2015-03-24 17:46:27', '23', null, '4', '0'), ('67', '4', 'C', '2015-02-22 17:46:27', '21', null, '4', '0'), ('69', '4', 'R', '2015-08-20 11:59:03', '14', null, '3', '0'), ('71', '9', 'C', '2015-03-22 17:46:27', '6', null, '5', '0'), ('72', '3', 'C', '2015-11-15 11:32:03', '23', null, '4', '0'), ('73', '8', 'C', '2015-11-20 11:20:03', '6', null, '1', '0'), ('74', '5', 'R', '2015-08-05 11:32:03', '16', null, '0', '0'), ('75', '2', 'R', '2015-08-25 12:37:03', '22', null, '5', '0'), ('76', '2', 'C', '2015-04-24 17:46:27', '16', null, '1', '0'), ('77', '11', 'C', '2015-10-03 17:46:27', '18', null, '0', '0'), ('78', '6', 'C', '2015-03-31 17:46:27', '30', null, '5', '0'), ('80', '9', 'R', '2015-08-25 12:37:03', '13', null, '1', '0'), ('81', '9', 'R', '2015-08-15 11:32:03', '28', null, '1', '0'), ('82', '5', 'E', '2015-08-25 13:18:03', '24', null, '5', '0'), ('84', '4', 'C', '2015-02-06 17:46:27', '24', null, '2', '0'), ('87', '3', 'C', '2015-07-24 17:46:27', '29', null, '2', '0'), ('88', '1', 'C', '2015-03-11 17:46:27', '13', null, '0', '0'), ('89', '4', 'E', '2015-06-04 13:06:03', '16', null, '5', '0'), ('90', '6', 'C', '2015-03-10 17:46:27', '24', null, '1', '0'), ('91', '8', 'C', '2015-06-28 12:40:03', '21', null, '4', '0'), ('93', '2', 'C', '2015-04-09 17:46:27', '15', null, '5', '0'), ('94', '11', 'C', '2015-04-26 17:46:27', '10', null, '1', '0'), ('96', '10', 'R', '2015-05-20 11:49:03', '17', null, '1', '0'), ('97', '6', 'C', '2015-02-21 17:46:27', '28', null, '2', '0'), ('98', '10', 'C', '2015-02-25 17:46:27', '21', null, '5', '0'), ('99', '8', 'R', '2015-05-25 12:01:03', '12', null, '5', '0'), ('101', '7', 'C', '2015-04-03 17:46:27', '21', null, '4', '0'), ('103', '4', 'C', '2015-03-01 17:46:27', '8', null, '0', '0'), ('105', '3', 'C', '2015-04-01 17:46:27', '8', null, '3', '0'), ('129', '7', 'R', '2015-08-27 11:45:50', '12', null, '2', '0'), ('130', '1', 'C', '2015-02-08 17:46:27', '25', null, '0', '0'), ('131', '10', 'C', '2015-03-31 17:46:27', '26', null, '1', '0'), ('133', '5', 'E', '2015-08-27 11:45:50', '31', null, '3', '0'), ('134', '10', 'E', '2015-08-27 11:45:50', '32', null, '1', '0'), ('135', '8', 'R', '2015-08-27 11:45:50', '17', null, '3', '0'), ('137', '9', 'E', '2015-08-27 11:45:50', '4', null, '4', '0'), ('138', '7', 'R', '2015-08-27 11:45:50', '33', null, '4', '0'), ('139', '11', 'C', '2015-04-09 17:46:27', '6', null, '0', '0'), ('140', '3', 'C', '2015-09-01 17:46:27', '9', null, '4', '0'), ('142', '8', 'E', '2015-08-27 11:45:50', '8', null, '4', '0'), ('143', '6', 'C', '2015-05-04 17:46:27', '4', null, '1', '0'), ('148', '10', 'C', '2015-04-24 17:46:27', '24', null, '4', '0'), ('149', '11', 'C', '2015-03-07 17:46:27', '12', null, '0', '0'), ('150', '11', 'C', '2015-02-24 17:46:27', '14', null, '5', '0'), ('152', '12', 'C', '2015-02-10 17:46:27', '4', null, '2', '0'), ('153', '12', 'C', '2015-04-19 17:46:27', '27', null, '1', '0'), ('154', '4', 'E', '2015-08-27 11:45:50', '10', null, '1', '0'), ('155', '1', 'E', '2015-08-27 11:45:50', '6', null, '0', '0'), ('157', '8', 'C', '2015-03-30 17:46:27', '5', null, '3', '0'), ('159', '2', 'R', '2015-08-27 11:45:50', '5', null, '3', '0'), ('162', '2', 'C', '2015-03-24 17:46:27', '13', null, '2', '0'), ('163', '5', 'C', '2015-04-23 17:46:27', '17', null, '5', '0'), ('166', '4', 'C', '2015-03-27 17:46:27', '27', null, '3', '0'), ('167', '3', 'C', '2015-08-24 17:46:27', '13', null, '1', '0'), ('168', '12', 'R', '2015-08-27 11:45:50', '14', null, '3', '0'), ('170', '2', 'C', '2015-03-27 17:46:27', '10', null, '5', '0'), ('172', '11', 'C', '2015-08-27 11:45:50', '29', null, '3', '0'), ('173', '9', 'C', '2015-05-10 17:46:27', '25', null, '4', '0'), ('174', '10', 'R', '2015-08-27 11:45:50', '22', null, '2', '0'), ('175', '12', 'C', '2015-08-27 11:45:50', '13', null, '2', '0'), ('176', '12', 'C', '2015-02-27 17:46:27', '23', null, '2', '0'), ('192', '12', 'R', '2015-08-27 11:45:50', '17', null, '5', '0'), ('193', '7', 'C', '2015-03-09 17:46:27', '30', null, '0', '0'), ('194', '1', 'C', '2015-02-03 17:46:27', '21', null, '2', '0'), ('195', '1', 'C', '2015-05-09 17:46:27', '32', null, '3', '0'), ('197', '4', 'C', '2015-08-27 11:45:50', '18', null, '5', '0'), ('199', '6', 'C', '2015-08-27 11:45:50', '14', null, '0', '0'), ('200', '6', 'C', '2015-04-22 17:46:27', '27', null, '0', '0'), ('201', '5', 'R', '2015-08-27 11:45:50', '12', null, '3', '0'), ('203', '10', 'C', '2015-02-08 17:46:27', '29', null, '5', '0'), ('204', '6', 'C', '2015-05-06 17:46:27', '29', null, '3', '0'), ('205', '8', 'C', '2015-03-20 17:46:27', '6', null, '5', '0'), ('206', '1', 'C', '2015-08-27 11:45:50', '14', null, '5', '0'), ('208', '2', 'C', '2015-08-27 11:45:50', '17', null, '3', '0'), ('209', '9', 'E', '2015-08-27 11:45:50', '15', null, '2', '0'), ('210', '5', 'C', '2015-03-24 17:46:27', '25', null, '3', '0'), ('211', '10', 'R', '2015-08-27 11:45:50', '20', null, '2', '0'), ('213', '4', 'C', '2015-02-16 17:46:27', '6', null, '4', '0'), ('214', '9', 'R', '2015-08-27 11:45:50', '30', null, '5', '0'), ('217', '4', 'C', '2015-02-19 17:46:27', '23', null, '3', '0'), ('219', '11', 'C', '2015-08-27 11:45:50', '5', null, '2', '0'), ('221', '7', 'C', '2015-03-17 17:46:27', '8', null, '1', '0'), ('222', '9', 'R', '2015-08-27 11:45:50', '6', null, '0', '0'), ('225', '6', 'C', '2015-04-07 17:46:27', '6', null, '0', '0'), ('226', '1', 'R', '2015-08-27 11:45:50', '10', null, '3', '0'), ('227', '10', 'C', '2015-05-02 17:46:27', '23', null, '3', '0'), ('228', '3', 'C', '2015-03-26 17:46:27', '8', null, '2', '0'), ('229', '6', 'C', '2015-05-08 17:46:27', '18', null, '0', '0'), ('230', '12', 'C', '2015-08-27 11:45:50', '28', null, '2', '0'), ('231', '7', 'C', '2015-02-18 17:46:27', '6', null, '0', '0'), ('232', '2', 'C', '2015-05-07 17:46:27', '8', null, '4', '0'), ('233', '9', 'C', '2015-08-27 11:45:50', '23', null, '3', '0'), ('234', '12', 'R', '2015-08-27 11:45:50', '10', null, '3', '0'), ('235', '11', 'C', '2015-03-24 17:46:27', '23', null, '2', '0'), ('236', '7', 'C', '2015-03-03 17:46:27', '15', null, '2', '0'), ('237', '6', 'R', '2015-08-27 11:45:50', '23', null, '5', '0'), ('255', '1', 'C', '2015-04-23 17:46:27', '28', null, '5', '0'), ('256', '4', 'R', '2015-08-11 11:46:10', '21', null, '1', '0'), ('257', '4', 'C', '2015-02-12 17:46:27', '5', null, '3', '0'), ('258', '2', 'C', '2015-02-12 17:46:27', '33', null, '2', '0'), ('260', '7', 'E', '2015-05-27 11:46:10', '23', null, '5', '0'), ('261', '11', 'C', '2015-01-23 17:46:27', '21', null, '1', '0'), ('263', '3', 'C', '2015-04-15 17:46:27', '27', null, '0', '0'), ('264', '8', 'C', '2015-05-11 17:46:27', '15', null, '4', '0'), ('265', '7', 'C', '2015-04-16 17:46:27', '17', null, '5', '0'), ('269', '2', 'C', '2015-08-01 11:46:10', '6', null, '1', '0'), ('270', '6', 'C', '2015-04-16 17:46:27', '20', null, '3', '0'), ('271', '1', 'E', '2015-07-16 11:46:10', '5', null, '5', '0'), ('272', '9', 'C', '2015-03-16 17:46:27', '21', null, '4', '0'), ('274', '5', 'C', '2015-05-05 17:46:27', '21', null, '5', '0'), ('286', '16', 'R', '2016-01-19 17:18:38', '11', '2', '1', '4'), ('287', '4', 'C', '2015-03-08 17:46:27', '4', null, '3', '0'), ('288', '2', 'R', '2015-06-20 11:46:11', '17', null, '2', '0'), ('289', '11', 'C', '2015-05-08 17:46:27', '27', null, '1', '0'), ('290', '12', 'C', '2015-04-15 17:46:27', '21', null, '1', '0'), ('291', '10', 'C', '2015-04-16 17:46:27', '18', null, '0', '0'), ('292', '6', 'C', '2015-07-07 11:46:11', '9', null, '0', '0'), ('294', '2', 'R', '2015-07-06 11:46:11', '21', null, '1', '0'), ('295', '11', 'C', '2015-06-21 17:46:27', '29', null, '0', '0'), ('296', '12', 'C', '2015-02-21 17:46:27', '22', null, '3', '0'), ('297', '8', 'C', '2015-03-25 17:46:27', '33', null, '4', '0'), ('299', '3', 'C', '2015-05-11 17:46:27', '25', null, '3', '0'), ('301', '3', 'C', '2015-05-09 17:46:27', '30', null, '5', '0'), ('302', '6', 'C', '2015-04-23 17:46:27', '25', null, '3', '0'), ('303', '5', 'C', '2015-05-10 17:46:27', '29', null, '5', '0'), ('304', '10', 'R', '2015-07-18 11:46:11', '27', null, '2', '0'), ('305', '10', 'C', '2015-03-17 17:46:27', '31', null, '0', '0'), ('306', '16', 'R', '2015-12-13 16:14:58', '7', '1', '1', '4'), ('308', '13', 'R', '2015-12-13 16:14:58', '7', '1', '2', '4'), ('309', '15', 'R', '2015-12-13 16:14:58', '7', '1', '3', '1');
COMMIT;

-- ----------------------------
--  Table structure for `plan_item_status`
-- ----------------------------
DROP TABLE IF EXISTS `plan_item_status`;
CREATE TABLE `plan_item_status` (
  `id` char(1) NOT NULL,
  `name` varchar(25) NOT NULL,
  `description` varchar(4000) NOT NULL,
  `const_name` varchar(25) NOT NULL,
  PRIMARY KEY (`id`),
  UNIQUE KEY `unique_id` (`id`),
  UNIQUE KEY `unique_name` (`name`),
  UNIQUE KEY `unique_const_name` (`const_name`)
) ENGINE=InnoDB DEFAULT CHARSET=utf8 ROW_FORMAT=COMPACT;

-- ----------------------------
--  Records of `plan_item_status`
-- ----------------------------
BEGIN;
INSERT INTO `plan_item_status` VALUES ('C', 'Completed', 'Course completed by member.', 'COMPLETED'), ('E', 'Enrolled', 'Enrolled in course, or accepted by member.', 'ENROLLED'), ('R', 'Recommended', 'Recommended by the system.', 'RECOMMENDED'), ('W', 'Withdrawn', 'Enrolled, but withdrawn and will not complete.', 'WITHDRAWN');
COMMIT;

-- ----------------------------
--  Table structure for `question`
-- ----------------------------
DROP TABLE IF EXISTS `question`;
CREATE TABLE `question` (
  `id` int(11) NOT NULL AUTO_INCREMENT,
  `question_group_id` int(11) NOT NULL,
  `question_type_id` int(11) NOT NULL DEFAULT '0',
  `sort_order` int(11) NOT NULL,
  `number` varchar(40) DEFAULT NULL,
  `name` varchar(1024) DEFAULT NULL,
  `summary` varchar(500) DEFAULT NULL,
  `description` varchar(5000) DEFAULT NULL,
  `importance` int(11) NOT NULL DEFAULT '1',
  PRIMARY KEY (`id`),
  KEY `question_group_id_index` (`question_group_id`),
  KEY `question_type_id_index` (`question_type_id`),
  CONSTRAINT `question_ibfk_1` FOREIGN KEY (`question_group_id`) REFERENCES `question_group` (`id`)
) ENGINE=InnoDB AUTO_INCREMENT=232 DEFAULT CHARSET=utf8 ROW_FORMAT=COMPACT;

-- ----------------------------
--  Records of `question`
-- ----------------------------
BEGIN;
INSERT INTO `question` VALUES ('95', '24', '37', '1', '1', 'Assessment', 'Gathering of information about a patient\'s physiological, psychological, sociological, and spiritual status.', null, '1'), ('96', '24', '38', '2', '2', 'Nursing Diagnosis', null, null, '1'), ('97', '24', '39', '3', '3', 'Planning/Implementation/Evaluation', null, null, '1'), ('98', '24', '40', '4', '4', 'Technology', null, null, '1'), ('99', '25', '41', '5', '1', 'Therapeutic Communication', null, null, '1'), ('100', '25', '42', '6', '2', 'Empowerment: Nurse, Patient, Family', null, null, '1'), ('101', '25', '43', '7', '3', 'Compassion', null, null, '1'), ('102', '25', '44', '8', '4', 'Advocacy and Ethics', null, null, '1'), ('103', '26', '45', '9', '1', 'Collaboration with the Health Care Team', null, null, '1'), ('104', '26', '46', '10', '2', 'Valuing Teams/Teamwork', null, null, '1'), ('105', '27', '47', '11', '1', 'Self', null, null, '1'), ('106', '28', '48', '12', '1', 'Innovation (creative solutions to everyday problems)', null, null, '1'), ('107', '28', '49', '13', '2', 'Research', null, null, '1'), ('178', '38', '122', '1', '1', 'Customer Focus', 'Relates work and job purpose to UMHHC mission and commitment to putting patients and families first.', null, '1'), ('179', '38', '123', '2', '2', 'Teamwork', 'Interacts effectively and builds respectful relationships within and between units and among individuals.', null, '1'), ('180', '38', '124', '3', '3', 'Communication', 'Communicates effectively in ways that enhance productivity and build respectful relationships. Demonstrates active listening, written, verbal, and information technology skills. Shares relevant information.', null, '1'), ('181', '38', '125', '4', '4', 'Conflict Resolution', 'Seeks constructive approaches to resolving workplace issues.', null, '1'), ('182', '38', '126', '5', '5', 'Integrity', 'Adheres to high standards of personal and professional conduct.', null, '1'), ('183', '38', '127', '6', '6', 'Adapting to Change', 'Responds positively to change, showing willingness to learn new ways to accomplish work.', null, '1'), ('184', '38', '128', '7', '7', 'Respect for Individuals', 'Fosters mutual respect and supports UMHS commitment to diversity. Promotes community building and diversity initiatives that help employees learn and respect each others differences.', null, '1'), ('185', '38', '129', '8', '8', 'Safety', 'Contributes to a safe and secure environment for patients, visitors, faculty, and staff by following hand hygiene and other established procedures and protocols as appropriate by job function.', null, '1'), ('186', '38', '130', '9', '9', 'Quality', 'Adopts practices to improve work processes, enhance customer satisfaction and ensure excellence in daily work.', null, '1'), ('187', '38', '131', '10', '10', 'Efficiency', 'Accomplishes work in ways that maximize productivity and available resources while minimizing waste.', null, '1'), ('188', '38', '132', '11', '11', 'Attendance.', '', null, '1'), ('189', '39', '133', '12', '1', 'Work effectively with physicians and other health care professionals to provide patient-centered care.', '', null, '1'), ('190', '39', '134', '13', '2', 'Demonstrate caring and respectful behaviors when interacting with patients and their families.', '', null, '1'), ('191', '39', '135', '14', '3', 'Obtains a relevant & complete health and medical history and performs appropriate physical examination.', '', null, '1'), ('192', '39', '136', '15', '4', 'Performs or orders appropriate preventive and/or diagnostic tests or procedures based on the patient\'\'s age and history.', '', null, '1'), ('193', '39', '137', '16', '5', 'Competently performs invasive and non-invasive procedures as appropriate to role.', '', null, '1'), ('194', '39', '138', '17', '6', 'Develop and carry out patient management plans', '', null, '1'), ('195', '39', '139', '18', '7', 'Provide health care services and education aimed at preventing health problems or maintaining health', '', null, '1'), ('196', '40', '140', '19', '1', 'Utilize critical thinking and clinical judgment in diagnostic process.', '', null, '1'), ('197', '40', '141', '20', '2', 'Formulate appropriate differential diagnosis based on the history, physical examination, and diagnostic test results.', '', null, '1'), ('198', '40', '142', '21', '3', 'Accurately interpret diagnostic tests.', '', null, '1'), ('199', '40', '143', '22', '4', 'Select appropriate pharmacologic and non-pharmacologic interventions.', '', null, '1'), ('200', '40', '144', '23', '5', 'Manage general medical and surgical conditions to include understanding the indications, contraindications, side effects, interactions, and adverse reactions of pharmacologic agents and other relevant treatment modalities', '', null, '1'), ('201', '40', '145', '24', '6', 'PRACTICE-BASED LEARNING AND IMPROVEMENT', 'Practice-based learning and improvement includes the processes through which clinicians engage in critical analysis of their own practice experience, medical literature, and other information resources for the purpose of self-improvement. Physician assistants are expected to:', null, '1'), ('202', '40', '146', '25', '7', 'Analyze their own clinical practice and perform practice-based improvement activities to improve their patient care practices.', '', null, '1'), ('203', '40', '147', '26', '8', 'Locate, appraise, and integrate evidence from scientific studies related to their area of practice.', '', null, '1'), ('204', '40', '148', '27', '9', 'Apply information technology to manage information, access online medical information, and support their own continuing education.', '', null, '1'), ('205', '40', '149', '28', '10', 'Facilitate the learning of students and/or other health care professionals within UMHS.', '', null, '1'), ('206', '41', '150', '29', '1', 'Communicate effectively with patients, families, and the public, as appropriate, across a broad range of socioeconomic and cultural backgrounds.', '', null, '1'), ('207', '41', '151', '30', '2', 'Communicate effectively and build respectful relationships with physicians, other health professionals, and health related agencies.', '', null, '1'), ('208', '41', '152', '31', '3', 'Work effectively as a member or leader of a health care team or other professional group.', '', null, '1'), ('209', '41', '153', '32', '4', 'Maintain comprehensive, timely, and legible medical records.', '', null, '1'), ('210', '42', '154', '33', '1', 'Understanding of legal and regulatory requirements, as well as the appropriate role of the physician assistant', '', null, '1'), ('211', '42', '155', '34', '2', 'Professional relationships with physician supervisors and other health care providers', '', null, '1'), ('212', '42', '156', '35', '3', 'Seek consultation with faculty, as appropriate, for concerns and issues outside practitioners scope of knowledge or skills.', '', null, '1'), ('213', '42', '157', '36', '4', 'Commitment to excellence and on-going professional development.', '', null, '1'), ('214', '42', '158', '37', '5', 'Compassion, integrity, and respect for others.', '', null, '1'), ('215', '42', '159', '38', '6', 'Responsiveness to patient needs that supersedes self-interest.', '', null, '1'), ('216', '42', '160', '39', '7', 'Respect for patient privacy and autonomy.', '', null, '1'), ('217', '42', '161', '40', '8', 'Accountability to patients, supervising physicians, society and the PA profession.', '', null, '1'), ('218', '42', '162', '41', '9', 'Sensitivity and responsiveness to patients\'\' culture, age, gender, and disabilities.', '', null, '1'), ('219', '42', '163', '42', '10', 'Systems Based Practice', 'Physician assistants must demonstrate an awareness of and responsiveness to the larger context and system of health care, as well as the ability to call effectively on other resources in the system to provide optimal health care. PAs should work to improve the larger health care system of which their practices are a part. Physician assistants are expected to:', null, '1'), ('220', '42', '164', '43', '11', 'Accurately identify the appropriate site of care for presenting conditions, including identifying emergent cases and those requiring referral or admission.', '', null, '1'), ('221', '42', '165', '44', '12', 'Practice cost-effective health care and resource allocation that does not compromise quality of care.', '', null, '1'), ('222', '42', '166', '45', '13', 'Advocate for quality patient care and assist patients in dealing with system complexities.', '', null, '1'), ('223', '42', '167', '46', '14', 'Partner with supervising physicians, health care managers, and other health care providers to assess, coordinate, and improve the delivery of health care and patient outcomes.', '', null, '1'), ('224', '42', '168', '47', '15', 'Accept responsibility for promoting a safe environment for patient care and recognizing and correcting systems-based factors that negatively impact patient care.', '', null, '1'), ('225', '42', '169', '48', '16', 'Adhere to and actively participate in patient safety initiatives to improve quality of care and patient outcomes within his/her area of practice.', '', null, '1'), ('226', '43', '37', '1', '1', 'Knowledge', 'Demonstrates maintenance of professional knowledge.', null, '1'), ('227', '43', '37', '2', '2', 'Interaction with Colleagues', '<p>Demonstrates collegial interactions with the healthcare team</p>', null, '1'), ('228', '44', '37', '3', '1', 'Safety Measures', 'Creates and manages safe environments that facilitate preceptees development and progress.', null, '1'), ('229', '45', '37', '4', '1', 'Preceptee Evaluation', 'Evaluation of the development and progress of preceptees.', null, '1'), ('230', '45', '37', '5', '2', 'Role Modeling', 'Serves as a role model for other preceptors and for preceptees.', null, '1'), ('231', '45', '37', '6', '3', 'Advocation', 'Sserves as a protector and advocates for needs of preceptees.', null, '1');
COMMIT;

-- ----------------------------
--  Table structure for `question_choice`
-- ----------------------------
DROP TABLE IF EXISTS `question_choice`;
CREATE TABLE `question_choice` (
  `id` int(11) NOT NULL AUTO_INCREMENT,
  `question_type_id` int(11) NOT NULL,
  `sort_order` int(11) NOT NULL,
  `name` varchar(200) DEFAULT NULL,
  `value` varchar(500) DEFAULT NULL,
  `rubric` varchar(500) DEFAULT NULL,
  `icon_prefix` varchar(50) DEFAULT NULL,
  PRIMARY KEY (`id`),
  KEY `question_type_id_index` (`question_type_id`),
  CONSTRAINT `question_choice_ibfk_1` FOREIGN KEY (`question_type_id`) REFERENCES `question_type` (`id`)
) ENGINE=InnoDB AUTO_INCREMENT=813 DEFAULT CHARSET=utf8 ROW_FORMAT=COMPACT;

-- ----------------------------
--  Records of `question_choice`
-- ----------------------------
BEGIN;
INSERT INTO `question_choice` VALUES ('158', '37', '0', '(not set)', '0', '(no value)', 'levelBg'), ('159', '37', '1', 'Advanced Beginner', '1', 'Performs assessment and identifies appropriate nursing diagnosis and/or patient care standard with assistance.\n', 'levelBg'), ('160', '37', '2', 'Fully Competent', '2', 'Independently and completely performs focused assessment to provide most effective patient care for a given patient population.\nRecognizes specialty data.\n', 'levelBg'), ('161', '37', '3', 'Proficient', '3', 'Independently and consistently performs goal- focused and individualized assessment when caring for all patients, including those with complex pathophysiological and psychosocial needs.\n', 'levelBg'), ('162', '37', '4', 'Expert', '4', 'Exhibits highly developed assessment abilities that exemplify a comprehensive understanding of the total patient/family situation.\n', 'levelBg'), ('163', '38', '0', '(not set)', '0', '(no value)', 'levelBg'), ('164', '38', '1', 'Advanced Beginner', '1', 'Recognizes data and identifies obvious nursing diagnoses.\n', 'levelBg'), ('165', '38', '2', 'Fully Competent', '2', 'Prioritizes key nursing diagnoses to address physical and psychosocial/ emotional areas.\n', 'levelBg'), ('166', '38', '3', 'Proficient', '3', 'Individualizes nursing diagnoses based on assessment data.\n', 'levelBg'), ('167', '38', '4', 'Expert', '4', 'Individualizes nursing diagnoses based on assessment data and integrates that with the diagnoses &amp; priorities of other disciplines in order to provide holistic care.\n', 'levelBg'), ('168', '39', '0', '(not set)', '0', '(no value)', 'levelBg'), ('169', '39', '1', 'Advanced Beginner', '1', 'Practice is guided primarily by policies, procedures, and standards.\nIdentifies expected outcomes and nursing interventions to meet identified diagnoses and maintain standards of clinical practice.\nEvaluates patients based on basic standards.\n', 'levelBg'), ('170', '39', '2', 'Fully Competent', '2', 'Practice is driven by theory and experience. Independently develops, implements, and evaluates plan of care that recognizes subtle changes in patients condition and adapts plan as needed.\n', 'levelBg'), ('171', '39', '3', 'Proficient', '3', 'Practice relies on previous experience for focused analysis of problems and solutions with individual patient modification in order to meet outcomes.\nAccommodates unplanned events and evaluates/ responds appropriately with speed, efficiency, flexibility and confidence.\n', 'levelBg'), ('172', '39', '4', 'Expert', '4', 'Practice is driven by an intuitive base and is self- directed, flexible, and innovative.\nIs consistently effective in providing holistic care that ensures positive change even in the most challenging patient care situations.\n', 'levelBg'), ('173', '40', '0', '(not set)', '0', '(no value)', 'levelBg'), ('174', '40', '1', 'Advanced Beginner', '1', 'Utilizes standard unit technology and with assistance uses advanced technology as appropriate. Utilizes computer correctly for basis functions, including:  Groupwise  CareWeb  labs and radiology results reporting  Omnicell  Mandatory Program/ Competencies  Policies and procedures\n', 'levelBg'), ('175', '40', '2', 'Fully Competent', '2', 'Utilizes standard unit technology and uses advanced technology as appropriate. Utilizes computer for basic functions as well as reference on patient conditions and treatment.\n', 'levelBg'), ('176', '40', '3', 'Proficient', '3', 'Becomes expert and resource for use of standard unit technology and advanced technology as appropriate.\nBecomes resource for use of computer.\n', 'levelBg'), ('177', '40', '4', 'Expert', '4', 'Takes a leadership role in evaluating technology and its potential for use.\nAble to conduct literature search through library functions  CINAHL, Cochrane, Medline, PubMed.\n', 'levelBg'), ('178', '41', '0', '(not set)', '0', '(no value)', 'levelBg'), ('179', '41', '1', 'Advanced Beginner', '1', 'Recognizes how the nurse- patient/family relationship impacts the patient experience. Introduces self as a Registered Nurse and describes role.\nConsistently wears identification. Establishes open communication.\n', 'levelBg'), ('180', '41', '2', 'Fully Competent', '2', 'Possesses clarity on ones own values and how they effect interactions, relationships and boundary setting.\nIndividualizes communication based on assessment of the patients and families.\n', 'levelBg'), ('181', '41', '3', 'Proficient', '3', 'Consistently role models individualized therapeutic communication based on patient and family needs. Initiates consultation/leader- ship with the healthcare team to share and promote collaborative approach to patient and family care.\n', 'levelBg'), ('182', '41', '4', 'Expert', '4', 'Intuitively uses expert therapeutic communication with patient/family.\nShares and promotes collaborative approach to patient and family care.\n', 'levelBg'), ('183', '42', '0', '(not set)', '0', '(no value)', 'levelBg'), ('184', '42', '1', 'Advanced Beginner', '1', 'Recognizes the need for patient and family to participate in care. Seeks help as appropriate to assess readiness for participation in care.\n', 'levelBg'), ('185', '42', '2', 'Fully Competent', '2', 'Incorporates patient/family in planning and implementing care.\n', 'levelBg'), ('186', '42', '3', 'Proficient', '3', 'Invites patients and families to actively participate in plan of care to foster growth and competence.\n', 'levelBg'), ('187', '42', '4', 'Expert', '4', 'Maximizes patient/family participation in decision making and goal setting along the continuum of care.\n', 'levelBg'), ('188', '43', '0', '(not set)', '0', '(no value)', 'levelBg'), ('189', '43', '1', 'Advanced Beginner', '1', 'Actively listens to patient/ family concerns in a respectful manner.\nShows kindness and caring with patients/families.\n', 'levelBg'), ('190', '43', '2', 'Fully Competent', '2', 'Demonstrates empathy in interactions with patient/ Families.\n', 'levelBg'), ('191', '43', '3', 'Proficient', '3', 'Plans and provides nursing care that promotes intentional caring.\n', 'levelBg'), ('192', '43', '4', 'Expert', '4', 'Intuitive understanding of patient/family experience and is proactive in providing creative approaches to optimize comfort and support.\n', 'levelBg'), ('193', '44', '0', '(not set)', '0', '(no value)', 'levelBg'), ('194', '44', '1', 'Advanced Beginner', '1', 'Recognizes, respects, and supports patient/family rights and maintains confidentiality.\nAware of UMHS patient rights and responsibility.\n', 'levelBg'), ('195', '44', '2', 'Fully Competent', '2', 'Mobilizes appropriate resources in response to situations that have the potential to negatively impact patient/family outcomes.\nRecognizes ethical issues and seeks assistance in addressing them.\n', 'levelBg'), ('196', '44', '3', 'Proficient', '3', 'Challenges situations and/or decisions that obstruct positive patient outcomes and works to reduce barriers. Anticipates patient/family needs.\n', 'levelBg'), ('197', '44', '4', 'Expert', '4', '***Challenges and adapts systems to maximize the benefits for patient care.\n', 'levelBg'), ('198', '45', '0', '(not set)', '0', '(no value)', 'levelBg'), ('199', '45', '1', 'Advanced Beginner', '1', 'Recognizes role of each member of the health care team.\nAware of importance of team collaboration and with guidance begins to initiate collaborative communication.\nInitiates referrals.\nRecognizes the impact of ones behavior on others.\n', 'levelBg'), ('200', '45', '2', 'Fully Competent', '2', 'Initiates, recognizes and values professional collaborative communication and the positive effect on patient outcomes. Identifies and utilizes collaborative resources.\nMonitors referrals.\n', 'levelBg'), ('201', '45', '3', 'Proficient', '3', 'Is sought out by members of the multi-disciplinary health care team.\nFrequently initiates consults with health care team.\nActively collaborates with other health professionals in delivering care.\nRecognizes need and calls for team conference.\nActs as resource to nursing and health care team.\n', 'levelBg'), ('202', '45', '4', 'Expert', '4', 'Through shared values and a clear professional identify, demonstrates and role models an interdisciplinary collaborative approach to patient care.\nParticipates and/or leads team care conference.\n', 'levelBg'), ('203', '46', '0', '(not set)', '0', '(no value)', 'levelBg'), ('204', '46', '1', 'Advanced Beginner', '1', 'Identifies self as member of nursing and health care teams. Begins to generate trust, respect, and compassion within the workgroup.\nTakes responsibility for developing beginning team relationships.\nSeeks assistance with resolving conflict. Meets professional commitments consistently.\nAsks for and accepts help when needed.\n', 'levelBg'), ('205', '46', '2', 'Fully Competent', '2', 'Functions as an independent and supportive team member. Provides assistance to others. Demonstrates empathy and compassion in interactions with team members.\nApproaches conflict situations in a constructive manner.\n', 'levelBg'), ('206', '46', '3', 'Proficient', '3', 'Fosters mutual regard, respect, and trust.\nDemonstrates flexibility.\nCreates conditions and relationships that promote creative, innovative, and positive processes and outcomes.\nRole models behaviors that demonstrate compassion and caring.\nFosters others development of conflict resolution skills.\nDemonstrates active engagement to enhance patient care and promote a positive workplace.\n', 'levelBg'), ('207', '46', '4', 'Expert', '4', 'Demonstrates team values that orient people to care about performance and success of others.\nRecognizes value of conflict in individual and organization learning and growth.\n', 'levelBg'), ('208', '47', '0', '(not set)', '0', '(no value)', 'levelBg'), ('209', '47', '1', 'Advanced Beginner', '1', 'Engages in self assessment related to orientation and ongoing learning needs and seeks out unit resources to assist in meeting needs.\nCompletes mandatory/ competency requirements during orientation and annually.\n', 'levelBg'), ('210', '47', '2', 'Fully Competent', '2', 'Sets goals for knowledge/ skill enhancement within the practice setting.\nSeeks out additional learning experiences within practice area:  Unit specific certifications  Consultation with experts  Inservices/rounds  Collaborates with multidisciplinary team\n', 'levelBg'), ('211', '47', '3', 'Proficient', '3', '***Sets goals for knowledge/skill enhancement within and beyond the practice setting.\n***Attends inservice(s)/CE within and beyond practice area.\n', 'levelBg'), ('212', '47', '4', 'Expert', '4', '***Sets goals in self directed manner and actively seeks out opportunities for knowledge/skill enhancement within and beyond the practice setting.\n***Evidence of advancing professional identify (at least one):  Certification in specialty (ACCN, ANCC Specialty Areas)  Active participation in Professional organization (i.e., clinical specialty organizations, UMPNC, MNA, ANA, UAN)  Active membership/ leadership role in institutional groups related to nursing\n', 'levelBg'), ('213', '48', '0', '(not set)', '0', '(no value)', 'levelBg'), ('214', '48', '1', 'Advanced Beginner', '1', 'Has knowledge of and supports established nursing improvement projects/endeavors in practice setting.\n', 'levelBg'), ('215', '48', '2', 'Fully Competent', '2', 'Identifies areas for creative improvement in practice setting and seeks out resources and avenues to address them (unit practice council, content experts, etc.).\n', 'levelBg'), ('216', '48', '3', 'Proficient', '3', 'Takes on leadership role in relation to innovations/ improvements in practice setting. Reads evidence based articles related to area of practice.\n', 'levelBg'), ('217', '48', '4', 'Expert', '4', 'Independently seeks out opportunities to share information and influence evidence based nursing practice.\nEvaluates effectiveness of innovation/practice challenges.\n', 'levelBg'), ('218', '49', '0', '(not set)', '0', '(no value)', 'levelBg'), ('219', '49', '1', 'Advanced Beginner', '1', 'Reads clinical articles. Participates in unit/area based Continuous Quality Improvement projects.\n', 'levelBg'), ('220', '49', '2', 'Fully Competent', '2', 'Demonstrates an awareness of current literature in area of practice, including journal club, inservices, etc.\nIdentifies individual patient problems which require investigation. Participates in unit/area based research, as appropriate.\n', 'levelBg'), ('221', '49', '3', 'Proficient', '3', '***Participates in unit/area based/institutional Continuous Quality Improvement projects.\nPresents at unit based educational forums.\n', 'levelBg'), ('222', '49', '4', 'Expert', '4', 'Implements change in practice for a population of patients based on the application of current research findings and evaluates effectiveness of practice changes.\nMakes recommendations for changes in practice based on findings. ***Shares findings of Continuous Quality Improvement projects, such as:  Unit presentation  Rounds  Poster  Publishing\nApplies current literature/ research to problems in practice area.\n', 'levelBg'), ('573', '122', '0', '(not set)', '0', '(no value)', 'levelBg'), ('574', '122', '1', 'Not Met', '1', 'The requirements are not met.', 'levelBg'), ('575', '122', '2', 'Approaching', '2', 'Progress is being made toward completion of the requirements.', 'levelBg'), ('576', '122', '3', 'Solid Performance', '3', 'Requirements have been met.', 'levelBg'), ('577', '122', '4', 'Exemplary', '4', 'Requirements have been met and exceeded.', 'levelBg'), ('578', '123', '0', '(not set)', '0', '(no value)', 'levelBg'), ('579', '123', '1', 'Not Met', '1', 'The requirements are not met.', 'levelBg'), ('580', '123', '2', 'Approaching', '2', 'Progress is being made toward completion of the requirements.', 'levelBg'), ('581', '123', '3', 'Solid Performance', '3', 'Requirements have been met.', 'levelBg'), ('582', '123', '4', 'Exemplary', '4', 'Requirements have been met and exceeded.', 'levelBg'), ('583', '124', '0', '(not set)', '0', '(no value)', 'levelBg'), ('584', '124', '1', 'Not Met', '1', 'The requirements are not met.', 'levelBg'), ('585', '124', '2', 'Approaching', '2', 'Progress is being made toward completion of the requirements.', 'levelBg'), ('586', '124', '3', 'Solid Performance', '3', 'Requirements have been met.', 'levelBg'), ('587', '124', '4', 'Exemplary', '4', 'Requirements have been met and exceeded.', 'levelBg'), ('588', '125', '0', '(not set)', '0', '(no value)', 'levelBg'), ('589', '125', '1', 'Not Met', '1', 'The requirements are not met.', 'levelBg'), ('590', '125', '2', 'Approaching', '2', 'Progress is being made toward completion of the requirements.', 'levelBg'), ('591', '125', '3', 'Solid Performance', '3', 'Requirements have been met.', 'levelBg'), ('592', '125', '4', 'Exemplary', '4', 'Requirements have been met and exceeded.', 'levelBg'), ('593', '126', '0', '(not set)', '0', '(no value)', 'levelBg'), ('594', '126', '1', 'Not Met', '1', 'The requirements are not met.', 'levelBg'), ('595', '126', '2', 'Approaching', '2', 'Progress is being made toward completion of the requirements.', 'levelBg'), ('596', '126', '3', 'Solid Performance', '3', 'Requirements have been met.', 'levelBg'), ('597', '126', '4', 'Exemplary', '4', 'Requirements have been met and exceeded.', 'levelBg'), ('598', '127', '0', '(not set)', '0', '(no value)', 'levelBg'), ('599', '127', '1', 'Not Met', '1', 'The requirements are not met.', 'levelBg'), ('600', '127', '2', 'Approaching', '2', 'Progress is being made toward completion of the requirements.', 'levelBg'), ('601', '127', '3', 'Solid Performance', '3', 'Requirements have been met.', 'levelBg'), ('602', '127', '4', 'Exemplary', '4', 'Requirements have been met and exceeded.', 'levelBg'), ('603', '128', '0', '(not set)', '0', '(no value)', 'levelBg'), ('604', '128', '1', 'Not Met', '1', 'The requirements are not met.', 'levelBg'), ('605', '128', '2', 'Approaching', '2', 'Progress is being made toward completion of the requirements.', 'levelBg'), ('606', '128', '3', 'Solid Performance', '3', 'Requirements have been met.', 'levelBg'), ('607', '128', '4', 'Exemplary', '4', 'Requirements have been met and exceeded.', 'levelBg'), ('608', '129', '0', '(not set)', '0', '(no value)', 'levelBg'), ('609', '129', '1', 'Not Met', '1', 'The requirements are not met.', 'levelBg'), ('610', '129', '2', 'Approaching', '2', 'Progress is being made toward completion of the requirements.', 'levelBg'), ('611', '129', '3', 'Solid Performance', '3', 'Requirements have been met.', 'levelBg'), ('612', '129', '4', 'Exemplary', '4', 'Requirements have been met and exceeded.', 'levelBg'), ('613', '130', '0', '(not set)', '0', '(no value)', 'levelBg'), ('614', '130', '1', 'Not Met', '1', 'The requirements are not met.', 'levelBg'), ('615', '130', '2', 'Approaching', '2', 'Progress is being made toward completion of the requirements.', 'levelBg'), ('616', '130', '3', 'Solid Performance', '3', 'Requirements have been met.', 'levelBg'), ('617', '130', '4', 'Exemplary', '4', 'Requirements have been met and exceeded.', 'levelBg'), ('618', '131', '0', '(not set)', '0', '(no value)', 'levelBg'), ('619', '131', '1', 'Not Met', '1', 'The requirements are not met.', 'levelBg'), ('620', '131', '2', 'Approaching', '2', 'Progress is being made toward completion of the requirements.', 'levelBg'), ('621', '131', '3', 'Solid Performance', '3', 'Requirements have been met.', 'levelBg'), ('622', '131', '4', 'Exemplary', '4', 'Requirements have been met and exceeded.', 'levelBg'), ('623', '132', '0', '(not set)', '0', '(no value)', 'levelBg'), ('624', '132', '1', 'Not Met', '1', 'The requirements are not met.', 'levelBg'), ('625', '132', '2', 'Approaching', '2', 'Progress is being made toward completion of the requirements.', 'levelBg'), ('626', '132', '3', 'Solid Performance', '3', 'Requirements have been met.', 'levelBg'), ('627', '132', '4', 'Exemplary', '4', 'Requirements have been met and exceeded.', 'levelBg'), ('628', '133', '0', '(not set)', '0', '(no value)', 'levelBg'), ('629', '133', '1', 'Not Met', '1', 'The requirements are not met.', 'levelBg'), ('630', '133', '2', 'Approaching', '2', 'Progress is being made toward completion of the requirements.', 'levelBg'), ('631', '133', '3', 'Solid Performance', '3', 'Requirements have been met.', 'levelBg'), ('632', '133', '4', 'Exemplary', '4', 'Requirements have been met and exceeded.', 'levelBg'), ('633', '134', '0', '(not set)', '0', '(no value)', 'levelBg'), ('634', '134', '1', 'Not Met', '1', 'The requirements are not met.', 'levelBg'), ('635', '134', '2', 'Approaching', '2', 'Progress is being made toward completion of the requirements.', 'levelBg'), ('636', '134', '3', 'Solid Performance', '3', 'Requirements have been met.', 'levelBg'), ('637', '134', '4', 'Exemplary', '4', 'Requirements have been met and exceeded.', 'levelBg'), ('638', '135', '0', '(not set)', '0', '(no value)', 'levelBg'), ('639', '135', '1', 'Not Met', '1', 'The requirements are not met.', 'levelBg'), ('640', '135', '2', 'Approaching', '2', 'Progress is being made toward completion of the requirements.', 'levelBg'), ('641', '135', '3', 'Solid Performance', '3', 'Requirements have been met.', 'levelBg'), ('642', '135', '4', 'Exemplary', '4', 'Requirements have been met and exceeded.', 'levelBg'), ('643', '136', '0', '(not set)', '0', '(no value)', 'levelBg'), ('644', '136', '1', 'Not Met', '1', 'The requirements are not met.', 'levelBg'), ('645', '136', '2', 'Approaching', '2', 'Progress is being made toward completion of the requirements.', 'levelBg'), ('646', '136', '3', 'Solid Performance', '3', 'Requirements have been met.', 'levelBg'), ('647', '136', '4', 'Exemplary', '4', 'Requirements have been met and exceeded.', 'levelBg'), ('648', '137', '0', '(not set)', '0', '(no value)', 'levelBg'), ('649', '137', '1', 'Not Met', '1', 'The requirements are not met.', 'levelBg'), ('650', '137', '2', 'Approaching', '2', 'Progress is being made toward completion of the requirements.', 'levelBg'), ('651', '137', '3', 'Solid Performance', '3', 'Requirements have been met.', 'levelBg'), ('652', '137', '4', 'Exemplary', '4', 'Requirements have been met and exceeded.', 'levelBg'), ('653', '138', '0', '(not set)', '0', '(no value)', 'levelBg'), ('654', '138', '1', 'Not Met', '1', 'The requirements are not met.', 'levelBg'), ('655', '138', '2', 'Approaching', '2', 'Progress is being made toward completion of the requirements.', 'levelBg'), ('656', '138', '3', 'Solid Performance', '3', 'Requirements have been met.', 'levelBg'), ('657', '138', '4', 'Exemplary', '4', 'Requirements have been met and exceeded.', 'levelBg'), ('658', '139', '0', '(not set)', '0', '(no value)', 'levelBg'), ('659', '139', '1', 'Not Met', '1', 'The requirements are not met.', 'levelBg'), ('660', '139', '2', 'Approaching', '2', 'Progress is being made toward completion of the requirements.', 'levelBg'), ('661', '139', '3', 'Solid Performance', '3', 'Requirements have been met.', 'levelBg'), ('662', '139', '4', 'Exemplary', '4', 'Requirements have been met and exceeded.', 'levelBg'), ('663', '140', '0', '(not set)', '0', '(no value)', 'levelBg'), ('664', '140', '1', 'Not Met', '1', 'The requirements are not met.', 'levelBg'), ('665', '140', '2', 'Approaching', '2', 'Progress is being made toward completion of the requirements.', 'levelBg'), ('666', '140', '3', 'Solid Performance', '3', 'Requirements have been met.', 'levelBg'), ('667', '140', '4', 'Exemplary', '4', 'Requirements have been met and exceeded.', 'levelBg'), ('668', '141', '0', '(not set)', '0', '(no value)', 'levelBg'), ('669', '141', '1', 'Not Met', '1', 'The requirements are not met.', 'levelBg'), ('670', '141', '2', 'Approaching', '2', 'Progress is being made toward completion of the requirements.', 'levelBg'), ('671', '141', '3', 'Solid Performance', '3', 'Requirements have been met.', 'levelBg'), ('672', '141', '4', 'Exemplary', '4', 'Requirements have been met and exceeded.', 'levelBg'), ('673', '142', '0', '(not set)', '0', '(no value)', 'levelBg'), ('674', '142', '1', 'Not Met', '1', 'The requirements are not met.', 'levelBg'), ('675', '142', '2', 'Approaching', '2', 'Progress is being made toward completion of the requirements.', 'levelBg'), ('676', '142', '3', 'Solid Performance', '3', 'Requirements have been met.', 'levelBg'), ('677', '142', '4', 'Exemplary', '4', 'Requirements have been met and exceeded.', 'levelBg'), ('678', '143', '0', '(not set)', '0', '(no value)', 'levelBg'), ('679', '143', '1', 'Not Met', '1', 'The requirements are not met.', 'levelBg'), ('680', '143', '2', 'Approaching', '2', 'Progress is being made toward completion of the requirements.', 'levelBg'), ('681', '143', '3', 'Solid Performance', '3', 'Requirements have been met.', 'levelBg'), ('682', '143', '4', 'Exemplary', '4', 'Requirements have been met and exceeded.', 'levelBg'), ('683', '144', '0', '(not set)', '0', '(no value)', 'levelBg'), ('684', '144', '1', 'Not Met', '1', 'The requirements are not met.', 'levelBg'), ('685', '144', '2', 'Approaching', '2', 'Progress is being made toward completion of the requirements.', 'levelBg'), ('686', '144', '3', 'Solid Performance', '3', 'Requirements have been met.', 'levelBg'), ('687', '144', '4', 'Exemplary', '4', 'Requirements have been met and exceeded.', 'levelBg'), ('688', '145', '0', '(not set)', '0', '(no value)', 'levelBg'), ('689', '145', '1', 'Not Met', '1', 'The requirements are not met.', 'levelBg'), ('690', '145', '2', 'Approaching', '2', 'Progress is being made toward completion of the requirements.', 'levelBg'), ('691', '145', '3', 'Solid Performance', '3', 'Requirements have been met.', 'levelBg'), ('692', '145', '4', 'Exemplary', '4', 'Requirements have been met and exceeded.', 'levelBg'), ('693', '146', '0', '(not set)', '0', '(no value)', 'levelBg'), ('694', '146', '1', 'Not Met', '1', 'The requirements are not met.', 'levelBg'), ('695', '146', '2', 'Approaching', '2', 'Progress is being made toward completion of the requirements.', 'levelBg'), ('696', '146', '3', 'Solid Performance', '3', 'Requirements have been met.', 'levelBg'), ('697', '146', '4', 'Exemplary', '4', 'Requirements have been met and exceeded.', 'levelBg'), ('698', '147', '0', '(not set)', '0', '(no value)', 'levelBg'), ('699', '147', '1', 'Not Met', '1', 'The requirements are not met.', 'levelBg'), ('700', '147', '2', 'Approaching', '2', 'Progress is being made toward completion of the requirements.', 'levelBg'), ('701', '147', '3', 'Solid Performance', '3', 'Requirements have been met.', 'levelBg'), ('702', '147', '4', 'Exemplary', '4', 'Requirements have been met and exceeded.', 'levelBg'), ('703', '148', '0', '(not set)', '0', '(no value)', 'levelBg'), ('704', '148', '1', 'Not Met', '1', 'The requirements are not met.', 'levelBg'), ('705', '148', '2', 'Approaching', '2', 'Progress is being made toward completion of the requirements.', 'levelBg'), ('706', '148', '3', 'Solid Performance', '3', 'Requirements have been met.', 'levelBg'), ('707', '148', '4', 'Exemplary', '4', 'Requirements have been met and exceeded.', 'levelBg'), ('708', '149', '0', '(not set)', '0', '(no value)', 'levelBg'), ('709', '149', '1', 'Not Met', '1', 'The requirements are not met.', 'levelBg'), ('710', '149', '2', 'Approaching', '2', 'Progress is being made toward completion of the requirements.', 'levelBg'), ('711', '149', '3', 'Solid Performance', '3', 'Requirements have been met.', 'levelBg'), ('712', '149', '4', 'Exemplary', '4', 'Requirements have been met and exceeded.', 'levelBg'), ('713', '150', '0', '(not set)', '0', '(no value)', 'levelBg'), ('714', '150', '1', 'Not Met', '1', 'The requirements are not met.', 'levelBg'), ('715', '150', '2', 'Approaching', '2', 'Progress is being made toward completion of the requirements.', 'levelBg'), ('716', '150', '3', 'Solid Performance', '3', 'Requirements have been met.', 'levelBg'), ('717', '150', '4', 'Exemplary', '4', 'Requirements have been met and exceeded.', 'levelBg'), ('718', '151', '0', '(not set)', '0', '(no value)', 'levelBg'), ('719', '151', '1', 'Not Met', '1', 'The requirements are not met.', 'levelBg'), ('720', '151', '2', 'Approaching', '2', 'Progress is being made toward completion of the requirements.', 'levelBg'), ('721', '151', '3', 'Solid Performance', '3', 'Requirements have been met.', 'levelBg'), ('722', '151', '4', 'Exemplary', '4', 'Requirements have been met and exceeded.', 'levelBg'), ('723', '152', '0', '(not set)', '0', '(no value)', 'levelBg'), ('724', '152', '1', 'Not Met', '1', 'The requirements are not met.', 'levelBg'), ('725', '152', '2', 'Approaching', '2', 'Progress is being made toward completion of the requirements.', 'levelBg'), ('726', '152', '3', 'Solid Performance', '3', 'Requirements have been met.', 'levelBg'), ('727', '152', '4', 'Exemplary', '4', 'Requirements have been met and exceeded.', 'levelBg'), ('728', '153', '0', '(not set)', '0', '(no value)', 'levelBg'), ('729', '153', '1', 'Not Met', '1', 'The requirements are not met.', 'levelBg'), ('730', '153', '2', 'Approaching', '2', 'Progress is being made toward completion of the requirements.', 'levelBg'), ('731', '153', '3', 'Solid Performance', '3', 'Requirements have been met.', 'levelBg'), ('732', '153', '4', 'Exemplary', '4', 'Requirements have been met and exceeded.', 'levelBg'), ('733', '154', '0', '(not set)', '0', '(no value)', 'levelBg'), ('734', '154', '1', 'Not Met', '1', 'The requirements are not met.', 'levelBg'), ('735', '154', '2', 'Approaching', '2', 'Progress is being made toward completion of the requirements.', 'levelBg'), ('736', '154', '3', 'Solid Performance', '3', 'Requirements have been met.', 'levelBg'), ('737', '154', '4', 'Exemplary', '4', 'Requirements have been met and exceeded.', 'levelBg'), ('738', '155', '0', '(not set)', '0', '(no value)', 'levelBg'), ('739', '155', '1', 'Not Met', '1', 'The requirements are not met.', 'levelBg'), ('740', '155', '2', 'Approaching', '2', 'Progress is being made toward completion of the requirements.', 'levelBg'), ('741', '155', '3', 'Solid Performance', '3', 'Requirements have been met.', 'levelBg'), ('742', '155', '4', 'Exemplary', '4', 'Requirements have been met and exceeded.', 'levelBg'), ('743', '156', '0', '(not set)', '0', '(no value)', 'levelBg'), ('744', '156', '1', 'Not Met', '1', 'The requirements are not met.', 'levelBg'), ('745', '156', '2', 'Approaching', '2', 'Progress is being made toward completion of the requirements.', 'levelBg'), ('746', '156', '3', 'Solid Performance', '3', 'Requirements have been met.', 'levelBg'), ('747', '156', '4', 'Exemplary', '4', 'Requirements have been met and exceeded.', 'levelBg'), ('748', '157', '0', '(not set)', '0', '(no value)', 'levelBg'), ('749', '157', '1', 'Not Met', '1', 'The requirements are not met.', 'levelBg'), ('750', '157', '2', 'Approaching', '2', 'Progress is being made toward completion of the requirements.', 'levelBg'), ('751', '157', '3', 'Solid Performance', '3', 'Requirements have been met.', 'levelBg'), ('752', '157', '4', 'Exemplary', '4', 'Requirements have been met and exceeded.', 'levelBg'), ('753', '158', '0', '(not set)', '0', '(no value)', 'levelBg'), ('754', '158', '1', 'Not Met', '1', 'The requirements are not met.', 'levelBg'), ('755', '158', '2', 'Approaching', '2', 'Progress is being made toward completion of the requirements.', 'levelBg'), ('756', '158', '3', 'Solid Performance', '3', 'Requirements have been met.', 'levelBg'), ('757', '158', '4', 'Exemplary', '4', 'Requirements have been met and exceeded.', 'levelBg'), ('758', '159', '0', '(not set)', '0', '(no value)', 'levelBg'), ('759', '159', '1', 'Not Met', '1', 'The requirements are not met.', 'levelBg'), ('760', '159', '2', 'Approaching', '2', 'Progress is being made toward completion of the requirements.', 'levelBg'), ('761', '159', '3', 'Solid Performance', '3', 'Requirements have been met.', 'levelBg'), ('762', '159', '4', 'Exemplary', '4', 'Requirements have been met and exceeded.', 'levelBg'), ('763', '160', '0', '(not set)', '0', '(no value)', 'levelBg'), ('764', '160', '1', 'Not Met', '1', 'The requirements are not met.', 'levelBg'), ('765', '160', '2', 'Approaching', '2', 'Progress is being made toward completion of the requirements.', 'levelBg'), ('766', '160', '3', 'Solid Performance', '3', 'Requirements have been met.', 'levelBg'), ('767', '160', '4', 'Exemplary', '4', 'Requirements have been met and exceeded.', 'levelBg'), ('768', '161', '0', '(not set)', '0', '(no value)', 'levelBg'), ('769', '161', '1', 'Not Met', '1', 'The requirements are not met.', 'levelBg'), ('770', '161', '2', 'Approaching', '2', 'Progress is being made toward completion of the requirements.', 'levelBg'), ('771', '161', '3', 'Solid Performance', '3', 'Requirements have been met.', 'levelBg'), ('772', '161', '4', 'Exemplary', '4', 'Requirements have been met and exceeded.', 'levelBg'), ('773', '162', '0', '(not set)', '0', '(no value)', 'levelBg'), ('774', '162', '1', 'Not Met', '1', 'The requirements are not met.', 'levelBg'), ('775', '162', '2', 'Approaching', '2', 'Progress is being made toward completion of the requirements.', 'levelBg'), ('776', '162', '3', 'Solid Performance', '3', 'Requirements have been met.', 'levelBg'), ('777', '162', '4', 'Exemplary', '4', 'Requirements have been met and exceeded.', 'levelBg'), ('778', '163', '0', '(not set)', '0', '(no value)', 'levelBg'), ('779', '163', '1', 'Not Met', '1', 'The requirements are not met.', 'levelBg'), ('780', '163', '2', 'Approaching', '2', 'Progress is being made toward completion of the requirements.', 'levelBg'), ('781', '163', '3', 'Solid Performance', '3', 'Requirements have been met.', 'levelBg'), ('782', '163', '4', 'Exemplary', '4', 'Requirements have been met and exceeded.', 'levelBg'), ('783', '164', '0', '(not set)', '0', '(no value)', 'levelBg'), ('784', '164', '1', 'Not Met', '1', 'The requirements are not met.', 'levelBg'), ('785', '164', '2', 'Approaching', '2', 'Progress is being made toward completion of the requirements.', 'levelBg'), ('786', '164', '3', 'Solid Performance', '3', 'Requirements have been met.', 'levelBg'), ('787', '164', '4', 'Exemplary', '4', 'Requirements have been met and exceeded.', 'levelBg'), ('788', '165', '0', '(not set)', '0', '(no value)', 'levelBg'), ('789', '165', '1', 'Not Met', '1', 'The requirements are not met.', 'levelBg'), ('790', '165', '2', 'Approaching', '2', 'Progress is being made toward completion of the requirements.', 'levelBg'), ('791', '165', '3', 'Solid Performance', '3', 'Requirements have been met.', 'levelBg'), ('792', '165', '4', 'Exemplary', '4', 'Requirements have been met and exceeded.', 'levelBg'), ('793', '166', '0', '(not set)', '0', '(no value)', 'levelBg'), ('794', '166', '1', 'Not Met', '1', 'The requirements are not met.', 'levelBg'), ('795', '166', '2', 'Approaching', '2', 'Progress is being made toward completion of the requirements.', 'levelBg'), ('796', '166', '3', 'Solid Performance', '3', 'Requirements have been met.', 'levelBg'), ('797', '166', '4', 'Exemplary', '4', 'Requirements have been met and exceeded.', 'levelBg'), ('798', '167', '0', '(not set)', '0', '(no value)', 'levelBg'), ('799', '167', '1', 'Not Met', '1', 'The requirements are not met.', 'levelBg'), ('800', '167', '2', 'Approaching', '2', 'Progress is being made toward completion of the requirements.', 'levelBg'), ('801', '167', '3', 'Solid Performance', '3', 'Requirements have been met.', 'levelBg'), ('802', '167', '4', 'Exemplary', '4', 'Requirements have been met and exceeded.', 'levelBg'), ('803', '168', '0', '(not set)', '0', '(no value)', 'levelBg'), ('804', '168', '1', 'Not Met', '1', 'The requirements are not met.', 'levelBg'), ('805', '168', '2', 'Approaching', '2', 'Progress is being made toward completion of the requirements.', 'levelBg'), ('806', '168', '3', 'Solid Performance', '3', 'Requirements have been met.', 'levelBg'), ('807', '168', '4', 'Exemplary', '4', 'Requirements have been met and exceeded.', 'levelBg'), ('808', '169', '0', '(not set)', '0', '(no value)', 'levelBg'), ('809', '169', '1', 'Not Met', '1', 'The requirements are not met.', 'levelBg'), ('810', '169', '2', 'Approaching', '2', 'Progress is being made toward completion of the requirements.', 'levelBg'), ('811', '169', '3', 'Solid Performance', '3', 'Requirements have been met.', 'levelBg'), ('812', '169', '4', 'Exemplary', '4', 'Requirements have been met and exceeded.', 'levelBg');
COMMIT;

-- ----------------------------
--  Table structure for `question_group`
-- ----------------------------
DROP TABLE IF EXISTS `question_group`;
CREATE TABLE `question_group` (
  `id` int(11) NOT NULL AUTO_INCREMENT,
  `instrument_id` int(11) NOT NULL,
  `tag` varchar(100) DEFAULT NULL,
  `number` varchar(40) DEFAULT NULL,
  `sort_order` int(11) NOT NULL DEFAULT '0',
  `summary` varchar(500) DEFAULT NULL,
  `description` varchar(5000) DEFAULT NULL,
  PRIMARY KEY (`id`),
  KEY `instrument_id_index` (`instrument_id`),
  CONSTRAINT `question_group_ibfk_1` FOREIGN KEY (`instrument_id`) REFERENCES `instrument` (`id`)
) ENGINE=InnoDB AUTO_INCREMENT=46 DEFAULT CHARSET=utf8 ROW_FORMAT=COMPACT;

-- ----------------------------
--  Records of `question_group`
-- ----------------------------
BEGIN;
INSERT INTO `question_group` VALUES ('24', '5', 'Clinical Skills and Knowledge', 'A', '1', '', null), ('25', '5', 'Therapeutic Relationships', 'B', '2', 'An intentional interactive relationship with patients and families that iscaring, clear, boundaried, positive and professional. It encompasses the philosophy of the institution, empowerment of the care givers and empowerment of the patient/family.', null), ('26', '5', 'Professional Relationships', 'C', '3', 'An intentional interactive relationship with the health care team thatis marked by mutual regard, trust, and active engagement.', null), ('27', '5', 'Professional Development', 'D', '4', 'Committed to the professional development of self and others.', null), ('28', '5', 'Advancing Practice through Innovation and Research', 'E', '5', 'Demonstrates ongoing innovation byreviewing, critiquing and applying existing evidence to practice. Continually improves practice by applying performance improvement methodologies.', null), ('38', '9', 'General', 'A', '1', 'UMHHC Performance Behaviors', null), ('39', '9', 'Patient Care', 'B', '2', 'Physician Assistants must be able to provide patient care that is compassionate, appropriate, and effective for the treatment of health problems and the promotion of health. Physician assistants are expected to:', null), ('40', '9', 'Medical Knowledge', 'C', '3', 'Medical knowledge includes an understanding of pathophysiology, patient presentation, differential diagnosis, patient management, surgical principles, health promotion, and disease prevention. Physician assistants must demonstrate core knowledge about established and evolving biomedical and clinical sciences and the application of this knowledge to patient care in their area of practice. Physician Assistants are expected to:', null), ('41', '9', 'Interpersonal and Communication Skills', 'D', '4', 'Interpersonal skills and communication skills encompass verbal, nonverbal and written exchange of information. Physician assistants must demonstrate interpersonal and communication skills that result in effective information exchange with patients and their families, physicians, and other health professionals. Physician assistants are expected to:', null), ('42', '9', 'Professionalism', 'E', '5', 'Professionalism is the expression of positive values and ideals as care is delivered. Physician assistants must know their limitations. Professionalism also requires that PAs practice without impairment from substance abuse, cognitive deficiency, or mental illness. Physician assistants must demonstrate a high level of responsibility, ethical practice, sensitivity to a diverse patient population and adherence to legal and regulatory requirements. Physician assistants are expected to demonstrate:', null), ('43', '10', 'Engagement', 'A', '1', 'Preceptors engage in activities that prepare them to fulfill the specialty role of preceptor', null), ('44', '10', 'Environment', 'B', '2', 'Create and manage safe environments that facilitate preceptees\' development and progress.', null), ('45', '10', 'Leadership', 'C', '3', 'Practices good leadership skills, using good evaluation skills and serving as a role model for others.', null);
COMMIT;

-- ----------------------------
--  Table structure for `question_type`
-- ----------------------------
DROP TABLE IF EXISTS `question_type`;
CREATE TABLE `question_type` (
  `id` int(11) NOT NULL AUTO_INCREMENT,
  `name` varchar(200) NOT NULL,
  `summary` varchar(500) DEFAULT NULL,
  `min_range` double DEFAULT '0',
  `max_range` double DEFAULT '0',
  `entry_type` varchar(12) NOT NULL DEFAULT 'LIKERT',
  PRIMARY KEY (`id`),
  UNIQUE KEY `name` (`name`)
) ENGINE=InnoDB AUTO_INCREMENT=170 DEFAULT CHARSET=utf8 ROW_FORMAT=COMPACT;

-- ----------------------------
--  Records of `question_type`
-- ----------------------------
BEGIN;
INSERT INTO `question_type` VALUES ('37', 'Q1', null, '0', '4', 'LIKERT'), ('38', 'Q2', null, '0', '4', 'LIKERT'), ('39', 'Q3', null, '0', '4', 'LIKERT'), ('40', 'Q4', null, '0', '4', 'LIKERT'), ('41', 'Q5', null, '0', '4', 'LIKERT'), ('42', 'Q6', null, '0', '4', 'LIKERT'), ('43', 'Q7', null, '0', '4', 'LIKERT'), ('44', 'Q8', null, '0', '4', 'LIKERT'), ('45', 'Q9', null, '0', '4', 'LIKERT'), ('46', 'Q10', null, '0', '4', 'LIKERT'), ('47', 'Q11', null, '0', '4', 'LIKERT'), ('48', 'Q12', null, '0', '4', 'LIKERT'), ('49', 'Q13', null, '0', '4', 'LIKERT'), ('122', 'PAQ1', null, '0', '4', 'LIKERT'), ('123', 'PAQ2', null, '0', '4', 'LIKERT'), ('124', 'PAQ3', null, '0', '4', 'LIKERT'), ('125', 'PAQ4', null, '0', '4', 'LIKERT'), ('126', 'PAQ5', null, '0', '4', 'LIKERT'), ('127', 'PAQ6', null, '0', '4', 'LIKERT'), ('128', 'PAQ7', null, '0', '4', 'LIKERT'), ('129', 'PAQ8', null, '0', '4', 'LIKERT'), ('130', 'PAQ9', null, '0', '4', 'LIKERT'), ('131', 'PAQ10', null, '0', '4', 'LIKERT'), ('132', 'PAQ11', null, '0', '4', 'LIKERT'), ('133', 'PAQ12', null, '0', '4', 'LIKERT'), ('134', 'PAQ13', null, '0', '4', 'LIKERT'), ('135', 'PAQ14', null, '0', '4', 'LIKERT'), ('136', 'PAQ15', null, '0', '4', 'LIKERT'), ('137', 'PAQ16', null, '0', '4', 'LIKERT'), ('138', 'PAQ17', null, '0', '4', 'LIKERT'), ('139', 'PAQ18', null, '0', '4', 'LIKERT'), ('140', 'PAQ19', null, '0', '4', 'LIKERT'), ('141', 'PAQ20', null, '0', '4', 'LIKERT'), ('142', 'PAQ21', null, '0', '4', 'LIKERT'), ('143', 'PAQ22', null, '0', '4', 'LIKERT'), ('144', 'PAQ23', null, '0', '4', 'LIKERT'), ('145', 'PAQ24', null, '0', '4', 'LIKERT'), ('146', 'PAQ25', null, '0', '4', 'LIKERT'), ('147', 'PAQ26', null, '0', '4', 'LIKERT'), ('148', 'PAQ27', null, '0', '4', 'LIKERT'), ('149', 'PAQ28', null, '0', '4', 'LIKERT'), ('150', 'PAQ29', null, '0', '4', 'LIKERT'), ('151', 'PAQ30', null, '0', '4', 'LIKERT'), ('152', 'PAQ31', null, '0', '4', 'LIKERT'), ('153', 'PAQ32', null, '0', '4', 'LIKERT'), ('154', 'PAQ33', null, '0', '4', 'LIKERT'), ('155', 'PAQ34', null, '0', '4', 'LIKERT'), ('156', 'PAQ35', null, '0', '4', 'LIKERT'), ('157', 'PAQ36', null, '0', '4', 'LIKERT'), ('158', 'PAQ37', null, '0', '4', 'LIKERT'), ('159', 'PAQ38', null, '0', '4', 'LIKERT'), ('160', 'PAQ39', null, '0', '4', 'LIKERT'), ('161', 'PAQ40', null, '0', '4', 'LIKERT'), ('162', 'PAQ41', null, '0', '4', 'LIKERT'), ('163', 'PAQ42', null, '0', '4', 'LIKERT'), ('164', 'PAQ43', null, '0', '4', 'LIKERT'), ('165', 'PAQ44', null, '0', '4', 'LIKERT'), ('166', 'PAQ45', null, '0', '4', 'LIKERT'), ('167', 'PAQ46', null, '0', '4', 'LIKERT'), ('168', 'PAQ47', null, '0', '4', 'LIKERT'), ('169', 'PAQ48', null, '0', '4', 'LIKERT');
COMMIT;

-- ----------------------------
--  Table structure for `recommendation`
-- ----------------------------
DROP TABLE IF EXISTS `recommendation`;
CREATE TABLE `recommendation` (
  `id` int(11) NOT NULL AUTO_INCREMENT,
  `member_id` int(11) NOT NULL,
  `created_on` timestamp NOT NULL DEFAULT CURRENT_TIMESTAMP,
  `assessment_id` int(11) NOT NULL,
  PRIMARY KEY (`id`),
  UNIQUE KEY `id` (`id`),
  KEY `member_id` (`member_id`),
  KEY `assessment_id` (`assessment_id`),
  CONSTRAINT `recommendation_ibfk_1` FOREIGN KEY (`member_id`) REFERENCES `member` (`id`),
  CONSTRAINT `recommendation_ibfk_2` FOREIGN KEY (`assessment_id`) REFERENCES `assessment` (`id`)
) ENGINE=InnoDB AUTO_INCREMENT=3 DEFAULT CHARSET=utf8 ROW_FORMAT=COMPACT;

-- ----------------------------
--  Records of `recommendation`
-- ----------------------------
BEGIN;
INSERT INTO `recommendation` VALUES ('1', '7', '2015-12-13 16:14:58', '66'), ('2', '11', '2016-01-19 17:18:38', '110');
COMMIT;

-- ----------------------------
--  Table structure for `relationship`
-- ----------------------------
DROP TABLE IF EXISTS `relationship`;
CREATE TABLE `relationship` (
  `id` int(11) NOT NULL AUTO_INCREMENT,
  `superior_id` int(11) NOT NULL,
  `subordinate_id` int(11) NOT NULL,
  `relationship_type_id` char(1) NOT NULL DEFAULT 'S',
  PRIMARY KEY (`id`),
  UNIQUE KEY `id` (`id`)
) ENGINE=InnoDB AUTO_INCREMENT=11 DEFAULT CHARSET=utf8 ROW_FORMAT=COMPACT;

-- ----------------------------
--  Records of `relationship`
-- ----------------------------
BEGIN;
INSERT INTO `relationship` VALUES ('1', '3', '4', 'S'), ('2', '3', '5', 'S'), ('3', '3', '31', 'S'), ('4', '3', '32', 'S'), ('5', '3', '33', 'S'), ('8', '4', '11', 'S'), ('9', '4', '12', 'S'), ('10', '4', '13', 'S');
COMMIT;

-- ----------------------------
--  Table structure for `relationship_type`
-- ----------------------------
DROP TABLE IF EXISTS `relationship_type`;
CREATE TABLE `relationship_type` (
  `id` char(1) NOT NULL,
  `name` varchar(25) NOT NULL,
  `superior_verb` varchar(25) NOT NULL,
  `subordinate_verb` varchar(25) NOT NULL,
  PRIMARY KEY (`id`),
  UNIQUE KEY `id` (`id`)
) ENGINE=InnoDB DEFAULT CHARSET=utf8 ROW_FORMAT=COMPACT;

-- ----------------------------
--  Records of `relationship_type`
-- ----------------------------
BEGIN;
INSERT INTO `relationship_type` VALUES ('M', 'Mentor', 'mentors', 'mentored by'), ('S', 'Supervisor', 'supervises', 'supervised by');
COMMIT;

-- ----------------------------
--  Table structure for `resource`
-- ----------------------------
DROP TABLE IF EXISTS `resource`;
CREATE TABLE `resource` (
  `id` int(11) NOT NULL AUTO_INCREMENT,
  `resource_type_id` char(1) DEFAULT 'T',
  `role_ids` varchar(10) DEFAULT 'PM',
  `number` varchar(40) DEFAULT NULL,
  `name` varchar(200) DEFAULT NULL,
  `location` varchar(500) DEFAULT NULL,
  `summary` varchar(5000) DEFAULT NULL,
  `description` varchar(5000) DEFAULT NULL,
  `creator_id` int(11) DEFAULT NULL,
  `create_on` timestamp NOT NULL DEFAULT CURRENT_TIMESTAMP,
  `last_modified` timestamp NOT NULL DEFAULT CURRENT_TIMESTAMP,
  PRIMARY KEY (`id`),
  KEY `resource_type_id` (`resource_type_id`),
  KEY `resource_user__fk` (`creator_id`),
  CONSTRAINT `resource_ibfk_1` FOREIGN KEY (`resource_type_id`) REFERENCES `resource_type` (`id`),
  CONSTRAINT `resource_user__fk` FOREIGN KEY (`creator_id`) REFERENCES `member` (`id`)
) ENGINE=InnoDB AUTO_INCREMENT=13 DEFAULT CHARSET=utf8 ROW_FORMAT=COMPACT;

-- ----------------------------
--  Records of `resource`
-- ----------------------------
BEGIN;
INSERT INTO `resource` VALUES ('1', 'T', 'PM', 'CE692', 'Compassion Fatigue: Don\'t Forget to Care for Yourself While Caring for Others', '/site/oncourse/modules/PR_Preceptor_8_Review_Quality_Management.pdf', 'As the preceptoring training continues, emphasize the need to take care of yourself as you care for patients and prevent or combat burn-out. Learn how to develop  emotional intelligence to support you as you put your intellectual intelligence to work.', null, null, '2015-10-26 15:53:29', '2015-10-26 15:53:29'), ('2', 'T', 'PM', 'CE373-60', 'Emotional Intelligence Helps RNs Work Smart', null, 'As the preceptoring training continues, emphasize the need to take care of yourself as you care for patients and prevent or combat burn-out. Learn how to develop  emotional intelligence to support you as you put your intellectual intelligence to work.', null, null, '2015-10-26 15:53:29', '2015-10-26 15:53:29'), ('3', 'T', 'PM', 'PR2452', 'Feedback and Evaluation', null, 'As the preceptoring training continues, emphasize the need to take care of yourself as you care for patients and prevent or combat burn-out. Learn how to develop  emotional intelligence to support you as you put your intellectual intelligence to work.', null, null, '2015-10-26 15:53:29', '2015-10-26 15:53:29'), ('4', 'T', 'PM', 'Webinar 5', 'Validating Competency of the Preceptor and Preceptee', null, 'How do you validate or discern the competency of the preceptee and preceptor? Join a discussion of assessing the ability of the preceptor to teach and the preceptee\'s advancement. ', null, null, '2015-10-26 15:53:29', '2015-10-26 15:53:29'), ('5', 'T', 'PM', 'CE620', 'Evidence-Based Effective Nursing Leadership: Check Your Practice', null, 'As a nurse, you have gained knowledge and skill in your field. A review of evidence-based practice, quality, leadership and knowledge of documentation rounds out this week\'s focused learning approach.', null, null, '2015-10-26 15:53:29', '2015-10-26 15:53:29'), ('6', 'T', 'PM', 'CE510', 'Document It Right: Would Your Charting Stand Up to Scrutiny?', null, 'As a nurse, you have gained knowledge and skill in your field. A review of evidence-based practice, quality, leadership and knowledge of documentation rounds out this week\'s focused learning approach.', null, null, '2015-10-26 15:53:29', '2015-10-26 15:53:29'), ('7', 'T', 'PM', 'PR2454', 'Quality Management in Preceptorships', null, 'As a nurse, you have gained knowledge and skill in your field. A review of evidence-based practice, quality, leadership and knowledge of documentation rounds out this week\'s focused learning approach.', null, null, '2015-10-26 15:53:29', '2015-10-26 15:53:29'), ('8', 'T', 'PM', 'Webinar 6', 'Professionalism, Leadership, Documentation, NDNQI Asssessment and Ethical Issues: Establish Good Habits Now', null, 'Explore documentation and ethical issues in order to encourage smart, defensible, clear charting to support the quality of care being delivered. A focus on quality and evidence-based practice will support a discussion of the NDNQI for nursing quality and patient outcome analysis.', null, null, '2015-10-26 15:53:29', '2015-10-26 15:53:29'), ('9', 'T', 'PM', 'CE662', 'Building Collegial Nurse-Physician Relationships', null, 'These readings will help provide the tools for beginning to develop nurse-physician relationships and teamwork skills based on respect and wisdom.', null, null, '2015-10-26 15:53:29', '2015-10-26 15:53:29'), ('10', 'T', 'PM', 'CE90-60', 'Working With an Interprofessional Team', null, 'These readings will help provide the tools for beginning to develop nurse-physician relationships and teamwork skills based on respect and wisdom.', null, null, '2015-10-26 15:53:29', '2015-10-26 15:53:29'), ('11', 'T', 'PM', 'CE112-60', 'Surviving and Thriving with Conflict on the Job', null, 'These readings will help provide the tools for beginning to develop nurse-physician relationships and teamwork skills based on respect and wisdom.', null, null, '2015-10-26 15:53:29', '2015-10-26 15:53:29'), ('12', 'T', 'PM', 'Webinar 7', 'Speaking Effectively, Reading an Audience, Stimulating Engagement and Leading Collaboratively: A Discussion of Interprofessional, Collaborative Practice and Transformational Leadership', null, 'This webinar facilitates an informative and useful discussion of portraying yourself well, reading the cues of an audience, stimulating engagement in the work environment and empowering yourself for interprofessional collaboration and transformational leadership. Be prepared for collaborative practice, modeling patient-centered care and discussing the nuances of the affordable care act with regard to patient care.', null, null, '2015-10-26 15:53:29', '2015-10-26 15:53:29');
COMMIT;

-- ----------------------------
--  Table structure for `resource_alignment`
-- ----------------------------
DROP TABLE IF EXISTS `resource_alignment`;
CREATE TABLE `resource_alignment` (
  `id` int(11) NOT NULL AUTO_INCREMENT,
  `resource_id` int(11) NOT NULL,
  `question_id` int(11) NOT NULL,
  PRIMARY KEY (`id`),
  KEY `resource_id_index` (`resource_id`),
  KEY `question_id_index` (`question_id`),
  CONSTRAINT `resource_alignment_ibfk_1` FOREIGN KEY (`resource_id`) REFERENCES `resource` (`id`),
  CONSTRAINT `resource_alignment_ibfk_2` FOREIGN KEY (`question_id`) REFERENCES `question` (`id`)
) ENGINE=InnoDB AUTO_INCREMENT=2103 DEFAULT CHARSET=utf8 ROW_FORMAT=COMPACT;

-- ----------------------------
--  Records of `resource_alignment`
-- ----------------------------
BEGIN;
INSERT INTO `resource_alignment` VALUES ('1419', '1', '95'), ('1420', '2', '95'), ('1421', '3', '95'), ('1422', '4', '95'), ('1423', '5', '95'), ('1424', '6', '95'), ('1425', '7', '95'), ('1426', '8', '95'), ('1427', '9', '95'), ('1428', '10', '95'), ('1429', '11', '95'), ('1430', '12', '95'), ('1431', '1', '96'), ('1432', '2', '96'), ('1433', '3', '96'), ('1434', '4', '96'), ('1435', '5', '96'), ('1436', '6', '96'), ('1437', '7', '96'), ('1438', '8', '96'), ('1439', '9', '96'), ('1440', '10', '96'), ('1441', '11', '96'), ('1442', '12', '96'), ('1443', '1', '97'), ('1444', '2', '97'), ('1445', '3', '97'), ('1446', '4', '97'), ('1447', '5', '97'), ('1448', '6', '97'), ('1449', '7', '97'), ('1450', '8', '97'), ('1451', '9', '97'), ('1452', '10', '97'), ('1453', '11', '97'), ('1454', '12', '97'), ('1455', '1', '98'), ('1456', '2', '98'), ('1457', '3', '98'), ('1458', '4', '98'), ('1459', '5', '98'), ('1460', '6', '98'), ('1461', '7', '98'), ('1462', '8', '98'), ('1463', '9', '98'), ('1464', '10', '98'), ('1465', '11', '98'), ('1466', '12', '98'), ('1467', '1', '99'), ('1468', '2', '99'), ('1469', '3', '99'), ('1470', '4', '99'), ('1471', '5', '99'), ('1472', '6', '99'), ('1473', '7', '99'), ('1474', '8', '99'), ('1475', '9', '99'), ('1476', '10', '99'), ('1477', '11', '99'), ('1478', '12', '99'), ('1479', '1', '101'), ('1480', '2', '101'), ('1481', '3', '101'), ('1482', '4', '101'), ('1483', '5', '101'), ('1484', '6', '101'), ('1485', '7', '101'), ('1486', '8', '101'), ('1487', '9', '101'), ('1488', '10', '101'), ('1489', '11', '101'), ('1490', '12', '101'), ('1491', '1', '102'), ('1492', '2', '102'), ('1493', '3', '102'), ('1494', '4', '102'), ('1495', '5', '102'), ('1496', '6', '102'), ('1497', '7', '102'), ('1498', '8', '102'), ('1499', '9', '102'), ('1500', '10', '102'), ('1501', '11', '102'), ('1502', '12', '102'), ('1503', '1', '103'), ('1504', '2', '103'), ('1505', '3', '103'), ('1506', '4', '103'), ('1507', '5', '103'), ('1508', '6', '103'), ('1509', '7', '103'), ('1510', '8', '103'), ('1511', '9', '103'), ('1512', '10', '103'), ('1513', '11', '103'), ('1514', '12', '103'), ('1515', '1', '104'), ('1516', '2', '104'), ('1517', '3', '104'), ('1518', '4', '104'), ('1519', '5', '104'), ('1520', '6', '104'), ('1521', '7', '104'), ('1522', '8', '104'), ('1523', '9', '104'), ('1524', '10', '104'), ('1525', '11', '104'), ('1526', '12', '104'), ('1527', '1', '105'), ('1528', '2', '105'), ('1529', '3', '105'), ('1530', '4', '105'), ('1531', '5', '105'), ('1532', '6', '105'), ('1533', '7', '105'), ('1534', '8', '105'), ('1535', '9', '105'), ('1536', '10', '105'), ('1537', '11', '105'), ('1538', '12', '105'), ('1539', '1', '106'), ('1540', '2', '106'), ('1541', '3', '106'), ('1542', '4', '106'), ('1543', '5', '106'), ('1544', '6', '106'), ('1545', '7', '106'), ('1546', '8', '106'), ('1547', '9', '106'), ('1548', '10', '106'), ('1549', '11', '106'), ('1550', '12', '106'), ('1551', '1', '107'), ('1552', '2', '107'), ('1553', '3', '107'), ('1554', '4', '107'), ('1555', '5', '107'), ('1556', '6', '107'), ('1557', '7', '107'), ('1558', '8', '107'), ('1559', '9', '107'), ('1560', '10', '107'), ('1561', '11', '107'), ('1562', '12', '107'), ('1563', '1', '178'), ('1564', '2', '178'), ('1565', '3', '178'), ('1566', '4', '178'), ('1567', '5', '178'), ('1568', '6', '178'), ('1569', '7', '178'), ('1570', '8', '178'), ('1571', '9', '178'), ('1572', '10', '178'), ('1573', '11', '178'), ('1574', '12', '178'), ('1575', '1', '179'), ('1576', '2', '179'), ('1577', '3', '179'), ('1578', '4', '179'), ('1579', '5', '179'), ('1580', '6', '179'), ('1581', '7', '179'), ('1582', '8', '179'), ('1583', '9', '179'), ('1584', '10', '179'), ('1585', '11', '179'), ('1586', '12', '179'), ('1587', '1', '181'), ('1588', '2', '181'), ('1589', '3', '181'), ('1590', '4', '181'), ('1591', '5', '181'), ('1592', '6', '181'), ('1593', '7', '181'), ('1594', '8', '181'), ('1595', '9', '181'), ('1596', '10', '181'), ('1597', '11', '181'), ('1598', '12', '181'), ('1599', '1', '182'), ('1600', '2', '182'), ('1601', '3', '182'), ('1602', '4', '182'), ('1603', '5', '182'), ('1604', '6', '182'), ('1605', '7', '182'), ('1606', '8', '182'), ('1607', '9', '182'), ('1608', '10', '182'), ('1609', '11', '182'), ('1610', '12', '182'), ('1611', '1', '183'), ('1612', '2', '183'), ('1613', '3', '183'), ('1614', '4', '183'), ('1615', '5', '183'), ('1616', '6', '183'), ('1617', '7', '183'), ('1618', '8', '183'), ('1619', '9', '183'), ('1620', '10', '183'), ('1621', '11', '183'), ('1622', '12', '183'), ('1623', '1', '184'), ('1624', '2', '184'), ('1625', '3', '184'), ('1626', '4', '184'), ('1627', '5', '184'), ('1628', '6', '184'), ('1629', '7', '184'), ('1630', '8', '184'), ('1631', '9', '184'), ('1632', '10', '184'), ('1633', '11', '184'), ('1634', '12', '184'), ('1635', '1', '185'), ('1636', '2', '185'), ('1637', '3', '185'), ('1638', '4', '185'), ('1639', '5', '185'), ('1640', '6', '185'), ('1641', '7', '185'), ('1642', '8', '185'), ('1643', '9', '185'), ('1644', '10', '185'), ('1645', '11', '185'), ('1646', '12', '185'), ('1647', '1', '186'), ('1648', '2', '186'), ('1649', '3', '186'), ('1650', '4', '186'), ('1651', '5', '186'), ('1652', '6', '186'), ('1653', '7', '186'), ('1654', '8', '186'), ('1655', '9', '186'), ('1656', '10', '186'), ('1657', '11', '186'), ('1658', '12', '186'), ('1659', '1', '187'), ('1660', '2', '187'), ('1661', '3', '187'), ('1662', '4', '187'), ('1663', '5', '187'), ('1664', '6', '187'), ('1665', '7', '187'), ('1666', '8', '187'), ('1667', '9', '187'), ('1668', '10', '187'), ('1669', '11', '187'), ('1670', '12', '187'), ('1671', '1', '188'), ('1672', '2', '188'), ('1673', '3', '188'), ('1674', '4', '188'), ('1675', '5', '188'), ('1676', '6', '188'), ('1677', '7', '188'), ('1678', '8', '188'), ('1679', '9', '188'), ('1680', '10', '188'), ('1681', '11', '188'), ('1682', '12', '188'), ('1683', '1', '189'), ('1684', '2', '189'), ('1685', '3', '189'), ('1686', '4', '189'), ('1687', '5', '189'), ('1688', '6', '189'), ('1689', '7', '189'), ('1690', '8', '189'), ('1691', '9', '189'), ('1692', '10', '189'), ('1693', '11', '189'), ('1694', '12', '189'), ('1695', '1', '190'), ('1696', '2', '190'), ('1697', '3', '190'), ('1698', '4', '190'), ('1699', '5', '190'), ('1700', '6', '190'), ('1701', '7', '190'), ('1702', '8', '190'), ('1703', '9', '190'), ('1704', '10', '190'), ('1705', '11', '190'), ('1706', '12', '190'), ('1707', '1', '191'), ('1708', '2', '191'), ('1709', '3', '191'), ('1710', '4', '191'), ('1711', '5', '191'), ('1712', '6', '191'), ('1713', '7', '191'), ('1714', '8', '191'), ('1715', '9', '191'), ('1716', '10', '191'), ('1717', '11', '191'), ('1718', '12', '191'), ('1719', '1', '192'), ('1720', '2', '192'), ('1721', '3', '192'), ('1722', '4', '192'), ('1723', '5', '192'), ('1724', '6', '192'), ('1725', '7', '192'), ('1726', '8', '192'), ('1727', '9', '192'), ('1728', '10', '192'), ('1729', '11', '192'), ('1730', '12', '192'), ('1731', '1', '193'), ('1732', '2', '193'), ('1733', '3', '193'), ('1734', '4', '193'), ('1735', '5', '193'), ('1736', '6', '193'), ('1737', '7', '193'), ('1738', '8', '193'), ('1739', '9', '193'), ('1740', '10', '193'), ('1741', '11', '193'), ('1742', '12', '193'), ('1743', '1', '194'), ('1744', '2', '194'), ('1745', '3', '194'), ('1746', '4', '194'), ('1747', '5', '194'), ('1748', '6', '194'), ('1749', '7', '194'), ('1750', '8', '194'), ('1751', '9', '194'), ('1752', '10', '194'), ('1753', '11', '194'), ('1754', '12', '194'), ('1755', '1', '195'), ('1756', '2', '195'), ('1757', '3', '195'), ('1758', '4', '195'), ('1759', '5', '195'), ('1760', '6', '195'), ('1761', '7', '195'), ('1762', '8', '195'), ('1763', '9', '195'), ('1764', '10', '195'), ('1765', '11', '195'), ('1766', '12', '195'), ('1767', '1', '196'), ('1768', '2', '196'), ('1769', '3', '196'), ('1770', '4', '196'), ('1771', '5', '196'), ('1772', '6', '196'), ('1773', '7', '196'), ('1774', '8', '196'), ('1775', '9', '196'), ('1776', '10', '196'), ('1777', '11', '196'), ('1778', '12', '196'), ('1779', '1', '197'), ('1780', '2', '197'), ('1781', '3', '197'), ('1782', '4', '197'), ('1783', '5', '197'), ('1784', '6', '197'), ('1785', '7', '197'), ('1786', '8', '197'), ('1787', '9', '197'), ('1788', '10', '197'), ('1789', '11', '197'), ('1790', '12', '197'), ('1791', '1', '198'), ('1792', '2', '198'), ('1793', '3', '198'), ('1794', '4', '198'), ('1795', '5', '198'), ('1796', '6', '198'), ('1797', '7', '198'), ('1798', '8', '198'), ('1799', '9', '198'), ('1800', '10', '198'), ('1801', '11', '198'), ('1802', '12', '198'), ('1803', '1', '199'), ('1804', '2', '199'), ('1805', '3', '199'), ('1806', '4', '199'), ('1807', '5', '199'), ('1808', '6', '199'), ('1809', '7', '199'), ('1810', '8', '199'), ('1811', '9', '199'), ('1812', '10', '199'), ('1813', '11', '199'), ('1814', '12', '199'), ('1815', '1', '201'), ('1816', '2', '201'), ('1817', '3', '201'), ('1818', '4', '201'), ('1819', '5', '201'), ('1820', '6', '201'), ('1821', '7', '201'), ('1822', '8', '201'), ('1823', '9', '201'), ('1824', '10', '201'), ('1825', '11', '201'), ('1826', '12', '201'), ('1827', '1', '202'), ('1828', '2', '202'), ('1829', '3', '202'), ('1830', '4', '202'), ('1831', '5', '202'), ('1832', '6', '202'), ('1833', '7', '202'), ('1834', '8', '202'), ('1835', '9', '202'), ('1836', '10', '202'), ('1837', '11', '202'), ('1838', '12', '202'), ('1839', '1', '203'), ('1840', '2', '203'), ('1841', '3', '203'), ('1842', '4', '203'), ('1843', '5', '203'), ('1844', '6', '203'), ('1845', '7', '203'), ('1846', '8', '203'), ('1847', '9', '203'), ('1848', '10', '203'), ('1849', '11', '203'), ('1850', '12', '203'), ('1851', '1', '204'), ('1852', '2', '204'), ('1853', '3', '204'), ('1854', '4', '204'), ('1855', '5', '204'), ('1856', '6', '204'), ('1857', '7', '204'), ('1858', '8', '204'), ('1859', '9', '204'), ('1860', '10', '204'), ('1861', '11', '204'), ('1862', '12', '204'), ('1863', '1', '205'), ('1864', '2', '205'), ('1865', '3', '205'), ('1866', '4', '205'), ('1867', '5', '205'), ('1868', '6', '205'), ('1869', '7', '205'), ('1870', '8', '205'), ('1871', '9', '205'), ('1872', '10', '205'), ('1873', '11', '205'), ('1874', '12', '205'), ('1875', '1', '206'), ('1876', '2', '206'), ('1877', '3', '206'), ('1878', '4', '206'), ('1879', '5', '206'), ('1880', '6', '206'), ('1881', '7', '206'), ('1882', '8', '206'), ('1883', '9', '206'), ('1884', '10', '206'), ('1885', '11', '206'), ('1886', '12', '206'), ('1887', '1', '207'), ('1888', '2', '207'), ('1889', '3', '207'), ('1890', '4', '207'), ('1891', '5', '207'), ('1892', '6', '207'), ('1893', '7', '207'), ('1894', '8', '207'), ('1895', '9', '207'), ('1896', '10', '207'), ('1897', '11', '207'), ('1898', '12', '207'), ('1899', '1', '208'), ('1900', '2', '208'), ('1901', '3', '208'), ('1902', '4', '208'), ('1903', '5', '208'), ('1904', '6', '208'), ('1905', '7', '208'), ('1906', '8', '208'), ('1907', '9', '208'), ('1908', '10', '208'), ('1909', '11', '208'), ('1910', '12', '208'), ('1911', '1', '209'), ('1912', '2', '209'), ('1913', '3', '209'), ('1914', '4', '209'), ('1915', '5', '209'), ('1916', '6', '209'), ('1917', '7', '209'), ('1918', '8', '209'), ('1919', '9', '209'), ('1920', '10', '209'), ('1921', '11', '209'), ('1922', '12', '209'), ('1923', '1', '210'), ('1924', '2', '210'), ('1925', '3', '210'), ('1926', '4', '210'), ('1927', '5', '210'), ('1928', '6', '210'), ('1929', '7', '210'), ('1930', '8', '210'), ('1931', '9', '210'), ('1932', '10', '210'), ('1933', '11', '210'), ('1934', '12', '210'), ('1935', '1', '211'), ('1936', '2', '211'), ('1937', '3', '211'), ('1938', '4', '211'), ('1939', '5', '211'), ('1940', '6', '211'), ('1941', '7', '211'), ('1942', '8', '211'), ('1943', '9', '211'), ('1944', '10', '211'), ('1945', '11', '211'), ('1946', '12', '211'), ('1947', '1', '212'), ('1948', '2', '212'), ('1949', '3', '212'), ('1950', '4', '212'), ('1951', '5', '212'), ('1952', '6', '212'), ('1953', '7', '212'), ('1954', '8', '212'), ('1955', '9', '212'), ('1956', '10', '212'), ('1957', '11', '212'), ('1958', '12', '212'), ('1959', '1', '213'), ('1960', '2', '213'), ('1961', '3', '213'), ('1962', '4', '213'), ('1963', '5', '213'), ('1964', '6', '213'), ('1965', '7', '213'), ('1966', '8', '213'), ('1967', '9', '213'), ('1968', '10', '213'), ('1969', '11', '213'), ('1970', '12', '213'), ('1971', '1', '214'), ('1972', '2', '214'), ('1973', '3', '214'), ('1974', '4', '214'), ('1975', '5', '214'), ('1976', '6', '214'), ('1977', '7', '214'), ('1978', '8', '214'), ('1979', '9', '214'), ('1980', '10', '214'), ('1981', '11', '214'), ('1982', '12', '214'), ('1983', '1', '215'), ('1984', '2', '215'), ('1985', '3', '215'), ('1986', '4', '215'), ('1987', '5', '215'), ('1988', '6', '215'), ('1989', '7', '215'), ('1990', '8', '215'), ('1991', '9', '215'), ('1992', '10', '215'), ('1993', '11', '215'), ('1994', '12', '215'), ('1995', '1', '216'), ('1996', '2', '216'), ('1997', '3', '216'), ('1998', '4', '216'), ('1999', '5', '216'), ('2000', '6', '216'), ('2001', '7', '216'), ('2002', '8', '216'), ('2003', '9', '216'), ('2004', '10', '216'), ('2005', '11', '216'), ('2006', '12', '216'), ('2007', '1', '217'), ('2008', '2', '217'), ('2009', '3', '217'), ('2010', '4', '217'), ('2011', '5', '217'), ('2012', '6', '217'), ('2013', '7', '217'), ('2014', '8', '217'), ('2015', '9', '217'), ('2016', '10', '217'), ('2017', '11', '217'), ('2018', '12', '217'), ('2019', '1', '218'), ('2020', '2', '218'), ('2021', '3', '218'), ('2022', '4', '218'), ('2023', '5', '218'), ('2024', '6', '218'), ('2025', '7', '218'), ('2026', '8', '218'), ('2027', '9', '218'), ('2028', '10', '218'), ('2029', '11', '218'), ('2030', '12', '218'), ('2031', '1', '219'), ('2032', '2', '219'), ('2033', '3', '219'), ('2034', '4', '219'), ('2035', '5', '219'), ('2036', '6', '219'), ('2037', '7', '219'), ('2038', '8', '219'), ('2039', '9', '219'), ('2040', '10', '219'), ('2041', '11', '219'), ('2042', '12', '219'), ('2043', '1', '221'), ('2044', '2', '221'), ('2045', '3', '221'), ('2046', '4', '221'), ('2047', '5', '221'), ('2048', '6', '221'), ('2049', '7', '221'), ('2050', '8', '221'), ('2051', '9', '221'), ('2052', '10', '221'), ('2053', '11', '221'), ('2054', '12', '221'), ('2055', '1', '222'), ('2056', '2', '222'), ('2057', '3', '222'), ('2058', '4', '222'), ('2059', '5', '222'), ('2060', '6', '222'), ('2061', '7', '222'), ('2062', '8', '222'), ('2063', '9', '222'), ('2064', '10', '222'), ('2065', '11', '222'), ('2066', '12', '222'), ('2067', '1', '223'), ('2068', '2', '223'), ('2069', '3', '223'), ('2070', '4', '223'), ('2071', '5', '223'), ('2072', '6', '223'), ('2073', '7', '223'), ('2074', '8', '223'), ('2075', '9', '223'), ('2076', '10', '223'), ('2077', '11', '223'), ('2078', '12', '223'), ('2079', '1', '224'), ('2080', '2', '224'), ('2081', '3', '224'), ('2082', '4', '224'), ('2083', '5', '224'), ('2084', '6', '224'), ('2085', '7', '224'), ('2086', '8', '224'), ('2087', '9', '224'), ('2088', '10', '224'), ('2089', '11', '224'), ('2090', '12', '224'), ('2091', '1', '225'), ('2092', '2', '225'), ('2093', '3', '225'), ('2094', '4', '225'), ('2095', '5', '225'), ('2096', '6', '225'), ('2097', '7', '225'), ('2098', '8', '225'), ('2099', '9', '225'), ('2100', '10', '225'), ('2101', '11', '225'), ('2102', '12', '225');
COMMIT;

-- ----------------------------
--  Table structure for `resource_alignment_map`
-- ----------------------------
DROP TABLE IF EXISTS `resource_alignment_map`;
CREATE TABLE `resource_alignment_map` (
  `id` int(11) NOT NULL AUTO_INCREMENT,
  `resource_alignment_id` int(11) NOT NULL,
  `response` int(11) NOT NULL,
  `utility` int(11) NOT NULL DEFAULT '0',
  PRIMARY KEY (`id`),
  UNIQUE KEY `resource_alignment_id` (`resource_alignment_id`,`response`),
  KEY `resource_alignment_id_index` (`resource_alignment_id`),
  CONSTRAINT `resource_alignment_maps_ibfk_1` FOREIGN KEY (`resource_alignment_id`) REFERENCES `resource_alignment` (`id`) ON DELETE CASCADE
) ENGINE=InnoDB AUTO_INCREMENT=4777 DEFAULT CHARSET=utf8 COLLATE=utf8_bin ROW_FORMAT=COMPACT;

-- ----------------------------
--  Records of `resource_alignment_map`
-- ----------------------------
BEGIN;
INSERT INTO `resource_alignment_map` VALUES ('1', '1419', '1', '3'), ('2', '1420', '1', '4'), ('3', '1421', '1', '4'), ('4', '1422', '1', '1'), ('5', '1423', '1', '2'), ('6', '1424', '1', '3'), ('7', '1425', '1', '2'), ('8', '1426', '1', '2'), ('9', '1427', '1', '2'), ('10', '1428', '1', '2'), ('11', '1429', '1', '2'), ('12', '1430', '1', '4'), ('13', '1431', '1', '2'), ('14', '1432', '1', '4'), ('15', '1433', '1', '5'), ('16', '1434', '1', '3'), ('17', '1435', '1', '3'), ('18', '1436', '1', '2'), ('19', '1437', '1', '1'), ('20', '1438', '1', '3'), ('21', '1439', '1', '4'), ('22', '1440', '1', '4'), ('23', '1441', '1', '4'), ('24', '1442', '1', '4'), ('25', '1443', '1', '2'), ('26', '1444', '1', '2'), ('27', '1445', '1', '4'), ('28', '1446', '1', '3'), ('29', '1447', '1', '4'), ('30', '1448', '1', '2'), ('31', '1449', '1', '3'), ('32', '1450', '1', '2'), ('33', '1451', '1', '3'), ('34', '1452', '1', '5'), ('35', '1453', '1', '2'), ('36', '1454', '1', '2'), ('37', '1455', '1', '1'), ('38', '1456', '1', '3'), ('39', '1457', '1', '3'), ('40', '1458', '1', '5'), ('41', '1459', '1', '4'), ('42', '1460', '1', '2'), ('43', '1461', '1', '4'), ('44', '1462', '1', '5'), ('45', '1463', '1', '4'), ('46', '1464', '1', '4'), ('47', '1465', '1', '2'), ('48', '1466', '1', '2'), ('49', '1467', '1', '3'), ('50', '1468', '1', '4'), ('51', '1469', '1', '2'), ('52', '1470', '1', '2'), ('53', '1471', '1', '2'), ('54', '1472', '1', '1'), ('55', '1473', '1', '1'), ('56', '1474', '1', '5'), ('57', '1475', '1', '3'), ('58', '1476', '1', '3'), ('59', '1477', '1', '5'), ('60', '1478', '1', '2'), ('61', '1479', '1', '2'), ('62', '1480', '1', '3'), ('63', '1481', '1', '3'), ('64', '1482', '1', '1'), ('65', '1483', '1', '2'), ('66', '1484', '1', '3'), ('67', '1485', '1', '3'), ('68', '1486', '1', '1'), ('69', '1487', '1', '3'), ('70', '1488', '1', '1'), ('71', '1489', '1', '4'), ('72', '1490', '1', '2'), ('73', '1491', '1', '5'), ('74', '1492', '1', '2'), ('75', '1493', '1', '3'), ('76', '1494', '1', '5'), ('77', '1495', '1', '5'), ('78', '1496', '1', '4'), ('79', '1497', '1', '1'), ('80', '1498', '1', '4'), ('81', '1499', '1', '1'), ('82', '1500', '1', '4'), ('83', '1501', '1', '2'), ('84', '1502', '1', '2'), ('85', '1503', '1', '4'), ('86', '1504', '1', '3'), ('87', '1505', '1', '5'), ('88', '1506', '1', '4'), ('89', '1507', '1', '3'), ('90', '1508', '1', '2'), ('91', '1509', '1', '4'), ('92', '1510', '1', '1'), ('93', '1511', '1', '5'), ('94', '1512', '1', '2'), ('95', '1513', '1', '4'), ('96', '1514', '1', '5'), ('97', '1515', '1', '2'), ('98', '1516', '1', '4'), ('99', '1517', '1', '5'), ('100', '1518', '1', '2'), ('101', '1519', '1', '2'), ('102', '1520', '1', '1'), ('103', '1521', '1', '1'), ('104', '1522', '1', '2'), ('105', '1523', '1', '3'), ('106', '1524', '1', '3'), ('107', '1525', '1', '2'), ('108', '1526', '1', '2'), ('109', '1527', '1', '5'), ('110', '1528', '1', '4'), ('111', '1529', '1', '3'), ('112', '1530', '1', '4'), ('113', '1531', '1', '2'), ('114', '1532', '1', '3'), ('115', '1533', '1', '1'), ('116', '1534', '1', '5'), ('117', '1535', '1', '3'), ('118', '1536', '1', '2'), ('119', '1537', '1', '3'), ('120', '1538', '1', '2'), ('121', '1539', '1', '2'), ('122', '1540', '1', '5'), ('123', '1541', '1', '2'), ('124', '1542', '1', '2'), ('125', '1543', '1', '4'), ('126', '1544', '1', '2'), ('127', '1545', '1', '2'), ('128', '1546', '1', '5'), ('129', '1547', '1', '4'), ('130', '1548', '1', '3'), ('131', '1549', '1', '4'), ('132', '1550', '1', '3'), ('133', '1551', '1', '1'), ('134', '1552', '1', '4'), ('135', '1553', '1', '1'), ('136', '1554', '1', '5'), ('137', '1555', '1', '2'), ('138', '1556', '1', '4'), ('139', '1557', '1', '4'), ('140', '1558', '1', '2'), ('141', '1559', '1', '4'), ('142', '1560', '1', '3'), ('143', '1561', '1', '4'), ('144', '1562', '1', '3'), ('145', '1563', '1', '1'), ('146', '1564', '1', '2'), ('147', '1565', '1', '4'), ('148', '1566', '1', '3'), ('149', '1567', '1', '4'), ('150', '1568', '1', '4'), ('151', '1569', '1', '3'), ('152', '1570', '1', '1'), ('153', '1571', '1', '1'), ('154', '1572', '1', '5'), ('155', '1573', '1', '4'), ('156', '1574', '1', '3'), ('157', '1575', '1', '5'), ('158', '1576', '1', '5'), ('159', '1577', '1', '3'), ('160', '1578', '1', '2'), ('161', '1579', '1', '5'), ('162', '1580', '1', '5'), ('163', '1581', '1', '3'), ('164', '1582', '1', '3'), ('165', '1583', '1', '2'), ('166', '1584', '1', '3'), ('167', '1585', '1', '5'), ('168', '1586', '1', '1'), ('169', '1587', '1', '3'), ('170', '1588', '1', '2'), ('171', '1589', '1', '1'), ('172', '1590', '1', '3'), ('173', '1591', '1', '3'), ('174', '1592', '1', '2'), ('175', '1593', '1', '3'), ('176', '1594', '1', '4'), ('177', '1595', '1', '3'), ('178', '1596', '1', '4'), ('179', '1597', '1', '2'), ('180', '1598', '1', '2'), ('181', '1599', '1', '2'), ('182', '1600', '1', '3'), ('183', '1601', '1', '1'), ('184', '1602', '1', '3'), ('185', '1603', '1', '3'), ('186', '1604', '1', '3'), ('187', '1605', '1', '3'), ('188', '1606', '1', '1'), ('189', '1607', '1', '3'), ('190', '1608', '1', '5'), ('191', '1609', '1', '4'), ('192', '1610', '1', '4'), ('193', '1611', '1', '2'), ('194', '1612', '1', '3'), ('195', '1613', '1', '2'), ('196', '1614', '1', '4'), ('197', '1615', '1', '5'), ('198', '1616', '1', '4'), ('199', '1617', '1', '3'), ('200', '1618', '1', '4'), ('201', '1619', '1', '4'), ('202', '1620', '1', '1'), ('203', '1621', '1', '3'), ('204', '1622', '1', '4'), ('205', '1623', '1', '1'), ('206', '1624', '1', '3'), ('207', '1625', '1', '4'), ('208', '1626', '1', '4'), ('209', '1627', '1', '5'), ('210', '1628', '1', '3'), ('211', '1629', '1', '2'), ('212', '1630', '1', '3'), ('213', '1631', '1', '3'), ('214', '1632', '1', '3'), ('215', '1633', '1', '2'), ('216', '1634', '1', '1'), ('217', '1635', '1', '2'), ('218', '1636', '1', '4'), ('219', '1637', '1', '4'), ('220', '1638', '1', '4'), ('221', '1639', '1', '5'), ('222', '1640', '1', '3'), ('223', '1641', '1', '2'), ('224', '1642', '1', '4'), ('225', '1643', '1', '4'), ('226', '1644', '1', '3'), ('227', '1645', '1', '5'), ('228', '1646', '1', '4'), ('229', '1647', '1', '4'), ('230', '1648', '1', '3'), ('231', '1649', '1', '3'), ('232', '1650', '1', '3'), ('233', '1651', '1', '5'), ('234', '1652', '1', '3'), ('235', '1653', '1', '3'), ('236', '1654', '1', '3'), ('237', '1655', '1', '4'), ('238', '1656', '1', '2'), ('239', '1657', '1', '1'), ('240', '1658', '1', '3'), ('241', '1659', '1', '4'), ('242', '1660', '1', '3'), ('243', '1661', '1', '1'), ('244', '1662', '1', '2'), ('245', '1663', '1', '3'), ('246', '1664', '1', '3'), ('247', '1665', '1', '4'), ('248', '1666', '1', '3'), ('249', '1667', '1', '2'), ('250', '1668', '1', '4'), ('251', '1669', '1', '2'), ('252', '1670', '1', '3'), ('253', '1671', '1', '4'), ('254', '1672', '1', '3'), ('255', '1673', '1', '4'), ('256', '1674', '1', '1'), ('257', '1675', '1', '3'), ('258', '1676', '1', '2'), ('259', '1677', '1', '2'), ('260', '1678', '1', '4'), ('261', '1679', '1', '3'), ('262', '1680', '1', '3'), ('263', '1681', '1', '4'), ('264', '1682', '1', '4'), ('265', '1683', '1', '2'), ('266', '1684', '1', '2'), ('267', '1685', '1', '2'), ('268', '1686', '1', '4'), ('269', '1687', '1', '2'), ('270', '1688', '1', '3'), ('271', '1689', '1', '1'), ('272', '1690', '1', '5'), ('273', '1691', '1', '3'), ('274', '1692', '1', '3'), ('275', '1693', '1', '2'), ('276', '1694', '1', '4'), ('277', '1695', '1', '3'), ('278', '1696', '1', '2'), ('279', '1697', '1', '4'), ('280', '1698', '1', '2'), ('281', '1699', '1', '1'), ('282', '1700', '1', '4'), ('283', '1701', '1', '3'), ('284', '1702', '1', '3'), ('285', '1703', '1', '1'), ('286', '1704', '1', '3'), ('287', '1705', '1', '5'), ('288', '1706', '1', '4'), ('289', '1707', '1', '1'), ('290', '1708', '1', '4'), ('291', '1709', '1', '2'), ('292', '1710', '1', '2'), ('293', '1711', '1', '2'), ('294', '1712', '1', '1'), ('295', '1713', '1', '3'), ('296', '1714', '1', '5'), ('297', '1715', '1', '2'), ('298', '1716', '1', '2'), ('299', '1717', '1', '2'), ('300', '1718', '1', '2'), ('301', '1719', '1', '4'), ('302', '1720', '1', '3'), ('303', '1721', '1', '1'), ('304', '1722', '1', '1'), ('305', '1723', '1', '5'), ('306', '1724', '1', '4'), ('307', '1725', '1', '4'), ('308', '1726', '1', '5'), ('309', '1727', '1', '1'), ('310', '1728', '1', '3'), ('311', '1729', '1', '2'), ('312', '1730', '1', '2'), ('313', '1731', '1', '5'), ('314', '1732', '1', '1'), ('315', '1733', '1', '2'), ('316', '1734', '1', '2'), ('317', '1735', '1', '5'), ('318', '1736', '1', '2'), ('319', '1737', '1', '5'), ('320', '1738', '1', '3'), ('321', '1739', '1', '2'), ('322', '1740', '1', '3'), ('323', '1741', '1', '5'), ('324', '1742', '1', '5'), ('325', '1743', '1', '2'), ('326', '1744', '1', '4'), ('327', '1745', '1', '4'), ('328', '1746', '1', '5'), ('329', '1747', '1', '4'), ('330', '1748', '1', '2'), ('331', '1749', '1', '5'), ('332', '1750', '1', '3'), ('333', '1751', '1', '5'), ('334', '1752', '1', '1'), ('335', '1753', '1', '3'), ('336', '1754', '1', '3'), ('337', '1755', '1', '4'), ('338', '1756', '1', '3'), ('339', '1757', '1', '2'), ('340', '1758', '1', '4'), ('341', '1759', '1', '1'), ('342', '1760', '1', '1'), ('343', '1761', '1', '2'), ('344', '1762', '1', '5'), ('345', '1763', '1', '5'), ('346', '1764', '1', '4'), ('347', '1765', '1', '5'), ('348', '1766', '1', '4'), ('349', '1767', '1', '4'), ('350', '1768', '1', '3'), ('351', '1769', '1', '5'), ('352', '1770', '1', '2'), ('353', '1771', '1', '4'), ('354', '1772', '1', '2'), ('355', '1773', '1', '5'), ('356', '1774', '1', '4'), ('357', '1775', '1', '5'), ('358', '1776', '1', '3'), ('359', '1777', '1', '2'), ('360', '1778', '1', '3'), ('361', '1779', '1', '3'), ('362', '1780', '1', '4'), ('363', '1781', '1', '2'), ('364', '1782', '1', '2'), ('365', '1783', '1', '1'), ('366', '1784', '1', '5'), ('367', '1785', '1', '3'), ('368', '1786', '1', '4'), ('369', '1787', '1', '5'), ('370', '1788', '1', '2'), ('371', '1789', '1', '1'), ('372', '1790', '1', '3'), ('373', '1791', '1', '4'), ('374', '1792', '1', '1'), ('375', '1793', '1', '2'), ('376', '1794', '1', '4'), ('377', '1795', '1', '2'), ('378', '1796', '1', '5'), ('379', '1797', '1', '1'), ('380', '1798', '1', '4'), ('381', '1799', '1', '1'), ('382', '1800', '1', '3'), ('383', '1801', '1', '2'), ('384', '1802', '1', '3'), ('385', '1803', '1', '3'), ('386', '1804', '1', '2'), ('387', '1805', '1', '3'), ('388', '1806', '1', '2'), ('389', '1807', '1', '4'), ('390', '1808', '1', '2'), ('391', '1809', '1', '5'), ('392', '1810', '1', '4'), ('393', '1811', '1', '2'), ('394', '1812', '1', '1'), ('395', '1813', '1', '2'), ('396', '1814', '1', '1'), ('397', '1815', '1', '5'), ('398', '1816', '1', '1'), ('399', '1817', '1', '3'), ('400', '1818', '1', '4'), ('401', '1819', '1', '2'), ('402', '1820', '1', '4'), ('403', '1821', '1', '2'), ('404', '1822', '1', '1'), ('405', '1823', '1', '4'), ('406', '1824', '1', '1'), ('407', '1825', '1', '1'), ('408', '1826', '1', '5'), ('409', '1827', '1', '5'), ('410', '1828', '1', '5'), ('411', '1829', '1', '3'), ('412', '1830', '1', '1'), ('413', '1831', '1', '5'), ('414', '1832', '1', '2'), ('415', '1833', '1', '3'), ('416', '1834', '1', '2'), ('417', '1835', '1', '2'), ('418', '1836', '1', '1'), ('419', '1837', '1', '1'), ('420', '1838', '1', '4'), ('421', '1839', '1', '3'), ('422', '1840', '1', '4'), ('423', '1841', '1', '2'), ('424', '1842', '1', '3'), ('425', '1843', '1', '4'), ('426', '1844', '1', '2'), ('427', '1845', '1', '5'), ('428', '1846', '1', '2'), ('429', '1847', '1', '5'), ('430', '1848', '1', '1'), ('431', '1849', '1', '4'), ('432', '1850', '1', '5'), ('433', '1851', '1', '5'), ('434', '1852', '1', '1'), ('435', '1853', '1', '3'), ('436', '1854', '1', '1'), ('437', '1855', '1', '4'), ('438', '1856', '1', '5'), ('439', '1857', '1', '1'), ('440', '1858', '1', '3'), ('441', '1859', '1', '2'), ('442', '1860', '1', '4'), ('443', '1861', '1', '4'), ('444', '1862', '1', '2'), ('445', '1863', '1', '4'), ('446', '1864', '1', '4'), ('447', '1865', '1', '4'), ('448', '1866', '1', '2'), ('449', '1867', '1', '2'), ('450', '1868', '1', '5'), ('451', '1869', '1', '2'), ('452', '1870', '1', '5'), ('453', '1871', '1', '3'), ('454', '1872', '1', '2'), ('455', '1873', '1', '3'), ('456', '1874', '1', '2'), ('457', '1875', '1', '4'), ('458', '1876', '1', '4'), ('459', '1877', '1', '5'), ('460', '1878', '1', '3'), ('461', '1879', '1', '3'), ('462', '1880', '1', '4'), ('463', '1881', '1', '2'), ('464', '1882', '1', '1'), ('465', '1883', '1', '4'), ('466', '1884', '1', '3'), ('467', '1885', '1', '5'), ('468', '1886', '1', '3'), ('469', '1887', '1', '2'), ('470', '1888', '1', '2'), ('471', '1889', '1', '2'), ('472', '1890', '1', '3'), ('473', '1891', '1', '3'), ('474', '1892', '1', '2'), ('475', '1893', '1', '5'), ('476', '1894', '1', '3'), ('477', '1895', '1', '2'), ('478', '1896', '1', '2'), ('479', '1897', '1', '3'), ('480', '1898', '1', '1'), ('481', '1899', '1', '3'), ('482', '1900', '1', '3'), ('483', '1901', '1', '4'), ('484', '1902', '1', '4'), ('485', '1903', '1', '3'), ('486', '1904', '1', '3'), ('487', '1905', '1', '3'), ('488', '1906', '1', '1'), ('489', '1907', '1', '4'), ('490', '1908', '1', '3'), ('491', '1909', '1', '4'), ('492', '1910', '1', '4'), ('493', '1911', '1', '3'), ('494', '1912', '1', '4'), ('495', '1913', '1', '5'), ('496', '1914', '1', '3'), ('497', '1915', '1', '2'), ('498', '1916', '1', '2'), ('499', '1917', '1', '4'), ('500', '1918', '1', '2'), ('501', '1919', '1', '3'), ('502', '1920', '1', '5'), ('503', '1921', '1', '5'), ('504', '1922', '1', '4'), ('505', '1923', '1', '2'), ('506', '1924', '1', '4'), ('507', '1925', '1', '2'), ('508', '1926', '1', '2'), ('509', '1927', '1', '4'), ('510', '1928', '1', '3'), ('511', '1929', '1', '2'), ('512', '1930', '1', '4'), ('513', '1931', '1', '2'), ('514', '1932', '1', '4'), ('515', '1933', '1', '4'), ('516', '1934', '1', '2'), ('517', '1935', '1', '3'), ('518', '1936', '1', '2'), ('519', '1937', '1', '5'), ('520', '1938', '1', '4'), ('521', '1939', '1', '3'), ('522', '1940', '1', '3'), ('523', '1941', '1', '3'), ('524', '1942', '1', '2'), ('525', '1943', '1', '1'), ('526', '1944', '1', '2'), ('527', '1945', '1', '4'), ('528', '1946', '1', '4'), ('529', '1947', '1', '5'), ('530', '1948', '1', '5'), ('531', '1949', '1', '1'), ('532', '1950', '1', '4'), ('533', '1951', '1', '2'), ('534', '1952', '1', '4'), ('535', '1953', '1', '4'), ('536', '1954', '1', '2'), ('537', '1955', '1', '2'), ('538', '1956', '1', '4'), ('539', '1957', '1', '2'), ('540', '1958', '1', '3'), ('541', '1959', '1', '2'), ('542', '1960', '1', '2'), ('543', '1961', '1', '3'), ('544', '1962', '1', '5'), ('545', '1963', '1', '4'), ('546', '1964', '1', '1'), ('547', '1965', '1', '4'), ('548', '1966', '1', '1'), ('549', '1967', '1', '2'), ('550', '1968', '1', '2'), ('551', '1969', '1', '5'), ('552', '1970', '1', '1'), ('553', '1971', '1', '3'), ('554', '1972', '1', '3'), ('555', '1973', '1', '5'), ('556', '1974', '1', '5'), ('557', '1975', '1', '1'), ('558', '1976', '1', '3'), ('559', '1977', '1', '3'), ('560', '1978', '1', '2'), ('561', '1979', '1', '1'), ('562', '1980', '1', '4'), ('563', '1981', '1', '2'), ('564', '1982', '1', '2'), ('565', '1983', '1', '3'), ('566', '1984', '1', '3'), ('567', '1985', '1', '1'), ('568', '1986', '1', '4'), ('569', '1987', '1', '4'), ('570', '1988', '1', '3'), ('571', '1989', '1', '1'), ('572', '1990', '1', '5'), ('573', '1991', '1', '3'), ('574', '1992', '1', '3'), ('575', '1993', '1', '1'), ('576', '1994', '1', '5'), ('577', '1995', '1', '3'), ('578', '1996', '1', '1'), ('579', '1997', '1', '3'), ('580', '1998', '1', '1'), ('581', '1999', '1', '4'), ('582', '2000', '1', '4'), ('583', '2001', '1', '2'), ('584', '2002', '1', '4'), ('585', '2003', '1', '2'), ('586', '2004', '1', '2'), ('587', '2005', '1', '1'), ('588', '2006', '1', '5'), ('589', '2007', '1', '4'), ('590', '2008', '1', '2'), ('591', '2009', '1', '4'), ('592', '2010', '1', '4'), ('593', '2011', '1', '5'), ('594', '2012', '1', '1'), ('595', '2013', '1', '2'), ('596', '2014', '1', '3'), ('597', '2015', '1', '2'), ('598', '2016', '1', '4'), ('599', '2017', '1', '3'), ('600', '2018', '1', '4'), ('601', '2019', '1', '3'), ('602', '2020', '1', '1'), ('603', '2021', '1', '5'), ('604', '2022', '1', '2'), ('605', '2023', '1', '3'), ('606', '2024', '1', '3'), ('607', '2025', '1', '2'), ('608', '2026', '1', '5'), ('609', '2027', '1', '3'), ('610', '2028', '1', '1'), ('611', '2029', '1', '3'), ('612', '2030', '1', '5'), ('613', '2031', '1', '3'), ('614', '2032', '1', '3'), ('615', '2033', '1', '2'), ('616', '2034', '1', '4'), ('617', '2035', '1', '5'), ('618', '2036', '1', '3'), ('619', '2037', '1', '5'), ('620', '2038', '1', '1'), ('621', '2039', '1', '2'), ('622', '2040', '1', '3'), ('623', '2041', '1', '1'), ('624', '2042', '1', '2'), ('625', '2043', '1', '3'), ('626', '2044', '1', '3'), ('627', '2045', '1', '3'), ('628', '2046', '1', '4'), ('629', '2047', '1', '1'), ('630', '2048', '1', '2'), ('631', '2049', '1', '4'), ('632', '2050', '1', '5'), ('633', '2051', '1', '3'), ('634', '2052', '1', '3'), ('635', '2053', '1', '2'), ('636', '2054', '1', '1'), ('637', '2055', '1', '3'), ('638', '2056', '1', '2'), ('639', '2057', '1', '5'), ('640', '2058', '1', '4'), ('641', '2059', '1', '5'), ('642', '2060', '1', '2'), ('643', '2061', '1', '4'), ('644', '2062', '1', '3'), ('645', '2063', '1', '2'), ('646', '2064', '1', '4'), ('647', '2065', '1', '3'), ('648', '2066', '1', '2'), ('649', '2067', '1', '2'), ('650', '2068', '1', '2'), ('651', '2069', '1', '1'), ('652', '2070', '1', '4'), ('653', '2071', '1', '4'), ('654', '2072', '1', '2'), ('655', '2073', '1', '1'), ('656', '2074', '1', '1'), ('657', '2075', '1', '3'), ('658', '2076', '1', '4'), ('659', '2077', '1', '3'), ('660', '2078', '1', '2'), ('661', '2079', '1', '4'), ('662', '2080', '1', '4'), ('663', '2081', '1', '4'), ('664', '2082', '1', '5'), ('665', '2083', '1', '1'), ('666', '2084', '1', '2'), ('667', '2085', '1', '4'), ('668', '2086', '1', '4'), ('669', '2087', '1', '4'), ('670', '2088', '1', '2'), ('671', '2089', '1', '4'), ('672', '2090', '1', '2'), ('673', '2091', '1', '2'), ('674', '2092', '1', '2'), ('675', '2093', '1', '4'), ('676', '2094', '1', '2'), ('677', '2095', '1', '5'), ('678', '2096', '1', '4'), ('679', '2097', '1', '3'), ('680', '2098', '1', '3'), ('681', '2099', '1', '2'), ('682', '2100', '1', '2'), ('683', '2101', '1', '2'), ('684', '2102', '1', '3'), ('1024', '1419', '2', '2'), ('1025', '1420', '2', '2'), ('1026', '1421', '2', '2'), ('1027', '1422', '2', '2'), ('1028', '1423', '2', '5'), ('1029', '1424', '2', '5'), ('1030', '1425', '2', '1'), ('1031', '1426', '2', '3'), ('1032', '1427', '2', '1'), ('1033', '1428', '2', '1'), ('1034', '1429', '2', '5'), ('1035', '1430', '2', '2'), ('1036', '1431', '2', '2'), ('1037', '1432', '2', '4'), ('1038', '1433', '2', '4'), ('1039', '1434', '2', '4'), ('1040', '1435', '2', '4'), ('1041', '1436', '2', '2'), ('1042', '1437', '2', '3'), ('1043', '1438', '2', '3'), ('1044', '1439', '2', '1'), ('1045', '1440', '2', '3'), ('1046', '1441', '2', '5'), ('1047', '1442', '2', '4'), ('1048', '1443', '2', '4'), ('1049', '1444', '2', '4'), ('1050', '1445', '2', '4'), ('1051', '1446', '2', '1'), ('1052', '1447', '2', '2'), ('1053', '1448', '2', '2'), ('1054', '1449', '2', '5'), ('1055', '1450', '2', '3'), ('1056', '1451', '2', '2'), ('1057', '1452', '2', '4'), ('1058', '1453', '2', '4'), ('1059', '1454', '2', '2'), ('1060', '1455', '2', '4'), ('1061', '1456', '2', '2'), ('1062', '1457', '2', '3'), ('1063', '1458', '2', '2'), ('1064', '1459', '2', '3'), ('1065', '1460', '2', '3'), ('1066', '1461', '2', '3'), ('1067', '1462', '2', '4'), ('1068', '1463', '2', '1'), ('1069', '1464', '2', '2'), ('1070', '1465', '2', '3'), ('1071', '1466', '2', '4'), ('1072', '1467', '2', '1'), ('1073', '1468', '2', '1'), ('1074', '1469', '2', '3'), ('1075', '1470', '2', '5'), ('1076', '1471', '2', '2'), ('1077', '1472', '2', '1'), ('1078', '1473', '2', '1'), ('1079', '1474', '2', '2'), ('1080', '1475', '2', '4'), ('1081', '1476', '2', '2'), ('1082', '1477', '2', '4'), ('1083', '1478', '2', '2'), ('1084', '1479', '2', '4'), ('1085', '1480', '2', '2'), ('1086', '1481', '2', '2'), ('1087', '1482', '2', '3'), ('1088', '1483', '2', '1'), ('1089', '1484', '2', '3'), ('1090', '1485', '2', '2'), ('1091', '1486', '2', '1'), ('1092', '1487', '2', '3'), ('1093', '1488', '2', '5'), ('1094', '1489', '2', '2'), ('1095', '1490', '2', '4'), ('1096', '1491', '2', '5'), ('1097', '1492', '2', '2'), ('1098', '1493', '2', '2'), ('1099', '1494', '2', '2'), ('1100', '1495', '2', '4'), ('1101', '1496', '2', '4'), ('1102', '1497', '2', '2'), ('1103', '1498', '2', '2'), ('1104', '1499', '2', '5'), ('1105', '1500', '2', '2'), ('1106', '1501', '2', '2'), ('1107', '1502', '2', '3'), ('1108', '1503', '2', '1'), ('1109', '1504', '2', '4'), ('1110', '1505', '2', '3'), ('1111', '1506', '2', '4'), ('1112', '1507', '2', '2'), ('1113', '1508', '2', '4'), ('1114', '1509', '2', '2'), ('1115', '1510', '2', '3'), ('1116', '1511', '2', '5'), ('1117', '1512', '2', '1'), ('1118', '1513', '2', '3'), ('1119', '1514', '2', '4'), ('1120', '1515', '2', '5'), ('1121', '1516', '2', '3'), ('1122', '1517', '2', '4'), ('1123', '1518', '2', '4'), ('1124', '1519', '2', '2'), ('1125', '1520', '2', '3'), ('1126', '1521', '2', '4'), ('1127', '1522', '2', '1'), ('1128', '1523', '2', '2'), ('1129', '1524', '2', '3'), ('1130', '1525', '2', '5'), ('1131', '1526', '2', '3'), ('1132', '1527', '2', '3'), ('1133', '1528', '2', '3'), ('1134', '1529', '2', '2'), ('1135', '1530', '2', '1'), ('1136', '1531', '2', '4'), ('1137', '1532', '2', '2'), ('1138', '1533', '2', '4'), ('1139', '1534', '2', '2'), ('1140', '1535', '2', '1'), ('1141', '1536', '2', '3'), ('1142', '1537', '2', '4'), ('1143', '1538', '2', '1'), ('1144', '1539', '2', '4'), ('1145', '1540', '2', '5'), ('1146', '1541', '2', '2'), ('1147', '1542', '2', '2'), ('1148', '1543', '2', '2'), ('1149', '1544', '2', '4'), ('1150', '1545', '2', '1'), ('1151', '1546', '2', '5'), ('1152', '1547', '2', '2'), ('1153', '1548', '2', '5'), ('1154', '1549', '2', '4'), ('1155', '1550', '2', '1'), ('1156', '1551', '2', '5'), ('1157', '1552', '2', '3'), ('1158', '1553', '2', '4'), ('1159', '1554', '2', '4'), ('1160', '1555', '2', '2'), ('1161', '1556', '2', '5'), ('1162', '1557', '2', '4'), ('1163', '1558', '2', '5'), ('1164', '1559', '2', '2'), ('1165', '1560', '2', '1'), ('1166', '1561', '2', '2'), ('1167', '1562', '2', '3'), ('1168', '1563', '2', '2'), ('1169', '1564', '2', '1'), ('1170', '1565', '2', '2'), ('1171', '1566', '2', '4'), ('1172', '1567', '2', '3'), ('1173', '1568', '2', '3'), ('1174', '1569', '2', '2'), ('1175', '1570', '2', '3'), ('1176', '1571', '2', '4'), ('1177', '1572', '2', '3'), ('1178', '1573', '2', '1'), ('1179', '1574', '2', '3'), ('1180', '1575', '2', '4'), ('1181', '1576', '2', '2'), ('1182', '1577', '2', '3'), ('1183', '1578', '2', '1'), ('1184', '1579', '2', '4'), ('1185', '1580', '2', '3'), ('1186', '1581', '2', '4'), ('1187', '1582', '2', '1'), ('1188', '1583', '2', '5'), ('1189', '1584', '2', '3'), ('1190', '1585', '2', '5'), ('1191', '1586', '2', '5'), ('1192', '1587', '2', '4'), ('1193', '1588', '2', '3'), ('1194', '1589', '2', '4'), ('1195', '1590', '2', '5'), ('1196', '1591', '2', '4'), ('1197', '1592', '2', '3'), ('1198', '1593', '2', '2'), ('1199', '1594', '2', '3'), ('1200', '1595', '2', '1'), ('1201', '1596', '2', '4'), ('1202', '1597', '2', '3'), ('1203', '1598', '2', '3'), ('1204', '1599', '2', '3'), ('1205', '1600', '2', '3'), ('1206', '1601', '2', '3'), ('1207', '1602', '2', '4'), ('1208', '1603', '2', '3'), ('1209', '1604', '2', '4'), ('1210', '1605', '2', '5'), ('1211', '1606', '2', '2'), ('1212', '1607', '2', '2'), ('1213', '1608', '2', '2'), ('1214', '1609', '2', '2'), ('1215', '1610', '2', '4'), ('1216', '1611', '2', '3'), ('1217', '1612', '2', '1'), ('1218', '1613', '2', '4'), ('1219', '1614', '2', '4'), ('1220', '1615', '2', '2'), ('1221', '1616', '2', '1'), ('1222', '1617', '2', '3'), ('1223', '1618', '2', '1'), ('1224', '1619', '2', '5'), ('1225', '1620', '2', '2'), ('1226', '1621', '2', '5'), ('1227', '1622', '2', '4'), ('1228', '1623', '2', '5'), ('1229', '1624', '2', '2'), ('1230', '1625', '2', '4'), ('1231', '1626', '2', '2'), ('1232', '1627', '2', '5'), ('1233', '1628', '2', '4'), ('1234', '1629', '2', '1'), ('1235', '1630', '2', '5'), ('1236', '1631', '2', '3'), ('1237', '1632', '2', '4'), ('1238', '1633', '2', '2'), ('1239', '1634', '2', '2'), ('1240', '1635', '2', '4'), ('1241', '1636', '2', '1'), ('1242', '1637', '2', '4'), ('1243', '1638', '2', '4'), ('1244', '1639', '2', '4'), ('1245', '1640', '2', '5'), ('1246', '1641', '2', '3'), ('1247', '1642', '2', '1'), ('1248', '1643', '2', '3'), ('1249', '1644', '2', '2'), ('1250', '1645', '2', '2'), ('1251', '1646', '2', '4'), ('1252', '1647', '2', '3'), ('1253', '1648', '2', '1'), ('1254', '1649', '2', '1'), ('1255', '1650', '2', '2'), ('1256', '1651', '2', '3'), ('1257', '1652', '2', '3'), ('1258', '1653', '2', '2'), ('1259', '1654', '2', '4'), ('1260', '1655', '2', '4'), ('1261', '1656', '2', '2'), ('1262', '1657', '2', '2'), ('1263', '1658', '2', '3'), ('1264', '1659', '2', '4'), ('1265', '1660', '2', '4'), ('1266', '1661', '2', '4'), ('1267', '1662', '2', '3'), ('1268', '1663', '2', '3'), ('1269', '1664', '2', '5'), ('1270', '1665', '2', '2'), ('1271', '1666', '2', '4'), ('1272', '1667', '2', '2'), ('1273', '1668', '2', '3'), ('1274', '1669', '2', '5'), ('1275', '1670', '2', '1'), ('1276', '1671', '2', '3'), ('1277', '1672', '2', '3'), ('1278', '1673', '2', '5'), ('1279', '1674', '2', '2'), ('1280', '1675', '2', '4'), ('1281', '1676', '2', '3'), ('1282', '1677', '2', '1'), ('1283', '1678', '2', '5'), ('1284', '1679', '2', '2'), ('1285', '1680', '2', '1'), ('1286', '1681', '2', '3'), ('1287', '1682', '2', '2'), ('1288', '1683', '2', '1'), ('1289', '1684', '2', '2'), ('1290', '1685', '2', '3'), ('1291', '1686', '2', '1'), ('1292', '1687', '2', '5'), ('1293', '1688', '2', '3'), ('1294', '1689', '2', '2'), ('1295', '1690', '2', '5'), ('1296', '1691', '2', '2'), ('1297', '1692', '2', '3'), ('1298', '1693', '2', '2'), ('1299', '1694', '2', '1'), ('1300', '1695', '2', '3'), ('1301', '1696', '2', '3'), ('1302', '1697', '2', '2'), ('1303', '1698', '2', '2'), ('1304', '1699', '2', '2'), ('1305', '1700', '2', '5'), ('1306', '1701', '2', '4'), ('1307', '1702', '2', '3'), ('1308', '1703', '2', '4'), ('1309', '1704', '2', '4'), ('1310', '1705', '2', '2'), ('1311', '1706', '2', '2'), ('1312', '1707', '2', '4'), ('1313', '1708', '2', '4'), ('1314', '1709', '2', '2'), ('1315', '1710', '2', '1'), ('1316', '1711', '2', '4'), ('1317', '1712', '2', '4'), ('1318', '1713', '2', '4'), ('1319', '1714', '2', '2'), ('1320', '1715', '2', '5'), ('1321', '1716', '2', '4'), ('1322', '1717', '2', '1'), ('1323', '1718', '2', '2'), ('1324', '1719', '2', '2'), ('1325', '1720', '2', '2'), ('1326', '1721', '2', '5'), ('1327', '1722', '2', '3'), ('1328', '1723', '2', '4'), ('1329', '1724', '2', '4'), ('1330', '1725', '2', '1'), ('1331', '1726', '2', '2'), ('1332', '1727', '2', '1'), ('1333', '1728', '2', '4'), ('1334', '1729', '2', '3'), ('1335', '1730', '2', '4'), ('1336', '1731', '2', '4'), ('1337', '1732', '2', '3'), ('1338', '1733', '2', '2'), ('1339', '1734', '2', '4'), ('1340', '1735', '2', '4'), ('1341', '1736', '2', '5'), ('1342', '1737', '2', '1'), ('1343', '1738', '2', '3'), ('1344', '1739', '2', '1'), ('1345', '1740', '2', '1'), ('1346', '1741', '2', '5'), ('1347', '1742', '2', '5'), ('1348', '1743', '2', '3'), ('1349', '1744', '2', '3'), ('1350', '1745', '2', '2'), ('1351', '1746', '2', '4'), ('1352', '1747', '2', '2'), ('1353', '1748', '2', '5'), ('1354', '1749', '2', '5'), ('1355', '1750', '2', '4'), ('1356', '1751', '2', '3'), ('1357', '1752', '2', '4'), ('1358', '1753', '2', '4'), ('1359', '1754', '2', '3'), ('1360', '1755', '2', '3'), ('1361', '1756', '2', '4'), ('1362', '1757', '2', '3'), ('1363', '1758', '2', '5'), ('1364', '1759', '2', '2'), ('1365', '1760', '2', '3'), ('1366', '1761', '2', '3'), ('1367', '1762', '2', '2'), ('1368', '1763', '2', '2'), ('1369', '1764', '2', '4'), ('1370', '1765', '2', '3'), ('1371', '1766', '2', '1'), ('1372', '1767', '2', '3'), ('1373', '1768', '2', '5'), ('1374', '1769', '2', '4'), ('1375', '1770', '2', '4'), ('1376', '1771', '2', '3'), ('1377', '1772', '2', '1'), ('1378', '1773', '2', '2'), ('1379', '1774', '2', '3'), ('1380', '1775', '2', '3'), ('1381', '1776', '2', '4'), ('1382', '1777', '2', '5'), ('1383', '1778', '2', '3'), ('1384', '1779', '2', '2'), ('1385', '1780', '2', '3'), ('1386', '1781', '2', '3'), ('1387', '1782', '2', '3'), ('1388', '1783', '2', '4'), ('1389', '1784', '2', '5'), ('1390', '1785', '2', '2'), ('1391', '1786', '2', '2'), ('1392', '1787', '2', '5'), ('1393', '1788', '2', '4'), ('1394', '1789', '2', '3'), ('1395', '1790', '2', '2'), ('1396', '1791', '2', '4'), ('1397', '1792', '2', '4'), ('1398', '1793', '2', '3'), ('1399', '1794', '2', '4'), ('1400', '1795', '2', '5'), ('1401', '1796', '2', '1'), ('1402', '1797', '2', '4'), ('1403', '1798', '2', '4'), ('1404', '1799', '2', '3'), ('1405', '1800', '2', '3'), ('1406', '1801', '2', '2'), ('1407', '1802', '2', '3'), ('1408', '1803', '2', '2'), ('1409', '1804', '2', '2'), ('1410', '1805', '2', '2'), ('1411', '1806', '2', '1'), ('1412', '1807', '2', '1'), ('1413', '1808', '2', '4'), ('1414', '1809', '2', '2'), ('1415', '1810', '2', '3'), ('1416', '1811', '2', '3'), ('1417', '1812', '2', '4'), ('1418', '1813', '2', '3'), ('1419', '1814', '2', '1'), ('1420', '1815', '2', '3'), ('1421', '1816', '2', '5'), ('1422', '1817', '2', '2'), ('1423', '1818', '2', '3'), ('1424', '1819', '2', '2'), ('1425', '1820', '2', '2'), ('1426', '1821', '2', '2'), ('1427', '1822', '2', '2'), ('1428', '1823', '2', '2'), ('1429', '1824', '2', '3'), ('1430', '1825', '2', '2'), ('1431', '1826', '2', '2'), ('1432', '1827', '2', '3'), ('1433', '1828', '2', '1'), ('1434', '1829', '2', '4'), ('1435', '1830', '2', '3'), ('1436', '1831', '2', '5'), ('1437', '1832', '2', '2'), ('1438', '1833', '2', '5'), ('1439', '1834', '2', '4'), ('1440', '1835', '2', '2'), ('1441', '1836', '2', '4'), ('1442', '1837', '2', '3'), ('1443', '1838', '2', '3'), ('1444', '1839', '2', '3'), ('1445', '1840', '2', '3'), ('1446', '1841', '2', '3'), ('1447', '1842', '2', '3'), ('1448', '1843', '2', '4'), ('1449', '1844', '2', '4'), ('1450', '1845', '2', '1'), ('1451', '1846', '2', '5'), ('1452', '1847', '2', '2'), ('1453', '1848', '2', '2'), ('1454', '1849', '2', '5'), ('1455', '1850', '2', '4'), ('1456', '1851', '2', '4'), ('1457', '1852', '2', '2'), ('1458', '1853', '2', '2'), ('1459', '1854', '2', '2'), ('1460', '1855', '2', '5'), ('1461', '1856', '2', '4'), ('1462', '1857', '2', '1'), ('1463', '1858', '2', '1'), ('1464', '1859', '2', '2'), ('1465', '1860', '2', '3'), ('1466', '1861', '2', '2'), ('1467', '1862', '2', '4'), ('1468', '1863', '2', '5'), ('1469', '1864', '2', '2'), ('1470', '1865', '2', '1'), ('1471', '1866', '2', '1'), ('1472', '1867', '2', '3'), ('1473', '1868', '2', '5'), ('1474', '1869', '2', '3'), ('1475', '1870', '2', '2'), ('1476', '1871', '2', '4'), ('1477', '1872', '2', '3'), ('1478', '1873', '2', '2'), ('1479', '1874', '2', '1'), ('1480', '1875', '2', '2'), ('1481', '1876', '2', '4'), ('1482', '1877', '2', '3'), ('1483', '1878', '2', '2'), ('1484', '1879', '2', '3'), ('1485', '1880', '2', '3'), ('1486', '1881', '2', '3'), ('1487', '1882', '2', '3'), ('1488', '1883', '2', '2'), ('1489', '1884', '2', '2'), ('1490', '1885', '2', '4'), ('1491', '1886', '2', '4'), ('1492', '1887', '2', '1'), ('1493', '1888', '2', '5'), ('1494', '1889', '2', '2'), ('1495', '1890', '2', '2'), ('1496', '1891', '2', '5'), ('1497', '1892', '2', '5'), ('1498', '1893', '2', '4'), ('1499', '1894', '2', '1'), ('1500', '1895', '2', '1'), ('1501', '1896', '2', '5'), ('1502', '1897', '2', '3'), ('1503', '1898', '2', '4'), ('1504', '1899', '2', '4'), ('1505', '1900', '2', '4'), ('1506', '1901', '2', '4'), ('1507', '1902', '2', '1'), ('1508', '1903', '2', '3'), ('1509', '1904', '2', '4'), ('1510', '1905', '2', '5'), ('1511', '1906', '2', '4'), ('1512', '1907', '2', '4'), ('1513', '1908', '2', '5'), ('1514', '1909', '2', '2'), ('1515', '1910', '2', '1'), ('1516', '1911', '2', '5'), ('1517', '1912', '2', '3'), ('1518', '1913', '2', '3'), ('1519', '1914', '2', '2'), ('1520', '1915', '2', '5'), ('1521', '1916', '2', '4'), ('1522', '1917', '2', '3'), ('1523', '1918', '2', '3'), ('1524', '1919', '2', '4'), ('1525', '1920', '2', '2'), ('1526', '1921', '2', '3'), ('1527', '1922', '2', '1'), ('1528', '1923', '2', '1'), ('1529', '1924', '2', '1'), ('1530', '1925', '2', '2'), ('1531', '1926', '2', '1'), ('1532', '1927', '2', '4'), ('1533', '1928', '2', '5'), ('1534', '1929', '2', '5'), ('1535', '1930', '2', '5'), ('1536', '1931', '2', '4'), ('1537', '1932', '2', '2'), ('1538', '1933', '2', '4'), ('1539', '1934', '2', '3'), ('1540', '1935', '2', '2'), ('1541', '1936', '2', '2'), ('1542', '1937', '2', '2'), ('1543', '1938', '2', '3'), ('1544', '1939', '2', '3'), ('1545', '1940', '2', '3'), ('1546', '1941', '2', '3'), ('1547', '1942', '2', '3'), ('1548', '1943', '2', '2'), ('1549', '1944', '2', '4'), ('1550', '1945', '2', '1'), ('1551', '1946', '2', '5'), ('1552', '1947', '2', '3'), ('1553', '1948', '2', '2'), ('1554', '1949', '2', '3'), ('1555', '1950', '2', '2'), ('1556', '1951', '2', '5'), ('1557', '1952', '2', '4'), ('1558', '1953', '2', '2'), ('1559', '1954', '2', '2'), ('1560', '1955', '2', '4'), ('1561', '1956', '2', '2'), ('1562', '1957', '2', '2'), ('1563', '1958', '2', '4'), ('1564', '1959', '2', '4'), ('1565', '1960', '2', '2'), ('1566', '1961', '2', '3'), ('1567', '1962', '2', '3'), ('1568', '1963', '2', '2'), ('1569', '1964', '2', '1'), ('1570', '1965', '2', '2'), ('1571', '1966', '2', '3'), ('1572', '1967', '2', '2'), ('1573', '1968', '2', '4'), ('1574', '1969', '2', '1'), ('1575', '1970', '2', '5'), ('1576', '1971', '2', '2'), ('1577', '1972', '2', '1'), ('1578', '1973', '2', '3'), ('1579', '1974', '2', '2'), ('1580', '1975', '2', '3'), ('1581', '1976', '2', '5'), ('1582', '1977', '2', '2'), ('1583', '1978', '2', '5'), ('1584', '1979', '2', '5'), ('1585', '1980', '2', '2'), ('1586', '1981', '2', '2'), ('1587', '1982', '2', '3'), ('1588', '1983', '2', '4'), ('1589', '1984', '2', '4'), ('1590', '1985', '2', '2'), ('1591', '1986', '2', '2'), ('1592', '1987', '2', '2'), ('1593', '1988', '2', '2'), ('1594', '1989', '2', '2'), ('1595', '1990', '2', '4'), ('1596', '1991', '2', '1'), ('1597', '1992', '2', '1'), ('1598', '1993', '2', '2'), ('1599', '1994', '2', '4'), ('1600', '1995', '2', '2'), ('1601', '1996', '2', '3'), ('1602', '1997', '2', '2'), ('1603', '1998', '2', '5'), ('1604', '1999', '2', '4'), ('1605', '2000', '2', '3'), ('1606', '2001', '2', '1'), ('1607', '2002', '2', '2'), ('1608', '2003', '2', '3'), ('1609', '2004', '2', '3'), ('1610', '2005', '2', '5'), ('1611', '2006', '2', '1'), ('1612', '2007', '2', '3'), ('1613', '2008', '2', '1'), ('1614', '2009', '2', '4'), ('1615', '2010', '2', '4'), ('1616', '2011', '2', '2'), ('1617', '2012', '2', '4'), ('1618', '2013', '2', '2'), ('1619', '2014', '2', '4'), ('1620', '2015', '2', '2'), ('1621', '2016', '2', '5'), ('1622', '2017', '2', '5'), ('1623', '2018', '2', '4'), ('1624', '2019', '2', '5'), ('1625', '2020', '2', '2'), ('1626', '2021', '2', '1'), ('1627', '2022', '2', '1'), ('1628', '2023', '2', '3'), ('1629', '2024', '2', '3'), ('1630', '2025', '2', '5'), ('1631', '2026', '2', '5'), ('1632', '2027', '2', '3'), ('1633', '2028', '2', '3'), ('1634', '2029', '2', '2'), ('1635', '2030', '2', '2'), ('1636', '2031', '2', '1'), ('1637', '2032', '2', '4'), ('1638', '2033', '2', '4'), ('1639', '2034', '2', '5'), ('1640', '2035', '2', '4'), ('1641', '2036', '2', '3'), ('1642', '2037', '2', '3'), ('1643', '2038', '2', '2'), ('1644', '2039', '2', '1'), ('1645', '2040', '2', '2'), ('1646', '2041', '2', '4'), ('1647', '2042', '2', '5'), ('1648', '2043', '2', '4'), ('1649', '2044', '2', '5'), ('1650', '2045', '2', '2'), ('1651', '2046', '2', '1'), ('1652', '2047', '2', '5'), ('1653', '2048', '2', '3'), ('1654', '2049', '2', '3'), ('1655', '2050', '2', '4'), ('1656', '2051', '2', '2'), ('1657', '2052', '2', '5'), ('1658', '2053', '2', '2'), ('1659', '2054', '2', '2'), ('1660', '2055', '2', '2'), ('1661', '2056', '2', '3'), ('1662', '2057', '2', '2'), ('1663', '2058', '2', '4'), ('1664', '2059', '2', '5'), ('1665', '2060', '2', '3'), ('1666', '2061', '2', '4'), ('1667', '2062', '2', '3'), ('1668', '2063', '2', '2'), ('1669', '2064', '2', '1'), ('1670', '2065', '2', '5'), ('1671', '2066', '2', '5'), ('1672', '2067', '2', '4'), ('1673', '2068', '2', '2'), ('1674', '2069', '2', '4'), ('1675', '2070', '2', '4'), ('1676', '2071', '2', '2'), ('1677', '2072', '2', '2'), ('1678', '2073', '2', '3'), ('1679', '2074', '2', '1'), ('1680', '2075', '2', '3'), ('1681', '2076', '2', '5'), ('1682', '2077', '2', '2'), ('1683', '2078', '2', '4'), ('1684', '2079', '2', '3'), ('1685', '2080', '2', '4'), ('1686', '2081', '2', '2'), ('1687', '2082', '2', '3'), ('1688', '2083', '2', '3'), ('1689', '2084', '2', '2'), ('1690', '2085', '2', '4'), ('1691', '2086', '2', '2'), ('1692', '2087', '2', '5'), ('1693', '2088', '2', '2'), ('1694', '2089', '2', '4'), ('1695', '2090', '2', '4'), ('1696', '2091', '2', '2'), ('1697', '2092', '2', '4'), ('1698', '2093', '2', '4'), ('1699', '2094', '2', '2'), ('1700', '2095', '2', '3'), ('1701', '2096', '2', '2'), ('1702', '2097', '2', '3'), ('1703', '2098', '2', '2'), ('1704', '2099', '2', '2'), ('1705', '2100', '2', '5'), ('1706', '2101', '2', '3'), ('1707', '2102', '2', '2'), ('2047', '1419', '3', '2'), ('2048', '1420', '3', '4'), ('2049', '1421', '3', '3'), ('2050', '1422', '3', '3'), ('2051', '1423', '3', '4'), ('2052', '1424', '3', '2'), ('2053', '1425', '3', '2'), ('2054', '1426', '3', '1'), ('2055', '1427', '3', '3'), ('2056', '1428', '3', '1'), ('2057', '1429', '3', '2'), ('2058', '1430', '3', '3'), ('2059', '1431', '3', '2'), ('2060', '1432', '3', '2'), ('2061', '1433', '3', '2'), ('2062', '1434', '3', '5'), ('2063', '1435', '3', '3'), ('2064', '1436', '3', '2'), ('2065', '1437', '3', '2'), ('2066', '1438', '3', '4'), ('2067', '1439', '3', '2'), ('2068', '1440', '3', '2'), ('2069', '1441', '3', '1'), ('2070', '1442', '3', '2'), ('2071', '1443', '3', '3'), ('2072', '1444', '3', '2'), ('2073', '1445', '3', '4'), ('2074', '1446', '3', '2'), ('2075', '1447', '3', '3'), ('2076', '1448', '3', '2'), ('2077', '1449', '3', '2'), ('2078', '1450', '3', '1'), ('2079', '1451', '3', '3'), ('2080', '1452', '3', '1'), ('2081', '1453', '3', '5'), ('2082', '1454', '3', '3'), ('2083', '1455', '3', '3'), ('2084', '1456', '3', '2'), ('2085', '1457', '3', '5'), ('2086', '1458', '3', '5'), ('2087', '1459', '3', '5'), ('2088', '1460', '3', '4'), ('2089', '1461', '3', '5'), ('2090', '1462', '3', '3'), ('2091', '1463', '3', '3'), ('2092', '1464', '3', '3'), ('2093', '1465', '3', '1'), ('2094', '1466', '3', '3'), ('2095', '1467', '3', '2'), ('2096', '1468', '3', '5'), ('2097', '1469', '3', '2'), ('2098', '1470', '3', '4'), ('2099', '1471', '3', '4'), ('2100', '1472', '3', '1'), ('2101', '1473', '3', '1'), ('2102', '1474', '3', '1'), ('2103', '1475', '3', '2'), ('2104', '1476', '3', '4'), ('2105', '1477', '3', '3'), ('2106', '1478', '3', '4'), ('2107', '1479', '3', '2'), ('2108', '1480', '3', '3'), ('2109', '1481', '3', '3'), ('2110', '1482', '3', '5'), ('2111', '1483', '3', '1'), ('2112', '1484', '3', '4'), ('2113', '1485', '3', '4'), ('2114', '1486', '3', '3'), ('2115', '1487', '3', '3'), ('2116', '1488', '3', '4'), ('2117', '1489', '3', '1'), ('2118', '1490', '3', '3'), ('2119', '1491', '3', '4'), ('2120', '1492', '3', '4'), ('2121', '1493', '3', '1'), ('2122', '1494', '3', '2'), ('2123', '1495', '3', '5'), ('2124', '1496', '3', '2'), ('2125', '1497', '3', '2'), ('2126', '1498', '3', '2'), ('2127', '1499', '3', '4'), ('2128', '1500', '3', '1'), ('2129', '1501', '3', '2'), ('2130', '1502', '3', '4'), ('2131', '1503', '3', '2'), ('2132', '1504', '3', '2'), ('2133', '1505', '3', '2'), ('2134', '1506', '3', '3'), ('2135', '1507', '3', '5'), ('2136', '1508', '3', '5'), ('2137', '1509', '3', '1'), ('2138', '1510', '3', '2'), ('2139', '1511', '3', '2'), ('2140', '1512', '3', '5'), ('2141', '1513', '3', '3'), ('2142', '1514', '3', '2'), ('2143', '1515', '3', '2'), ('2144', '1516', '3', '5'), ('2145', '1517', '3', '2'), ('2146', '1518', '3', '5'), ('2147', '1519', '3', '4'), ('2148', '1520', '3', '3'), ('2149', '1521', '3', '3'), ('2150', '1522', '3', '3'), ('2151', '1523', '3', '3'), ('2152', '1524', '3', '5'), ('2153', '1525', '3', '3'), ('2154', '1526', '3', '3'), ('2155', '1527', '3', '3'), ('2156', '1528', '3', '2'), ('2157', '1529', '3', '3'), ('2158', '1530', '3', '5'), ('2159', '1531', '3', '3'), ('2160', '1532', '3', '2'), ('2161', '1533', '3', '3'), ('2162', '1534', '3', '3'), ('2163', '1535', '3', '4'), ('2164', '1536', '3', '4'), ('2165', '1537', '3', '2'), ('2166', '1538', '3', '2'), ('2167', '1539', '3', '3'), ('2168', '1540', '3', '2'), ('2169', '1541', '3', '5'), ('2170', '1542', '3', '4'), ('2171', '1543', '3', '3'), ('2172', '1544', '3', '3'), ('2173', '1545', '3', '3'), ('2174', '1546', '3', '5'), ('2175', '1547', '3', '2'), ('2176', '1548', '3', '3'), ('2177', '1549', '3', '3'), ('2178', '1550', '3', '3'), ('2179', '1551', '3', '2'), ('2180', '1552', '3', '2'), ('2181', '1553', '3', '1'), ('2182', '1554', '3', '4'), ('2183', '1555', '3', '5'), ('2184', '1556', '3', '5'), ('2185', '1557', '3', '2'), ('2186', '1558', '3', '4'), ('2187', '1559', '3', '4'), ('2188', '1560', '3', '2'), ('2189', '1561', '3', '2'), ('2190', '1562', '3', '4'), ('2191', '1563', '3', '3'), ('2192', '1564', '3', '4'), ('2193', '1565', '3', '2'), ('2194', '1566', '3', '2'), ('2195', '1567', '3', '4'), ('2196', '1568', '3', '3'), ('2197', '1569', '3', '5'), ('2198', '1570', '3', '5'), ('2199', '1571', '3', '1'), ('2200', '1572', '3', '3'), ('2201', '1573', '3', '1'), ('2202', '1574', '3', '1'), ('2203', '1575', '3', '1'), ('2204', '1576', '3', '5'), ('2205', '1577', '3', '4'), ('2206', '1578', '3', '3'), ('2207', '1579', '3', '4'), ('2208', '1580', '3', '3'), ('2209', '1581', '3', '1'), ('2210', '1582', '3', '4'), ('2211', '1583', '3', '1'), ('2212', '1584', '3', '4'), ('2213', '1585', '3', '3'), ('2214', '1586', '3', '4'), ('2215', '1587', '3', '5'), ('2216', '1588', '3', '4'), ('2217', '1589', '3', '2'), ('2218', '1590', '3', '4'), ('2219', '1591', '3', '5'), ('2220', '1592', '3', '2'), ('2221', '1593', '3', '4'), ('2222', '1594', '3', '5'), ('2223', '1595', '3', '3'), ('2224', '1596', '3', '4'), ('2225', '1597', '3', '4'), ('2226', '1598', '3', '4'), ('2227', '1599', '3', '4'), ('2228', '1600', '3', '5'), ('2229', '1601', '3', '5'), ('2230', '1602', '3', '4'), ('2231', '1603', '3', '4'), ('2232', '1604', '3', '1'), ('2233', '1605', '3', '5'), ('2234', '1606', '3', '4'), ('2235', '1607', '3', '2'), ('2236', '1608', '3', '1'), ('2237', '1609', '3', '3'), ('2238', '1610', '3', '3'), ('2239', '1611', '3', '4'), ('2240', '1612', '3', '5'), ('2241', '1613', '3', '5'), ('2242', '1614', '3', '4'), ('2243', '1615', '3', '3'), ('2244', '1616', '3', '3'), ('2245', '1617', '3', '2'), ('2246', '1618', '3', '2'), ('2247', '1619', '3', '5'), ('2248', '1620', '3', '5'), ('2249', '1621', '3', '4'), ('2250', '1622', '3', '3'), ('2251', '1623', '3', '1'), ('2252', '1624', '3', '2'), ('2253', '1625', '3', '3'), ('2254', '1626', '3', '1'), ('2255', '1627', '3', '1'), ('2256', '1628', '3', '1'), ('2257', '1629', '3', '2'), ('2258', '1630', '3', '3'), ('2259', '1631', '3', '2'), ('2260', '1632', '3', '3'), ('2261', '1633', '3', '4'), ('2262', '1634', '3', '4'), ('2263', '1635', '3', '1'), ('2264', '1636', '3', '1'), ('2265', '1637', '3', '1'), ('2266', '1638', '3', '1'), ('2267', '1639', '3', '2'), ('2268', '1640', '3', '4'), ('2269', '1641', '3', '3'), ('2270', '1642', '3', '3'), ('2271', '1643', '3', '5'), ('2272', '1644', '3', '4'), ('2273', '1645', '3', '3'), ('2274', '1646', '3', '3'), ('2275', '1647', '3', '2'), ('2276', '1648', '3', '3'), ('2277', '1649', '3', '2'), ('2278', '1650', '3', '4'), ('2279', '1651', '3', '2'), ('2280', '1652', '3', '4'), ('2281', '1653', '3', '4'), ('2282', '1654', '3', '4'), ('2283', '1655', '3', '3'), ('2284', '1656', '3', '2'), ('2285', '1657', '3', '2'), ('2286', '1658', '3', '1'), ('2287', '1659', '3', '3'), ('2288', '1660', '3', '4'), ('2289', '1661', '3', '3'), ('2290', '1662', '3', '3'), ('2291', '1663', '3', '1'), ('2292', '1664', '3', '4'), ('2293', '1665', '3', '5'), ('2294', '1666', '3', '5'), ('2295', '1667', '3', '2'), ('2296', '1668', '3', '2'), ('2297', '1669', '3', '2'), ('2298', '1670', '3', '3'), ('2299', '1671', '3', '4'), ('2300', '1672', '3', '4'), ('2301', '1673', '3', '4'), ('2302', '1674', '3', '2'), ('2303', '1675', '3', '1'), ('2304', '1676', '3', '3'), ('2305', '1677', '3', '3'), ('2306', '1678', '3', '4'), ('2307', '1679', '3', '4'), ('2308', '1680', '3', '2'), ('2309', '1681', '3', '4'), ('2310', '1682', '3', '1'), ('2311', '1683', '3', '2'), ('2312', '1684', '3', '2'), ('2313', '1685', '3', '3'), ('2314', '1686', '3', '3'), ('2315', '1687', '3', '4'), ('2316', '1688', '3', '4'), ('2317', '1689', '3', '4'), ('2318', '1690', '3', '2'), ('2319', '1691', '3', '1'), ('2320', '1692', '3', '2'), ('2321', '1693', '3', '2'), ('2322', '1694', '3', '1'), ('2323', '1695', '3', '5'), ('2324', '1696', '3', '4'), ('2325', '1697', '3', '4'), ('2326', '1698', '3', '1'), ('2327', '1699', '3', '3'), ('2328', '1700', '3', '4'), ('2329', '1701', '3', '4'), ('2330', '1702', '3', '2'), ('2331', '1703', '3', '4'), ('2332', '1704', '3', '2'), ('2333', '1705', '3', '1'), ('2334', '1706', '3', '2'), ('2335', '1707', '3', '4'), ('2336', '1708', '3', '4'), ('2337', '1709', '3', '5'), ('2338', '1710', '3', '1'), ('2339', '1711', '3', '1'), ('2340', '1712', '3', '3'), ('2341', '1713', '3', '3'), ('2342', '1714', '3', '2'), ('2343', '1715', '3', '3'), ('2344', '1716', '3', '1'), ('2345', '1717', '3', '5'), ('2346', '1718', '3', '2'), ('2347', '1719', '3', '2'), ('2348', '1720', '3', '3'), ('2349', '1721', '3', '3'), ('2350', '1722', '3', '4'), ('2351', '1723', '3', '4'), ('2352', '1724', '3', '4'), ('2353', '1725', '3', '5'), ('2354', '1726', '3', '2'), ('2355', '1727', '3', '1'), ('2356', '1728', '3', '1'), ('2357', '1729', '3', '2'), ('2358', '1730', '3', '3'), ('2359', '1731', '3', '3'), ('2360', '1732', '3', '3'), ('2361', '1733', '3', '4'), ('2362', '1734', '3', '4'), ('2363', '1735', '3', '3'), ('2364', '1736', '3', '3'), ('2365', '1737', '3', '3'), ('2366', '1738', '3', '4'), ('2367', '1739', '3', '2'), ('2368', '1740', '3', '3'), ('2369', '1741', '3', '3'), ('2370', '1742', '3', '2'), ('2371', '1743', '3', '5'), ('2372', '1744', '3', '5'), ('2373', '1745', '3', '2'), ('2374', '1746', '3', '1'), ('2375', '1747', '3', '4'), ('2376', '1748', '3', '1'), ('2377', '1749', '3', '2'), ('2378', '1750', '3', '2'), ('2379', '1751', '3', '3'), ('2380', '1752', '3', '2'), ('2381', '1753', '3', '3'), ('2382', '1754', '3', '2'), ('2383', '1755', '3', '2'), ('2384', '1756', '3', '2'), ('2385', '1757', '3', '5'), ('2386', '1758', '3', '4'), ('2387', '1759', '3', '5'), ('2388', '1760', '3', '4'), ('2389', '1761', '3', '2'), ('2390', '1762', '3', '2'), ('2391', '1763', '3', '3'), ('2392', '1764', '3', '2'), ('2393', '1765', '3', '5'), ('2394', '1766', '3', '1'), ('2395', '1767', '3', '3'), ('2396', '1768', '3', '5'), ('2397', '1769', '3', '4'), ('2398', '1770', '3', '4'), ('2399', '1771', '3', '2'), ('2400', '1772', '3', '3'), ('2401', '1773', '3', '3'), ('2402', '1774', '3', '1'), ('2403', '1775', '3', '1'), ('2404', '1776', '3', '1'), ('2405', '1777', '3', '4'), ('2406', '1778', '3', '2'), ('2407', '1779', '3', '3'), ('2408', '1780', '3', '4'), ('2409', '1781', '3', '4'), ('2410', '1782', '3', '1'), ('2411', '1783', '3', '5'), ('2412', '1784', '3', '4'), ('2413', '1785', '3', '2'), ('2414', '1786', '3', '3'), ('2415', '1787', '3', '2'), ('2416', '1788', '3', '2'), ('2417', '1789', '3', '3'), ('2418', '1790', '3', '1'), ('2419', '1791', '3', '3'), ('2420', '1792', '3', '3'), ('2421', '1793', '3', '2'), ('2422', '1794', '3', '4'), ('2423', '1795', '3', '2'), ('2424', '1796', '3', '5'), ('2425', '1797', '3', '3'), ('2426', '1798', '3', '2'), ('2427', '1799', '3', '2'), ('2428', '1800', '3', '4'), ('2429', '1801', '3', '3'), ('2430', '1802', '3', '4'), ('2431', '1803', '3', '1'), ('2432', '1804', '3', '2'), ('2433', '1805', '3', '5'), ('2434', '1806', '3', '2'), ('2435', '1807', '3', '5'), ('2436', '1808', '3', '2'), ('2437', '1809', '3', '4'), ('2438', '1810', '3', '3'), ('2439', '1811', '3', '4'), ('2440', '1812', '3', '4'), ('2441', '1813', '3', '5'), ('2442', '1814', '3', '1'), ('2443', '1815', '3', '4'), ('2444', '1816', '3', '5'), ('2445', '1817', '3', '1'), ('2446', '1818', '3', '3'), ('2447', '1819', '3', '1'), ('2448', '1820', '3', '1'), ('2449', '1821', '3', '5'), ('2450', '1822', '3', '3'), ('2451', '1823', '3', '5'), ('2452', '1824', '3', '2'), ('2453', '1825', '3', '5'), ('2454', '1826', '3', '2'), ('2455', '1827', '3', '2'), ('2456', '1828', '3', '4'), ('2457', '1829', '3', '1'), ('2458', '1830', '3', '4'), ('2459', '1831', '3', '4'), ('2460', '1832', '3', '2'), ('2461', '1833', '3', '4'), ('2462', '1834', '3', '3'), ('2463', '1835', '3', '4'), ('2464', '1836', '3', '2'), ('2465', '1837', '3', '5'), ('2466', '1838', '3', '2'), ('2467', '1839', '3', '5'), ('2468', '1840', '3', '2'), ('2469', '1841', '3', '4'), ('2470', '1842', '3', '3'), ('2471', '1843', '3', '5'), ('2472', '1844', '3', '2'), ('2473', '1845', '3', '2'), ('2474', '1846', '3', '4'), ('2475', '1847', '3', '4'), ('2476', '1848', '3', '1'), ('2477', '1849', '3', '1'), ('2478', '1850', '3', '2'), ('2479', '1851', '3', '3'), ('2480', '1852', '3', '4'), ('2481', '1853', '3', '4'), ('2482', '1854', '3', '2'), ('2483', '1855', '3', '3'), ('2484', '1856', '3', '2'), ('2485', '1857', '3', '4'), ('2486', '1858', '3', '4'), ('2487', '1859', '3', '2'), ('2488', '1860', '3', '1'), ('2489', '1861', '3', '5'), ('2490', '1862', '3', '2'), ('2491', '1863', '3', '3'), ('2492', '1864', '3', '5'), ('2493', '1865', '3', '1'), ('2494', '1866', '3', '3'), ('2495', '1867', '3', '2'), ('2496', '1868', '3', '2'), ('2497', '1869', '3', '4'), ('2498', '1870', '3', '4'), ('2499', '1871', '3', '5'), ('2500', '1872', '3', '4'), ('2501', '1873', '3', '2'), ('2502', '1874', '3', '2'), ('2503', '1875', '3', '3'), ('2504', '1876', '3', '2'), ('2505', '1877', '3', '3'), ('2506', '1878', '3', '2'), ('2507', '1879', '3', '1'), ('2508', '1880', '3', '4'), ('2509', '1881', '3', '2'), ('2510', '1882', '3', '3'), ('2511', '1883', '3', '3'), ('2512', '1884', '3', '1'), ('2513', '1885', '3', '5'), ('2514', '1886', '3', '2'), ('2515', '1887', '3', '3'), ('2516', '1888', '3', '1'), ('2517', '1889', '3', '5'), ('2518', '1890', '3', '1'), ('2519', '1891', '3', '3'), ('2520', '1892', '3', '4'), ('2521', '1893', '3', '5'), ('2522', '1894', '3', '3'), ('2523', '1895', '3', '5'), ('2524', '1896', '3', '2'), ('2525', '1897', '3', '2'), ('2526', '1898', '3', '2'), ('2527', '1899', '3', '4'), ('2528', '1900', '3', '1'), ('2529', '1901', '3', '4'), ('2530', '1902', '3', '1'), ('2531', '1903', '3', '5'), ('2532', '1904', '3', '3'), ('2533', '1905', '3', '2'), ('2534', '1906', '3', '4'), ('2535', '1907', '3', '3'), ('2536', '1908', '3', '5'), ('2537', '1909', '3', '2'), ('2538', '1910', '3', '3'), ('2539', '1911', '3', '1'), ('2540', '1912', '3', '3'), ('2541', '1913', '3', '5'), ('2542', '1914', '3', '4'), ('2543', '1915', '3', '3'), ('2544', '1916', '3', '2'), ('2545', '1917', '3', '2'), ('2546', '1918', '3', '2'), ('2547', '1919', '3', '4'), ('2548', '1920', '3', '4'), ('2549', '1921', '3', '1'), ('2550', '1922', '3', '3'), ('2551', '1923', '3', '5'), ('2552', '1924', '3', '4'), ('2553', '1925', '3', '2'), ('2554', '1926', '3', '4'), ('2555', '1927', '3', '3'), ('2556', '1928', '3', '3'), ('2557', '1929', '3', '3'), ('2558', '1930', '3', '3'), ('2559', '1931', '3', '1'), ('2560', '1932', '3', '4'), ('2561', '1933', '3', '5'), ('2562', '1934', '3', '5'), ('2563', '1935', '3', '4'), ('2564', '1936', '3', '1'), ('2565', '1937', '3', '4'), ('2566', '1938', '3', '2'), ('2567', '1939', '3', '3'), ('2568', '1940', '3', '4'), ('2569', '1941', '3', '4'), ('2570', '1942', '3', '5'), ('2571', '1943', '3', '3'), ('2572', '1944', '3', '3'), ('2573', '1945', '3', '4'), ('2574', '1946', '3', '1'), ('2575', '1947', '3', '4'), ('2576', '1948', '3', '4'), ('2577', '1949', '3', '2'), ('2578', '1950', '3', '5'), ('2579', '1951', '3', '5'), ('2580', '1952', '3', '4'), ('2581', '1953', '3', '3'), ('2582', '1954', '3', '2'), ('2583', '1955', '3', '4'), ('2584', '1956', '3', '4'), ('2585', '1957', '3', '4'), ('2586', '1958', '3', '4'), ('2587', '1959', '3', '5'), ('2588', '1960', '3', '3'), ('2589', '1961', '3', '2'), ('2590', '1962', '3', '4'), ('2591', '1963', '3', '1'), ('2592', '1964', '3', '2'), ('2593', '1965', '3', '4'), ('2594', '1966', '3', '1'), ('2595', '1967', '3', '3'), ('2596', '1968', '3', '4'), ('2597', '1969', '3', '1'), ('2598', '1970', '3', '4'), ('2599', '1971', '3', '3'), ('2600', '1972', '3', '4'), ('2601', '1973', '3', '3'), ('2602', '1974', '3', '4'), ('2603', '1975', '3', '5'), ('2604', '1976', '3', '3'), ('2605', '1977', '3', '2'), ('2606', '1978', '3', '2'), ('2607', '1979', '3', '2'), ('2608', '1980', '3', '2'), ('2609', '1981', '3', '5'), ('2610', '1982', '3', '1'), ('2611', '1983', '3', '3'), ('2612', '1984', '3', '4'), ('2613', '1985', '3', '5'), ('2614', '1986', '3', '5'), ('2615', '1987', '3', '1'), ('2616', '1988', '3', '2'), ('2617', '1989', '3', '2'), ('2618', '1990', '3', '4'), ('2619', '1991', '3', '3'), ('2620', '1992', '3', '4'), ('2621', '1993', '3', '2'), ('2622', '1994', '3', '4'), ('2623', '1995', '3', '4'), ('2624', '1996', '3', '5'), ('2625', '1997', '3', '3'), ('2626', '1998', '3', '4'), ('2627', '1999', '3', '1'), ('2628', '2000', '3', '2'), ('2629', '2001', '3', '5'), ('2630', '2002', '3', '4'), ('2631', '2003', '3', '1'), ('2632', '2004', '3', '2'), ('2633', '2005', '3', '3'), ('2634', '2006', '3', '2'), ('2635', '2007', '3', '1'), ('2636', '2008', '3', '1'), ('2637', '2009', '3', '2'), ('2638', '2010', '3', '5'), ('2639', '2011', '3', '2'), ('2640', '2012', '3', '4'), ('2641', '2013', '3', '1'), ('2642', '2014', '3', '2'), ('2643', '2015', '3', '2'), ('2644', '2016', '3', '2'), ('2645', '2017', '3', '4'), ('2646', '2018', '3', '3'), ('2647', '2019', '3', '1'), ('2648', '2020', '3', '2'), ('2649', '2021', '3', '2'), ('2650', '2022', '3', '2'), ('2651', '2023', '3', '4'), ('2652', '2024', '3', '1'), ('2653', '2025', '3', '1'), ('2654', '2026', '3', '5'), ('2655', '2027', '3', '4'), ('2656', '2028', '3', '1'), ('2657', '2029', '3', '4'), ('2658', '2030', '3', '2'), ('2659', '2031', '3', '1'), ('2660', '2032', '3', '3'), ('2661', '2033', '3', '4'), ('2662', '2034', '3', '4'), ('2663', '2035', '3', '2'), ('2664', '2036', '3', '3'), ('2665', '2037', '3', '3'), ('2666', '2038', '3', '1'), ('2667', '2039', '3', '5'), ('2668', '2040', '3', '3'), ('2669', '2041', '3', '4'), ('2670', '2042', '3', '2'), ('2671', '2043', '3', '2'), ('2672', '2044', '3', '4'), ('2673', '2045', '3', '3'), ('2674', '2046', '3', '3'), ('2675', '2047', '3', '3'), ('2676', '2048', '3', '5'), ('2677', '2049', '3', '3'), ('2678', '2050', '3', '4'), ('2679', '2051', '3', '1'), ('2680', '2052', '3', '1'), ('2681', '2053', '3', '5'), ('2682', '2054', '3', '3'), ('2683', '2055', '3', '5'), ('2684', '2056', '3', '5'), ('2685', '2057', '3', '2'), ('2686', '2058', '3', '5'), ('2687', '2059', '3', '1'), ('2688', '2060', '3', '2'), ('2689', '2061', '3', '4'), ('2690', '2062', '3', '4'), ('2691', '2063', '3', '2'), ('2692', '2064', '3', '4'), ('2693', '2065', '3', '3'), ('2694', '2066', '3', '5'), ('2695', '2067', '3', '2'), ('2696', '2068', '3', '2'), ('2697', '2069', '3', '4'), ('2698', '2070', '3', '3'), ('2699', '2071', '3', '2'), ('2700', '2072', '3', '3'), ('2701', '2073', '3', '3'), ('2702', '2074', '3', '3'), ('2703', '2075', '3', '2'), ('2704', '2076', '3', '2'), ('2705', '2077', '3', '5'), ('2706', '2078', '3', '5'), ('2707', '2079', '3', '5'), ('2708', '2080', '3', '5'), ('2709', '2081', '3', '1'), ('2710', '2082', '3', '2'), ('2711', '2083', '3', '4'), ('2712', '2084', '3', '2'), ('2713', '2085', '3', '3'), ('2714', '2086', '3', '2'), ('2715', '2087', '3', '3'), ('2716', '2088', '3', '1'), ('2717', '2089', '3', '4'), ('2718', '2090', '3', '4'), ('2719', '2091', '3', '3'), ('2720', '2092', '3', '2'), ('2721', '2093', '3', '4'), ('2722', '2094', '3', '5'), ('2723', '2095', '3', '2'), ('2724', '2096', '3', '1'), ('2725', '2097', '3', '2'), ('2726', '2098', '3', '2'), ('2727', '2099', '3', '3'), ('2728', '2100', '3', '5'), ('2729', '2101', '3', '5'), ('2730', '2102', '3', '4'), ('3070', '1419', '4', '3'), ('3071', '1420', '4', '3'), ('3072', '1421', '4', '2'), ('3073', '1422', '4', '5'), ('3074', '1423', '4', '4'), ('3075', '1424', '4', '4'), ('3076', '1425', '4', '4'), ('3077', '1426', '4', '4'), ('3078', '1427', '4', '5'), ('3079', '1428', '4', '3'), ('3080', '1429', '4', '3'), ('3081', '1430', '4', '3'), ('3082', '1431', '4', '2'), ('3083', '1432', '4', '4'), ('3084', '1433', '4', '3'), ('3085', '1434', '4', '4'), ('3086', '1435', '4', '5'), ('3087', '1436', '4', '4'), ('3088', '1437', '4', '3'), ('3089', '1438', '4', '4'), ('3090', '1439', '4', '5'), ('3091', '1440', '4', '3'), ('3092', '1441', '4', '2'), ('3093', '1442', '4', '3'), ('3094', '1443', '4', '5'), ('3095', '1444', '4', '3'), ('3096', '1445', '4', '3'), ('3097', '1446', '4', '1'), ('3098', '1447', '4', '1'), ('3099', '1448', '4', '5'), ('3100', '1449', '4', '4'), ('3101', '1450', '4', '2'), ('3102', '1451', '4', '4'), ('3103', '1452', '4', '4'), ('3104', '1453', '4', '2'), ('3105', '1454', '4', '3'), ('3106', '1455', '4', '3'), ('3107', '1456', '4', '4'), ('3108', '1457', '4', '3'), ('3109', '1458', '4', '3'), ('3110', '1459', '4', '5'), ('3111', '1460', '4', '5'), ('3112', '1461', '4', '5'), ('3113', '1462', '4', '5'), ('3114', '1463', '4', '4'), ('3115', '1464', '4', '1'), ('3116', '1465', '4', '5'), ('3117', '1466', '4', '3'), ('3118', '1467', '4', '5'), ('3119', '1468', '4', '2'), ('3120', '1469', '4', '2'), ('3121', '1470', '4', '2'), ('3122', '1471', '4', '5'), ('3123', '1472', '4', '1'), ('3124', '1473', '4', '2'), ('3125', '1474', '4', '4'), ('3126', '1475', '4', '2'), ('3127', '1476', '4', '2'), ('3128', '1477', '4', '4'), ('3129', '1478', '4', '4'), ('3130', '1479', '4', '2'), ('3131', '1480', '4', '4'), ('3132', '1481', '4', '5'), ('3133', '1482', '4', '3'), ('3134', '1483', '4', '2'), ('3135', '1484', '4', '4'), ('3136', '1485', '4', '3'), ('3137', '1486', '4', '3'), ('3138', '1487', '4', '3'), ('3139', '1488', '4', '2'), ('3140', '1489', '4', '2'), ('3141', '1490', '4', '2'), ('3142', '1491', '4', '4'), ('3143', '1492', '4', '3'), ('3144', '1493', '4', '3'), ('3145', '1494', '4', '4'), ('3146', '1495', '4', '3'), ('3147', '1496', '4', '5'), ('3148', '1497', '4', '2'), ('3149', '1498', '4', '2'), ('3150', '1499', '4', '3'), ('3151', '1500', '4', '2'), ('3152', '1501', '4', '1'), ('3153', '1502', '4', '5'), ('3154', '1503', '4', '2'), ('3155', '1504', '4', '2'), ('3156', '1505', '4', '5'), ('3157', '1506', '4', '4'), ('3158', '1507', '4', '2'), ('3159', '1508', '4', '2'), ('3160', '1509', '4', '5'), ('3161', '1510', '4', '1'), ('3162', '1511', '4', '3'), ('3163', '1512', '4', '4'), ('3164', '1513', '4', '2'), ('3165', '1514', '4', '2'), ('3166', '1515', '4', '2'), ('3167', '1516', '4', '3'), ('3168', '1517', '4', '4'), ('3169', '1518', '4', '2'), ('3170', '1519', '4', '1'), ('3171', '1520', '4', '2'), ('3172', '1521', '4', '3'), ('3173', '1522', '4', '4'), ('3174', '1523', '4', '2'), ('3175', '1524', '4', '4'), ('3176', '1525', '4', '5'), ('3177', '1526', '4', '3'), ('3178', '1527', '4', '4'), ('3179', '1528', '4', '1'), ('3180', '1529', '4', '1'), ('3181', '1530', '4', '2'), ('3182', '1531', '4', '4'), ('3183', '1532', '4', '4'), ('3184', '1533', '4', '3'), ('3185', '1534', '4', '2'), ('3186', '1535', '4', '3'), ('3187', '1536', '4', '3'), ('3188', '1537', '4', '2'), ('3189', '1538', '4', '2'), ('3190', '1539', '4', '4'), ('3191', '1540', '4', '2'), ('3192', '1541', '4', '2'), ('3193', '1542', '4', '5'), ('3194', '1543', '4', '4'), ('3195', '1544', '4', '1'), ('3196', '1545', '4', '1'), ('3197', '1546', '4', '1'), ('3198', '1547', '4', '5'), ('3199', '1548', '4', '3'), ('3200', '1549', '4', '3'), ('3201', '1550', '4', '2'), ('3202', '1551', '4', '2'), ('3203', '1552', '4', '3'), ('3204', '1553', '4', '3'), ('3205', '1554', '4', '3'), ('3206', '1555', '4', '4'), ('3207', '1556', '4', '4'), ('3208', '1557', '4', '5'), ('3209', '1558', '4', '4'), ('3210', '1559', '4', '4'), ('3211', '1560', '4', '3'), ('3212', '1561', '4', '4'), ('3213', '1562', '4', '4'), ('3214', '1563', '4', '4'), ('3215', '1564', '4', '4'), ('3216', '1565', '4', '1'), ('3217', '1566', '4', '3'), ('3218', '1567', '4', '4'), ('3219', '1568', '4', '1'), ('3220', '1569', '4', '2'), ('3221', '1570', '4', '5'), ('3222', '1571', '4', '2'), ('3223', '1572', '4', '3'), ('3224', '1573', '4', '3'), ('3225', '1574', '4', '3'), ('3226', '1575', '4', '1'), ('3227', '1576', '4', '3'), ('3228', '1577', '4', '4'), ('3229', '1578', '4', '1'), ('3230', '1579', '4', '2'), ('3231', '1580', '4', '5'), ('3232', '1581', '4', '4'), ('3233', '1582', '4', '3'), ('3234', '1583', '4', '3'), ('3235', '1584', '4', '1'), ('3236', '1585', '4', '5'), ('3237', '1586', '4', '2'), ('3238', '1587', '4', '5'), ('3239', '1588', '4', '4'), ('3240', '1589', '4', '3'), ('3241', '1590', '4', '4'), ('3242', '1591', '4', '5'), ('3243', '1592', '4', '3'), ('3244', '1593', '4', '4'), ('3245', '1594', '4', '1'), ('3246', '1595', '4', '3'), ('3247', '1596', '4', '4'), ('3248', '1597', '4', '1'), ('3249', '1598', '4', '3'), ('3250', '1599', '4', '3'), ('3251', '1600', '4', '3'), ('3252', '1601', '4', '3'), ('3253', '1602', '4', '2'), ('3254', '1603', '4', '3'), ('3255', '1604', '4', '2'), ('3256', '1605', '4', '3'), ('3257', '1606', '4', '1'), ('3258', '1607', '4', '5'), ('3259', '1608', '4', '4'), ('3260', '1609', '4', '5'), ('3261', '1610', '4', '3'), ('3262', '1611', '4', '3'), ('3263', '1612', '4', '3'), ('3264', '1613', '4', '4'), ('3265', '1614', '4', '4'), ('3266', '1615', '4', '3'), ('3267', '1616', '4', '1'), ('3268', '1617', '4', '2'), ('3269', '1618', '4', '4'), ('3270', '1619', '4', '4'), ('3271', '1620', '4', '5'), ('3272', '1621', '4', '4'), ('3273', '1622', '4', '2'), ('3274', '1623', '4', '1'), ('3275', '1624', '4', '2'), ('3276', '1625', '4', '3'), ('3277', '1626', '4', '2'), ('3278', '1627', '4', '2'), ('3279', '1628', '4', '4'), ('3280', '1629', '4', '3'), ('3281', '1630', '4', '1'), ('3282', '1631', '4', '4'), ('3283', '1632', '4', '4'), ('3284', '1633', '4', '3'), ('3285', '1634', '4', '5'), ('3286', '1635', '4', '2'), ('3287', '1636', '4', '5'), ('3288', '1637', '4', '3'), ('3289', '1638', '4', '4'), ('3290', '1639', '4', '4'), ('3291', '1640', '4', '4'), ('3292', '1641', '4', '5'), ('3293', '1642', '4', '3'), ('3294', '1643', '4', '2'), ('3295', '1644', '4', '4'), ('3296', '1645', '4', '5'), ('3297', '1646', '4', '3'), ('3298', '1647', '4', '1'), ('3299', '1648', '4', '2'), ('3300', '1649', '4', '4'), ('3301', '1650', '4', '3'), ('3302', '1651', '4', '5'), ('3303', '1652', '4', '3'), ('3304', '1653', '4', '5'), ('3305', '1654', '4', '2'), ('3306', '1655', '4', '5'), ('3307', '1656', '4', '3'), ('3308', '1657', '4', '1'), ('3309', '1658', '4', '5'), ('3310', '1659', '4', '3'), ('3311', '1660', '4', '2'), ('3312', '1661', '4', '2'), ('3313', '1662', '4', '1'), ('3314', '1663', '4', '1'), ('3315', '1664', '4', '4'), ('3316', '1665', '4', '5'), ('3317', '1666', '4', '1'), ('3318', '1667', '4', '4'), ('3319', '1668', '4', '4'), ('3320', '1669', '4', '3'), ('3321', '1670', '4', '4'), ('3322', '1671', '4', '4'), ('3323', '1672', '4', '3'), ('3324', '1673', '4', '4'), ('3325', '1674', '4', '3'), ('3326', '1675', '4', '1'), ('3327', '1676', '4', '2'), ('3328', '1677', '4', '3'), ('3329', '1678', '4', '4'), ('3330', '1679', '4', '2'), ('3331', '1680', '4', '2'), ('3332', '1681', '4', '4'), ('3333', '1682', '4', '1'), ('3334', '1683', '4', '5'), ('3335', '1684', '4', '4'), ('3336', '1685', '4', '3'), ('3337', '1686', '4', '1'), ('3338', '1687', '4', '5'), ('3339', '1688', '4', '3'), ('3340', '1689', '4', '1'), ('3341', '1690', '4', '3'), ('3342', '1691', '4', '2'), ('3343', '1692', '4', '4'), ('3344', '1693', '4', '4'), ('3345', '1694', '4', '4'), ('3346', '1695', '4', '5'), ('3347', '1696', '4', '4'), ('3348', '1697', '4', '2'), ('3349', '1698', '4', '1'), ('3350', '1699', '4', '2'), ('3351', '1700', '4', '2'), ('3352', '1701', '4', '5'), ('3353', '1702', '4', '3'), ('3354', '1703', '4', '4'), ('3355', '1704', '4', '3'), ('3356', '1705', '4', '3'), ('3357', '1706', '4', '2'), ('3358', '1707', '4', '5'), ('3359', '1708', '4', '5'), ('3360', '1709', '4', '4'), ('3361', '1710', '4', '2'), ('3362', '1711', '4', '1'), ('3363', '1712', '4', '3'), ('3364', '1713', '4', '3'), ('3365', '1714', '4', '3'), ('3366', '1715', '4', '2'), ('3367', '1716', '4', '4'), ('3368', '1717', '4', '3'), ('3369', '1718', '4', '3'), ('3370', '1719', '4', '2'), ('3371', '1720', '4', '2'), ('3372', '1721', '4', '2'), ('3373', '1722', '4', '4'), ('3374', '1723', '4', '2'), ('3375', '1724', '4', '4'), ('3376', '1725', '4', '5'), ('3377', '1726', '4', '2'), ('3378', '1727', '4', '3'), ('3379', '1728', '4', '1'), ('3380', '1729', '4', '4'), ('3381', '1730', '4', '4'), ('3382', '1731', '4', '2'), ('3383', '1732', '4', '2'), ('3384', '1733', '4', '3'), ('3385', '1734', '4', '2'), ('3386', '1735', '4', '4');
INSERT INTO `resource_alignment_map` VALUES ('3387', '1736', '4', '2'), ('3388', '1737', '4', '3'), ('3389', '1738', '4', '3'), ('3390', '1739', '4', '3'), ('3391', '1740', '4', '2'), ('3392', '1741', '4', '5'), ('3393', '1742', '4', '4'), ('3394', '1743', '4', '4'), ('3395', '1744', '4', '3'), ('3396', '1745', '4', '3'), ('3397', '1746', '4', '3'), ('3398', '1747', '4', '5'), ('3399', '1748', '4', '2'), ('3400', '1749', '4', '2'), ('3401', '1750', '4', '4'), ('3402', '1751', '4', '3'), ('3403', '1752', '4', '3'), ('3404', '1753', '4', '3'), ('3405', '1754', '4', '5'), ('3406', '1755', '4', '2'), ('3407', '1756', '4', '4'), ('3408', '1757', '4', '2'), ('3409', '1758', '4', '2'), ('3410', '1759', '4', '5'), ('3411', '1760', '4', '3'), ('3412', '1761', '4', '4'), ('3413', '1762', '4', '4'), ('3414', '1763', '4', '2'), ('3415', '1764', '4', '4'), ('3416', '1765', '4', '4'), ('3417', '1766', '4', '1'), ('3418', '1767', '4', '4'), ('3419', '1768', '4', '5'), ('3420', '1769', '4', '2'), ('3421', '1770', '4', '3'), ('3422', '1771', '4', '4'), ('3423', '1772', '4', '4'), ('3424', '1773', '4', '1'), ('3425', '1774', '4', '2'), ('3426', '1775', '4', '3'), ('3427', '1776', '4', '3'), ('3428', '1777', '4', '3'), ('3429', '1778', '4', '2'), ('3430', '1779', '4', '4'), ('3431', '1780', '4', '2'), ('3432', '1781', '4', '5'), ('3433', '1782', '4', '5'), ('3434', '1783', '4', '1'), ('3435', '1784', '4', '2'), ('3436', '1785', '4', '4'), ('3437', '1786', '4', '1'), ('3438', '1787', '4', '2'), ('3439', '1788', '4', '3'), ('3440', '1789', '4', '2'), ('3441', '1790', '4', '4'), ('3442', '1791', '4', '4'), ('3443', '1792', '4', '3'), ('3444', '1793', '4', '4'), ('3445', '1794', '4', '5'), ('3446', '1795', '4', '3'), ('3447', '1796', '4', '2'), ('3448', '1797', '4', '4'), ('3449', '1798', '4', '1'), ('3450', '1799', '4', '5'), ('3451', '1800', '4', '5'), ('3452', '1801', '4', '3'), ('3453', '1802', '4', '3'), ('3454', '1803', '4', '2'), ('3455', '1804', '4', '2'), ('3456', '1805', '4', '1'), ('3457', '1806', '4', '4'), ('3458', '1807', '4', '1'), ('3459', '1808', '4', '3'), ('3460', '1809', '4', '4'), ('3461', '1810', '4', '3'), ('3462', '1811', '4', '3'), ('3463', '1812', '4', '4'), ('3464', '1813', '4', '3'), ('3465', '1814', '4', '4'), ('3466', '1815', '4', '2'), ('3467', '1816', '4', '5'), ('3468', '1817', '4', '2'), ('3469', '1818', '4', '3'), ('3470', '1819', '4', '2'), ('3471', '1820', '4', '4'), ('3472', '1821', '4', '4'), ('3473', '1822', '4', '3'), ('3474', '1823', '4', '3'), ('3475', '1824', '4', '3'), ('3476', '1825', '4', '1'), ('3477', '1826', '4', '1'), ('3478', '1827', '4', '2'), ('3479', '1828', '4', '2'), ('3480', '1829', '4', '3'), ('3481', '1830', '4', '2'), ('3482', '1831', '4', '3'), ('3483', '1832', '4', '3'), ('3484', '1833', '4', '4'), ('3485', '1834', '4', '4'), ('3486', '1835', '4', '2'), ('3487', '1836', '4', '1'), ('3488', '1837', '4', '3'), ('3489', '1838', '4', '3'), ('3490', '1839', '4', '3'), ('3491', '1840', '4', '3'), ('3492', '1841', '4', '2'), ('3493', '1842', '4', '2'), ('3494', '1843', '4', '1'), ('3495', '1844', '4', '2'), ('3496', '1845', '4', '2'), ('3497', '1846', '4', '2'), ('3498', '1847', '4', '4'), ('3499', '1848', '4', '2'), ('3500', '1849', '4', '5'), ('3501', '1850', '4', '2'), ('3502', '1851', '4', '1'), ('3503', '1852', '4', '2'), ('3504', '1853', '4', '3'), ('3505', '1854', '4', '3'), ('3506', '1855', '4', '3'), ('3507', '1856', '4', '3'), ('3508', '1857', '4', '3'), ('3509', '1858', '4', '3'), ('3510', '1859', '4', '3'), ('3511', '1860', '4', '2'), ('3512', '1861', '4', '2'), ('3513', '1862', '4', '5'), ('3514', '1863', '4', '5'), ('3515', '1864', '4', '3'), ('3516', '1865', '4', '2'), ('3517', '1866', '4', '3'), ('3518', '1867', '4', '3'), ('3519', '1868', '4', '4'), ('3520', '1869', '4', '3'), ('3521', '1870', '4', '1'), ('3522', '1871', '4', '1'), ('3523', '1872', '4', '4'), ('3524', '1873', '4', '2'), ('3525', '1874', '4', '3'), ('3526', '1875', '4', '5'), ('3527', '1876', '4', '3'), ('3528', '1877', '4', '5'), ('3529', '1878', '4', '3'), ('3530', '1879', '4', '5'), ('3531', '1880', '4', '4'), ('3532', '1881', '4', '2'), ('3533', '1882', '4', '1'), ('3534', '1883', '4', '2'), ('3535', '1884', '4', '2'), ('3536', '1885', '4', '2'), ('3537', '1886', '4', '1'), ('3538', '1887', '4', '1'), ('3539', '1888', '4', '3'), ('3540', '1889', '4', '1'), ('3541', '1890', '4', '4'), ('3542', '1891', '4', '5'), ('3543', '1892', '4', '1'), ('3544', '1893', '4', '3'), ('3545', '1894', '4', '4'), ('3546', '1895', '4', '1'), ('3547', '1896', '4', '4'), ('3548', '1897', '4', '4'), ('3549', '1898', '4', '5'), ('3550', '1899', '4', '2'), ('3551', '1900', '4', '3'), ('3552', '1901', '4', '5'), ('3553', '1902', '4', '1'), ('3554', '1903', '4', '3'), ('3555', '1904', '4', '4'), ('3556', '1905', '4', '2'), ('3557', '1906', '4', '2'), ('3558', '1907', '4', '4'), ('3559', '1908', '4', '3'), ('3560', '1909', '4', '2'), ('3561', '1910', '4', '2'), ('3562', '1911', '4', '2'), ('3563', '1912', '4', '1'), ('3564', '1913', '4', '2'), ('3565', '1914', '4', '4'), ('3566', '1915', '4', '3'), ('3567', '1916', '4', '2'), ('3568', '1917', '4', '4'), ('3569', '1918', '4', '1'), ('3570', '1919', '4', '2'), ('3571', '1920', '4', '3'), ('3572', '1921', '4', '4'), ('3573', '1922', '4', '2'), ('3574', '1923', '4', '2'), ('3575', '1924', '4', '3'), ('3576', '1925', '4', '2'), ('3577', '1926', '4', '3'), ('3578', '1927', '4', '3'), ('3579', '1928', '4', '2'), ('3580', '1929', '4', '1'), ('3581', '1930', '4', '2'), ('3582', '1931', '4', '4'), ('3583', '1932', '4', '3'), ('3584', '1933', '4', '4'), ('3585', '1934', '4', '3'), ('3586', '1935', '4', '4'), ('3587', '1936', '4', '4'), ('3588', '1937', '4', '5'), ('3589', '1938', '4', '2'), ('3590', '1939', '4', '1'), ('3591', '1940', '4', '3'), ('3592', '1941', '4', '5'), ('3593', '1942', '4', '4'), ('3594', '1943', '4', '3'), ('3595', '1944', '4', '1'), ('3596', '1945', '4', '4'), ('3597', '1946', '4', '1'), ('3598', '1947', '4', '3'), ('3599', '1948', '4', '4'), ('3600', '1949', '4', '4'), ('3601', '1950', '4', '3'), ('3602', '1951', '4', '5'), ('3603', '1952', '4', '2'), ('3604', '1953', '4', '1'), ('3605', '1954', '4', '2'), ('3606', '1955', '4', '3'), ('3607', '1956', '4', '2'), ('3608', '1957', '4', '3'), ('3609', '1958', '4', '4'), ('3610', '1959', '4', '3'), ('3611', '1960', '4', '5'), ('3612', '1961', '4', '3'), ('3613', '1962', '4', '1'), ('3614', '1963', '4', '3'), ('3615', '1964', '4', '3'), ('3616', '1965', '4', '4'), ('3617', '1966', '4', '4'), ('3618', '1967', '4', '2'), ('3619', '1968', '4', '5'), ('3620', '1969', '4', '2'), ('3621', '1970', '4', '1'), ('3622', '1971', '4', '5'), ('3623', '1972', '4', '2'), ('3624', '1973', '4', '3'), ('3625', '1974', '4', '2'), ('3626', '1975', '4', '2'), ('3627', '1976', '4', '1'), ('3628', '1977', '4', '1'), ('3629', '1978', '4', '5'), ('3630', '1979', '4', '3'), ('3631', '1980', '4', '2'), ('3632', '1981', '4', '3'), ('3633', '1982', '4', '4'), ('3634', '1983', '4', '1'), ('3635', '1984', '4', '2'), ('3636', '1985', '4', '5'), ('3637', '1986', '4', '5'), ('3638', '1987', '4', '4'), ('3639', '1988', '4', '4'), ('3640', '1989', '4', '3'), ('3641', '1990', '4', '5'), ('3642', '1991', '4', '3'), ('3643', '1992', '4', '2'), ('3644', '1993', '4', '2'), ('3645', '1994', '4', '2'), ('3646', '1995', '4', '4'), ('3647', '1996', '4', '5'), ('3648', '1997', '4', '3'), ('3649', '1998', '4', '2'), ('3650', '1999', '4', '1'), ('3651', '2000', '4', '4'), ('3652', '2001', '4', '1'), ('3653', '2002', '4', '4'), ('3654', '2003', '4', '3'), ('3655', '2004', '4', '1'), ('3656', '2005', '4', '1'), ('3657', '2006', '4', '1'), ('3658', '2007', '4', '2'), ('3659', '2008', '4', '1'), ('3660', '2009', '4', '3'), ('3661', '2010', '4', '3'), ('3662', '2011', '4', '4'), ('3663', '2012', '4', '1'), ('3664', '2013', '4', '2'), ('3665', '2014', '4', '3'), ('3666', '2015', '4', '2'), ('3667', '2016', '4', '2'), ('3668', '2017', '4', '5'), ('3669', '2018', '4', '3'), ('3670', '2019', '4', '5'), ('3671', '2020', '4', '4'), ('3672', '2021', '4', '4'), ('3673', '2022', '4', '4'), ('3674', '2023', '4', '4'), ('3675', '2024', '4', '3'), ('3676', '2025', '4', '2'), ('3677', '2026', '4', '3'), ('3678', '2027', '4', '3'), ('3679', '2028', '4', '4'), ('3680', '2029', '4', '4'), ('3681', '2030', '4', '4'), ('3682', '2031', '4', '1'), ('3683', '2032', '4', '1'), ('3684', '2033', '4', '3'), ('3685', '2034', '4', '4'), ('3686', '2035', '4', '2'), ('3687', '2036', '4', '2'), ('3688', '2037', '4', '3'), ('3689', '2038', '4', '4'), ('3690', '2039', '4', '5'), ('3691', '2040', '4', '3'), ('3692', '2041', '4', '2'), ('3693', '2042', '4', '3'), ('3694', '2043', '4', '2'), ('3695', '2044', '4', '3'), ('3696', '2045', '4', '5'), ('3697', '2046', '4', '3'), ('3698', '2047', '4', '2'), ('3699', '2048', '4', '2'), ('3700', '2049', '4', '4'), ('3701', '2050', '4', '4'), ('3702', '2051', '4', '2'), ('3703', '2052', '4', '1'), ('3704', '2053', '4', '3'), ('3705', '2054', '4', '3'), ('3706', '2055', '4', '3'), ('3707', '2056', '4', '2'), ('3708', '2057', '4', '2'), ('3709', '2058', '4', '2'), ('3710', '2059', '4', '3'), ('3711', '2060', '4', '5'), ('3712', '2061', '4', '4'), ('3713', '2062', '4', '2'), ('3714', '2063', '4', '2'), ('3715', '2064', '4', '5'), ('3716', '2065', '4', '3'), ('3717', '2066', '4', '5'), ('3718', '2067', '4', '3'), ('3719', '2068', '4', '2'), ('3720', '2069', '4', '3'), ('3721', '2070', '4', '2'), ('3722', '2071', '4', '5'), ('3723', '2072', '4', '5'), ('3724', '2073', '4', '3'), ('3725', '2074', '4', '3'), ('3726', '2075', '4', '2'), ('3727', '2076', '4', '4'), ('3728', '2077', '4', '4'), ('3729', '2078', '4', '4'), ('3730', '2079', '4', '2'), ('3731', '2080', '4', '3'), ('3732', '2081', '4', '1'), ('3733', '2082', '4', '2'), ('3734', '2083', '4', '2'), ('3735', '2084', '4', '3'), ('3736', '2085', '4', '1'), ('3737', '2086', '4', '2'), ('3738', '2087', '4', '4'), ('3739', '2088', '4', '4'), ('3740', '2089', '4', '1'), ('3741', '2090', '4', '3'), ('3742', '2091', '4', '2'), ('3743', '2092', '4', '3'), ('3744', '2093', '4', '3'), ('3745', '2094', '4', '3'), ('3746', '2095', '4', '4'), ('3747', '2096', '4', '2'), ('3748', '2097', '4', '5'), ('3749', '2098', '4', '4'), ('3750', '2099', '4', '2'), ('3751', '2100', '4', '3'), ('3752', '2101', '4', '1'), ('3753', '2102', '4', '4'), ('4093', '1419', '5', '3'), ('4094', '1420', '5', '3'), ('4095', '1421', '5', '2'), ('4096', '1422', '5', '5'), ('4097', '1423', '5', '3'), ('4098', '1424', '5', '2'), ('4099', '1425', '5', '4'), ('4100', '1426', '5', '4'), ('4101', '1427', '5', '1'), ('4102', '1428', '5', '2'), ('4103', '1429', '5', '2'), ('4104', '1430', '5', '5'), ('4105', '1431', '5', '1'), ('4106', '1432', '5', '3'), ('4107', '1433', '5', '3'), ('4108', '1434', '5', '1'), ('4109', '1435', '5', '3'), ('4110', '1436', '5', '1'), ('4111', '1437', '5', '4'), ('4112', '1438', '5', '2'), ('4113', '1439', '5', '2'), ('4114', '1440', '5', '4'), ('4115', '1441', '5', '4'), ('4116', '1442', '5', '2'), ('4117', '1443', '5', '2'), ('4118', '1444', '5', '2'), ('4119', '1445', '5', '4'), ('4120', '1446', '5', '3'), ('4121', '1447', '5', '1'), ('4122', '1448', '5', '3'), ('4123', '1449', '5', '4'), ('4124', '1450', '5', '2'), ('4125', '1451', '5', '3'), ('4126', '1452', '5', '3'), ('4127', '1453', '5', '4'), ('4128', '1454', '5', '4'), ('4129', '1455', '5', '3'), ('4130', '1456', '5', '4'), ('4131', '1457', '5', '5'), ('4132', '1458', '5', '3'), ('4133', '1459', '5', '4'), ('4134', '1460', '5', '1'), ('4135', '1461', '5', '2'), ('4136', '1462', '5', '3'), ('4137', '1463', '5', '2'), ('4138', '1464', '5', '2'), ('4139', '1465', '5', '3'), ('4140', '1466', '5', '5'), ('4141', '1467', '5', '3'), ('4142', '1468', '5', '5'), ('4143', '1469', '5', '2'), ('4144', '1470', '5', '2'), ('4145', '1471', '5', '3'), ('4146', '1472', '5', '4'), ('4147', '1473', '5', '4'), ('4148', '1474', '5', '5'), ('4149', '1475', '5', '3'), ('4150', '1476', '5', '3'), ('4151', '1477', '5', '4'), ('4152', '1478', '5', '3'), ('4153', '1479', '5', '2'), ('4154', '1480', '5', '3'), ('4155', '1481', '5', '1'), ('4156', '1482', '5', '2'), ('4157', '1483', '5', '3'), ('4158', '1484', '5', '5'), ('4159', '1485', '5', '3'), ('4160', '1486', '5', '2'), ('4161', '1487', '5', '4'), ('4162', '1488', '5', '4'), ('4163', '1489', '5', '3'), ('4164', '1490', '5', '4'), ('4165', '1491', '5', '5'), ('4166', '1492', '5', '4'), ('4167', '1493', '5', '3'), ('4168', '1494', '5', '4'), ('4169', '1495', '5', '3'), ('4170', '1496', '5', '1'), ('4171', '1497', '5', '2'), ('4172', '1498', '5', '2'), ('4173', '1499', '5', '4'), ('4174', '1500', '5', '3'), ('4175', '1501', '5', '1'), ('4176', '1502', '5', '2'), ('4177', '1503', '5', '5'), ('4178', '1504', '5', '1'), ('4179', '1505', '5', '2'), ('4180', '1506', '5', '4'), ('4181', '1507', '5', '2'), ('4182', '1508', '5', '2'), ('4183', '1509', '5', '2'), ('4184', '1510', '5', '2'), ('4185', '1511', '5', '4'), ('4186', '1512', '5', '5'), ('4187', '1513', '5', '3'), ('4188', '1514', '5', '4'), ('4189', '1515', '5', '1'), ('4190', '1516', '5', '3'), ('4191', '1517', '5', '4'), ('4192', '1518', '5', '3'), ('4193', '1519', '5', '1'), ('4194', '1520', '5', '1'), ('4195', '1521', '5', '2'), ('4196', '1522', '5', '3'), ('4197', '1523', '5', '4'), ('4198', '1524', '5', '5'), ('4199', '1525', '5', '5'), ('4200', '1526', '5', '5'), ('4201', '1527', '5', '4'), ('4202', '1528', '5', '5'), ('4203', '1529', '5', '3'), ('4204', '1530', '5', '2'), ('4205', '1531', '5', '5'), ('4206', '1532', '5', '3'), ('4207', '1533', '5', '2'), ('4208', '1534', '5', '3'), ('4209', '1535', '5', '2'), ('4210', '1536', '5', '3'), ('4211', '1537', '5', '5'), ('4212', '1538', '5', '1'), ('4213', '1539', '5', '3'), ('4214', '1540', '5', '4'), ('4215', '1541', '5', '3'), ('4216', '1542', '5', '5'), ('4217', '1543', '5', '1'), ('4218', '1544', '5', '3'), ('4219', '1545', '5', '1'), ('4220', '1546', '5', '2'), ('4221', '1547', '5', '3'), ('4222', '1548', '5', '4'), ('4223', '1549', '5', '4'), ('4224', '1550', '5', '2'), ('4225', '1551', '5', '3'), ('4226', '1552', '5', '3'), ('4227', '1553', '5', '4'), ('4228', '1554', '5', '2'), ('4229', '1555', '5', '3'), ('4230', '1556', '5', '5'), ('4231', '1557', '5', '3'), ('4232', '1558', '5', '3'), ('4233', '1559', '5', '2'), ('4234', '1560', '5', '1'), ('4235', '1561', '5', '2'), ('4236', '1562', '5', '2'), ('4237', '1563', '5', '2'), ('4238', '1564', '5', '1'), ('4239', '1565', '5', '3'), ('4240', '1566', '5', '2'), ('4241', '1567', '5', '5'), ('4242', '1568', '5', '5'), ('4243', '1569', '5', '5'), ('4244', '1570', '5', '3'), ('4245', '1571', '5', '2'), ('4246', '1572', '5', '4'), ('4247', '1573', '5', '3'), ('4248', '1574', '5', '4'), ('4249', '1575', '5', '3'), ('4250', '1576', '5', '4'), ('4251', '1577', '5', '4'), ('4252', '1578', '5', '2'), ('4253', '1579', '5', '4'), ('4254', '1580', '5', '5'), ('4255', '1581', '5', '3'), ('4256', '1582', '5', '4'), ('4257', '1583', '5', '3'), ('4258', '1584', '5', '3'), ('4259', '1585', '5', '2'), ('4260', '1586', '5', '4'), ('4261', '1587', '5', '2'), ('4262', '1588', '5', '3'), ('4263', '1589', '5', '5'), ('4264', '1590', '5', '2'), ('4265', '1591', '5', '4'), ('4266', '1592', '5', '1'), ('4267', '1593', '5', '1'), ('4268', '1594', '5', '4'), ('4269', '1595', '5', '1'), ('4270', '1596', '5', '3'), ('4271', '1597', '5', '4'), ('4272', '1598', '5', '3'), ('4273', '1599', '5', '3'), ('4274', '1600', '5', '3'), ('4275', '1601', '5', '4'), ('4276', '1602', '5', '4'), ('4277', '1603', '5', '3'), ('4278', '1604', '5', '5'), ('4279', '1605', '5', '2'), ('4280', '1606', '5', '5'), ('4281', '1607', '5', '3'), ('4282', '1608', '5', '3'), ('4283', '1609', '5', '4'), ('4284', '1610', '5', '2'), ('4285', '1611', '5', '3'), ('4286', '1612', '5', '3'), ('4287', '1613', '5', '5'), ('4288', '1614', '5', '1'), ('4289', '1615', '5', '4'), ('4290', '1616', '5', '1'), ('4291', '1617', '5', '2'), ('4292', '1618', '5', '4'), ('4293', '1619', '5', '4'), ('4294', '1620', '5', '2'), ('4295', '1621', '5', '5'), ('4296', '1622', '5', '2'), ('4297', '1623', '5', '4'), ('4298', '1624', '5', '2'), ('4299', '1625', '5', '1'), ('4300', '1626', '5', '4'), ('4301', '1627', '5', '3'), ('4302', '1628', '5', '2'), ('4303', '1629', '5', '5'), ('4304', '1630', '5', '5'), ('4305', '1631', '5', '4'), ('4306', '1632', '5', '1'), ('4307', '1633', '5', '4'), ('4308', '1634', '5', '2'), ('4309', '1635', '5', '3'), ('4310', '1636', '5', '1'), ('4311', '1637', '5', '4'), ('4312', '1638', '5', '5'), ('4313', '1639', '5', '1'), ('4314', '1640', '5', '2'), ('4315', '1641', '5', '3'), ('4316', '1642', '5', '3'), ('4317', '1643', '5', '3'), ('4318', '1644', '5', '4'), ('4319', '1645', '5', '4'), ('4320', '1646', '5', '4'), ('4321', '1647', '5', '2'), ('4322', '1648', '5', '1'), ('4323', '1649', '5', '4'), ('4324', '1650', '5', '3'), ('4325', '1651', '5', '2'), ('4326', '1652', '5', '2'), ('4327', '1653', '5', '4'), ('4328', '1654', '5', '3'), ('4329', '1655', '5', '2'), ('4330', '1656', '5', '4'), ('4331', '1657', '5', '2'), ('4332', '1658', '5', '4'), ('4333', '1659', '5', '4'), ('4334', '1660', '5', '4'), ('4335', '1661', '5', '2'), ('4336', '1662', '5', '3'), ('4337', '1663', '5', '3'), ('4338', '1664', '5', '1'), ('4339', '1665', '5', '4'), ('4340', '1666', '5', '2'), ('4341', '1667', '5', '4'), ('4342', '1668', '5', '2'), ('4343', '1669', '5', '4'), ('4344', '1670', '5', '3'), ('4345', '1671', '5', '4'), ('4346', '1672', '5', '4'), ('4347', '1673', '5', '2'), ('4348', '1674', '5', '4'), ('4349', '1675', '5', '2'), ('4350', '1676', '5', '5'), ('4351', '1677', '5', '3'), ('4352', '1678', '5', '5'), ('4353', '1679', '5', '3'), ('4354', '1680', '5', '2'), ('4355', '1681', '5', '4'), ('4356', '1682', '5', '5'), ('4357', '1683', '5', '2'), ('4358', '1684', '5', '5'), ('4359', '1685', '5', '2'), ('4360', '1686', '5', '4'), ('4361', '1687', '5', '3'), ('4362', '1688', '5', '4'), ('4363', '1689', '5', '3'), ('4364', '1690', '5', '5'), ('4365', '1691', '5', '5'), ('4366', '1692', '5', '4'), ('4367', '1693', '5', '2'), ('4368', '1694', '5', '2'), ('4369', '1695', '5', '3'), ('4370', '1696', '5', '3'), ('4371', '1697', '5', '1'), ('4372', '1698', '5', '1'), ('4373', '1699', '5', '5'), ('4374', '1700', '5', '3'), ('4375', '1701', '5', '2'), ('4376', '1702', '5', '1'), ('4377', '1703', '5', '4'), ('4378', '1704', '5', '2'), ('4379', '1705', '5', '3'), ('4380', '1706', '5', '4'), ('4381', '1707', '5', '1'), ('4382', '1708', '5', '5'), ('4383', '1709', '5', '2'), ('4384', '1710', '5', '2'), ('4385', '1711', '5', '4'), ('4386', '1712', '5', '2'), ('4387', '1713', '5', '3'), ('4388', '1714', '5', '2'), ('4389', '1715', '5', '5'), ('4390', '1716', '5', '4'), ('4391', '1717', '5', '3'), ('4392', '1718', '5', '4'), ('4393', '1719', '5', '5'), ('4394', '1720', '5', '3'), ('4395', '1721', '5', '4'), ('4396', '1722', '5', '2'), ('4397', '1723', '5', '3'), ('4398', '1724', '5', '5'), ('4399', '1725', '5', '2'), ('4400', '1726', '5', '5'), ('4401', '1727', '5', '2'), ('4402', '1728', '5', '4'), ('4403', '1729', '5', '2'), ('4404', '1730', '5', '3'), ('4405', '1731', '5', '5'), ('4406', '1732', '5', '4'), ('4407', '1733', '5', '1'), ('4408', '1734', '5', '1'), ('4409', '1735', '5', '2'), ('4410', '1736', '5', '3'), ('4411', '1737', '5', '2'), ('4412', '1738', '5', '2'), ('4413', '1739', '5', '1'), ('4414', '1740', '5', '5'), ('4415', '1741', '5', '2'), ('4416', '1742', '5', '3'), ('4417', '1743', '5', '2'), ('4418', '1744', '5', '3'), ('4419', '1745', '5', '3'), ('4420', '1746', '5', '3'), ('4421', '1747', '5', '2'), ('4422', '1748', '5', '5'), ('4423', '1749', '5', '1'), ('4424', '1750', '5', '2'), ('4425', '1751', '5', '1'), ('4426', '1752', '5', '4'), ('4427', '1753', '5', '1'), ('4428', '1754', '5', '2'), ('4429', '1755', '5', '3'), ('4430', '1756', '5', '3'), ('4431', '1757', '5', '4'), ('4432', '1758', '5', '4'), ('4433', '1759', '5', '5'), ('4434', '1760', '5', '4'), ('4435', '1761', '5', '2'), ('4436', '1762', '5', '3'), ('4437', '1763', '5', '2'), ('4438', '1764', '5', '1'), ('4439', '1765', '5', '5'), ('4440', '1766', '5', '2'), ('4441', '1767', '5', '3'), ('4442', '1768', '5', '2'), ('4443', '1769', '5', '4'), ('4444', '1770', '5', '2'), ('4445', '1771', '5', '1'), ('4446', '1772', '5', '4'), ('4447', '1773', '5', '1'), ('4448', '1774', '5', '3'), ('4449', '1775', '5', '4'), ('4450', '1776', '5', '3'), ('4451', '1777', '5', '5'), ('4452', '1778', '5', '2'), ('4453', '1779', '5', '4'), ('4454', '1780', '5', '1'), ('4455', '1781', '5', '5'), ('4456', '1782', '5', '3'), ('4457', '1783', '5', '2'), ('4458', '1784', '5', '4'), ('4459', '1785', '5', '2'), ('4460', '1786', '5', '3'), ('4461', '1787', '5', '5'), ('4462', '1788', '5', '3'), ('4463', '1789', '5', '1'), ('4464', '1790', '5', '5'), ('4465', '1791', '5', '4'), ('4466', '1792', '5', '3'), ('4467', '1793', '5', '4'), ('4468', '1794', '5', '2'), ('4469', '1795', '5', '2'), ('4470', '1796', '5', '5'), ('4471', '1797', '5', '2'), ('4472', '1798', '5', '4'), ('4473', '1799', '5', '3'), ('4474', '1800', '5', '3'), ('4475', '1801', '5', '2'), ('4476', '1802', '5', '3'), ('4477', '1803', '5', '3'), ('4478', '1804', '5', '2'), ('4479', '1805', '5', '2'), ('4480', '1806', '5', '4'), ('4481', '1807', '5', '1'), ('4482', '1808', '5', '1'), ('4483', '1809', '5', '2'), ('4484', '1810', '5', '1'), ('4485', '1811', '5', '3'), ('4486', '1812', '5', '2'), ('4487', '1813', '5', '2'), ('4488', '1814', '5', '2'), ('4489', '1815', '5', '1'), ('4490', '1816', '5', '3'), ('4491', '1817', '5', '5'), ('4492', '1818', '5', '4'), ('4493', '1819', '5', '4'), ('4494', '1820', '5', '4'), ('4495', '1821', '5', '5'), ('4496', '1822', '5', '5'), ('4497', '1823', '5', '5'), ('4498', '1824', '5', '5'), ('4499', '1825', '5', '1'), ('4500', '1826', '5', '2'), ('4501', '1827', '5', '3'), ('4502', '1828', '5', '5'), ('4503', '1829', '5', '4'), ('4504', '1830', '5', '2'), ('4505', '1831', '5', '5'), ('4506', '1832', '5', '4'), ('4507', '1833', '5', '4'), ('4508', '1834', '5', '2'), ('4509', '1835', '5', '1'), ('4510', '1836', '5', '2'), ('4511', '1837', '5', '2'), ('4512', '1838', '5', '3'), ('4513', '1839', '5', '2'), ('4514', '1840', '5', '2'), ('4515', '1841', '5', '1'), ('4516', '1842', '5', '2'), ('4517', '1843', '5', '4'), ('4518', '1844', '5', '2'), ('4519', '1845', '5', '5'), ('4520', '1846', '5', '2'), ('4521', '1847', '5', '4'), ('4522', '1848', '5', '5'), ('4523', '1849', '5', '1'), ('4524', '1850', '5', '2'), ('4525', '1851', '5', '3'), ('4526', '1852', '5', '5'), ('4527', '1853', '5', '4'), ('4528', '1854', '5', '2'), ('4529', '1855', '5', '4'), ('4530', '1856', '5', '4'), ('4531', '1857', '5', '4'), ('4532', '1858', '5', '5'), ('4533', '1859', '5', '1'), ('4534', '1860', '5', '4'), ('4535', '1861', '5', '1'), ('4536', '1862', '5', '3'), ('4537', '1863', '5', '3'), ('4538', '1864', '5', '4'), ('4539', '1865', '5', '2'), ('4540', '1866', '5', '3'), ('4541', '1867', '5', '3'), ('4542', '1868', '5', '4'), ('4543', '1869', '5', '2'), ('4544', '1870', '5', '3'), ('4545', '1871', '5', '5'), ('4546', '1872', '5', '4'), ('4547', '1873', '5', '3'), ('4548', '1874', '5', '4'), ('4549', '1875', '5', '2'), ('4550', '1876', '5', '2'), ('4551', '1877', '5', '4'), ('4552', '1878', '5', '3'), ('4553', '1879', '5', '2'), ('4554', '1880', '5', '2'), ('4555', '1881', '5', '5'), ('4556', '1882', '5', '2'), ('4557', '1883', '5', '4'), ('4558', '1884', '5', '5'), ('4559', '1885', '5', '4'), ('4560', '1886', '5', '4'), ('4561', '1887', '5', '4'), ('4562', '1888', '5', '2'), ('4563', '1889', '5', '4'), ('4564', '1890', '5', '3'), ('4565', '1891', '5', '2'), ('4566', '1892', '5', '2'), ('4567', '1893', '5', '4'), ('4568', '1894', '5', '4'), ('4569', '1895', '5', '3'), ('4570', '1896', '5', '3'), ('4571', '1897', '5', '5'), ('4572', '1898', '5', '4'), ('4573', '1899', '5', '2'), ('4574', '1900', '5', '2'), ('4575', '1901', '5', '2'), ('4576', '1902', '5', '3'), ('4577', '1903', '5', '3'), ('4578', '1904', '5', '5'), ('4579', '1905', '5', '2'), ('4580', '1906', '5', '3'), ('4581', '1907', '5', '3'), ('4582', '1908', '5', '5'), ('4583', '1909', '5', '3'), ('4584', '1910', '5', '1'), ('4585', '1911', '5', '3'), ('4586', '1912', '5', '5'), ('4587', '1913', '5', '3'), ('4588', '1914', '5', '2'), ('4589', '1915', '5', '3'), ('4590', '1916', '5', '5'), ('4591', '1917', '5', '3'), ('4592', '1918', '5', '2'), ('4593', '1919', '5', '3'), ('4594', '1920', '5', '4'), ('4595', '1921', '5', '3'), ('4596', '1922', '5', '2'), ('4597', '1923', '5', '2'), ('4598', '1924', '5', '2'), ('4599', '1925', '5', '4'), ('4600', '1926', '5', '3'), ('4601', '1927', '5', '3'), ('4602', '1928', '5', '4'), ('4603', '1929', '5', '5'), ('4604', '1930', '5', '3'), ('4605', '1931', '5', '4'), ('4606', '1932', '5', '2'), ('4607', '1933', '5', '3'), ('4608', '1934', '5', '2'), ('4609', '1935', '5', '2'), ('4610', '1936', '5', '2'), ('4611', '1937', '5', '3'), ('4612', '1938', '5', '4'), ('4613', '1939', '5', '2'), ('4614', '1940', '5', '4'), ('4615', '1941', '5', '4'), ('4616', '1942', '5', '3'), ('4617', '1943', '5', '3'), ('4618', '1944', '5', '4'), ('4619', '1945', '5', '4'), ('4620', '1946', '5', '3'), ('4621', '1947', '5', '3'), ('4622', '1948', '5', '2'), ('4623', '1949', '5', '5'), ('4624', '1950', '5', '5'), ('4625', '1951', '5', '5'), ('4626', '1952', '5', '4'), ('4627', '1953', '5', '3'), ('4628', '1954', '5', '3'), ('4629', '1955', '5', '3'), ('4630', '1956', '5', '4'), ('4631', '1957', '5', '4'), ('4632', '1958', '5', '3'), ('4633', '1959', '5', '3'), ('4634', '1960', '5', '4'), ('4635', '1961', '5', '3'), ('4636', '1962', '5', '2'), ('4637', '1963', '5', '4'), ('4638', '1964', '5', '3'), ('4639', '1965', '5', '3'), ('4640', '1966', '5', '4'), ('4641', '1967', '5', '4'), ('4642', '1968', '5', '3'), ('4643', '1969', '5', '3'), ('4644', '1970', '5', '1'), ('4645', '1971', '5', '4'), ('4646', '1972', '5', '5'), ('4647', '1973', '5', '2'), ('4648', '1974', '5', '4'), ('4649', '1975', '5', '2'), ('4650', '1976', '5', '1'), ('4651', '1977', '5', '4'), ('4652', '1978', '5', '4'), ('4653', '1979', '5', '1'), ('4654', '1980', '5', '3'), ('4655', '1981', '5', '4'), ('4656', '1982', '5', '2'), ('4657', '1983', '5', '1'), ('4658', '1984', '5', '3'), ('4659', '1985', '5', '3'), ('4660', '1986', '5', '2'), ('4661', '1987', '5', '1'), ('4662', '1988', '5', '5'), ('4663', '1989', '5', '3'), ('4664', '1990', '5', '1'), ('4665', '1991', '5', '4'), ('4666', '1992', '5', '2'), ('4667', '1993', '5', '2'), ('4668', '1994', '5', '3'), ('4669', '1995', '5', '2'), ('4670', '1996', '5', '1'), ('4671', '1997', '5', '4'), ('4672', '1998', '5', '3'), ('4673', '1999', '5', '3'), ('4674', '2000', '5', '1'), ('4675', '2001', '5', '5'), ('4676', '2002', '5', '2'), ('4677', '2003', '5', '3'), ('4678', '2004', '5', '3'), ('4679', '2005', '5', '4'), ('4680', '2006', '5', '4'), ('4681', '2007', '5', '3'), ('4682', '2008', '5', '3'), ('4683', '2009', '5', '2'), ('4684', '2010', '5', '1'), ('4685', '2011', '5', '1'), ('4686', '2012', '5', '4'), ('4687', '2013', '5', '4'), ('4688', '2014', '5', '2'), ('4689', '2015', '5', '4'), ('4690', '2016', '5', '3'), ('4691', '2017', '5', '4'), ('4692', '2018', '5', '3'), ('4693', '2019', '5', '3'), ('4694', '2020', '5', '1'), ('4695', '2021', '5', '3'), ('4696', '2022', '5', '2'), ('4697', '2023', '5', '3'), ('4698', '2024', '5', '3'), ('4699', '2025', '5', '3'), ('4700', '2026', '5', '3'), ('4701', '2027', '5', '1'), ('4702', '2028', '5', '3'), ('4703', '2029', '5', '3'), ('4704', '2030', '5', '3'), ('4705', '2031', '5', '2'), ('4706', '2032', '5', '5'), ('4707', '2033', '5', '1'), ('4708', '2034', '5', '3'), ('4709', '2035', '5', '4'), ('4710', '2036', '5', '4'), ('4711', '2037', '5', '2'), ('4712', '2038', '5', '2'), ('4713', '2039', '5', '2'), ('4714', '2040', '5', '4'), ('4715', '2041', '5', '3'), ('4716', '2042', '5', '4'), ('4717', '2043', '5', '3'), ('4718', '2044', '5', '4'), ('4719', '2045', '5', '2'), ('4720', '2046', '5', '5'), ('4721', '2047', '5', '2'), ('4722', '2048', '5', '4'), ('4723', '2049', '5', '4'), ('4724', '2050', '5', '5'), ('4725', '2051', '5', '5'), ('4726', '2052', '5', '1'), ('4727', '2053', '5', '2'), ('4728', '2054', '5', '3'), ('4729', '2055', '5', '3'), ('4730', '2056', '5', '4'), ('4731', '2057', '5', '2'), ('4732', '2058', '5', '5'), ('4733', '2059', '5', '1'), ('4734', '2060', '5', '3'), ('4735', '2061', '5', '3'), ('4736', '2062', '5', '2'), ('4737', '2063', '5', '3'), ('4738', '2064', '5', '3'), ('4739', '2065', '5', '3'), ('4740', '2066', '5', '4'), ('4741', '2067', '5', '2'), ('4742', '2068', '5', '2'), ('4743', '2069', '5', '4'), ('4744', '2070', '5', '3'), ('4745', '2071', '5', '4'), ('4746', '2072', '5', '1'), ('4747', '2073', '5', '5'), ('4748', '2074', '5', '2'), ('4749', '2075', '5', '4'), ('4750', '2076', '5', '3'), ('4751', '2077', '5', '2'), ('4752', '2078', '5', '3'), ('4753', '2079', '5', '4'), ('4754', '2080', '5', '4'), ('4755', '2081', '5', '3'), ('4756', '2082', '5', '4'), ('4757', '2083', '5', '3'), ('4758', '2084', '5', '3'), ('4759', '2085', '5', '1'), ('4760', '2086', '5', '3'), ('4761', '2087', '5', '3'), ('4762', '2088', '5', '1'), ('4763', '2089', '5', '4'), ('4764', '2090', '5', '3'), ('4765', '2091', '5', '1'), ('4766', '2092', '5', '5'), ('4767', '2093', '5', '2'), ('4768', '2094', '5', '5'), ('4769', '2095', '5', '4'), ('4770', '2096', '5', '2'), ('4771', '2097', '5', '4'), ('4772', '2098', '5', '3'), ('4773', '2099', '5', '4'), ('4774', '2100', '5', '1'), ('4775', '2101', '5', '1'), ('4776', '2102', '5', '5');
COMMIT;

-- ----------------------------
--  Table structure for `resource_type`
-- ----------------------------
DROP TABLE IF EXISTS `resource_type`;
CREATE TABLE `resource_type` (
  `id` char(1) NOT NULL,
  `name` varchar(100) NOT NULL,
  `summary` varchar(500) DEFAULT NULL,
  `description` varchar(5000) DEFAULT NULL,
  PRIMARY KEY (`id`),
  UNIQUE KEY `id` (`id`)
) ENGINE=InnoDB DEFAULT CHARSET=utf8 ROW_FORMAT=COMPACT;

-- ----------------------------
--  Records of `resource_type`
-- ----------------------------
BEGIN;
INSERT INTO `resource_type` VALUES ('T', 'Template', 'Local HTML template file.', null), ('W', 'Web', 'Web URL.', null);
COMMIT;

-- ----------------------------
--  Table structure for `role`
-- ----------------------------
DROP TABLE IF EXISTS `role`;
CREATE TABLE `role` (
  `id` char(1) NOT NULL,
  `name` varchar(100) NOT NULL,
  `app_role_id` char(1) NOT NULL,
  `summary` varchar(500) DEFAULT NULL,
  `description` varchar(5000) DEFAULT NULL,
  PRIMARY KEY (`id`)
) ENGINE=InnoDB DEFAULT CHARSET=utf8 ROW_FORMAT=COMPACT;

-- ----------------------------
--  Records of `role`
-- ----------------------------
BEGIN;
INSERT INTO `role` VALUES ('A', 'Executive', 'A', null, null), ('M', 'Nurse Manager', 'M', null, null), ('N', 'Nurse', 'P', null, null), ('P', 'Nurse Preceptor', 'P', null, null), ('S', 'Sysadmin', 'S', null, null);
COMMIT;

-- ----------------------------
--  Procedure structure for `getOrgDescendantIds`
-- ----------------------------
DROP PROCEDURE IF EXISTS `getOrgDescendantIds`;
delimiter ;;
CREATE DEFINER=`root`@`localhost` PROCEDURE `getOrgDescendantIds`(IN pOrgId INT, OUT pDescendantIds TEXT)
BEGIN
    DECLARE vDone INT DEFAULT 0;
    DECLARE vChildId INT DEFAULT NULL;
    DECLARE vDescendantIds TEXT DEFAULT '';
    DECLARE vNumItems INT DEFAULT 0;
    DECLARE vItem TEXT DEFAULT '';
    DECLARE vI INT DEFAULT 0;
    DECLARE curs CURSOR FOR SELECT id FROM organization WHERE parent_id = pOrgId;
    DECLARE CONTINUE HANDLER FOR NOT FOUND SET vDone = 1;

    SET max_sp_recursion_depth = 255;
    IF pDescendantIds IS NULL THEN
      SET pDescendantIds = '';
    END IF;
    OPEN curs;
    REPEAT
      FETCH curs INTO vChildId;
      IF vChildId IS NOT NULL THEN
        IF LENGTH(pDescendantIds) > 0 THEN
          IF FIND_IN_SET(vChildId, pDescendantIds) <= 0 THEN
            SET pDescendantIds = CONCAT(pDescendantIds, ',', vChildId);
          END IF;
        ELSE
          SET pDescendantIds = vChildId;
        END IF;
        CALL getOrgDescendantIds(vChildId, vDescendantIds);
        IF LENGTH(vDescendantIds) > 0 THEN
          SET vNumItems = SubstrCount(',', vDescendantIds);
          IF (vNumItems > 0) THEN
            SET vI = 1;
            REPEAT
              SET vItem = splitStrAt(vDescendantIds, ',', vI);
              SET pDescendantIds = CONCAT(pDescendantIds, ',', vItem);
              SET vI = vI + 1;
            UNTIL vI > vNumItems END REPEAT;
          ELSE
            SET pDescendantIds = pDescendantIds;
          END IF;
        ELSE
          SET pDescendantIds = pDescendantIds;
        END IF;
      END IF;
    UNTIL vDone END REPEAT;
    CLOSE curs;
  END
 ;;
delimiter ;

-- ----------------------------
--  Function structure for `nOrgChildren`
-- ----------------------------
DROP FUNCTION IF EXISTS `nOrgChildren`;
delimiter ;;
CREATE DEFINER=`root`@`localhost` FUNCTION `nOrgChildren`(pOrgId INT) RETURNS int(11)
    DETERMINISTIC
BEGIN
    DECLARE cnt INT DEFAULT 0;
    SELECT COUNT(id) INTO cnt FROM organization WHERE parent_id=pOrgId;
    RETURN cnt;
  END
 ;;
delimiter ;

-- ----------------------------
--  Function structure for `RandomInt`
-- ----------------------------
DROP FUNCTION IF EXISTS `RandomInt`;
delimiter ;;
CREATE DEFINER=`root`@`localhost` FUNCTION `RandomInt`(minVal INT, maxVal INT) RETURNS int(11)
BEGIN
    RETURN (minVal + FLOOR(RAND() * ((maxVal - minVal)+1)));
  END
 ;;
delimiter ;

-- ----------------------------
--  Function structure for `retrieveOrgAncestorIds`
-- ----------------------------
DROP FUNCTION IF EXISTS `retrieveOrgAncestorIds`;
delimiter ;;
CREATE DEFINER=`root`@`localhost` FUNCTION `retrieveOrgAncestorIds`(leafId INT) RETURNS varchar(1000) CHARSET utf8
BEGIN
    DECLARE sTemp VARCHAR(1000);
    DECLARE sTempChd VARCHAR(1000);

    SET sTemp = '';
    SET sTempChd = cast(leafId AS CHAR);

    WHILE sTempChd IS NOT NULL DO
      IF LENGTH(sTemp) > 0
      THEN
        SET sTemp = concat(sTempChd, ',', sTemp);
      ELSE
        SET sTemp = sTempChd;
      END IF;
      SELECT parent_id INTO sTempChd FROM organization WHERE id = sTempChd;
    END WHILE;
    RETURN sTemp;
  END
 ;;
delimiter ;

-- ----------------------------
--  Function structure for `retrieveOrgDescendantIds`
-- ----------------------------
DROP FUNCTION IF EXISTS `retrieveOrgDescendantIds`;
delimiter ;;
CREATE DEFINER=`root`@`localhost` FUNCTION `retrieveOrgDescendantIds`(rootId INT) RETURNS varchar(1000) CHARSET utf8
BEGIN
    DECLARE sTemp VARCHAR(1000);
    DECLARE sTempChd VARCHAR(1000);

    SET sTemp = '';
    SET sTempChd = cast(rootId AS CHAR);

    WHILE sTempChd IS NOT NULL DO
      IF LENGTH(sTemp) > 0
      THEN
        SET sTemp = concat(sTemp, ',', sTempChd);
      ELSE
        SET sTemp = concat(sTemp, sTempChd);
      END IF;
      SELECT group_concat(id) INTO sTempChd FROM organization WHERE FIND_IN_SET(parent_id, sTempChd) > 0;
    END WHILE;
    RETURN sTemp;
  END
 ;;
delimiter ;

-- ----------------------------
--  Function structure for `retrieveOrgSubParentId`
-- ----------------------------
DROP FUNCTION IF EXISTS `retrieveOrgSubParentId`;
delimiter ;;
CREATE DEFINER=`root`@`localhost` FUNCTION `retrieveOrgSubParentId`(pTopId INT, pOrgId INT) RETURNS int(11)
BEGIN
    DECLARE vAncestorIds VARCHAR(1000);
    DECLARE vNumIDs INT;
    DECLARE vIdx INT;
    DECLARE vID VARCHAR(50);
    DECLARE vTopFound BOOL;

    SET vAncestorIds = retrieveOrgAncestorIds(pOrgId);
    SET vNumIDs = substrCount(',', vAncestorIds) + 1;
    SET vIdx = 1;
    SET vTopFound = FALSE;
    WHILE vIdx <= vNumIDs DO
      SET vID = CAST(splitStrAt(vAncestorIds, ',', vIdx) AS UNSIGNED);
      IF vID = pTopId
      THEN
        SET vTopFound = TRUE;
      ELSE
        IF vTopFound
        THEN
          RETURN vID;
        END IF;
      END IF;
      SET vIdx = vIdx + 1;
    END WHILE;
    RETURN 0;
  END
 ;;
delimiter ;

-- ----------------------------
--  Function structure for `retrieveOrgSubParentName`
-- ----------------------------
DROP FUNCTION IF EXISTS `retrieveOrgSubParentName`;
delimiter ;;
CREATE DEFINER=`root`@`localhost` FUNCTION `retrieveOrgSubParentName`(pTopId INT, pOrgId INT) RETURNS text CHARSET utf8
BEGIN
    DECLARE vAncestorIds VARCHAR(1000);
    DECLARE vNumIDs INT;
    DECLARE vIdx INT;
    DECLARE vID VARCHAR(50);
    DECLARE vTopFound BOOL;
    DECLARE vName TEXT;

    SET vAncestorIds = retrieveOrgAncestorIds(pOrgId);
    SET vNumIDs = substrCount(',', vAncestorIds) + 1;
    SET vIdx = 1;
    SET vTopFound = FALSE;
    WHILE vIdx <= vNumIDs DO
      SET vID = CAST(splitStrAt(vAncestorIds, ',', vIdx) AS UNSIGNED);
      IF vID = pTopId
      THEN
        SET vTopFound = TRUE;
      ELSE
        IF vTopFound
        THEN
          SELECT name INTO vName FROM organization WHERE id=vID;
          RETURN vName;
        END IF;
      END IF;
      SET vIdx = vIdx + 1;
    END WHILE;
    RETURN NULL;
  END
 ;;
delimiter ;

-- ----------------------------
--  Function structure for `splitStrAt`
-- ----------------------------
DROP FUNCTION IF EXISTS `splitStrAt`;
delimiter ;;
CREATE DEFINER=`root`@`localhost` FUNCTION `splitStrAt`(x VARCHAR(255), delim VARCHAR(12), pos INT) RETURNS varchar(255) CHARSET utf8
RETURN REPLACE(SUBSTRING(SUBSTRING_INDEX(x, delim, pos), LENGTH(SUBSTRING_INDEX(x, delim, pos - 1)) + 1), delim, '')
 ;;
delimiter ;

-- ----------------------------
--  Function structure for `substrCount`
-- ----------------------------
DROP FUNCTION IF EXISTS `substrCount`;
delimiter ;;
CREATE DEFINER=`root`@`localhost` FUNCTION `substrCount`(ch CHAR, str TEXT) RETURNS int(11)
    DETERMINISTIC
BEGIN
    RETURN (LENGTH(str) - LENGTH(REPLACE(str, ch, '')));
  END
 ;;
delimiter ;

SET FOREIGN_KEY_CHECKS = 1;
