/*
 Navicat MySQL Data Transfer

 Source Server         : localhost
 Source Server Type    : MySQL
 Source Server Version : 50713
 Source Host           : localhost
 Source Database       : cogentqi_v1_it

 Target Server Type    : MySQL
 Target Server Version : 50713
 File Encoding         : utf-8

 Date: 07/29/2016 21:23:46 PM
*/

SET NAMES utf8mb4;
SET FOREIGN_KEY_CHECKS = 0;

-- ----------------------------
--  Table structure for `_db_update`
-- ----------------------------
DROP TABLE IF EXISTS `_db_update`;
CREATE TABLE `_db_update` (
  `script_name` varchar(100) NOT NULL,
  `runOn` timestamp NOT NULL DEFAULT CURRENT_TIMESTAMP,
  PRIMARY KEY (`script_name`),
  UNIQUE KEY `script_name` (`script_name`)
) ENGINE=InnoDB DEFAULT CHARSET=utf8;

-- ----------------------------
--  Records of `_db_update`
-- ----------------------------
BEGIN;
INSERT INTO `_db_update` VALUES ('0001-RecommendationFields.sql', '2015-11-25 10:58:46'), ('0002-AppRole.sql', '2015-11-26 15:22:32'), ('0003-RoleAgain.sql', '2015-11-28 21:31:11'), ('0004-Events.sql', '2015-12-10 13:30:26'), ('0006-Badges.sql', '2015-12-16 17:15:48'), ('0008-ResponseTimestamp.sql', '2016-01-03 19:28:20'), ('0009-EventOutcomeRecommendations.sql', '2016-01-30 13:58:13'), ('0010-ChangeLevelType.sql', '2016-02-01 19:38:49');
COMMIT;

-- ----------------------------
--  Table structure for `algorithm_usage`
-- ----------------------------
DROP TABLE IF EXISTS `algorithm_usage`;
CREATE TABLE `algorithm_usage` (
  `id` char(1) NOT NULL,
  `name` varchar(100) NOT NULL,
  `description` varchar(5000) DEFAULT NULL,
  `summary` varchar(500) DEFAULT NULL,
  PRIMARY KEY (`id`)
) ENGINE=InnoDB DEFAULT CHARSET=utf8 ROW_FORMAT=COMPACT;

-- ----------------------------
--  Records of `algorithm_usage`
-- ----------------------------
BEGIN;
INSERT INTO `algorithm_usage` VALUES ('N', 'None', null, null), ('R', 'Recommendations', null, null);
COMMIT;

-- ----------------------------
--  Table structure for `assessment`
-- ----------------------------
DROP TABLE IF EXISTS `assessment`;
CREATE TABLE `assessment` (
  `id` int(11) NOT NULL AUTO_INCREMENT,
  `instrument_id` int(11) NOT NULL,
  `member_id` int(11) NOT NULL,
  `assessor_id` int(11) DEFAULT NULL,
  `last_saved` datetime NOT NULL DEFAULT CURRENT_TIMESTAMP,
  `last_modified` timestamp NOT NULL DEFAULT CURRENT_TIMESTAMP,
  `assessor_comments` longtext,
  `member_comments` text,
  `score` double DEFAULT NULL,
  `rank` int(11) DEFAULT NULL,
  `edit_status` char(1) DEFAULT 'A',
  `view_status` char(1) DEFAULT 'A',
  `instrument_schedule_id` int(11) NOT NULL,
  PRIMARY KEY (`id`),
  KEY `instrument_id_index` (`instrument_id`),
  KEY `member_id_index` (`member_id`),
  KEY `by_member_id_index` (`assessor_id`),
  KEY `instrument_schedule_id` (`instrument_schedule_id`),
  CONSTRAINT `assessment_ibfk_1` FOREIGN KEY (`member_id`) REFERENCES `member` (`id`),
  CONSTRAINT `assessment_ibfk_2` FOREIGN KEY (`assessor_id`) REFERENCES `member` (`id`),
  CONSTRAINT `assessment_ibfk_3` FOREIGN KEY (`instrument_id`) REFERENCES `instrument` (`id`),
  CONSTRAINT `assessment_ibfk_4` FOREIGN KEY (`instrument_schedule_id`) REFERENCES `instrument_schedule` (`id`),
  CONSTRAINT `assessment_ibfk_5` FOREIGN KEY (`instrument_schedule_id`) REFERENCES `instrument_schedule` (`id`),
  CONSTRAINT `assessment_ibfk_6` FOREIGN KEY (`instrument_schedule_id`) REFERENCES `instrument_schedule` (`id`)
) ENGINE=InnoDB AUTO_INCREMENT=210 DEFAULT CHARSET=utf8 ROW_FORMAT=COMPACT;

-- ----------------------------
--  Records of `assessment`
-- ----------------------------
BEGIN;
INSERT INTO `assessment` VALUES ('186', '1', '6', '33', '2015-10-26 12:23:42', '2015-10-26 12:23:42', 'We are seeing significant improvement since the last evaluation.', 'I feel as though I am on track.', null, null, 'A', 'A', '1'), ('187', '1', '7', '31', '2015-10-26 12:23:42', '2015-10-26 12:23:42', 'We are seeing significant improvement since the last evaluation.', 'I feel as though I am on track.', null, null, 'A', 'A', '1'), ('188', '1', '8', '33', '2015-10-26 12:23:42', '2015-10-26 12:23:42', 'We are seeing significant improvement since the last evaluation.', 'I feel as though I am on track.', null, null, 'A', 'A', '1'), ('189', '1', '9', '33', '2015-10-26 12:23:42', '2015-10-26 12:23:42', 'We are seeing significant improvement since the last evaluation.', 'I feel as though I am on track.', null, null, 'A', 'A', '1'), ('190', '1', '10', '4', '2015-10-26 12:23:42', '2015-10-26 12:23:42', 'We are seeing significant improvement since the last evaluation.', 'I feel as though I am on track.', null, null, 'A', 'A', '1'), ('191', '1', '11', '31', '2015-10-26 12:23:42', '2015-10-26 12:23:42', 'We are seeing significant improvement since the last evaluation.', 'I feel as though I am on track.', null, null, 'A', 'A', '1'), ('192', '1', '12', '33', '2015-10-26 12:23:42', '2015-10-26 12:23:42', 'We are seeing significant improvement since the last evaluation.', 'I feel as though I am on track.', null, null, 'A', 'A', '1'), ('193', '1', '13', '5', '2015-10-26 12:23:42', '2015-10-26 12:23:42', 'We are seeing significant improvement since the last evaluation.', 'I feel as though I am on track.', null, null, 'A', 'A', '1'), ('194', '1', '14', '31', '2015-10-26 12:23:42', '2015-10-26 12:23:42', 'We are seeing significant improvement since the last evaluation.', 'I feel as though I am on track.', null, null, 'A', 'A', '1'), ('195', '1', '15', '4', '2015-10-26 12:23:42', '2015-10-26 12:23:42', 'We are seeing significant improvement since the last evaluation.', 'I feel as though I am on track.', null, null, 'A', 'A', '1'), ('196', '1', '16', '5', '2015-10-26 12:23:42', '2015-10-26 12:23:42', 'We are seeing significant improvement since the last evaluation.', 'I feel as though I am on track.', null, null, 'A', 'A', '1'), ('197', '1', '17', '32', '2015-10-26 12:23:42', '2015-10-26 12:23:42', 'We are seeing significant improvement since the last evaluation.', 'I feel as though I am on track.', null, null, 'A', 'A', '1'), ('198', '1', '18', '32', '2015-10-26 12:23:42', '2015-10-26 12:23:42', 'We are seeing significant improvement since the last evaluation.', 'I feel as though I am on track.', null, null, 'A', 'A', '1'), ('199', '1', '20', '33', '2015-10-26 12:23:42', '2015-10-26 12:23:42', 'We are seeing significant improvement since the last evaluation.', 'I feel as though I am on track.', null, null, 'A', 'A', '1'), ('200', '1', '21', '5', '2015-10-26 12:23:42', '2015-10-26 12:23:42', 'We are seeing significant improvement since the last evaluation.', 'I feel as though I am on track.', null, null, 'A', 'A', '1'), ('201', '1', '22', '5', '2015-10-26 12:23:42', '2015-10-26 12:23:42', 'We are seeing significant improvement since the last evaluation.', 'I feel as though I am on track.', null, null, 'A', 'A', '1'), ('202', '1', '23', '4', '2015-10-26 12:23:42', '2015-10-26 12:23:42', 'We are seeing significant improvement since the last evaluation.', 'I feel as though I am on track.', null, null, 'A', 'A', '1'), ('203', '1', '24', '31', '2015-10-26 12:23:42', '2015-10-26 12:23:42', 'We are seeing significant improvement since the last evaluation.', 'I feel as though I am on track.', null, null, 'A', 'A', '1'), ('204', '1', '25', '4', '2015-10-26 12:23:42', '2015-10-26 12:23:42', 'We are seeing significant improvement since the last evaluation.', 'I feel as though I am on track.', null, null, 'A', 'A', '1'), ('205', '1', '26', '5', '2015-10-26 12:23:42', '2015-10-26 12:23:42', 'We are seeing significant improvement since the last evaluation.', 'I feel as though I am on track.', null, null, 'A', 'A', '1'), ('206', '1', '27', '33', '2015-10-26 12:23:42', '2015-10-26 12:23:42', 'We are seeing significant improvement since the last evaluation.', 'I feel as though I am on track.', null, null, 'A', 'A', '1'), ('207', '1', '28', '4', '2015-10-26 12:23:42', '2015-10-26 12:23:42', 'We are seeing significant improvement since the last evaluation.', 'I feel as though I am on track.', null, null, 'A', 'A', '1'), ('208', '1', '29', '4', '2015-10-26 12:23:42', '2015-10-26 12:23:42', 'We are seeing significant improvement since the last evaluation.', 'I feel as though I am on track.', null, null, 'A', 'A', '1'), ('209', '1', '30', '4', '2015-10-26 12:23:42', '2015-10-26 12:23:42', 'We are seeing significant improvement since the last evaluation.', 'I feel as though I am on track.', null, null, 'A', 'A', '1');
COMMIT;

-- ----------------------------
--  Table structure for `assessment_response`
-- ----------------------------
DROP TABLE IF EXISTS `assessment_response`;
CREATE TABLE `assessment_response` (
  `id` int(11) NOT NULL AUTO_INCREMENT,
  `assessment_id` int(11) DEFAULT NULL,
  `question_id` int(11) NOT NULL,
  `response` varchar(500) DEFAULT NULL,
  `assessor_comments` longtext,
  `member_comments` text,
  `response_index` int(11) DEFAULT NULL,
  `recommended_resource_id` int(11) DEFAULT NULL,
  `time_stamp` timestamp NOT NULL DEFAULT CURRENT_TIMESTAMP,
  PRIMARY KEY (`id`),
  UNIQUE KEY `unique_evaluation_responses` (`assessment_id`,`question_id`),
  KEY `evaluation_id_index` (`assessment_id`),
  KEY `question_id_index` (`question_id`),
  KEY `assessment_response_resource__fk` (`recommended_resource_id`),
  CONSTRAINT `assessment_response_ibfk_1` FOREIGN KEY (`assessment_id`) REFERENCES `assessment` (`id`),
  CONSTRAINT `assessment_response_ibfk_2` FOREIGN KEY (`question_id`) REFERENCES `question` (`id`),
  CONSTRAINT `assessment_response_resource__fk` FOREIGN KEY (`recommended_resource_id`) REFERENCES `resource` (`id`)
) ENGINE=InnoDB AUTO_INCREMENT=3545 DEFAULT CHARSET=utf8 ROW_FORMAT=COMPACT;

-- ----------------------------
--  Records of `assessment_response`
-- ----------------------------
BEGIN;
INSERT INTO `assessment_response` VALUES ('2777', '186', '1', '1', null, null, '3', null, '2015-10-26 12:23:42'), ('2778', '187', '1', '3', null, null, '2', null, '2015-10-26 12:23:42'), ('2779', '188', '1', '1', null, null, '2', null, '2015-10-26 12:23:42'), ('2780', '189', '1', '3', null, null, '3', null, '2015-10-26 12:23:42'), ('2781', '190', '1', '3', null, null, '3', null, '2015-10-26 12:23:42'), ('2782', '191', '1', '3', null, null, '3', null, '2015-10-26 12:23:42'), ('2783', '192', '1', '2', null, null, '2', null, '2015-10-26 12:23:42'), ('2784', '193', '1', '1', null, null, '1', '4', '2015-10-26 12:23:42'), ('2785', '194', '1', '3', null, null, '3', null, '2015-10-26 12:23:42'), ('2786', '195', '1', '1', null, null, '3', null, '2015-10-26 12:23:42'), ('2787', '196', '1', '1', null, null, '1', null, '2015-10-26 12:23:42'), ('2788', '197', '1', '3', null, null, '1', null, '2015-10-26 12:23:42'), ('2789', '198', '1', '2', null, null, '2', null, '2015-10-26 12:23:42'), ('2790', '199', '1', '1', null, null, '2', null, '2015-10-26 12:23:42'), ('2791', '200', '1', '1', null, null, '1', null, '2015-10-26 12:23:42'), ('2792', '201', '1', '3', null, null, '3', null, '2015-10-26 12:23:42'), ('2793', '202', '1', '3', null, null, '3', null, '2015-10-26 12:23:42'), ('2794', '203', '1', '1', null, null, '1', null, '2015-10-26 12:23:42'), ('2795', '204', '1', '3', null, null, '3', null, '2015-10-26 12:23:42'), ('2796', '205', '1', '2', null, null, '2', null, '2015-10-26 12:23:42'), ('2797', '206', '1', '2', null, null, '2', null, '2015-10-26 12:23:42'), ('2798', '207', '1', '1', null, null, '2', null, '2015-10-26 12:23:42'), ('2799', '208', '1', '1', null, null, '2', null, '2015-10-26 12:23:42'), ('2800', '209', '1', '3', null, null, '3', null, '2015-10-26 12:23:42'), ('2801', '186', '2', '2', null, null, '2', null, '2015-10-26 12:23:42'), ('2802', '187', '2', '1', null, null, '2', null, '2015-10-26 12:23:42'), ('2803', '188', '2', '3', null, null, '3', null, '2015-10-26 12:23:42'), ('2804', '189', '2', '1', null, null, '1', null, '2015-10-26 12:23:42'), ('2805', '190', '2', '3', null, null, '3', null, '2015-10-26 12:23:42'), ('2806', '191', '2', '3', null, null, '3', null, '2015-10-26 12:23:42'), ('2807', '192', '2', '2', null, null, '2', null, '2015-10-26 12:23:42'), ('2808', '193', '2', '3', null, null, '3', null, '2015-10-26 12:23:42'), ('2809', '194', '2', '1', null, null, '1', null, '2015-10-26 12:23:42'), ('2810', '195', '2', '1', null, null, '1', null, '2015-10-26 12:23:42'), ('2811', '196', '2', '1', null, null, '1', null, '2015-10-26 12:23:42'), ('2812', '197', '2', '1', null, null, '1', null, '2015-10-26 12:23:42'), ('2813', '198', '2', '1', null, null, '1', null, '2015-10-26 12:23:42'), ('2814', '199', '2', '3', null, null, '3', null, '2015-10-26 12:23:42'), ('2815', '200', '2', '1', null, null, '3', null, '2015-10-26 12:23:42'), ('2816', '201', '2', '1', null, null, '2', null, '2015-10-26 12:23:42'), ('2817', '202', '2', '2', null, null, '2', null, '2015-10-26 12:23:42'), ('2818', '203', '2', '2', null, null, '2', null, '2015-10-26 12:23:42'), ('2819', '204', '2', '1', null, null, '1', null, '2015-10-26 12:23:42'), ('2820', '205', '2', '2', null, null, '2', null, '2015-10-26 12:23:42'), ('2821', '206', '2', '2', null, null, '2', null, '2015-10-26 12:23:42'), ('2822', '207', '2', '3', null, null, '3', null, '2015-10-26 12:23:42'), ('2823', '208', '2', '2', null, null, '2', null, '2015-10-26 12:23:42'), ('2824', '209', '2', '2', null, null, '2', null, '2015-10-26 12:23:42'), ('2825', '186', '3', '1', null, null, '1', null, '2015-10-26 12:23:42'), ('2826', '187', '3', '2', null, null, '2', null, '2015-10-26 12:23:42'), ('2827', '188', '3', '2', null, null, '1', null, '2015-10-26 12:23:42'), ('2828', '189', '3', '3', null, null, '3', null, '2015-10-26 12:23:42'), ('2829', '190', '3', '1', null, null, '1', null, '2015-10-26 12:23:42'), ('2830', '191', '3', '3', null, null, '3', null, '2015-10-26 12:23:42'), ('2831', '192', '3', '1', null, null, '1', null, '2015-10-26 12:23:42'), ('2832', '193', '3', '2', null, null, '3', '4', '2015-10-26 12:23:42'), ('2833', '194', '3', '3', null, null, '3', null, '2015-10-26 12:23:42'), ('2834', '195', '3', '1', null, null, '3', null, '2015-10-26 12:23:42'), ('2835', '196', '3', '2', null, null, '1', null, '2015-10-26 12:23:42'), ('2836', '197', '3', '2', null, null, '2', null, '2015-10-26 12:23:42'), ('2837', '198', '3', '1', null, null, '1', null, '2015-10-26 12:23:42'), ('2838', '199', '3', '2', null, null, '2', null, '2015-10-26 12:23:42'), ('2839', '200', '3', '2', null, null, '2', null, '2015-10-26 12:23:42'), ('2840', '201', '3', '1', null, null, '3', null, '2015-10-26 12:23:42'), ('2841', '202', '3', '2', null, null, '2', null, '2015-10-26 12:23:42'), ('2842', '203', '3', '1', null, null, '2', null, '2015-10-26 12:23:42'), ('2843', '204', '3', '1', null, null, '1', null, '2015-10-26 12:23:42'), ('2844', '205', '3', '3', null, null, '3', null, '2015-10-26 12:23:42'), ('2845', '206', '3', '2', null, null, '2', null, '2015-10-26 12:23:42'), ('2846', '207', '3', '3', null, null, '3', null, '2015-10-26 12:23:42'), ('2847', '208', '3', '1', null, null, '2', null, '2015-10-26 12:23:42'), ('2848', '209', '3', '2', null, null, '2', null, '2015-10-26 12:23:42'), ('2849', '186', '4', '1', null, null, '1', null, '2015-10-26 12:23:42'), ('2850', '187', '4', '1', null, null, '2', null, '2015-10-26 12:23:42'), ('2851', '188', '4', '2', null, null, '2', null, '2015-10-26 12:23:42'), ('2852', '189', '4', '2', null, null, '1', null, '2015-10-26 12:23:42'), ('2853', '190', '4', '3', null, null, '3', null, '2015-10-26 12:23:42'), ('2854', '191', '4', '1', null, null, '3', null, '2015-10-26 12:23:42'), ('2855', '192', '4', '3', null, null, '3', null, '2015-10-26 12:23:42'), ('2856', '193', '4', '3', null, null, '3', null, '2015-10-26 12:23:42'), ('2857', '194', '4', '2', null, null, '1', null, '2015-10-26 12:23:42'), ('2858', '195', '4', '1', null, null, '2', null, '2015-10-26 12:23:42'), ('2859', '196', '4', '3', null, null, '3', null, '2015-10-26 12:23:42'), ('2860', '197', '4', '1', null, null, '2', null, '2015-10-26 12:23:42'), ('2861', '198', '4', '2', null, null, '2', null, '2015-10-26 12:23:42'), ('2862', '199', '4', '1', null, null, '2', null, '2015-10-26 12:23:42'), ('2863', '200', '4', '3', null, null, '3', null, '2015-10-26 12:23:42'), ('2864', '201', '4', '3', null, null, '2', null, '2015-10-26 12:23:42'), ('2865', '202', '4', '1', null, null, '2', null, '2015-10-26 12:23:42'), ('2866', '203', '4', '3', null, null, '1', null, '2015-10-26 12:23:42'), ('2867', '204', '4', '3', null, null, '1', null, '2015-10-26 12:23:42'), ('2868', '205', '4', '3', null, null, '3', null, '2015-10-26 12:23:42'), ('2869', '206', '4', '2', null, null, '2', null, '2015-10-26 12:23:42'), ('2870', '207', '4', '1', null, null, '1', null, '2015-10-26 12:23:42'), ('2871', '208', '4', '2', null, null, '3', null, '2015-10-26 12:23:42'), ('2872', '209', '4', '3', null, null, '2', null, '2015-10-26 12:23:42'), ('2873', '186', '5', '1', null, null, '1', null, '2015-10-26 12:23:42'), ('2874', '187', '5', '3', null, null, '3', null, '2015-10-26 12:23:42'), ('2875', '188', '5', '3', null, null, '3', null, '2015-10-26 12:23:42'), ('2876', '189', '5', '2', null, null, '2', null, '2015-10-26 12:23:42'), ('2877', '190', '5', '2', null, null, '2', null, '2015-10-26 12:23:42'), ('2878', '191', '5', '3', null, null, '3', null, '2015-10-26 12:23:42'), ('2879', '192', '5', '1', null, null, '1', null, '2015-10-26 12:23:42'), ('2880', '193', '5', '1', null, null, '3', '4', '2015-10-26 12:23:42'), ('2881', '194', '5', '3', null, null, '3', null, '2015-10-26 12:23:42'), ('2882', '195', '5', '1', null, null, '1', null, '2015-10-26 12:23:42'), ('2883', '196', '5', '1', null, null, '3', null, '2015-10-26 12:23:42'), ('2884', '197', '5', '1', null, null, '3', null, '2015-10-26 12:23:42'), ('2885', '198', '5', '1', null, null, '1', null, '2015-10-26 12:23:42'), ('2886', '199', '5', '2', null, null, '2', null, '2015-10-26 12:23:42'), ('2887', '200', '5', '3', null, null, '3', null, '2015-10-26 12:23:42'), ('2888', '201', '5', '1', null, null, '1', null, '2015-10-26 12:23:42'), ('2889', '202', '5', '3', null, null, '3', null, '2015-10-26 12:23:42'), ('2890', '203', '5', '3', null, null, '3', null, '2015-10-26 12:23:42'), ('2891', '204', '5', '2', null, null, '1', null, '2015-10-26 12:23:42'), ('2892', '205', '5', '1', null, null, '1', null, '2015-10-26 12:23:42'), ('2893', '206', '5', '1', null, null, '1', null, '2015-10-26 12:23:42'), ('2894', '207', '5', '2', null, null, '2', null, '2015-10-26 12:23:42'), ('2895', '208', '5', '1', null, null, '1', null, '2015-10-26 12:23:42'), ('2896', '209', '5', '1', null, null, '1', null, '2015-10-26 12:23:42'), ('2897', '186', '6', '2', null, null, '2', null, '2015-10-26 12:23:42'), ('2898', '187', '6', '2', null, null, '2', null, '2015-10-26 12:23:42'), ('2899', '188', '6', '1', null, null, '3', null, '2015-10-26 12:23:42'), ('2900', '189', '6', '3', null, null, '3', null, '2015-10-26 12:23:42'), ('2901', '190', '6', '2', null, null, '2', null, '2015-10-26 12:23:42'), ('2902', '191', '6', '3', null, null, '3', null, '2015-10-26 12:23:42'), ('2903', '192', '6', '2', null, null, '2', null, '2015-10-26 12:23:42'), ('2904', '193', '6', '1', null, null, '1', '4', '2015-10-26 12:23:42'), ('2905', '194', '6', '1', null, null, '1', null, '2015-10-26 12:23:42'), ('2906', '195', '6', '1', null, null, '1', null, '2015-10-26 12:23:42'), ('2907', '196', '6', '1', null, null, '2', null, '2015-10-26 12:23:42'), ('2908', '197', '6', '1', null, null, '1', null, '2015-10-26 12:23:42'), ('2909', '198', '6', '3', null, null, '3', null, '2015-10-26 12:23:42'), ('2910', '199', '6', '1', null, null, '1', null, '2015-10-26 12:23:42'), ('2911', '200', '6', '3', null, null, '3', null, '2015-10-26 12:23:42'), ('2912', '201', '6', '3', null, null, '3', null, '2015-10-26 12:23:42'), ('2913', '202', '6', '2', null, null, '2', null, '2015-10-26 12:23:42'), ('2914', '203', '6', '1', null, null, '1', null, '2015-10-26 12:23:42'), ('2915', '204', '6', '2', null, null, '2', null, '2015-10-26 12:23:42'), ('2916', '205', '6', '2', null, null, '2', null, '2015-10-26 12:23:42'), ('2917', '206', '6', '2', null, null, '1', null, '2015-10-26 12:23:42'), ('2918', '207', '6', '1', null, null, '1', null, '2015-10-26 12:23:42'), ('2919', '208', '6', '2', null, null, '2', null, '2015-10-26 12:23:42'), ('2920', '209', '6', '1', null, null, '3', null, '2015-10-26 12:23:42'), ('2921', '186', '7', '2', null, null, '2', null, '2015-10-26 12:23:42'), ('2922', '187', '7', '2', null, null, '2', null, '2015-10-26 12:23:42'), ('2923', '188', '7', '3', null, null, '3', null, '2015-10-26 12:23:42'), ('2924', '189', '7', '2', null, null, '2', null, '2015-10-26 12:23:42'), ('2925', '190', '7', '1', null, null, '1', null, '2015-10-26 12:23:42'), ('2926', '191', '7', '1', null, null, '3', null, '2015-10-26 12:23:42'), ('2927', '192', '7', '2', null, null, '2', null, '2015-10-26 12:23:42'), ('2928', '193', '7', '1', null, null, '1', null, '2015-10-26 12:23:42'), ('2929', '194', '7', '3', null, null, '3', null, '2015-10-26 12:23:42'), ('2930', '195', '7', '2', null, null, '2', null, '2015-10-26 12:23:42'), ('2931', '196', '7', '1', null, null, '1', null, '2015-10-26 12:23:42'), ('2932', '197', '7', '1', null, null, '1', null, '2015-10-26 12:23:42'), ('2933', '198', '7', '1', null, null, '1', null, '2015-10-26 12:23:42'), ('2934', '199', '7', '2', null, null, '2', null, '2015-10-26 12:23:42'), ('2935', '200', '7', '2', null, null, '2', null, '2015-10-26 12:23:42'), ('2936', '201', '7', '3', null, null, '3', null, '2015-10-26 12:23:42'), ('2937', '202', '7', '2', null, null, '2', null, '2015-10-26 12:23:42'), ('2938', '203', '7', '1', null, null, '1', null, '2015-10-26 12:23:42'), ('2939', '204', '7', '3', null, null, '3', null, '2015-10-26 12:23:42'), ('2940', '205', '7', '3', null, null, '3', null, '2015-10-26 12:23:42'), ('2941', '206', '7', '3', null, null, '1', null, '2015-10-26 12:23:42'), ('2942', '207', '7', '1', null, null, '1', null, '2015-10-26 12:23:42'), ('2943', '208', '7', '1', null, null, '3', null, '2015-10-26 12:23:42'), ('2944', '209', '7', '2', null, null, '2', null, '2015-10-26 12:23:42'), ('2945', '186', '8', '2', null, null, '2', null, '2015-10-26 12:23:42'), ('2946', '187', '8', '1', null, null, '1', null, '2015-10-26 12:23:42'), ('2947', '188', '8', '3', null, null, '2', null, '2015-10-26 12:23:42'), ('2948', '189', '8', '3', null, null, '3', null, '2015-10-26 12:23:42'), ('2949', '190', '8', '3', null, null, '3', null, '2015-10-26 12:23:42'), ('2950', '191', '8', '1', null, null, '1', null, '2015-10-26 12:23:42'), ('2951', '192', '8', '1', null, null, '3', null, '2015-10-26 12:23:42'), ('2952', '193', '8', '2', null, null, '2', '4', '2015-10-26 12:23:42'), ('2953', '194', '8', '1', null, null, '1', null, '2015-10-26 12:23:42'), ('2954', '195', '8', '2', null, null, '2', null, '2015-10-26 12:23:42'), ('2955', '196', '8', '2', null, null, '2', null, '2015-10-26 12:23:42'), ('2956', '197', '8', '3', null, null, '3', null, '2015-10-26 12:23:42'), ('2957', '198', '8', '1', null, null, '3', null, '2015-10-26 12:23:42'), ('2958', '199', '8', '2', null, null, '2', null, '2015-10-26 12:23:42'), ('2959', '200', '8', '2', null, null, '2', null, '2015-10-26 12:23:42'), ('2960', '201', '8', '2', null, null, '3', null, '2015-10-26 12:23:42'), ('2961', '202', '8', '1', null, null, '1', null, '2015-10-26 12:23:42'), ('2962', '203', '8', '3', null, null, '3', null, '2015-10-26 12:23:42'), ('2963', '204', '8', '2', null, null, '2', null, '2015-10-26 12:23:42'), ('2964', '205', '8', '2', null, null, '1', null, '2015-10-26 12:23:42'), ('2965', '206', '8', '2', null, null, '3', null, '2015-10-26 12:23:42'), ('2966', '207', '8', '3', null, null, '3', null, '2015-10-26 12:23:42'), ('2967', '208', '8', '1', null, null, '1', null, '2015-10-26 12:23:42'), ('2968', '209', '8', '1', null, null, '1', null, '2015-10-26 12:23:42'), ('2969', '186', '9', '3', null, null, '1', null, '2015-10-26 12:23:42'), ('2970', '187', '9', '1', null, null, '1', null, '2015-10-26 12:23:42'), ('2971', '188', '9', '3', null, null, '3', null, '2015-10-26 12:23:42'), ('2972', '189', '9', '2', null, null, '2', null, '2015-10-26 12:23:42'), ('2973', '190', '9', '2', null, null, '1', null, '2015-10-26 12:23:42'), ('2974', '191', '9', '2', null, null, '2', null, '2015-10-26 12:23:42'), ('2975', '192', '9', '1', null, null, '1', null, '2015-10-26 12:23:42'), ('2976', '193', '9', '1', null, null, '1', '4', '2015-10-26 12:23:42'), ('2977', '194', '9', '2', null, null, '2', null, '2015-10-26 12:23:42'), ('2978', '195', '9', '1', null, null, '1', null, '2015-10-26 12:23:42'), ('2979', '196', '9', '2', null, null, '2', null, '2015-10-26 12:23:42'), ('2980', '197', '9', '3', null, null, '3', null, '2015-10-26 12:23:42'), ('2981', '198', '9', '2', null, null, '2', null, '2015-10-26 12:23:42'), ('2982', '199', '9', '2', null, null, '1', null, '2015-10-26 12:23:42'), ('2983', '200', '9', '2', null, null, '2', null, '2015-10-26 12:23:42'), ('2984', '201', '9', '1', null, null, '2', null, '2015-10-26 12:23:42'), ('2985', '202', '9', '2', null, null, '2', null, '2015-10-26 12:23:42'), ('2986', '203', '9', '1', null, null, '1', null, '2015-10-26 12:23:42'), ('2987', '204', '9', '2', null, null, '3', null, '2015-10-26 12:23:42'), ('2988', '205', '9', '3', null, null, '3', null, '2015-10-26 12:23:42'), ('2989', '206', '9', '2', null, null, '2', null, '2015-10-26 12:23:42'), ('2990', '207', '9', '2', null, null, '2', null, '2015-10-26 12:23:42'), ('2991', '208', '9', '3', null, null, '3', null, '2015-10-26 12:23:42'), ('2992', '209', '9', '3', null, null, '3', null, '2015-10-26 12:23:42'), ('2993', '186', '10', '1', null, null, '1', null, '2015-10-26 12:23:42'), ('2994', '187', '10', '3', null, null, '3', null, '2015-10-26 12:23:42'), ('2995', '188', '10', '2', null, null, '2', null, '2015-10-26 12:23:42'), ('2996', '189', '10', '1', null, null, '2', null, '2015-10-26 12:23:42'), ('2997', '190', '10', '2', null, null, '1', null, '2015-10-26 12:23:42'), ('2998', '191', '10', '2', null, null, '2', null, '2015-10-26 12:23:42'), ('2999', '192', '10', '2', null, null, '1', null, '2015-10-26 12:23:42'), ('3000', '193', '10', '2', null, null, '2', '4', '2015-10-26 12:23:42'), ('3001', '194', '10', '3', null, null, '2', null, '2015-10-26 12:23:42'), ('3002', '195', '10', '3', null, null, '3', null, '2015-10-26 12:23:42'), ('3003', '196', '10', '1', null, null, '1', null, '2015-10-26 12:23:42'), ('3004', '197', '10', '2', null, null, '2', null, '2015-10-26 12:23:42'), ('3005', '198', '10', '2', null, null, '2', null, '2015-10-26 12:23:42'), ('3006', '199', '10', '2', null, null, '2', null, '2015-10-26 12:23:42'), ('3007', '200', '10', '2', null, null, '2', null, '2015-10-26 12:23:42'), ('3008', '201', '10', '2', null, null, '2', null, '2015-10-26 12:23:42'), ('3009', '202', '10', '1', null, null, '1', null, '2015-10-26 12:23:42'), ('3010', '203', '10', '3', null, null, '3', null, '2015-10-26 12:23:42'), ('3011', '204', '10', '3', null, null, '3', null, '2015-10-26 12:23:42'), ('3012', '205', '10', '1', null, null, '1', null, '2015-10-26 12:23:42'), ('3013', '206', '10', '1', null, null, '1', null, '2015-10-26 12:23:42'), ('3014', '207', '10', '1', null, null, '2', null, '2015-10-26 12:23:42'), ('3015', '208', '10', '1', null, null, '1', null, '2015-10-26 12:23:42'), ('3016', '209', '10', '3', null, null, '3', null, '2015-10-26 12:23:42'), ('3017', '186', '11', '1', null, null, '3', null, '2015-10-26 12:23:42'), ('3018', '187', '11', '3', null, null, '3', null, '2015-10-26 12:23:42'), ('3019', '188', '11', '1', null, null, '1', null, '2015-10-26 12:23:42'), ('3020', '189', '11', '3', null, null, '3', null, '2015-10-26 12:23:42'), ('3021', '190', '11', '2', null, null, '2', null, '2015-10-26 12:23:42'), ('3022', '191', '11', '1', null, null, '1', null, '2015-10-26 12:23:42'), ('3023', '192', '11', '3', null, null, '3', null, '2015-10-26 12:23:42'), ('3024', '193', '11', '3', null, null, '3', null, '2015-10-26 12:23:42'), ('3025', '194', '11', '2', null, null, '2', null, '2015-10-26 12:23:42'), ('3026', '195', '11', '2', null, null, '3', null, '2015-10-26 12:23:42'), ('3027', '196', '11', '2', null, null, '2', null, '2015-10-26 12:23:42'), ('3028', '197', '11', '3', null, null, '3', null, '2015-10-26 12:23:42'), ('3029', '198', '11', '3', null, null, '3', null, '2015-10-26 12:23:42'), ('3030', '199', '11', '2', null, null, '2', null, '2015-10-26 12:23:42'), ('3031', '200', '11', '1', null, null, '1', null, '2015-10-26 12:23:42'), ('3032', '201', '11', '3', null, null, '3', null, '2015-10-26 12:23:42'), ('3033', '202', '11', '3', null, null, '3', null, '2015-10-26 12:23:42'), ('3034', '203', '11', '3', null, null, '3', null, '2015-10-26 12:23:42'), ('3035', '204', '11', '1', null, null, '1', null, '2015-10-26 12:23:42'), ('3036', '205', '11', '3', null, null, '3', null, '2015-10-26 12:23:42'), ('3037', '206', '11', '1', null, null, '1', null, '2015-10-26 12:23:42'), ('3038', '207', '11', '2', null, null, '2', null, '2015-10-26 12:23:42'), ('3039', '208', '11', '2', null, null, '2', null, '2015-10-26 12:23:42'), ('3040', '209', '11', '3', null, null, '3', null, '2015-10-26 12:23:42'), ('3041', '186', '12', '3', null, null, '3', null, '2015-10-26 12:23:42'), ('3042', '187', '12', '3', null, null, '3', null, '2015-10-26 12:23:42'), ('3043', '188', '12', '1', null, null, '1', null, '2015-10-26 12:23:42'), ('3044', '189', '12', '3', null, null, '3', null, '2015-10-26 12:23:42'), ('3045', '190', '12', '3', null, null, '3', null, '2015-10-26 12:23:42'), ('3046', '191', '12', '3', null, null, '3', null, '2015-10-26 12:23:42'), ('3047', '192', '12', '2', null, null, '2', null, '2015-10-26 12:23:42'), ('3048', '193', '12', '2', null, null, '2', '4', '2015-10-26 12:23:42'), ('3049', '194', '12', '3', null, null, '3', null, '2015-10-26 12:23:42'), ('3050', '195', '12', '2', null, null, '1', null, '2015-10-26 12:23:42'), ('3051', '196', '12', '3', null, null, '3', null, '2015-10-26 12:23:42'), ('3052', '197', '12', '1', null, null, '1', null, '2015-10-26 12:23:42'), ('3053', '198', '12', '2', null, null, '2', null, '2015-10-26 12:23:42'), ('3054', '199', '12', '2', null, null, '2', null, '2015-10-26 12:23:42'), ('3055', '200', '12', '2', null, null, '2', null, '2015-10-26 12:23:42'), ('3056', '201', '12', '3', null, null, '3', null, '2015-10-26 12:23:42'), ('3057', '202', '12', '1', null, null, '1', null, '2015-10-26 12:23:42'), ('3058', '203', '12', '1', null, null, '1', null, '2015-10-26 12:23:42'), ('3059', '204', '12', '1', null, null, '3', null, '2015-10-26 12:23:42'), ('3060', '205', '12', '3', null, null, '3', null, '2015-10-26 12:23:42'), ('3061', '206', '12', '1', null, null, '1', null, '2015-10-26 12:23:42'), ('3062', '207', '12', '1', null, null, '1', null, '2015-10-26 12:23:42'), ('3063', '208', '12', '3', null, null, '2', null, '2015-10-26 12:23:42'), ('3064', '209', '12', '2', null, null, '2', null, '2015-10-26 12:23:42'), ('3065', '186', '13', '1', null, null, '3', null, '2015-10-26 12:23:42'), ('3066', '187', '13', '2', null, null, '2', null, '2015-10-26 12:23:42'), ('3067', '188', '13', '3', null, null, '3', null, '2015-10-26 12:23:42'), ('3068', '189', '13', '3', null, null, '3', null, '2015-10-26 12:23:42'), ('3069', '190', '13', '1', null, null, '3', null, '2015-10-26 12:23:42'), ('3070', '191', '13', '2', null, null, '2', null, '2015-10-26 12:23:42'), ('3071', '192', '13', '3', null, null, '2', null, '2015-10-26 12:23:42'), ('3072', '193', '13', '2', null, null, '2', '4', '2015-10-26 12:23:42'), ('3073', '194', '13', '3', null, null, '3', null, '2015-10-26 12:23:42'), ('3074', '195', '13', '1', null, null, '3', null, '2015-10-26 12:23:42'), ('3075', '196', '13', '1', null, null, '1', null, '2015-10-26 12:23:42'), ('3076', '197', '13', '1', null, null, '2', null, '2015-10-26 12:23:42'), ('3077', '198', '13', '1', null, null, '1', null, '2015-10-26 12:23:42'), ('3078', '199', '13', '3', null, null, '3', null, '2015-10-26 12:23:42'), ('3079', '200', '13', '2', null, null, '2', null, '2015-10-26 12:23:42'), ('3080', '201', '13', '2', null, null, '2', null, '2015-10-26 12:23:42'), ('3081', '202', '13', '2', null, null, '2', null, '2015-10-26 12:23:42'), ('3082', '203', '13', '2', null, null, '2', null, '2015-10-26 12:23:42'), ('3083', '204', '13', '1', null, null, '1', null, '2015-10-26 12:23:42'), ('3084', '205', '13', '1', null, null, '1', null, '2015-10-26 12:23:42'), ('3085', '206', '13', '2', null, null, '1', null, '2015-10-26 12:23:42'), ('3086', '207', '13', '1', null, null, '2', null, '2015-10-26 12:23:42'), ('3087', '208', '13', '2', null, null, '2', null, '2015-10-26 12:23:42'), ('3088', '209', '13', '3', null, null, '1', null, '2015-10-26 12:23:42'), ('3089', '186', '14', '1', null, null, '1', null, '2015-10-26 12:23:42'), ('3090', '187', '14', '2', null, null, '2', null, '2015-10-26 12:23:42'), ('3091', '188', '14', '3', null, null, '3', null, '2015-10-26 12:23:42'), ('3092', '189', '14', '3', null, null, '3', null, '2015-10-26 12:23:42'), ('3093', '190', '14', '3', null, null, '2', null, '2015-10-26 12:23:42'), ('3094', '191', '14', '1', null, null, '1', null, '2015-10-26 12:23:42'), ('3095', '192', '14', '1', null, null, '2', null, '2015-10-26 12:23:42'), ('3096', '193', '14', '3', null, null, '2', null, '2015-10-26 12:23:42'), ('3097', '194', '14', '1', null, null, '1', null, '2015-10-26 12:23:42'), ('3098', '195', '14', '2', null, null, '2', null, '2015-10-26 12:23:42'), ('3099', '196', '14', '3', null, null, '3', null, '2015-10-26 12:23:42'), ('3100', '197', '14', '2', null, null, '2', null, '2015-10-26 12:23:42'), ('3101', '198', '14', '1', null, null, '1', null, '2015-10-26 12:23:42'), ('3102', '199', '14', '1', null, null, '1', null, '2015-10-26 12:23:42'), ('3103', '200', '14', '2', null, null, '3', null, '2015-10-26 12:23:42'), ('3104', '201', '14', '1', null, null, '3', null, '2015-10-26 12:23:42'), ('3105', '202', '14', '2', null, null, '2', null, '2015-10-26 12:23:42'), ('3106', '203', '14', '3', null, null, '3', null, '2015-10-26 12:23:42'), ('3107', '204', '14', '3', null, null, '3', null, '2015-10-26 12:23:42'), ('3108', '205', '14', '2', null, null, '2', null, '2015-10-26 12:23:42'), ('3109', '206', '14', '1', null, null, '2', null, '2015-10-26 12:23:42'), ('3110', '207', '14', '2', null, null, '2', null, '2015-10-26 12:23:42'), ('3111', '208', '14', '2', null, null, '2', null, '2015-10-26 12:23:42'), ('3112', '209', '14', '3', null, null, '3', null, '2015-10-26 12:23:42'), ('3113', '186', '15', '1', null, null, '1', null, '2015-10-26 12:23:42'), ('3114', '187', '15', '2', null, null, '2', null, '2015-10-26 12:23:42'), ('3115', '188', '15', '1', null, null, '1', null, '2015-10-26 12:23:42'), ('3116', '189', '15', '3', null, null, '3', null, '2015-10-26 12:23:42'), ('3117', '190', '15', '1', null, null, '2', null, '2015-10-26 12:23:42'), ('3118', '191', '15', '2', null, null, '2', null, '2015-10-26 12:23:42'), ('3119', '192', '15', '3', null, null, '3', null, '2015-10-26 12:23:42'), ('3120', '193', '15', '2', null, null, '2', null, '2015-10-26 12:23:42'), ('3121', '194', '15', '1', null, null, '1', null, '2015-10-26 12:23:42'), ('3122', '195', '15', '1', null, null, '1', null, '2015-10-26 12:23:42'), ('3123', '196', '15', '2', null, null, '2', null, '2015-10-26 12:23:42'), ('3124', '197', '15', '2', null, null, '3', null, '2015-10-26 12:23:42'), ('3125', '198', '15', '2', null, null, '1', null, '2015-10-26 12:23:42'), ('3126', '199', '15', '2', null, null, '2', null, '2015-10-26 12:23:42'), ('3127', '200', '15', '3', null, null, '3', null, '2015-10-26 12:23:42'), ('3128', '201', '15', '1', null, null, '1', null, '2015-10-26 12:23:42'), ('3129', '202', '15', '1', null, null, '2', null, '2015-10-26 12:23:42'), ('3130', '203', '15', '3', null, null, '1', null, '2015-10-26 12:23:42'), ('3131', '204', '15', '2', null, null, '2', null, '2015-10-26 12:23:42'), ('3132', '205', '15', '3', null, null, '3', null, '2015-10-26 12:23:42'), ('3133', '206', '15', '2', null, null, '2', null, '2015-10-26 12:23:42'), ('3134', '207', '15', '1', null, null, '2', null, '2015-10-26 12:23:42'), ('3135', '208', '15', '1', null, null, '1', null, '2015-10-26 12:23:42'), ('3136', '209', '15', '2', null, null, '2', null, '2015-10-26 12:23:42'), ('3137', '186', '61', '1', null, null, '1', null, '2015-10-26 12:23:42'), ('3138', '187', '61', '2', null, null, '2', null, '2015-10-26 12:23:42'), ('3139', '188', '61', '1', null, null, '3', null, '2015-10-26 12:23:42'), ('3140', '189', '61', '3', null, null, '3', null, '2015-10-26 12:23:42'), ('3141', '190', '61', '3', null, null, '3', null, '2015-10-26 12:23:42'), ('3142', '191', '61', '3', null, null, '3', null, '2015-10-26 12:23:42'), ('3143', '192', '61', '2', null, null, '3', null, '2015-10-26 12:23:42'), ('3144', '193', '61', '1', null, null, '1', null, '2015-10-26 12:23:42'), ('3145', '194', '61', '2', null, null, '2', null, '2015-10-26 12:23:42'), ('3146', '195', '61', '2', null, null, '2', null, '2015-10-26 12:23:42'), ('3147', '196', '61', '1', null, null, '3', null, '2015-10-26 12:23:42'), ('3148', '197', '61', '1', null, null, '1', null, '2015-10-26 12:23:42'), ('3149', '198', '61', '1', null, null, '1', null, '2015-10-26 12:23:42'), ('3150', '199', '61', '2', null, null, '3', null, '2015-10-26 12:23:42'), ('3151', '200', '61', '2', null, null, '2', null, '2015-10-26 12:23:42'), ('3152', '201', '61', '2', null, null, '2', null, '2015-10-26 12:23:42'), ('3153', '202', '61', '2', null, null, '2', null, '2015-10-26 12:23:42'), ('3154', '203', '61', '3', null, null, '3', null, '2015-10-26 12:23:42'), ('3155', '204', '61', '1', null, null, '1', null, '2015-10-26 12:23:42'), ('3156', '205', '61', '2', null, null, '3', null, '2015-10-26 12:23:42'), ('3157', '206', '61', '3', null, null, '3', null, '2015-10-26 12:23:42'), ('3158', '207', '61', '3', null, null, '3', null, '2015-10-26 12:23:42'), ('3159', '208', '61', '2', null, null, '2', null, '2015-10-26 12:23:42'), ('3160', '209', '61', '2', null, null, '2', null, '2015-10-26 12:23:42'), ('3161', '186', '62', '2', null, null, '2', null, '2015-10-26 12:23:42'), ('3162', '187', '62', '1', null, null, '3', null, '2015-10-26 12:23:42'), ('3163', '188', '62', '1', null, null, '1', null, '2015-10-26 12:23:42'), ('3164', '189', '62', '3', null, null, '1', null, '2015-10-26 12:23:42'), ('3165', '190', '62', '3', null, null, '1', null, '2015-10-26 12:23:42'), ('3166', '191', '62', '2', null, null, '2', null, '2015-10-26 12:23:42'), ('3167', '192', '62', '1', null, null, '3', null, '2015-10-26 12:23:42'), ('3168', '193', '62', '1', null, null, '2', null, '2015-10-26 12:23:42'), ('3169', '194', '62', '1', null, null, '1', null, '2015-10-26 12:23:42'), ('3170', '195', '62', '1', null, null, '1', null, '2015-10-26 12:23:42'), ('3171', '196', '62', '2', null, null, '2', null, '2015-10-26 12:23:42'), ('3172', '197', '62', '3', null, null, '3', null, '2015-10-26 12:23:42'), ('3173', '198', '62', '1', null, null, '1', null, '2015-10-26 12:23:42'), ('3174', '199', '62', '3', null, null, '3', null, '2015-10-26 12:23:42'), ('3175', '200', '62', '3', null, null, '3', null, '2015-10-26 12:23:42'), ('3176', '201', '62', '2', null, null, '2', null, '2015-10-26 12:23:42'), ('3177', '202', '62', '3', null, null, '1', null, '2015-10-26 12:23:42'), ('3178', '203', '62', '1', null, null, '2', null, '2015-10-26 12:23:42'), ('3179', '204', '62', '2', null, null, '2', null, '2015-10-26 12:23:42'), ('3180', '205', '62', '3', null, null, '1', null, '2015-10-26 12:23:42'), ('3181', '206', '62', '2', null, null, '2', null, '2015-10-26 12:23:42'), ('3182', '207', '62', '3', null, null, '2', null, '2015-10-26 12:23:42'), ('3183', '208', '62', '1', null, null, '2', null, '2015-10-26 12:23:42'), ('3184', '209', '62', '1', null, null, '1', null, '2015-10-26 12:23:42'), ('3185', '186', '63', '1', null, null, '1', null, '2015-10-26 12:23:42'), ('3186', '187', '63', '2', null, null, '2', null, '2015-10-26 12:23:42'), ('3187', '188', '63', '1', null, null, '1', null, '2015-10-26 12:23:42'), ('3188', '189', '63', '2', null, null, '2', null, '2015-10-26 12:23:42'), ('3189', '190', '63', '2', null, null, '2', null, '2015-10-26 12:23:42'), ('3190', '191', '63', '2', null, null, '2', null, '2015-10-26 12:23:42'), ('3191', '192', '63', '2', null, null, '1', null, '2015-10-26 12:23:42'), ('3192', '193', '63', '3', null, null, '3', null, '2015-10-26 12:23:42'), ('3193', '194', '63', '2', null, null, '2', null, '2015-10-26 12:23:42'), ('3194', '195', '63', '1', null, null, '1', null, '2015-10-26 12:23:42'), ('3195', '196', '63', '1', null, null, '1', null, '2015-10-26 12:23:42'), ('3196', '197', '63', '3', null, null, '3', null, '2015-10-26 12:23:42'), ('3197', '198', '63', '1', null, null, '1', null, '2015-10-26 12:23:42'), ('3198', '199', '63', '1', null, null, '1', null, '2015-10-26 12:23:42'), ('3199', '200', '63', '2', null, null, '2', null, '2015-10-26 12:23:42'), ('3200', '201', '63', '3', null, null, '3', null, '2015-10-26 12:23:42'), ('3201', '202', '63', '3', null, null, '3', null, '2015-10-26 12:23:42'), ('3202', '203', '63', '1', null, null, '1', null, '2015-10-26 12:23:42'), ('3203', '204', '63', '2', null, null, '2', null, '2015-10-26 12:23:42'), ('3204', '205', '63', '3', null, null, '3', null, '2015-10-26 12:23:42'), ('3205', '206', '63', '3', null, null, '3', null, '2015-10-26 12:23:42'), ('3206', '207', '63', '1', null, null, '1', null, '2015-10-26 12:23:42'), ('3207', '208', '63', '2', null, null, '2', null, '2015-10-26 12:23:42'), ('3208', '209', '63', '1', null, null, '1', null, '2015-10-26 12:23:42'), ('3209', '186', '64', '2', null, null, '2', null, '2015-10-26 12:23:42'), ('3210', '187', '64', '1', null, null, '1', null, '2015-10-26 12:23:42'), ('3211', '188', '64', '1', null, null, '1', null, '2015-10-26 12:23:42'), ('3212', '189', '64', '2', null, null, '2', null, '2015-10-26 12:23:42'), ('3213', '190', '64', '3', null, null, '3', null, '2015-10-26 12:23:42'), ('3214', '191', '64', '1', null, null, '1', null, '2015-10-26 12:23:42'), ('3215', '192', '64', '1', null, null, '1', null, '2015-10-26 12:23:42'), ('3216', '193', '64', '2', null, null, '3', null, '2015-10-26 12:23:42'), ('3217', '194', '64', '1', null, null, '1', null, '2015-10-26 12:23:42'), ('3218', '195', '64', '1', null, null, '1', null, '2015-10-26 12:23:42'), ('3219', '196', '64', '2', null, null, '2', null, '2015-10-26 12:23:42'), ('3220', '197', '64', '3', null, null, '3', null, '2015-10-26 12:23:42'), ('3221', '198', '64', '1', null, null, '1', null, '2015-10-26 12:23:42'), ('3222', '199', '64', '1', null, null, '3', null, '2015-10-26 12:23:42'), ('3223', '200', '64', '1', null, null, '1', null, '2015-10-26 12:23:42'), ('3224', '201', '64', '2', null, null, '2', null, '2015-10-26 12:23:42'), ('3225', '202', '64', '2', null, null, '2', null, '2015-10-26 12:23:42'), ('3226', '203', '64', '3', null, null, '3', null, '2015-10-26 12:23:42'), ('3227', '204', '64', '1', null, null, '1', null, '2015-10-26 12:23:42'), ('3228', '205', '64', '1', null, null, '1', null, '2015-10-26 12:23:42'), ('3229', '206', '64', '3', null, null, '3', null, '2015-10-26 12:23:42'), ('3230', '207', '64', '2', null, null, '2', null, '2015-10-26 12:23:42'), ('3231', '208', '64', '3', null, null, '3', null, '2015-10-26 12:23:42'), ('3232', '209', '64', '3', null, null, '3', null, '2015-10-26 12:23:42'), ('3233', '186', '65', '3', null, null, '3', null, '2015-10-26 12:23:42'), ('3234', '187', '65', '1', null, null, '1', null, '2015-10-26 12:23:42'), ('3235', '188', '65', '2', null, null, '2', null, '2015-10-26 12:23:42'), ('3236', '189', '65', '3', null, null, '1', null, '2015-10-26 12:23:42'), ('3237', '190', '65', '2', null, null, '3', null, '2015-10-26 12:23:42'), ('3238', '191', '65', '2', null, null, '2', null, '2015-10-26 12:23:42'), ('3239', '192', '65', '1', null, null, '2', null, '2015-10-26 12:23:42'), ('3240', '193', '65', '1', null, null, '2', null, '2015-10-26 12:23:42'), ('3241', '194', '65', '3', null, null, '3', null, '2015-10-26 12:23:42'), ('3242', '195', '65', '1', null, null, '1', null, '2015-10-26 12:23:42'), ('3243', '196', '65', '3', null, null, '3', null, '2015-10-26 12:23:42'), ('3244', '197', '65', '1', null, null, '2', null, '2015-10-26 12:23:42'), ('3245', '198', '65', '3', null, null, '3', null, '2015-10-26 12:23:42'), ('3246', '199', '65', '2', null, null, '3', null, '2015-10-26 12:23:42'), ('3247', '200', '65', '2', null, null, '2', null, '2015-10-26 12:23:42'), ('3248', '201', '65', '3', null, null, '3', null, '2015-10-26 12:23:42'), ('3249', '202', '65', '3', null, null, '3', null, '2015-10-26 12:23:42'), ('3250', '203', '65', '3', null, null, '3', null, '2015-10-26 12:23:42'), ('3251', '204', '65', '2', null, null, '2', null, '2015-10-26 12:23:42'), ('3252', '205', '65', '1', null, null, '1', null, '2015-10-26 12:23:42'), ('3253', '206', '65', '1', null, null, '1', null, '2015-10-26 12:23:42'), ('3254', '207', '65', '3', null, null, '2', null, '2015-10-26 12:23:42'), ('3255', '208', '65', '1', null, null, '1', null, '2015-10-26 12:23:42'), ('3256', '209', '65', '2', null, null, '2', null, '2015-10-26 12:23:42'), ('3257', '186', '66', '1', null, null, '2', null, '2015-10-26 12:23:42'), ('3258', '187', '66', '1', null, null, '1', null, '2015-10-26 12:23:42'), ('3259', '188', '66', '1', null, null, '3', null, '2015-10-26 12:23:42'), ('3260', '189', '66', '2', null, null, '2', null, '2015-10-26 12:23:42'), ('3261', '190', '66', '2', null, null, '2', null, '2015-10-26 12:23:42'), ('3262', '191', '66', '2', null, null, '2', null, '2015-10-26 12:23:42'), ('3263', '192', '66', '1', null, null, '2', null, '2015-10-26 12:23:42'), ('3264', '193', '66', '3', null, null, '3', null, '2015-10-26 12:23:42'), ('3265', '194', '66', '2', null, null, '2', null, '2015-10-26 12:23:42'), ('3266', '195', '66', '3', null, null, '3', null, '2015-10-26 12:23:42'), ('3267', '196', '66', '3', null, null, '3', null, '2015-10-26 12:23:42'), ('3268', '197', '66', '3', null, null, '2', null, '2015-10-26 12:23:42'), ('3269', '198', '66', '3', null, null, '3', null, '2015-10-26 12:23:42'), ('3270', '199', '66', '2', null, null, '2', null, '2015-10-26 12:23:42'), ('3271', '200', '66', '3', null, null, '3', null, '2015-10-26 12:23:42'), ('3272', '201', '66', '2', null, null, '2', null, '2015-10-26 12:23:42'), ('3273', '202', '66', '1', null, null, '1', null, '2015-10-26 12:23:42'), ('3274', '203', '66', '2', null, null, '2', null, '2015-10-26 12:23:42'), ('3275', '204', '66', '2', null, null, '2', null, '2015-10-26 12:23:42'), ('3276', '205', '66', '3', null, null, '1', null, '2015-10-26 12:23:42'), ('3277', '206', '66', '1', null, null, '1', null, '2015-10-26 12:23:42'), ('3278', '207', '66', '3', null, null, '3', null, '2015-10-26 12:23:42'), ('3279', '208', '66', '3', null, null, '3', null, '2015-10-26 12:23:42'), ('3280', '209', '66', '3', null, null, '3', null, '2015-10-26 12:23:42'), ('3281', '186', '67', '1', null, null, '1', null, '2015-10-26 12:23:42'), ('3282', '187', '67', '1', null, null, '1', null, '2015-10-26 12:23:42'), ('3283', '188', '67', '1', null, null, '1', null, '2015-10-26 12:23:42'), ('3284', '189', '67', '2', null, null, '2', null, '2015-10-26 12:23:42'), ('3285', '190', '67', '3', null, null, '2', null, '2015-10-26 12:23:42'), ('3286', '191', '67', '2', null, null, '2', null, '2015-10-26 12:23:42'), ('3287', '192', '67', '2', null, null, '2', null, '2015-10-26 12:23:42'), ('3288', '193', '67', '1', null, null, '1', null, '2015-10-26 12:23:42'), ('3289', '194', '67', '3', null, null, '3', null, '2015-10-26 12:23:42'), ('3290', '195', '67', '2', null, null, '2', null, '2015-10-26 12:23:42'), ('3291', '196', '67', '2', null, null, '2', null, '2015-10-26 12:23:42'), ('3292', '197', '67', '1', null, null, '1', null, '2015-10-26 12:23:42'), ('3293', '198', '67', '3', null, null, '3', null, '2015-10-26 12:23:42'), ('3294', '199', '67', '2', null, null, '1', null, '2015-10-26 12:23:42'), ('3295', '200', '67', '2', null, null, '2', null, '2015-10-26 12:23:42'), ('3296', '201', '67', '2', null, null, '1', null, '2015-10-26 12:23:42'), ('3297', '202', '67', '2', null, null, '3', null, '2015-10-26 12:23:42'), ('3298', '203', '67', '1', null, null, '3', null, '2015-10-26 12:23:42'), ('3299', '204', '67', '1', null, null, '1', null, '2015-10-26 12:23:42'), ('3300', '205', '67', '1', null, null, '3', null, '2015-10-26 12:23:42'), ('3301', '206', '67', '3', null, null, '3', null, '2015-10-26 12:23:42'), ('3302', '207', '67', '3', null, null, '3', null, '2015-10-26 12:23:42'), ('3303', '208', '67', '2', null, null, '2', null, '2015-10-26 12:23:42'), ('3304', '209', '67', '3', null, null, '3', null, '2015-10-26 12:23:42'), ('3305', '186', '68', '3', null, null, '1', null, '2015-10-26 12:23:42'), ('3306', '187', '68', '1', null, null, '1', null, '2015-10-26 12:23:42'), ('3307', '188', '68', '1', null, null, '3', null, '2015-10-26 12:23:42'), ('3308', '189', '68', '3', null, null, '1', null, '2015-10-26 12:23:42'), ('3309', '190', '68', '3', null, null, '3', null, '2015-10-26 12:23:42'), ('3310', '191', '68', '2', null, null, '2', null, '2015-10-26 12:23:42'), ('3311', '192', '68', '1', null, null, '1', null, '2015-10-26 12:23:42'), ('3312', '193', '68', '2', null, null, '2', null, '2015-10-26 12:23:42'), ('3313', '194', '68', '2', null, null, '3', null, '2015-10-26 12:23:42'), ('3314', '195', '68', '1', null, null, '1', null, '2015-10-26 12:23:42'), ('3315', '196', '68', '1', null, null, '3', null, '2015-10-26 12:23:42'), ('3316', '197', '68', '1', null, null, '1', null, '2015-10-26 12:23:42'), ('3317', '198', '68', '1', null, null, '1', null, '2015-10-26 12:23:42'), ('3318', '199', '68', '1', null, null, '1', null, '2015-10-26 12:23:42'), ('3319', '200', '68', '1', null, null, '1', null, '2015-10-26 12:23:42'), ('3320', '201', '68', '3', null, null, '3', null, '2015-10-26 12:23:42'), ('3321', '202', '68', '3', null, null, '3', null, '2015-10-26 12:23:42'), ('3322', '203', '68', '1', null, null, '1', null, '2015-10-26 12:23:42'), ('3323', '204', '68', '2', null, null, '2', null, '2015-10-26 12:23:42'), ('3324', '205', '68', '3', null, null, '3', null, '2015-10-26 12:23:42'), ('3325', '206', '68', '1', null, null, '1', null, '2015-10-26 12:23:42'), ('3326', '207', '68', '2', null, null, '2', null, '2015-10-26 12:23:42'), ('3327', '208', '68', '1', null, null, '2', null, '2015-10-26 12:23:42'), ('3328', '209', '68', '1', null, null, '1', null, '2015-10-26 12:23:42'), ('3329', '186', '69', '1', null, null, '2', null, '2015-10-26 12:23:42'), ('3330', '187', '69', '3', null, null, '3', null, '2015-10-26 12:23:42'), ('3331', '188', '69', '3', null, null, '3', null, '2015-10-26 12:23:42'), ('3332', '189', '69', '3', null, null, '3', null, '2015-10-26 12:23:42'), ('3333', '190', '69', '3', null, null, '2', null, '2015-10-26 12:23:42'), ('3334', '191', '69', '1', null, null, '2', null, '2015-10-26 12:23:42'), ('3335', '192', '69', '2', null, null, '2', null, '2015-10-26 12:23:42'), ('3336', '193', '69', '2', null, null, '2', null, '2015-10-26 12:23:42'), ('3337', '194', '69', '2', null, null, '2', null, '2015-10-26 12:23:42'), ('3338', '195', '69', '2', null, null, '2', null, '2015-10-26 12:23:42'), ('3339', '196', '69', '3', null, null, '3', null, '2015-10-26 12:23:42'), ('3340', '197', '69', '1', null, null, '1', null, '2015-10-26 12:23:42'), ('3341', '198', '69', '1', null, null, '1', null, '2015-10-26 12:23:42'), ('3342', '199', '69', '3', null, null, '3', null, '2015-10-26 12:23:42'), ('3343', '200', '69', '1', null, null, '1', null, '2015-10-26 12:23:42'), ('3344', '201', '69', '2', null, null, '2', null, '2015-10-26 12:23:42'), ('3345', '202', '69', '1', null, null, '3', null, '2015-10-26 12:23:42'), ('3346', '203', '69', '2', null, null, '1', null, '2015-10-26 12:23:42'), ('3347', '204', '69', '1', null, null, '1', null, '2015-10-26 12:23:42'), ('3348', '205', '69', '1', null, null, '1', null, '2015-10-26 12:23:42'), ('3349', '206', '69', '1', null, null, '1', null, '2015-10-26 12:23:42'), ('3350', '207', '69', '3', null, null, '3', null, '2015-10-26 12:23:42'), ('3351', '208', '69', '3', null, null, '3', null, '2015-10-26 12:23:42'), ('3352', '209', '69', '3', null, null, '3', null, '2015-10-26 12:23:42'), ('3353', '186', '70', '2', null, null, '2', null, '2015-10-26 12:23:42'), ('3354', '187', '70', '3', null, null, '3', null, '2015-10-26 12:23:42'), ('3355', '188', '70', '3', null, null, '3', null, '2015-10-26 12:23:42'), ('3356', '189', '70', '3', null, null, '3', null, '2015-10-26 12:23:42'), ('3357', '190', '70', '1', null, null, '1', null, '2015-10-26 12:23:42'), ('3358', '191', '70', '1', null, null, '2', null, '2015-10-26 12:23:42'), ('3359', '192', '70', '2', null, null, '2', null, '2015-10-26 12:23:42'), ('3360', '193', '70', '2', null, null, '2', null, '2015-10-26 12:23:42'), ('3361', '194', '70', '2', null, null, '2', null, '2015-10-26 12:23:42'), ('3362', '195', '70', '2', null, null, '2', null, '2015-10-26 12:23:42'), ('3363', '196', '70', '1', null, null, '1', null, '2015-10-26 12:23:42'), ('3364', '197', '70', '2', null, null, '2', null, '2015-10-26 12:23:42'), ('3365', '198', '70', '2', null, null, '2', null, '2015-10-26 12:23:42'), ('3366', '199', '70', '1', null, null, '3', null, '2015-10-26 12:23:42'), ('3367', '200', '70', '1', null, null, '1', null, '2015-10-26 12:23:42'), ('3368', '201', '70', '1', null, null, '1', null, '2015-10-26 12:23:42'), ('3369', '202', '70', '3', null, null, '3', null, '2015-10-26 12:23:42'), ('3370', '203', '70', '1', null, null, '1', null, '2015-10-26 12:23:42'), ('3371', '204', '70', '2', null, null, '2', null, '2015-10-26 12:23:42'), ('3372', '205', '70', '1', null, null, '1', null, '2015-10-26 12:23:42'), ('3373', '206', '70', '2', null, null, '2', null, '2015-10-26 12:23:42'), ('3374', '207', '70', '2', null, null, '2', null, '2015-10-26 12:23:42'), ('3375', '208', '70', '2', null, null, '2', null, '2015-10-26 12:23:42'), ('3376', '209', '70', '1', null, null, '1', null, '2015-10-26 12:23:42'), ('3377', '186', '73', '2', null, null, '2', null, '2015-10-26 12:23:42'), ('3378', '187', '73', '3', null, null, '3', null, '2015-10-26 12:23:42'), ('3379', '188', '73', '1', null, null, '1', null, '2015-10-26 12:23:42'), ('3380', '189', '73', '3', null, null, '3', null, '2015-10-26 12:23:42'), ('3381', '190', '73', '2', null, null, '2', null, '2015-10-26 12:23:42'), ('3382', '191', '73', '2', null, null, '2', null, '2015-10-26 12:23:42'), ('3383', '192', '73', '3', null, null, '3', null, '2015-10-26 12:23:42'), ('3384', '193', '73', '3', null, null, '1', null, '2015-10-26 12:23:42'), ('3385', '194', '73', '3', null, null, '3', null, '2015-10-26 12:23:42'), ('3386', '195', '73', '2', null, null, '2', null, '2015-10-26 12:23:42'), ('3387', '196', '73', '1', null, null, '3', null, '2015-10-26 12:23:42'), ('3388', '197', '73', '2', null, null, '2', null, '2015-10-26 12:23:42'), ('3389', '198', '73', '3', null, null, '3', null, '2015-10-26 12:23:42'), ('3390', '199', '73', '1', null, null, '2', null, '2015-10-26 12:23:42'), ('3391', '200', '73', '3', null, null, '3', null, '2015-10-26 12:23:42'), ('3392', '201', '73', '1', null, null, '3', null, '2015-10-26 12:23:42'), ('3393', '202', '73', '2', null, null, '3', null, '2015-10-26 12:23:42'), ('3394', '203', '73', '2', null, null, '3', null, '2015-10-26 12:23:42'), ('3395', '204', '73', '2', null, null, '2', null, '2015-10-26 12:23:42'), ('3396', '205', '73', '2', null, null, '2', null, '2015-10-26 12:23:42'), ('3397', '206', '73', '1', null, null, '1', null, '2015-10-26 12:23:42'), ('3398', '207', '73', '2', null, null, '3', null, '2015-10-26 12:23:42'), ('3399', '208', '73', '3', null, null, '3', null, '2015-10-26 12:23:42'), ('3400', '209', '73', '3', null, null, '3', null, '2015-10-26 12:23:42'), ('3401', '186', '74', '2', null, null, '1', null, '2015-10-26 12:23:42'), ('3402', '187', '74', '2', null, null, '2', null, '2015-10-26 12:23:42'), ('3403', '188', '74', '2', null, null, '2', null, '2015-10-26 12:23:42'), ('3404', '189', '74', '3', null, null, '3', null, '2015-10-26 12:23:42'), ('3405', '190', '74', '1', null, null, '1', null, '2015-10-26 12:23:42'), ('3406', '191', '74', '2', null, null, '1', null, '2015-10-26 12:23:42'), ('3407', '192', '74', '2', null, null, '2', null, '2015-10-26 12:23:42'), ('3408', '193', '74', '1', null, null, '1', null, '2015-10-26 12:23:42'), ('3409', '194', '74', '2', null, null, '2', null, '2015-10-26 12:23:42'), ('3410', '195', '74', '1', null, null, '1', null, '2015-10-26 12:23:42'), ('3411', '196', '74', '1', null, null, '1', null, '2015-10-26 12:23:42'), ('3412', '197', '74', '1', null, null, '1', null, '2015-10-26 12:23:42'), ('3413', '198', '74', '1', null, null, '1', null, '2015-10-26 12:23:42'), ('3414', '199', '74', '1', null, null, '1', null, '2015-10-26 12:23:42'), ('3415', '200', '74', '3', null, null, '3', null, '2015-10-26 12:23:42'), ('3416', '201', '74', '1', null, null, '1', null, '2015-10-26 12:23:42'), ('3417', '202', '74', '1', null, null, '1', null, '2015-10-26 12:23:42'), ('3418', '203', '74', '1', null, null, '2', null, '2015-10-26 12:23:42'), ('3419', '204', '74', '2', null, null, '2', null, '2015-10-26 12:23:42'), ('3420', '205', '74', '1', null, null, '1', null, '2015-10-26 12:23:42'), ('3421', '206', '74', '3', null, null, '1', null, '2015-10-26 12:23:42'), ('3422', '207', '74', '1', null, null, '2', null, '2015-10-26 12:23:42'), ('3423', '208', '74', '2', null, null, '2', null, '2015-10-26 12:23:42'), ('3424', '209', '74', '1', null, null, '2', null, '2015-10-26 12:23:42'), ('3425', '186', '75', '3', null, null, '3', null, '2015-10-26 12:23:42'), ('3426', '187', '75', '3', null, null, '3', null, '2015-10-26 12:23:42'), ('3427', '188', '75', '3', null, null, '3', null, '2015-10-26 12:23:42'), ('3428', '189', '75', '1', null, null, '1', null, '2015-10-26 12:23:42'), ('3429', '190', '75', '3', null, null, '3', null, '2015-10-26 12:23:42'), ('3430', '191', '75', '1', null, null, '1', null, '2015-10-26 12:23:42'), ('3431', '192', '75', '2', null, null, '1', null, '2015-10-26 12:23:42'), ('3432', '193', '75', '2', null, null, '2', null, '2015-10-26 12:23:42'), ('3433', '194', '75', '2', null, null, '2', null, '2015-10-26 12:23:42'), ('3434', '195', '75', '1', null, null, '1', null, '2015-10-26 12:23:42'), ('3435', '196', '75', '1', null, null, '1', null, '2015-10-26 12:23:42'), ('3436', '197', '75', '2', null, null, '3', null, '2015-10-26 12:23:42'), ('3437', '198', '75', '1', null, null, '1', null, '2015-10-26 12:23:42'), ('3438', '199', '75', '3', null, null, '3', null, '2015-10-26 12:23:42'), ('3439', '200', '75', '1', null, null, '1', null, '2015-10-26 12:23:42'), ('3440', '201', '75', '1', null, null, '1', null, '2015-10-26 12:23:42'), ('3441', '202', '75', '3', null, null, '3', null, '2015-10-26 12:23:42'), ('3442', '203', '75', '3', null, null, '3', null, '2015-10-26 12:23:42'), ('3443', '204', '75', '2', null, null, '2', null, '2015-10-26 12:23:42'), ('3444', '205', '75', '2', null, null, '2', null, '2015-10-26 12:23:42'), ('3445', '206', '75', '2', null, null, '3', null, '2015-10-26 12:23:42'), ('3446', '207', '75', '3', null, null, '3', null, '2015-10-26 12:23:42'), ('3447', '208', '75', '1', null, null, '1', null, '2015-10-26 12:23:42'), ('3448', '209', '75', '2', null, null, '3', null, '2015-10-26 12:23:42'), ('3449', '186', '76', '2', null, null, '2', null, '2015-10-26 12:23:42'), ('3450', '187', '76', '3', null, null, '3', null, '2015-10-26 12:23:42'), ('3451', '188', '76', '2', null, null, '2', null, '2015-10-26 12:23:42'), ('3452', '189', '76', '1', null, null, '1', null, '2015-10-26 12:23:42'), ('3453', '190', '76', '2', null, null, '2', null, '2015-10-26 12:23:42'), ('3454', '191', '76', '2', null, null, '2', null, '2015-10-26 12:23:42'), ('3455', '192', '76', '1', null, null, '2', null, '2015-10-26 12:23:42'), ('3456', '193', '76', '1', null, null, '1', null, '2015-10-26 12:23:42'), ('3457', '194', '76', '2', null, null, '2', null, '2015-10-26 12:23:42'), ('3458', '195', '76', '3', null, null, '3', null, '2015-10-26 12:23:42'), ('3459', '196', '76', '3', null, null, '3', null, '2015-10-26 12:23:42'), ('3460', '197', '76', '3', null, null, '3', null, '2015-10-26 12:23:42'), ('3461', '198', '76', '1', null, null, '1', null, '2015-10-26 12:23:42'), ('3462', '199', '76', '1', null, null, '3', null, '2015-10-26 12:23:42'), ('3463', '200', '76', '2', null, null, '2', null, '2015-10-26 12:23:42'), ('3464', '201', '76', '1', null, null, '1', null, '2015-10-26 12:23:42'), ('3465', '202', '76', '3', null, null, '3', null, '2015-10-26 12:23:42'), ('3466', '203', '76', '1', null, null, '3', null, '2015-10-26 12:23:42'), ('3467', '204', '76', '3', null, null, '2', null, '2015-10-26 12:23:42'), ('3468', '205', '76', '1', null, null, '2', null, '2015-10-26 12:23:42'), ('3469', '206', '76', '1', null, null, '3', null, '2015-10-26 12:23:42'), ('3470', '207', '76', '2', null, null, '2', null, '2015-10-26 12:23:42'), ('3471', '208', '76', '2', null, null, '2', null, '2015-10-26 12:23:42'), ('3472', '209', '76', '3', null, null, '3', null, '2015-10-26 12:23:42'), ('3473', '186', '77', '3', null, null, '3', null, '2015-10-26 12:23:42'), ('3474', '187', '77', '1', null, null, '1', null, '2015-10-26 12:23:42'), ('3475', '188', '77', '1', null, null, '2', null, '2015-10-26 12:23:42'), ('3476', '189', '77', '1', null, null, '2', null, '2015-10-26 12:23:42'), ('3477', '190', '77', '2', null, null, '2', null, '2015-10-26 12:23:42'), ('3478', '191', '77', '2', null, null, '2', null, '2015-10-26 12:23:42'), ('3479', '192', '77', '3', null, null, '3', null, '2015-10-26 12:23:42'), ('3480', '193', '77', '1', null, null, '1', null, '2015-10-26 12:23:42'), ('3481', '194', '77', '1', null, null, '1', null, '2015-10-26 12:23:42'), ('3482', '195', '77', '3', null, null, '3', null, '2015-10-26 12:23:42'), ('3483', '196', '77', '1', null, null, '1', null, '2015-10-26 12:23:42'), ('3484', '197', '77', '1', null, null, '1', null, '2015-10-26 12:23:42'), ('3485', '198', '77', '1', null, null, '2', null, '2015-10-26 12:23:42'), ('3486', '199', '77', '3', null, null, '3', null, '2015-10-26 12:23:42'), ('3487', '200', '77', '2', null, null, '2', null, '2015-10-26 12:23:42'), ('3488', '201', '77', '1', null, null, '1', null, '2015-10-26 12:23:42'), ('3489', '202', '77', '3', null, null, '3', null, '2015-10-26 12:23:42'), ('3490', '203', '77', '2', null, null, '1', null, '2015-10-26 12:23:42'), ('3491', '204', '77', '2', null, null, '2', null, '2015-10-26 12:23:42'), ('3492', '205', '77', '1', null, null, '1', null, '2015-10-26 12:23:42'), ('3493', '206', '77', '1', null, null, '2', null, '2015-10-26 12:23:42'), ('3494', '207', '77', '3', null, null, '3', null, '2015-10-26 12:23:42'), ('3495', '208', '77', '1', null, null, '3', null, '2015-10-26 12:23:42'), ('3496', '209', '77', '3', null, null, '3', null, '2015-10-26 12:23:42'), ('3497', '186', '78', '3', null, null, '3', null, '2015-10-26 12:23:42'), ('3498', '187', '78', '1', null, null, '1', null, '2015-10-26 12:23:42'), ('3499', '188', '78', '1', null, null, '1', null, '2015-10-26 12:23:42'), ('3500', '189', '78', '1', null, null, '3', null, '2015-10-26 12:23:42'), ('3501', '190', '78', '1', null, null, '3', null, '2015-10-26 12:23:42'), ('3502', '191', '78', '2', null, null, '2', null, '2015-10-26 12:23:42'), ('3503', '192', '78', '1', null, null, '2', null, '2015-10-26 12:23:42'), ('3504', '193', '78', '3', null, null, '3', null, '2015-10-26 12:23:42'), ('3505', '194', '78', '2', null, null, '3', null, '2015-10-26 12:23:42'), ('3506', '195', '78', '2', null, null, '2', null, '2015-10-26 12:23:42'), ('3507', '196', '78', '3', null, null, '3', null, '2015-10-26 12:23:42'), ('3508', '197', '78', '2', null, null, '2', null, '2015-10-26 12:23:42'), ('3509', '198', '78', '3', null, null, '1', null, '2015-10-26 12:23:42'), ('3510', '199', '78', '2', null, null, '2', null, '2015-10-26 12:23:42'), ('3511', '200', '78', '3', null, null, '3', null, '2015-10-26 12:23:42'), ('3512', '201', '78', '2', null, null, '2', null, '2015-10-26 12:23:42'), ('3513', '202', '78', '1', null, null, '1', null, '2015-10-26 12:23:42'), ('3514', '203', '78', '1', null, null, '3', null, '2015-10-26 12:23:42'), ('3515', '204', '78', '1', null, null, '1', null, '2015-10-26 12:23:42'), ('3516', '205', '78', '2', null, null, '2', null, '2015-10-26 12:23:42'), ('3517', '206', '78', '1', null, null, '1', null, '2015-10-26 12:23:42'), ('3518', '207', '78', '3', null, null, '3', null, '2015-10-26 12:23:42'), ('3519', '208', '78', '2', null, null, '2', null, '2015-10-26 12:23:42'), ('3520', '209', '78', '2', null, null, '2', null, '2015-10-26 12:23:42'), ('3521', '186', '79', '2', null, null, '2', null, '2015-10-26 12:23:42'), ('3522', '187', '79', '3', null, null, '3', null, '2015-10-26 12:23:42'), ('3523', '188', '79', '2', null, null, '2', null, '2015-10-26 12:23:42'), ('3524', '189', '79', '1', null, null, '1', null, '2015-10-26 12:23:42'), ('3525', '190', '79', '2', null, null, '1', null, '2015-10-26 12:23:42'), ('3526', '191', '79', '2', null, null, '2', null, '2015-10-26 12:23:42'), ('3527', '192', '79', '1', null, null, '1', null, '2015-10-26 12:23:42'), ('3528', '193', '79', '3', null, null, '3', null, '2015-10-26 12:23:42'), ('3529', '194', '79', '1', null, null, '1', null, '2015-10-26 12:23:42'), ('3530', '195', '79', '3', null, null, '3', null, '2015-10-26 12:23:42'), ('3531', '196', '79', '2', null, null, '2', null, '2015-10-26 12:23:42'), ('3532', '197', '79', '1', null, null, '1', null, '2015-10-26 12:23:42'), ('3533', '198', '79', '3', null, null, '3', null, '2015-10-26 12:23:42'), ('3534', '199', '79', '1', null, null, '1', null, '2015-10-26 12:23:42'), ('3535', '200', '79', '2', null, null, '3', null, '2015-10-26 12:23:42'), ('3536', '201', '79', '2', null, null, '2', null, '2015-10-26 12:23:42'), ('3537', '202', '79', '2', null, null, '2', null, '2015-10-26 12:23:42'), ('3538', '203', '79', '1', null, null, '1', null, '2015-10-26 12:23:42'), ('3539', '204', '79', '1', null, null, '1', null, '2015-10-26 12:23:42'), ('3540', '205', '79', '1', null, null, '1', null, '2015-10-26 12:23:42'), ('3541', '206', '79', '3', null, null, '2', null, '2015-10-26 12:23:42'), ('3542', '207', '79', '2', null, null, '2', null, '2015-10-26 12:23:42'), ('3543', '208', '79', '3', null, null, '3', null, '2015-10-26 12:23:42'), ('3544', '209', '79', '2', null, null, '2', null, '2015-10-26 12:23:42');
COMMIT;

-- ----------------------------
--  Table structure for `badge`
-- ----------------------------
DROP TABLE IF EXISTS `badge`;
CREATE TABLE `badge` (
  `id` int(11) NOT NULL AUTO_INCREMENT,
  `name` varchar(255) COLLATE utf8_bin DEFAULT NULL,
  `description` varchar(4000) COLLATE utf8_bin DEFAULT NULL,
  `image` varchar(500) COLLATE utf8_bin DEFAULT NULL,
  `issuer` varchar(500) COLLATE utf8_bin DEFAULT NULL,
  `tags` varchar(500) COLLATE utf8_bin DEFAULT NULL,
  PRIMARY KEY (`id`),
  UNIQUE KEY `id` (`id`)
) ENGINE=InnoDB AUTO_INCREMENT=22 DEFAULT CHARSET=utf8 COLLATE=utf8_bin;

-- ----------------------------
--  Records of `badge`
-- ----------------------------
BEGIN;
INSERT INTO `badge` VALUES ('12', 'CSS3', 'CSS3 mastery module.', '/site/default/badges/css3.png', 'CogentQI.com', null), ('13', 'Caring Workplace', 'Developing a caring workplace environment.', '/site/default/badges/cup.png', 'CogentQI.com', null), ('14', 'Legal Issues', 'Legal issues in our profession.', '/site/default/badges/gavel.png', 'CogentQI.com', null), ('15', 'Internet Technology', 'How the Internet affects our workplace.', '/site/default/badges/ipv6.png', 'CogentQI.com', null), ('16', 'Team Participation', 'Working as a member of a professional team.', '/site/default/badges/participation.png', 'CogentQI.com', null), ('17', 'Prescription Management', 'Managing prescriptions safely, optimally and accurately.', '/site/default/badges/prescriptions.png', 'CogentQI.com', null), ('18', 'Security 101', 'Security awareness in the workplace.', '/site/default/badges/security.png', 'CogentQI.com', null), ('19', 'Support Technologies', 'Technologies that can help you do your job better.', '/site/default/badges/technology.png', 'CogentQI.com', null), ('20', 'Communication', 'Basic communications skills.', '/site/default/badges/telegraph.png', 'CogentQI.com', null), ('21', 'Planning', 'Wise planning and time management.', '/site/default/badges/wisdom.png', 'CogentQI.com', null);
COMMIT;

-- ----------------------------
--  Table structure for `configuration`
-- ----------------------------
DROP TABLE IF EXISTS `configuration`;
CREATE TABLE `configuration` (
  `id` int(11) NOT NULL,
  `assessment_weight` int(11) NOT NULL DEFAULT '5',
  `outcome_weight` int(11) NOT NULL DEFAULT '5',
  PRIMARY KEY (`id`),
  UNIQUE KEY `configuration_id_uindex` (`id`)
) ENGINE=InnoDB DEFAULT CHARSET=utf8 COLLATE=utf8_bin ROW_FORMAT=COMPACT;

-- ----------------------------
--  Records of `configuration`
-- ----------------------------
BEGIN;
INSERT INTO `configuration` VALUES ('0', '3', '7');
COMMIT;

-- ----------------------------
--  Table structure for `event`
-- ----------------------------
DROP TABLE IF EXISTS `event`;
CREATE TABLE `event` (
  `id` int(11) NOT NULL AUTO_INCREMENT,
  `name` varchar(100) COLLATE utf8_bin NOT NULL,
  `description` text COLLATE utf8_bin NOT NULL,
  `category` varchar(100) COLLATE utf8_bin NOT NULL DEFAULT 'Generic',
  `threshold` int(11) NOT NULL DEFAULT '1',
  PRIMARY KEY (`id`)
) ENGINE=InnoDB AUTO_INCREMENT=12 DEFAULT CHARSET=utf8 COLLATE=utf8_bin;

-- ----------------------------
--  Records of `event`
-- ----------------------------
BEGIN;
INSERT INTO `event` VALUES ('1', 'Failure to Respond to Critical Issue', 'Failure to follow up on a bug or issue marked time or functionally critical.', 'Ticket System', '1'), ('2', 'Incorrect Response', 'A factually incorrect response was provided for a ticket.', 'Ticket System', '1'), ('3', 'Customer Complaint', 'A complaint was submitted by a patient or customer.', 'Customer Relations', '1'), ('4', 'Tardiness', 'The employee was late to work without sufficient explanation or notice.', 'Work Ethic', '1'), ('5', 'Failure to Notify', 'The employee failed to communicate important information regarding a customer issue.', 'Communication', '1'), ('6', 'Improper Attire', 'The employee arrived for work dressed inappropriately for professional work.', 'Work Ethic', '1'), ('7', 'Poor Documentation', 'Poor documentation for an issue was provided for future reference.', 'Ticket System', '1'), ('8', 'Data Entry Error', 'Data entered regarding into the system was incorrect.', 'Data Management', '1'), ('9', 'Insecure Password Used', 'An insecure password was used by the IT professional or provided to a user.', 'Security', '1'), ('10', 'Password Shared', 'A password was shared verbally, by mail or other message.', 'Security', '1'), ('11', 'Backups Not Verified', 'The existence of backup files was not verified as scheduled.', 'Security', '1');
COMMIT;

-- ----------------------------
--  Table structure for `event_alignment`
-- ----------------------------
DROP TABLE IF EXISTS `event_alignment`;
CREATE TABLE `event_alignment` (
  `id` int(11) NOT NULL AUTO_INCREMENT,
  `increment` int(11) NOT NULL DEFAULT '1',
  `event_id` int(11) NOT NULL,
  `question_id` int(11) NOT NULL,
  `weight` int(11) NOT NULL DEFAULT '1',
  PRIMARY KEY (`id`),
  KEY `event_key` (`event_id`),
  KEY `question_key` (`question_id`),
  CONSTRAINT `event_alignment_ibfk_1` FOREIGN KEY (`event_id`) REFERENCES `event` (`id`),
  CONSTRAINT `event_alignment_ibfk_2` FOREIGN KEY (`question_id`) REFERENCES `question` (`id`)
) ENGINE=InnoDB DEFAULT CHARSET=utf8 COLLATE=utf8_bin;

-- ----------------------------
--  Table structure for `homepage`
-- ----------------------------
DROP TABLE IF EXISTS `homepage`;
CREATE TABLE `homepage` (
  `id` int(11) NOT NULL AUTO_INCREMENT,
  `title` varchar(255) DEFAULT 'Home Page',
  `description` longtext,
  PRIMARY KEY (`id`),
  UNIQUE KEY `id` (`id`)
) ENGINE=InnoDB DEFAULT CHARSET=utf8 ROW_FORMAT=COMPACT;

-- ----------------------------
--  Table structure for `instrument`
-- ----------------------------
DROP TABLE IF EXISTS `instrument`;
CREATE TABLE `instrument` (
  `id` int(11) NOT NULL AUTO_INCREMENT,
  `name` varchar(100) DEFAULT NULL,
  `role_id` char(1) NOT NULL DEFAULT 'P',
  `usage_id` char(1) NOT NULL DEFAULT 'R',
  `description` varchar(5000) DEFAULT NULL,
  `summary` varchar(500) DEFAULT NULL,
  `is_uniform` tinyint(1) DEFAULT '1',
  `question_type_id` int(11) DEFAULT NULL,
  `max_range` int(11) NOT NULL DEFAULT '0',
  `min_range` int(11) NOT NULL DEFAULT '5',
  `sort_order` int(11) NOT NULL DEFAULT '0',
  `status` char(1) NOT NULL DEFAULT 'A',
  PRIMARY KEY (`id`),
  KEY `role_id` (`role_id`),
  KEY `usage_id` (`usage_id`),
  CONSTRAINT `instrument_ibfk_1` FOREIGN KEY (`role_id`) REFERENCES `role` (`id`),
  CONSTRAINT `instrument_ibfk_2` FOREIGN KEY (`usage_id`) REFERENCES `algorithm_usage` (`id`)
) ENGINE=InnoDB AUTO_INCREMENT=2 DEFAULT CHARSET=utf8 ROW_FORMAT=COMPACT;

-- ----------------------------
--  Records of `instrument`
-- ----------------------------
BEGIN;
INSERT INTO `instrument` VALUES ('1', 'Information Professionals of the 21st Century', 'P', 'R', null, 'Evaluation of technical staff for software development skills.', '1', '1', '5', '0', '1', 'A');
COMMIT;

-- ----------------------------
--  Table structure for `instrument_schedule`
-- ----------------------------
DROP TABLE IF EXISTS `instrument_schedule`;
CREATE TABLE `instrument_schedule` (
  `id` int(11) NOT NULL AUTO_INCREMENT,
  `instrument_id` int(11) NOT NULL,
  `starts` date DEFAULT NULL,
  `ends` date DEFAULT NULL,
  `locked_on` datetime DEFAULT NULL,
  `nag_window_start` int(11) DEFAULT '0',
  `nag_window_end` int(11) DEFAULT '0',
  `is_shared` tinyint(4) NOT NULL DEFAULT '1',
  `status_id` char(1) DEFAULT 'A',
  `name` varchar(255) NOT NULL DEFAULT 'Schedule',
  PRIMARY KEY (`id`),
  UNIQUE KEY `unique_id` (`id`),
  KEY `instrument_id` (`instrument_id`),
  CONSTRAINT `instrument_schedule_ibfk_1` FOREIGN KEY (`instrument_id`) REFERENCES `instrument` (`id`),
  CONSTRAINT `instrument_schedule_ibfk_2` FOREIGN KEY (`instrument_id`) REFERENCES `instrument` (`id`)
) ENGINE=InnoDB AUTO_INCREMENT=2 DEFAULT CHARSET=utf8 ROW_FORMAT=COMPACT;

-- ----------------------------
--  Records of `instrument_schedule`
-- ----------------------------
BEGIN;
INSERT INTO `instrument_schedule` VALUES ('1', '1', '2015-10-01', '2016-07-31', null, '0', '0', '1', 'A', '2015 Q3');
COMMIT;

-- ----------------------------
--  Table structure for `instrument_schedule_operation`
-- ----------------------------
DROP TABLE IF EXISTS `instrument_schedule_operation`;
CREATE TABLE `instrument_schedule_operation` (
  `id` int(11) NOT NULL AUTO_INCREMENT,
  `instrument_schedule_id` int(11) NOT NULL,
  `role_id` char(1) NOT NULL,
  `operation_id` char(1) NOT NULL DEFAULT 'R',
  PRIMARY KEY (`id`),
  UNIQUE KEY `id` (`id`),
  KEY `instrument_schedule_id` (`instrument_schedule_id`),
  KEY `role_id` (`role_id`),
  KEY `operation_id` (`operation_id`),
  CONSTRAINT `instrument_schedule_operation_ibfk_1` FOREIGN KEY (`instrument_schedule_id`) REFERENCES `instrument_schedule` (`id`),
  CONSTRAINT `instrument_schedule_operation_ibfk_2` FOREIGN KEY (`role_id`) REFERENCES `role` (`id`),
  CONSTRAINT `instrument_schedule_operation_ibfk_3` FOREIGN KEY (`operation_id`) REFERENCES `operation` (`id`)
) ENGINE=InnoDB AUTO_INCREMENT=6 DEFAULT CHARSET=utf8 ROW_FORMAT=COMPACT;

-- ----------------------------
--  Records of `instrument_schedule_operation`
-- ----------------------------
BEGIN;
INSERT INTO `instrument_schedule_operation` VALUES ('1', '1', 'A', 'X'), ('2', '1', 'A', 'C'), ('3', '1', 'A', 'R'), ('4', '1', 'A', 'U'), ('5', '1', 'A', 'D');
COMMIT;

-- ----------------------------
--  Table structure for `member`
-- ----------------------------
DROP TABLE IF EXISTS `member`;
CREATE TABLE `member` (
  `id` int(11) NOT NULL AUTO_INCREMENT,
  `organization_id` int(11) NOT NULL,
  `role_id` char(1) NOT NULL DEFAULT 'P',
  `first_name` varchar(50) NOT NULL,
  `last_name` varchar(50) NOT NULL,
  `job_title` varchar(50) DEFAULT NULL,
  `email` varchar(100) DEFAULT NULL,
  `username` varchar(100) NOT NULL,
  `password` varchar(50) DEFAULT NULL,
  `avatar` varchar(200) DEFAULT NULL,
  `level` int(11) DEFAULT NULL,
  `is_assessable` tinyint(4) DEFAULT '1',
  `phone` varchar(20) NOT NULL,
  `mobile` varchar(20) NOT NULL,
  `address` varchar(500) NOT NULL,
  `city` varchar(100) DEFAULT NULL,
  `state` char(2) DEFAULT NULL,
  `postal` varchar(20) DEFAULT NULL,
  `message_format` varchar(50) DEFAULT NULL,
  `active_start` datetime DEFAULT CURRENT_TIMESTAMP,
  `active_end` datetime DEFAULT NULL,
  PRIMARY KEY (`id`),
  UNIQUE KEY `username_index` (`username`),
  UNIQUE KEY `unique_email` (`email`),
  KEY `organization_id_index` (`organization_id`),
  KEY `message_provder_name` (`message_format`),
  KEY `member_ibfk_2` (`role_id`),
  CONSTRAINT `member_ibfk_1` FOREIGN KEY (`organization_id`) REFERENCES `organization` (`id`),
  CONSTRAINT `member_ibfk_2` FOREIGN KEY (`role_id`) REFERENCES `role` (`id`)
) ENGINE=InnoDB AUTO_INCREMENT=34 DEFAULT CHARSET=utf8 ROW_FORMAT=COMPACT;

-- ----------------------------
--  Records of `member`
-- ----------------------------
BEGIN;
INSERT INTO `member` VALUES ('1', '1', 'S', 'David', 'Quinn-Jacobs', 'CTO', 'dqj@cogentqi.com', 'dqj', 'd7da283e8c6f9506b9e96b45a7582a07', '/site/pharmacy/avatars/1.png', '0', '1', '3335711480', '7391522670', '888 Any St.\nAnytown, ZA 12345', 'Anytown', 'NY', '12345-6789', '{n}@messaging.sprintpcs.com', '2015-10-01 00:00:00', null), ('3', '2', 'A', 'Melissa', 'Barbache', '', 'admin1@cogentqi.com', 'admin1', 'd7da283e8c6f9506b9e96b45a7582a07', '/site/pharmacy/avatars/3.png', '0', '0', '3871126890', '5831418880', '657 Any St.\nAnytown, ZA 12345', 'Anytown', 'NY', '12345-6789', '{n}@messaging.sprintpcs.com', '2015-10-01 00:00:00', null), ('4', '3', 'M', 'Benjamin', 'Foreman', null, 'manager1@cogentqi.com', 'manager1', 'd7da283e8c6f9506b9e96b45a7582a07', '/site/pharmacy/avatars/4.png', '0', '0', '2313237760', '8432954612', '798 Any St', 'Anytown', 'NY', '12345-6789', '{n}@messaging.sprintpcs.com', '2015-10-01 00:00:00', null), ('5', '3', 'M', 'Andrea', 'Franklin', null, 'manager2@cogentqi.com', 'manager2', 'd7da283e8c6f9506b9e96b45a7582a07', '/site/pharmacy/avatars/5.png', '1', '0', '2675454340', '1119846590', '341 Any St.\nAnytown, ZA 12345', 'Anytown', 'NY', '12345-6789', '{n}@tmomail.net', '2015-10-01 00:00:00', '2015-10-24 19:00:56'), ('6', '3', 'P', 'Regina', 'Shipmans', null, 'pa1@cogentqi.com', 'prof20', 'd7da283e8c6f9506b9e96b45a7582a07', '/site/pharmacy/avatars/6.png', '1', '1', '5865537760', '1272472880', '293 Any St.\nAnytown, ZA 12345', 'Anytown', 'NY', '12345-6789', '{n}@myboostmobile.com', '2015-10-01 00:00:00', null), ('7', '4', 'P', 'Maggie', 'Westover', null, 'nurse1@cogentqi.com', 'prof1', 'd7da283e8c6f9506b9e96b45a7582a07', '/site/pharmacy/avatars/7.png', '4', '1', '4683129990', '2747323640', '677 Any St.\nAnytown, ZA 12345', 'Anytown', 'NY', '12345-6789', '{n}@messaging.nextel.com', '2015-10-01 00:00:00', null), ('8', '4', 'P', 'Perry', 'Constable', null, 'pa2@cogentqi.com', 'prof24', 'd7da283e8c6f9506b9e96b45a7582a07', '/site/pharmacy/avatars/8.png', '2', '1', '4893426750', '5238434110', '113 Any St.\nAnytown, ZA 12345', 'Anytown', 'NY', '12345-6789', '{n}@vtext.com', '2015-10-01 00:00:00', null), ('9', '4', 'P', 'Jim', 'Harris', null, 'nurse2@cogentqi.com', 'prof2', 'd7da283e8c6f9506b9e96b45a7582a07', '/site/pharmacy/avatars/9.png', '4', '1', '4342838310', '5572712730', '126 Any St.\nAnytown, ZA 12345', 'Anytown', 'NY', '12345-6789', '{n}@message.alltel.com', '2015-10-01 00:00:00', null), ('10', '4', 'P', 'Marion', 'Wight', null, 'nurse3@cogentqi.com', 'prof3', 'd7da283e8c6f9506b9e96b45a7582a07', '/site/pharmacy/avatars/10.png', '4', '1', '5245312140', '8888472540', '865 Any St.\nAnytown, ZA 12345', 'Anytown', 'NY', '12345-6789', '{n}@message.alltel.com', '2015-10-01 00:00:00', null), ('11', '3', 'P', 'Roger', 'Bitworth', null, 'nurse4@cogentqi.com', 'prof4', 'd7da283e8c6f9506b9e96b45a7582a07', '/site/pharmacy/avatars/11.png', '4', '1', '1336342660', '3627539820', '494 Any St.\nAnytown, ZA 12345', 'Anytown', 'NY', '12345-6789', '{n}@myboostmobile.com', '2015-10-01 00:00:00', null), ('12', '3', 'P', 'Greg', 'Abernathy', null, 'nurse5@cogentqi.com', 'prof5', 'd7da283e8c6f9506b9e96b45a7582a07', '/site/pharmacy/avatars/12.png', '5', '1', '4329148360', '4944721560', '529 Any St.\nAnytown, ZA 12345', 'Anytown', 'NY', '12345-6789', '{n}@email.uscc.net', '2015-10-01 00:00:00', null), ('13', '3', 'P', 'Sarah', 'Zinkowksi', null, 'nurse6@cogentqi.com', 'prof6', 'd7da283e8c6f9506b9e96b45a7582a07', '/site/pharmacy/avatars/13.png', '2', '1', '2156548870', '1336912140', '583 Any St.\nAnytown, ZA 12345', 'Anytown', 'NY', '12345-6789', '{n}@message.alltel.com', '2015-10-01 00:00:00', null), ('14', '3', 'P', 'Rachael', 'Creighton', null, 'pa3@cogentqi.com', 'prof21', 'd7da283e8c6f9506b9e96b45a7582a07', '/site/pharmacy/avatars/14.png', '1', '1', '9634267940', '9648968470', '111 Any St.\nAnytown, ZA 12345', 'Anytown', 'NY', '12345-6789', '{n}@vmobl.com', '2015-10-01 00:00:00', null), ('15', '3', 'P', 'Bob', 'Waters', null, 'pa4@cogentqi.com', 'prof23', 'd7da283e8c6f9506b9e96b45a7582a07', '/site/pharmacy/avatars/15.png', '1', '1', '1579622250', '7127266350', '455 Any St.\nAnytown, ZA 12345', 'Anytown', 'NY', '12345-6789', '{n}@message.alltel.com', '2015-10-01 00:00:00', null), ('16', '4', 'P', 'Jerry', 'Rinehart', null, 'pa5@cogentqi.com', 'prof22', 'd7da283e8c6f9506b9e96b45a7582a07', '/site/pharmacy/avatars/16.png', '2', '1', '4184353990', '1334272510', '859 Any St.\nAnytown, ZA 12345', 'Anytown', 'NY', '12345-6789', '{n}@vmobl.com', '2015-10-01 00:00:00', null), ('17', '4', 'P', 'Karim', 'Shahir', null, 'nurse7@cogentqi.com', 'prof7', 'd7da283e8c6f9506b9e96b45a7582a07', '/site/pharmacy/avatars/17.png', '4', '1', '3825915370', '1133364830', '938 Any St.\nAnytown, ZA 12345', 'Anytown', 'NY', '12345-6789', '{n}@txt.att.net', '2015-10-01 00:00:00', null), ('18', '4', 'P', 'Elizabeth', 'Ainsley', null, 'nurse8@cogentqi.com', 'prof8', 'd7da283e8c6f9506b9e96b45a7582a07', '/site/pharmacy/avatars/18.png', '1', '1', '5428511890', '2225933960', '112 Any St.\nAnytown, ZA 12345', 'Anytown', 'NY', '12345-6789', '{n}@messaging.sprintpcs.com', '2015-10-01 00:00:00', null), ('20', '5', 'P', 'Becky', 'Jackson', null, 'nurse9@cogentqi.com', 'prof9', 'd7da283e8c6f9506b9e96b45a7582a07', '/site/pharmacy/avatars/20.png', '1', '1', '5885188910', '5315567880', '356 Any St.\nAnytown, ZA 12345', 'Anytown', 'NY', '12345-6789', '{n}@messaging.sprintpcs.com', '2015-10-01 00:00:00', null), ('21', '5', 'P', 'Roxanne', 'Babcock', null, 'nurse10@cogentqi.com', 'prof10', 'd7da283e8c6f9506b9e96b45a7582a07', '/site/pharmacy/avatars/21.png', '2', '1', '8314767880', '6761476630', '739 Any St.\nAnytown, ZA 12345', 'Anytown', 'NY', '12345-6789', '{n}@email.uscc.net', '2015-10-01 00:00:00', null), ('22', '5', 'P', 'Judy', 'Parsons', null, 'nurse11@cogentqi.com', 'prof11', 'd7da283e8c6f9506b9e96b45a7582a07', '/site/pharmacy/avatars/22.png', '2', '1', '5399789230', '7955195850', '754 Any St.\nAnytown, ZA 12345', 'Anytown', 'NY', '12345-6789', '{n}@messaging.nextel.com', '2015-10-01 00:00:00', null), ('23', '5', 'P', 'Ralph', 'Simpson', null, 'nurse12@cogentqi.com', 'prof12', 'd7da283e8c6f9506b9e96b45a7582a07', '/site/pharmacy/avatars/23.png', '2', '1', '9288489290', '2899287380', '225 Any St.\nAnytown, ZA 12345', 'Anytown', 'NY', '12345-6789', '{n}@vmobl.com', '2015-10-01 00:00:00', null), ('24', '5', 'P', 'Jacob', 'Smith', null, 'nurse13@cogentqi.com', 'prof13', 'd7da283e8c6f9506b9e96b45a7582a07', '/site/pharmacy/avatars/24.png', '1', '1', '3356621620', '9927596970', '777 Any St.\nAnytown, ZA 12345', 'Anytown', 'NY', '12345-6789', '{n}@txt.att.net', '2015-10-01 00:00:00', null), ('25', '6', 'P', 'Jerry', 'Coleman', null, 'nurse14@cogentqi.com', 'prof14', 'd7da283e8c6f9506b9e96b45a7582a07', '/site/pharmacy/avatars/25.png', '3', '1', '4489494330', '6916983780', '126 Any St.\nAnytown, ZA 12345', 'Anytown', 'NY', '12345-6789', '{n}@myboostmobile.com', '2015-10-01 00:00:00', null), ('26', '6', 'P', 'Blake', 'Whitman', null, 'nurse15@cogentqi.com', 'prof15', 'd7da283e8c6f9506b9e96b45a7582a07', '/site/pharmacy/avatars/26.png', '2', '1', '8541334190', '9951613550', '225 Any St.\nAnytown, ZA 12345', 'Anytown', 'NY', '12345-6789', '{n}@vmobl.com', '2015-10-01 00:00:00', null), ('27', '6', 'P', 'Marcia', 'Simonson', null, 'nurse16@cogentqi.com', 'prof16', 'd7da283e8c6f9506b9e96b45a7582a07', '/site/pharmacy/avatars/27.png', '2', '1', '6419769830', '8372486570', '923 Any St.\nAnytown, ZA 12345', 'Anytown', 'NY', '12345-6789', '{n}@email.uscc.net', '2015-10-01 00:00:00', null), ('28', '6', 'P', 'Bob', 'Mason', null, 'nurse17@cogentqi.com', 'prof17', 'd7da283e8c6f9506b9e96b45a7582a07', '/site/pharmacy/avatars/28.png', '2', '1', '1145328590', '4839999840', '964 Any St.\nAnytown, ZA 12345', 'Anytown', 'NY', '12345-6789', '{n}@txt.att.net', '2015-10-01 00:00:00', null), ('29', '6', 'P', 'Connie', 'Sung', null, 'nurse18@cogentqi.com', 'prof18', 'd7da283e8c6f9506b9e96b45a7582a07', '/site/pharmacy/avatars/29.png', '1', '1', '1934542910', '5246126620', '518 Any St.\nAnytown, ZA 12345', 'Anytown', 'NY', '12345-6789', '{n}@tmomail.net', '2015-10-01 00:00:00', null), ('30', '4', 'P', 'Bill', 'Hart', null, 'nurse19@cogentqi.com', 'prof19', 'd7da283e8c6f9506b9e96b45a7582a07', '/site/pharmacy/avatars/30.png', '2', '1', '4322465670', '7662365780', '956 Any St.\nAnytown, ZA 12345', 'Anytown', 'NY', '12345-6789', '{n}@messaging.nextel.com', '2015-10-01 00:00:00', null), ('31', '4', 'M', 'Sharon', 'Myers', null, 'manager30@cogentqi.com', 'manager3', 'd7da283e8c6f9506b9e96b45a7582a07', '/site/pharmacy/avatars/31.png', '0', '0', '1824294880', '1558884360', '381 Any St.\nAnytown, ZA 12345', 'Anytown', 'NY', '12345-6789', '{n}@txt.att.net', '2015-10-01 00:00:00', null), ('32', '5', 'M', 'Wade', 'Hitchens', null, 'manager4@cogentqi.com', 'manager4', 'd7da283e8c6f9506b9e96b45a7582a07', '/site/pharmacy/avatars/32.png', '0', '0', '1677734950', '7995865720', '289 Any St.\nAnytown, ZA 12345', 'Anytown', 'NY', '12345-6789', '{n}@messaging.sprintpcs.com', '2015-10-01 00:00:00', null), ('33', '6', 'M', 'Makesh', 'Patel', null, 'manager5@cogentqi.com', 'manager5', 'd7da283e8c6f9506b9e96b45a7582a07', '/site/pharmacy/avatars/33.png', '0', '0', '6775432210', '1842664380', '658 Any St.\nAnytown, ZA 12345', 'Anytown', 'NY', '12345-6789', '{n}@email.uscc.net', '2015-10-01 00:00:00', null);
COMMIT;

-- ----------------------------
--  Table structure for `member_badge`
-- ----------------------------
DROP TABLE IF EXISTS `member_badge`;
CREATE TABLE `member_badge` (
  `id` int(11) NOT NULL AUTO_INCREMENT,
  `title` varchar(100) NOT NULL,
  `member_id` int(11) NOT NULL,
  `earned` datetime NOT NULL DEFAULT CURRENT_TIMESTAMP,
  `badge_id` int(11) DEFAULT NULL,
  PRIMARY KEY (`id`),
  UNIQUE KEY `unique_id` (`id`),
  KEY `member_id_index` (`member_id`),
  KEY `member_badge_badge__fk` (`badge_id`),
  CONSTRAINT `member_badge_badge__fk` FOREIGN KEY (`badge_id`) REFERENCES `badge` (`id`)
) ENGINE=InnoDB AUTO_INCREMENT=92 DEFAULT CHARSET=utf8 ROW_FORMAT=COMPACT;

-- ----------------------------
--  Records of `member_badge`
-- ----------------------------
BEGIN;
INSERT INTO `member_badge` VALUES ('1', 'Planning', '14', '2015-03-21 21:12:39', '21'), ('2', 'Internet Technology', '14', '2015-03-21 21:13:08', '15'), ('3', 'Support Technologies', '8', '2015-03-21 21:13:46', '19'), ('4', 'CSS3', '15', '2015-03-21 21:13:59', '12'), ('5', 'Legal Issues', '8', '2015-03-21 21:14:15', '14'), ('6', 'Legal Issues', '8', '2015-03-21 21:14:49', '14'), ('7', 'Support Technologies', '14', '2015-03-21 21:15:03', '19'), ('8', 'Caring Workplace', '16', '2015-03-21 21:15:22', '13'), ('9', 'Communication', '26', '2015-10-22 09:51:26', '20'), ('10', 'Caring Workplace', '21', '2015-10-22 09:51:26', '13'), ('11', 'Team Participation', '12', '2015-10-22 09:51:26', '16'), ('12', 'Internet Technology', '17', '2015-10-22 09:51:26', '15'), ('13', 'CSS3', '24', '2015-10-22 09:51:26', '12'), ('14', 'Communication', '29', '2015-10-22 09:51:26', '20'), ('15', 'Team Participation', '25', '2015-10-22 09:51:26', '16'), ('16', 'Caring Workplace', '6', '2015-10-22 09:51:26', '13'), ('17', 'Legal Issues', '23', '2015-10-22 09:51:26', '14'), ('18', 'Caring Workplace', '30', '2015-10-22 09:51:26', '13'), ('19', 'CSS3', '8', '2015-10-22 09:51:26', '12'), ('20', 'Support Technologies', '21', '2015-10-22 09:51:26', '19'), ('21', 'Security 101', '8', '2015-10-22 09:51:26', '18'), ('22', 'Legal Issues', '29', '2015-10-22 09:51:26', '14'), ('23', 'Planning', '25', '2015-10-22 09:51:26', '21'), ('24', 'Team Participation', '30', '2015-10-22 09:51:26', '16'), ('25', 'Planning', '18', '2015-10-22 09:51:26', '21'), ('26', 'Planning', '20', '2015-10-22 09:51:26', '21'), ('27', 'CSS3', '10', '2015-10-22 09:51:26', '12'), ('28', 'CSS3', '18', '2015-10-22 09:51:26', '12'), ('29', 'Security 101', '13', '2015-10-22 09:51:26', '18'), ('30', 'Prescription Management', '7', '2015-10-22 09:51:26', '17'), ('31', 'Security 101', '11', '2015-10-22 09:51:26', '18'), ('32', 'Communication', '23', '2015-10-22 09:51:26', '20'), ('33', 'Caring Workplace', '9', '2015-10-22 09:51:26', '13'), ('34', 'Caring Workplace', '8', '2015-10-22 09:51:26', '13'), ('35', 'Support Technologies', '21', '2015-10-22 09:51:26', '19'), ('36', 'Internet Technology', '22', '2015-10-22 09:51:26', '15'), ('37', 'Prescription Management', '11', '2015-10-22 09:51:26', '17'), ('38', 'Legal Issues', '7', '2015-10-22 09:51:26', '14'), ('39', 'Security 101', '13', '2015-10-22 09:51:26', '18'), ('40', 'Team Participation', '16', '2015-10-22 09:51:26', '16'), ('41', 'CSS3', '23', '2015-10-22 09:51:26', '12'), ('42', 'Team Participation', '9', '2015-10-22 09:51:26', '16'), ('43', 'Internet Technology', '28', '2015-10-22 09:51:26', '15'), ('44', 'Legal Issues', '12', '2015-10-22 09:51:26', '14'), ('45', 'Support Technologies', '17', '2015-10-22 09:51:26', '19'), ('46', 'Communication', '27', '2015-10-22 09:51:26', '20'), ('47', 'Internet Technology', '26', '2015-10-22 09:51:26', '15'), ('48', 'Team Participation', '14', '2015-10-22 09:51:26', '16'), ('72', 'Prescription Management', '20', '2015-10-22 09:54:18', '17'), ('73', 'Legal Issues', '18', '2015-10-22 09:54:18', '14'), ('74', 'Security 101', '6', '2015-10-22 09:54:18', '18'), ('75', 'CSS3', '11', '2015-10-22 09:54:18', '12'), ('76', 'Support Technologies', '23', '2015-10-22 09:54:18', '19'), ('77', 'Prescription Management', '27', '2015-10-22 09:54:18', '17'), ('78', 'Support Technologies', '15', '2015-10-22 09:54:18', '19'), ('79', 'Prescription Management', '12', '2015-10-22 09:54:18', '17'), ('80', 'Planning', '29', '2015-10-22 09:54:18', '21'), ('81', 'Prescription Management', '8', '2015-10-22 09:54:18', '17'), ('82', 'Communication', '22', '2015-10-22 09:54:18', '20'), ('83', 'Internet Technology', '29', '2015-10-22 09:54:18', '15'), ('84', 'Team Participation', '13', '2015-10-22 09:54:18', '16'), ('85', 'Support Technologies', '9', '2015-10-22 09:54:18', '19'), ('86', 'Prescription Management', '8', '2015-10-22 09:54:18', '17'), ('87', 'Communication', '24', '2015-10-22 09:54:18', '20'), ('88', 'Caring Workplace', '21', '2015-10-22 09:54:18', '13'), ('89', 'Prescription Management', '22', '2015-10-22 09:54:18', '17'), ('90', 'Security 101', '6', '2015-10-22 09:54:18', '18'), ('91', 'Communication', '13', '2015-10-22 09:54:18', '20');
COMMIT;

-- ----------------------------
--  Table structure for `member_event`
-- ----------------------------
DROP TABLE IF EXISTS `member_event`;
CREATE TABLE `member_event` (
  `id` int(11) NOT NULL AUTO_INCREMENT,
  `member_id` int(11) NOT NULL,
  `event_id` int(11) NOT NULL,
  `comments` text COLLATE utf8_bin,
  `occurred` datetime NOT NULL DEFAULT CURRENT_TIMESTAMP,
  PRIMARY KEY (`id`),
  KEY `event_key` (`event_id`),
  KEY `member_key` (`member_id`),
  CONSTRAINT `member_event_ibfk_1` FOREIGN KEY (`event_id`) REFERENCES `event` (`id`),
  CONSTRAINT `member_event_ibfk_2` FOREIGN KEY (`member_id`) REFERENCES `member` (`id`)
) ENGINE=InnoDB AUTO_INCREMENT=91 DEFAULT CHARSET=utf8 COLLATE=utf8_bin;

-- ----------------------------
--  Records of `member_event`
-- ----------------------------
BEGIN;
INSERT INTO `member_event` VALUES ('1', '3', '3', null, '2015-08-17 14:06:22'), ('2', '24', '3', null, '2015-11-11 14:06:22'), ('3', '22', '10', null, '2015-07-31 14:06:22'), ('4', '5', '2', null, '2015-09-09 14:06:22'), ('5', '9', '11', null, '2015-08-30 14:06:22'), ('6', '32', '11', null, '2015-12-01 14:06:22'), ('7', '6', '1', null, '2015-10-22 14:06:22'), ('8', '14', '3', null, '2015-11-12 14:06:22'), ('9', '21', '7', null, '2015-06-19 14:06:22'), ('10', '22', '3', null, '2015-11-17 14:06:22'), ('11', '12', '8', null, '2015-09-26 14:06:22'), ('12', '28', '7', null, '2015-11-02 14:06:22'), ('13', '20', '8', null, '2015-07-30 14:06:22'), ('14', '32', '7', null, '2015-07-10 14:06:22'), ('15', '6', '10', null, '2015-11-17 14:06:22'), ('16', '20', '11', null, '2015-08-04 14:06:22'), ('17', '16', '9', null, '2015-06-23 14:06:22'), ('18', '11', '3', null, '2015-10-13 14:06:22'), ('19', '30', '7', null, '2015-07-23 14:06:22'), ('20', '26', '7', null, '2015-09-03 14:06:22'), ('21', '26', '1', null, '2015-10-12 14:06:22'), ('22', '11', '11', null, '2015-11-17 14:06:22'), ('23', '11', '7', null, '2015-06-16 14:06:22'), ('24', '10', '6', null, '2015-12-02 14:06:22'), ('25', '23', '5', null, '2015-07-31 14:06:22'), ('26', '13', '6', null, '2015-07-19 14:06:22'), ('27', '26', '5', null, '2015-11-10 14:06:22'), ('28', '29', '9', null, '2015-10-14 14:06:22'), ('29', '3', '5', null, '2015-09-17 14:06:22'), ('30', '28', '3', null, '2015-07-12 14:06:22'), ('31', '10', '9', null, '2015-06-11 14:06:22'), ('32', '1', '1', null, '2015-11-05 14:06:22'), ('33', '25', '10', null, '2015-12-13 14:06:22'), ('34', '5', '7', null, '2015-08-07 14:06:22'), ('35', '10', '7', null, '2015-10-07 14:06:22'), ('36', '12', '11', null, '2015-11-06 14:06:22'), ('37', '7', '11', null, '2015-08-26 14:06:22'), ('38', '12', '3', null, '2015-10-28 14:06:22'), ('39', '15', '8', null, '2015-11-13 14:06:22'), ('40', '21', '3', null, '2015-10-13 14:06:22'), ('41', '25', '5', null, '2015-12-11 14:06:22'), ('42', '23', '4', null, '2015-06-18 14:06:22'), ('43', '18', '5', null, '2015-10-20 14:06:22'), ('44', '13', '2', null, '2015-06-26 14:06:22'), ('45', '33', '11', null, '2015-10-17 14:06:22'), ('46', '23', '11', null, '2015-09-10 14:06:22'), ('47', '31', '7', null, '2015-10-09 14:06:22'), ('48', '32', '2', null, '2015-10-18 14:06:22'), ('49', '16', '3', null, '2015-10-26 14:06:22'), ('50', '21', '1', null, '2015-07-16 14:06:22'), ('51', '4', '7', null, '2015-08-01 14:06:22'), ('52', '26', '9', null, '2015-10-09 14:06:22'), ('53', '17', '9', null, '2015-08-25 14:06:22'), ('54', '33', '7', null, '2015-10-25 14:06:22'), ('55', '14', '5', null, '2015-07-31 14:06:22'), ('56', '9', '4', null, '2015-11-30 14:06:22'), ('57', '10', '11', null, '2015-07-28 14:06:22'), ('58', '8', '3', null, '2015-06-28 14:06:22'), ('59', '31', '5', null, '2015-08-02 14:06:22'), ('60', '29', '3', null, '2015-09-25 14:06:22'), ('61', '9', '7', null, '2015-06-06 14:06:22'), ('62', '28', '6', null, '2015-10-11 14:06:22'), ('63', '16', '6', null, '2015-09-13 14:06:22'), ('64', '23', '6', null, '2015-06-16 14:06:22'), ('65', '16', '8', null, '2015-11-19 14:06:22'), ('66', '16', '10', null, '2015-10-03 14:06:22'), ('67', '7', '10', null, '2015-10-07 14:06:22'), ('68', '31', '2', null, '2015-07-31 14:06:22'), ('69', '21', '4', null, '2015-12-04 14:06:22'), ('70', '10', '3', null, '2015-06-15 14:06:22'), ('71', '30', '9', null, '2015-08-04 14:06:22'), ('72', '26', '10', null, '2015-12-10 14:06:22'), ('73', '24', '10', null, '2015-06-13 14:06:22'), ('74', '4', '6', null, '2015-10-05 14:06:22'), ('75', '9', '8', null, '2015-11-09 14:06:22'), ('76', '8', '10', null, '2015-10-22 14:06:22'), ('77', '7', '2', null, '2015-09-28 14:06:22'), ('78', '22', '9', null, '2015-11-18 14:06:22'), ('79', '7', '5', null, '2015-11-22 14:06:22'), ('80', '20', '5', null, '2015-09-06 14:06:22'), ('81', '22', '2', null, '2015-10-07 14:06:22'), ('82', '15', '5', null, '2015-06-28 14:06:22'), ('83', '16', '11', null, '2015-12-09 14:06:22'), ('84', '31', '8', null, '2015-11-18 14:06:22'), ('85', '30', '11', null, '2015-07-16 14:06:22'), ('86', '28', '2', null, '2015-08-25 14:06:22'), ('87', '3', '2', null, '2015-11-16 14:06:22'), ('88', '24', '6', null, '2015-11-30 14:06:22'), ('89', '9', '9', null, '2015-08-02 14:06:22'), ('90', '24', '8', null, '2015-11-29 14:06:22');
COMMIT;

-- ----------------------------
--  Table structure for `member_note`
-- ----------------------------
DROP TABLE IF EXISTS `member_note`;
CREATE TABLE `member_note` (
  `id` int(11) NOT NULL AUTO_INCREMENT,
  `member_id` int(11) NOT NULL,
  `creator_id` int(11) DEFAULT NULL,
  `is_private` tinyint(4) NOT NULL DEFAULT '1',
  `content` longtext NOT NULL,
  `last_modified` timestamp NOT NULL DEFAULT CURRENT_TIMESTAMP ON UPDATE CURRENT_TIMESTAMP,
  `flag` int(11) DEFAULT '0',
  PRIMARY KEY (`id`),
  UNIQUE KEY `unique_id` (`id`),
  KEY `creatorId_index` (`creator_id`),
  KEY `memberId_index` (`member_id`),
  CONSTRAINT `member_note_ibfk_1` FOREIGN KEY (`member_id`) REFERENCES `member` (`id`),
  CONSTRAINT `member_note_ibfk_2` FOREIGN KEY (`creator_id`) REFERENCES `member` (`id`),
  CONSTRAINT `member_note_ibfk_3` FOREIGN KEY (`member_id`) REFERENCES `member` (`id`),
  CONSTRAINT `member_note_ibfk_4` FOREIGN KEY (`creator_id`) REFERENCES `member` (`id`)
) ENGINE=InnoDB AUTO_INCREMENT=46 DEFAULT CHARSET=utf8 ROW_FORMAT=COMPACT;

-- ----------------------------
--  Records of `member_note`
-- ----------------------------
BEGIN;
INSERT INTO `member_note` VALUES ('2', '5', '10', '1', 'asdfasdf', '2015-04-14 00:12:44', '0'), ('3', '4', '4', '0', 'Welcome to the Professional Development app.', '2015-04-14 00:15:16', '0'), ('4', '5', '4', '0', 'Welcome to the Professional Development app.', '2015-04-14 00:15:16', '0'), ('5', '6', '4', '0', 'Welcome to the Professional Development app.', '2015-04-14 00:15:16', '0'), ('6', '11', '4', '0', 'Welcome to the Professional Development app.', '2015-04-14 00:15:16', '0'), ('7', '12', '4', '0', 'Welcome to the Professional Development app.', '2015-04-14 00:15:16', '0'), ('8', '13', '4', '0', 'Welcome to the Professional Development app.', '2015-04-14 00:15:16', '0'), ('9', '14', '4', '0', 'Welcome to the Professional Development app.', '2015-04-14 00:15:16', '0'), ('10', '15', '4', '0', 'Welcome to the Professional Development app.', '2015-04-14 00:15:16', '0'), ('18', '7', '31', '0', 'Welcome to the Professional Development app.', '2015-04-14 00:16:45', '0'), ('19', '8', '31', '0', 'Welcome to the Professional Development app.', '2015-04-14 00:16:45', '0'), ('20', '9', '31', '0', 'Welcome to the Professional Development app.', '2015-04-14 00:16:45', '0'), ('21', '10', '31', '0', 'Welcome to the Professional Development app.', '2015-04-14 00:16:45', '0'), ('22', '16', '31', '0', 'Welcome to the Professional Development app.', '2015-04-14 00:16:45', '0'), ('23', '17', '31', '0', 'Welcome to the Professional Development app.', '2015-04-14 00:16:45', '0'), ('24', '18', '31', '0', 'Welcome to the Professional Development app.', '2015-04-14 00:16:45', '0'), ('25', '30', '31', '0', 'Welcome to the Professional Development app.', '2015-04-14 00:16:45', '0'), ('26', '31', '31', '0', 'Welcome to the Professional Development app.', '2015-04-14 00:16:45', '0'), ('33', '20', '32', '0', 'Welcome to the Professional Development app.', '2015-04-14 00:16:45', '0'), ('34', '21', '32', '0', 'Welcome to the Professional Development app.', '2015-04-14 00:16:45', '0'), ('35', '22', '32', '0', 'Welcome to the Professional Development app.', '2015-04-14 00:16:45', '0'), ('36', '23', '32', '0', 'Welcome to the Professional Development app.', '2015-04-14 00:16:45', '0'), ('37', '24', '32', '0', 'Welcome to the Professional Development app.', '2015-04-14 00:16:45', '0'), ('38', '32', '32', '0', 'Welcome to the Professional Development app.', '2015-04-14 00:16:45', '0'), ('40', '25', '33', '0', 'Welcome to the Professional Development app.', '2015-04-14 00:16:45', '0'), ('41', '26', '33', '0', 'Welcome to the Professional Development app.', '2015-04-14 00:16:45', '0'), ('42', '27', '33', '0', 'Welcome to the Professional Development app.', '2015-04-14 00:16:45', '0'), ('43', '28', '33', '0', 'Welcome to the Professional Development app.', '2015-04-14 00:16:45', '0'), ('44', '29', '33', '0', 'Welcome to the Professional Development app.', '2015-04-14 00:16:45', '0'), ('45', '33', '33', '0', 'Welcome to the Professional Development app.', '2015-04-14 00:16:45', '0');
COMMIT;

-- ----------------------------
--  Table structure for `message`
-- ----------------------------
DROP TABLE IF EXISTS `message`;
CREATE TABLE `message` (
  `id` int(11) NOT NULL AUTO_INCREMENT,
  `address` varchar(255) NOT NULL,
  `content` longtext NOT NULL,
  `sent` datetime NOT NULL,
  PRIMARY KEY (`id`),
  UNIQUE KEY `unique_id` (`id`)
) ENGINE=InnoDB DEFAULT CHARSET=utf8 ROW_FORMAT=COMPACT;

-- ----------------------------
--  Table structure for `message_provider`
-- ----------------------------
DROP TABLE IF EXISTS `message_provider`;
CREATE TABLE `message_provider` (
  `name` varchar(50) NOT NULL,
  `format` varchar(255) NOT NULL,
  PRIMARY KEY (`name`),
  UNIQUE KEY `unique_name` (`name`)
) ENGINE=InnoDB DEFAULT CHARSET=utf8 ROW_FORMAT=COMPACT;

-- ----------------------------
--  Table structure for `module`
-- ----------------------------
DROP TABLE IF EXISTS `module`;
CREATE TABLE `module` (
  `id` int(11) NOT NULL AUTO_INCREMENT,
  `resource_id` int(11) NOT NULL,
  `ends` datetime NOT NULL,
  `sched_type` char(1) NOT NULL,
  `starts` datetime NOT NULL,
  PRIMARY KEY (`id`),
  UNIQUE KEY `unique_id` (`id`),
  KEY `resource_id_index` (`resource_id`),
  CONSTRAINT `module_ibfk_1` FOREIGN KEY (`resource_id`) REFERENCES `resource` (`id`)
) ENGINE=InnoDB AUTO_INCREMENT=18 DEFAULT CHARSET=utf8 ROW_FORMAT=COMPACT;

-- ----------------------------
--  Records of `module`
-- ----------------------------
BEGIN;
INSERT INTO `module` VALUES ('6', '1', '2016-05-27 14:06:22', 'C', '2016-04-04 14:06:22'), ('7', '2', '2016-05-04 14:06:22', 'C', '2016-02-12 14:06:22'), ('8', '3', '2016-10-23 14:06:22', 'C', '2016-08-15 14:06:22'), ('9', '4', '2016-06-03 14:06:22', 'C', '2016-05-26 14:06:22'), ('10', '5', '2016-03-15 14:06:22', 'C', '2016-02-29 14:06:22'), ('13', '3', '2016-06-18 14:06:22', 'C', '2016-04-28 14:06:22'), ('14', '1', '2016-03-02 14:06:22', 'C', '2016-01-31 14:06:22'), ('15', '4', '2016-07-06 14:06:22', 'C', '2016-07-03 14:06:22'), ('16', '5', '2016-07-22 14:06:22', 'C', '2016-07-08 14:06:22'), ('17', '2', '2016-06-19 14:06:22', 'C', '2016-04-18 14:06:22');
COMMIT;

-- ----------------------------
--  Table structure for `module_badge`
-- ----------------------------
DROP TABLE IF EXISTS `module_badge`;
CREATE TABLE `module_badge` (
  `id` int(11) NOT NULL AUTO_INCREMENT,
  `module_id` int(11) DEFAULT NULL,
  `badge_id` int(11) DEFAULT NULL,
  PRIMARY KEY (`id`),
  UNIQUE KEY `id` (`id`),
  KEY `module_id` (`module_id`),
  KEY `badge_id` (`badge_id`),
  CONSTRAINT `module_badge_ibfk_1` FOREIGN KEY (`module_id`) REFERENCES `module` (`id`),
  CONSTRAINT `module_badge_ibfk_2` FOREIGN KEY (`badge_id`) REFERENCES `badge` (`id`)
) ENGINE=InnoDB AUTO_INCREMENT=26 DEFAULT CHARSET=utf8 COLLATE=utf8_bin;

-- ----------------------------
--  Records of `module_badge`
-- ----------------------------
BEGIN;
INSERT INTO `module_badge` VALUES ('16', '6', '21'), ('17', '7', '12'), ('18', '8', '20'), ('19', '9', '19'), ('20', '10', '12'), ('21', '13', '15'), ('22', '14', '15'), ('23', '15', '16'), ('24', '16', '21'), ('25', '17', '16');
COMMIT;

-- ----------------------------
--  Table structure for `operation`
-- ----------------------------
DROP TABLE IF EXISTS `operation`;
CREATE TABLE `operation` (
  `id` char(1) NOT NULL,
  `name` varchar(50) DEFAULT NULL,
  PRIMARY KEY (`id`),
  UNIQUE KEY `id` (`id`)
) ENGINE=InnoDB DEFAULT CHARSET=utf8 ROW_FORMAT=COMPACT;

-- ----------------------------
--  Records of `operation`
-- ----------------------------
BEGIN;
INSERT INTO `operation` VALUES ('C', 'CREATE'), ('D', 'DELETE'), ('R', 'READ'), ('U', 'UPDATE'), ('X', 'EXECUTE');
COMMIT;

-- ----------------------------
--  Table structure for `organization`
-- ----------------------------
DROP TABLE IF EXISTS `organization`;
CREATE TABLE `organization` (
  `id` int(11) NOT NULL AUTO_INCREMENT,
  `parent_id` int(11) DEFAULT NULL,
  `name` varchar(100) NOT NULL,
  `summary` varchar(5000) DEFAULT NULL,
  `description` text,
  `address` varchar(4000) DEFAULT NULL,
  `phone` varchar(50) DEFAULT NULL,
  `fax` varchar(50) NOT NULL,
  `city` varchar(50) DEFAULT NULL,
  `state` varchar(50) NOT NULL,
  `postal` varchar(20) DEFAULT NULL,
  `is_department` tinyint(4) NOT NULL DEFAULT '0',
  PRIMARY KEY (`id`),
  KEY `parent_id` (`parent_id`),
  CONSTRAINT `organization_ibfk_1` FOREIGN KEY (`parent_id`) REFERENCES `organization` (`id`)
) ENGINE=InnoDB AUTO_INCREMENT=7 DEFAULT CHARSET=utf8 ROW_FORMAT=COMPACT;

-- ----------------------------
--  Records of `organization`
-- ----------------------------
BEGIN;
INSERT INTO `organization` VALUES ('1', null, 'CogentQI', null, null, '123 Any St.', '(123) 456-7890', '(123) 456-7890', 'Anytown', 'ST', '012345', '0'), ('2', '1', 'Headquarters', null, null, '123 Any St.', '(123) 456-7890', '(123) 456-7890', 'Anytown', 'ST', '012345', '0'), ('3', '2', 'Dayton, OH Office', null, null, '123 Any St.', '(123) 456-7890', '(123) 456-7890', 'Anytown', 'ST', '012345', '0'), ('4', '2', 'Columbus, OH Office', null, null, '123 Any St.', '(123) 456-7890', '(123) 456-7890', 'Anytown', 'ST', '012345', '0'), ('5', '2', 'Fredericksburg, MD Office', null, null, '123 Any St.', '(123) 456-7890', '(123) 456-7890', 'Anytown', 'ST', '012345', '0'), ('6', '2', 'Hagerstown, MD Office', null, null, '123 Any St.', '(123) 456-7890', '(123) 456-7890', 'Anytown', 'ST', '012345', '0');
COMMIT;

-- ----------------------------
--  Table structure for `organization_outcome`
-- ----------------------------
DROP TABLE IF EXISTS `organization_outcome`;
CREATE TABLE `organization_outcome` (
  `id` int(11) NOT NULL AUTO_INCREMENT,
  `organization_id` int(11) NOT NULL,
  `outcome_id` int(11) NOT NULL,
  `evaluated` datetime NOT NULL DEFAULT CURRENT_TIMESTAMP,
  `evaluator_id` int(11) DEFAULT NULL,
  `evaluator_comments` varchar(5000) DEFAULT NULL,
  `level` float NOT NULL DEFAULT '0',
  PRIMARY KEY (`id`),
  UNIQUE KEY `unique_id` (`id`),
  KEY `organization_id_index` (`organization_id`),
  KEY `outcome_id_index` (`outcome_id`),
  KEY `evaluator_id_index` (`evaluator_id`),
  CONSTRAINT `organization_outcome_ibfk_1` FOREIGN KEY (`organization_id`) REFERENCES `organization` (`id`),
  CONSTRAINT `organization_outcome_ibfk_2` FOREIGN KEY (`outcome_id`) REFERENCES `outcome` (`id`),
  CONSTRAINT `organization_outcome_ibfk_3` FOREIGN KEY (`evaluator_id`) REFERENCES `member` (`id`)
) ENGINE=InnoDB AUTO_INCREMENT=25 DEFAULT CHARSET=utf8 ROW_FORMAT=COMPACT;

-- ----------------------------
--  Records of `organization_outcome`
-- ----------------------------
BEGIN;
INSERT INTO `organization_outcome` VALUES ('1', '1', '1', '2015-10-26 19:38:49', null, '', '0.811155'), ('2', '1', '2', '2015-10-26 19:38:49', null, '', '0.98468'), ('3', '1', '3', '2015-10-26 19:38:49', null, '', '0.489933'), ('4', '1', '4', '2015-10-26 19:38:49', null, '', '0.495628'), ('5', '2', '1', '2015-10-26 19:38:49', null, '', '0.00833827'), ('6', '2', '2', '2015-10-26 19:38:49', null, '', '0.554808'), ('7', '2', '3', '2015-10-26 19:38:49', null, '', '0.749028'), ('8', '2', '4', '2015-10-26 19:38:49', null, '', '0.0807136'), ('9', '3', '1', '2015-10-26 19:38:49', null, '', '0.156485'), ('10', '3', '2', '2015-10-26 19:38:49', null, '', '0.540282'), ('11', '3', '3', '2015-10-26 19:38:49', null, '', '0.231958'), ('12', '3', '4', '2015-10-26 19:38:49', null, '', '0.538945'), ('13', '4', '1', '2015-10-26 19:38:49', null, '', '0.998849'), ('14', '4', '2', '2015-10-26 19:38:49', null, '', '0.377412'), ('15', '4', '3', '2015-10-26 19:38:49', null, '', '0.890511'), ('16', '4', '4', '2015-10-26 19:38:49', null, '', '0.320318'), ('17', '5', '1', '2015-10-26 19:38:49', null, '', '0.930059'), ('18', '5', '2', '2015-10-26 19:38:49', null, '', '0.689342'), ('19', '5', '3', '2015-10-26 19:38:49', null, '', '0.656534'), ('20', '5', '4', '2015-10-26 19:38:49', null, '', '0.214642'), ('21', '6', '1', '2015-10-26 19:38:49', null, '', '0.103608'), ('22', '6', '2', '2015-10-26 19:38:49', null, '', '0.874114'), ('23', '6', '3', '2015-10-26 19:38:49', null, '', '0.0597473'), ('24', '6', '4', '2015-10-26 19:38:49', null, '', '0.676394');
COMMIT;

-- ----------------------------
--  Table structure for `outcome`
-- ----------------------------
DROP TABLE IF EXISTS `outcome`;
CREATE TABLE `outcome` (
  `id` int(11) NOT NULL AUTO_INCREMENT,
  `number` varchar(40) DEFAULT NULL,
  `name` varchar(500) NOT NULL,
  `summary` varchar(5000) DEFAULT NULL,
  `calc_method_id` char(1) DEFAULT NULL,
  `method` char(1) NOT NULL DEFAULT 'M',
  `sort_order` int(11) NOT NULL DEFAULT '0',
  PRIMARY KEY (`id`),
  UNIQUE KEY `unique_id` (`id`)
) ENGINE=InnoDB AUTO_INCREMENT=5 DEFAULT CHARSET=utf8 ROW_FORMAT=COMPACT;

-- ----------------------------
--  Records of `outcome`
-- ----------------------------
BEGIN;
INSERT INTO `outcome` VALUES ('1', '1', 'Customer Complaints', 'The rate of complaints from customers.', null, 'M', '1'), ('2', '2', 'Bug Reports Filed', 'The relative number of new bug reports filed.', null, 'M', '2'), ('3', '3', 'Tickets Completed', 'The number of bug and enhancement tickets completed.', null, 'M', '3'), ('4', '4', 'Customer Survey Results', 'The ranking of our products by customers.', null, 'M', '4');
COMMIT;

-- ----------------------------
--  Table structure for `outcome_alignment`
-- ----------------------------
DROP TABLE IF EXISTS `outcome_alignment`;
CREATE TABLE `outcome_alignment` (
  `id` int(11) NOT NULL AUTO_INCREMENT,
  `outcome_id` int(11) NOT NULL,
  `question_id` int(11) NOT NULL,
  `weight` int(11) NOT NULL DEFAULT '1',
  `rel_wt` double DEFAULT '0.5',
  PRIMARY KEY (`id`),
  KEY `outcome_id_index` (`outcome_id`),
  KEY `question_id_index` (`question_id`),
  CONSTRAINT `outcome_alignment_ibfk_1` FOREIGN KEY (`outcome_id`) REFERENCES `outcome` (`id`),
  CONSTRAINT `outcome_alignment_ibfk_2` FOREIGN KEY (`question_id`) REFERENCES `question` (`id`)
) ENGINE=InnoDB AUTO_INCREMENT=101 DEFAULT CHARSET=utf8 ROW_FORMAT=COMPACT;

-- ----------------------------
--  Records of `outcome_alignment`
-- ----------------------------
BEGIN;
INSERT INTO `outcome_alignment` VALUES ('1', '1', '1', '2', '0.5'), ('2', '2', '1', '3', '0.5'), ('3', '3', '1', '1', '0.5'), ('4', '4', '1', '1', '0.5'), ('5', '1', '2', '1', '0.5'), ('6', '2', '2', '1', '0.5'), ('7', '3', '2', '3', '0.5'), ('8', '4', '2', '2', '0.5'), ('9', '1', '3', '1', '0.5'), ('10', '2', '3', '1', '0.5'), ('11', '3', '3', '1', '0.5'), ('12', '4', '3', '3', '0.5'), ('13', '1', '4', '1', '0.5'), ('14', '2', '4', '1', '0.5'), ('15', '3', '4', '1', '0.5'), ('16', '4', '4', '3', '0.5'), ('17', '1', '5', '3', '0.5'), ('18', '2', '5', '2', '0.5'), ('19', '3', '5', '1', '0.5'), ('20', '4', '5', '1', '0.5'), ('21', '1', '6', '2', '0.5'), ('22', '2', '6', '1', '0.5'), ('23', '3', '6', '3', '0.5'), ('24', '4', '6', '2', '0.5'), ('25', '1', '7', '1', '0.5'), ('26', '2', '7', '1', '0.5'), ('27', '3', '7', '2', '0.5'), ('28', '4', '7', '2', '0.5'), ('29', '1', '8', '1', '0.5'), ('30', '2', '8', '2', '0.5'), ('31', '3', '8', '3', '0.5'), ('32', '4', '8', '1', '0.5'), ('33', '1', '9', '2', '0.5'), ('34', '2', '9', '1', '0.5'), ('35', '3', '9', '3', '0.5'), ('36', '4', '9', '2', '0.5'), ('37', '1', '10', '1', '0.5'), ('38', '2', '10', '2', '0.5'), ('39', '3', '10', '2', '0.5'), ('40', '4', '10', '3', '0.5'), ('41', '1', '11', '3', '0.5'), ('42', '2', '11', '3', '0.5'), ('43', '3', '11', '2', '0.5'), ('44', '4', '11', '1', '0.5'), ('45', '1', '12', '2', '0.5'), ('46', '2', '12', '1', '0.5'), ('47', '3', '12', '1', '0.5'), ('48', '4', '12', '1', '0.5'), ('49', '1', '13', '1', '0.5'), ('50', '2', '13', '2', '0.5'), ('51', '3', '13', '2', '0.5'), ('52', '4', '13', '3', '0.5'), ('53', '1', '14', '3', '0.5'), ('54', '2', '14', '3', '0.5'), ('55', '3', '14', '3', '0.5'), ('56', '4', '14', '2', '0.5'), ('57', '1', '15', '1', '0.5'), ('58', '2', '15', '3', '0.5'), ('59', '3', '15', '1', '0.5'), ('60', '4', '15', '3', '0.5'), ('61', '1', '61', '3', '0.5'), ('62', '2', '61', '3', '0.5'), ('63', '3', '61', '3', '0.5'), ('64', '4', '61', '1', '0.5'), ('65', '1', '62', '3', '0.5'), ('66', '2', '62', '1', '0.5'), ('67', '3', '62', '3', '0.5'), ('68', '4', '62', '3', '0.5'), ('69', '1', '63', '2', '0.5'), ('70', '2', '63', '3', '0.5'), ('71', '3', '63', '2', '0.5'), ('72', '4', '63', '2', '0.5'), ('73', '1', '64', '1', '0.5'), ('74', '2', '64', '3', '0.5'), ('75', '3', '64', '2', '0.5'), ('76', '4', '64', '1', '0.5'), ('77', '1', '65', '2', '0.5'), ('78', '2', '65', '3', '0.5'), ('79', '3', '65', '3', '0.5'), ('80', '4', '65', '1', '0.5'), ('81', '1', '66', '1', '0.5'), ('82', '2', '66', '2', '0.5'), ('83', '3', '66', '2', '0.5'), ('84', '4', '66', '3', '0.5'), ('85', '1', '67', '2', '0.5'), ('86', '2', '67', '3', '0.5'), ('87', '3', '67', '1', '0.5'), ('88', '4', '67', '3', '0.5'), ('89', '1', '68', '1', '0.5'), ('90', '2', '68', '2', '0.5'), ('91', '3', '68', '2', '0.5'), ('92', '4', '68', '3', '0.5'), ('93', '1', '69', '1', '0.5'), ('94', '2', '69', '1', '0.5'), ('95', '3', '69', '1', '0.5'), ('96', '4', '69', '1', '0.5'), ('97', '1', '70', '1', '0.5'), ('98', '2', '70', '3', '0.5'), ('99', '3', '70', '3', '0.5'), ('100', '4', '70', '3', '0.5');
COMMIT;

-- ----------------------------
--  Table structure for `outcome_event`
-- ----------------------------
DROP TABLE IF EXISTS `outcome_event`;
CREATE TABLE `outcome_event` (
  `id` int(11) NOT NULL AUTO_INCREMENT,
  `outcome_id` int(11) NOT NULL,
  `member_id` int(11) NOT NULL,
  `occurred` datetime NOT NULL,
  `name` varchar(100) NOT NULL,
  `category` varchar(100) NOT NULL,
  PRIMARY KEY (`id`,`outcome_id`),
  UNIQUE KEY `unique_id` (`id`),
  KEY `outcome_id_index` (`outcome_id`),
  KEY `member_id_index` (`member_id`),
  CONSTRAINT `outcome_event_ibfk_1` FOREIGN KEY (`outcome_id`) REFERENCES `outcome` (`id`),
  CONSTRAINT `outcome_event_ibfk_2` FOREIGN KEY (`member_id`) REFERENCES `member` (`id`)
) ENGINE=InnoDB AUTO_INCREMENT=97 DEFAULT CHARSET=utf8 ROW_FORMAT=COMPACT;

-- ----------------------------
--  Records of `outcome_event`
-- ----------------------------
BEGIN;
INSERT INTO `outcome_event` VALUES ('1', '4', '16', '2015-10-26 19:38:49', 'Customer Survey Results Event', 'Events'), ('2', '2', '7', '2015-10-26 19:38:49', 'Bug Reports Filed Event', 'Events'), ('3', '2', '12', '2015-10-26 19:38:49', 'Bug Reports Filed Event', 'Events'), ('4', '1', '21', '2015-10-26 19:38:49', 'Customer Complaints Event', 'Events'), ('5', '1', '18', '2015-10-26 19:38:49', 'Customer Complaints Event', 'Events'), ('6', '3', '26', '2015-10-26 19:38:49', 'Tickets Completed Event', 'Events'), ('7', '2', '26', '2015-10-26 19:38:49', 'Bug Reports Filed Event', 'Events'), ('8', '4', '6', '2015-10-26 19:38:49', 'Customer Survey Results Event', 'Events'), ('9', '1', '14', '2015-10-26 19:38:49', 'Customer Complaints Event', 'Events'), ('10', '1', '23', '2015-10-26 19:38:49', 'Customer Complaints Event', 'Events'), ('11', '3', '12', '2015-10-26 19:38:49', 'Tickets Completed Event', 'Events'), ('12', '2', '6', '2015-10-26 19:38:49', 'Bug Reports Filed Event', 'Events'), ('13', '2', '27', '2015-10-26 19:38:49', 'Bug Reports Filed Event', 'Events'), ('14', '2', '30', '2015-10-26 19:38:49', 'Bug Reports Filed Event', 'Events'), ('15', '3', '23', '2015-10-26 19:38:49', 'Tickets Completed Event', 'Events'), ('16', '3', '30', '2015-10-26 19:38:49', 'Tickets Completed Event', 'Events'), ('17', '1', '12', '2015-10-26 19:38:49', 'Customer Complaints Event', 'Events'), ('18', '4', '26', '2015-10-26 19:38:49', 'Customer Survey Results Event', 'Events'), ('19', '4', '11', '2015-10-26 19:38:49', 'Customer Survey Results Event', 'Events'), ('20', '4', '20', '2015-10-26 19:38:49', 'Customer Survey Results Event', 'Events'), ('21', '2', '18', '2015-10-26 19:38:49', 'Bug Reports Filed Event', 'Events'), ('22', '1', '22', '2015-10-26 19:38:49', 'Customer Complaints Event', 'Events'), ('23', '3', '16', '2015-10-26 19:38:49', 'Tickets Completed Event', 'Events'), ('24', '1', '10', '2015-10-26 19:38:49', 'Customer Complaints Event', 'Events'), ('25', '3', '25', '2015-10-26 19:38:49', 'Tickets Completed Event', 'Events'), ('26', '2', '22', '2015-10-26 19:38:49', 'Bug Reports Filed Event', 'Events'), ('27', '4', '17', '2015-10-26 19:38:49', 'Customer Survey Results Event', 'Events'), ('28', '1', '8', '2015-10-26 19:38:49', 'Customer Complaints Event', 'Events'), ('29', '3', '17', '2015-10-26 19:38:49', 'Tickets Completed Event', 'Events'), ('30', '1', '25', '2015-10-26 19:38:49', 'Customer Complaints Event', 'Events'), ('31', '4', '25', '2015-10-26 19:38:49', 'Customer Survey Results Event', 'Events'), ('32', '4', '10', '2015-10-26 19:38:49', 'Customer Survey Results Event', 'Events'), ('33', '1', '7', '2015-10-26 19:38:49', 'Customer Complaints Event', 'Events'), ('34', '3', '22', '2015-10-26 19:38:49', 'Tickets Completed Event', 'Events'), ('35', '2', '25', '2015-10-26 19:38:49', 'Bug Reports Filed Event', 'Events'), ('36', '2', '11', '2015-10-26 19:38:49', 'Bug Reports Filed Event', 'Events'), ('37', '3', '27', '2015-10-26 19:38:49', 'Tickets Completed Event', 'Events'), ('38', '4', '22', '2015-10-26 19:38:49', 'Customer Survey Results Event', 'Events'), ('39', '4', '18', '2015-10-26 19:38:49', 'Customer Survey Results Event', 'Events'), ('40', '4', '30', '2015-10-26 19:38:49', 'Customer Survey Results Event', 'Events'), ('41', '1', '9', '2015-10-26 19:38:49', 'Customer Complaints Event', 'Events'), ('42', '3', '20', '2015-10-26 19:38:49', 'Tickets Completed Event', 'Events'), ('43', '2', '20', '2015-10-26 19:38:49', 'Bug Reports Filed Event', 'Events'), ('44', '1', '27', '2015-10-26 19:38:49', 'Customer Complaints Event', 'Events'), ('45', '3', '8', '2015-10-26 19:38:49', 'Tickets Completed Event', 'Events'), ('46', '1', '6', '2015-10-26 19:38:49', 'Customer Complaints Event', 'Events'), ('47', '1', '26', '2015-10-26 19:38:49', 'Customer Complaints Event', 'Events'), ('48', '3', '7', '2015-10-26 19:38:49', 'Tickets Completed Event', 'Events'), ('49', '1', '30', '2015-10-26 19:38:49', 'Customer Complaints Event', 'Events'), ('50', '2', '21', '2015-10-26 19:38:49', 'Bug Reports Filed Event', 'Events'), ('51', '3', '14', '2015-10-26 19:38:49', 'Tickets Completed Event', 'Events'), ('52', '3', '21', '2015-10-26 19:38:49', 'Tickets Completed Event', 'Events'), ('53', '2', '9', '2015-10-26 19:38:49', 'Bug Reports Filed Event', 'Events'), ('54', '3', '13', '2015-10-26 19:38:49', 'Tickets Completed Event', 'Events'), ('55', '2', '17', '2015-10-26 19:38:49', 'Bug Reports Filed Event', 'Events'), ('56', '4', '15', '2015-10-26 19:38:49', 'Customer Survey Results Event', 'Events'), ('57', '2', '15', '2015-10-26 19:38:49', 'Bug Reports Filed Event', 'Events'), ('58', '1', '15', '2015-10-26 19:38:49', 'Customer Complaints Event', 'Events'), ('59', '2', '29', '2015-10-26 19:38:49', 'Bug Reports Filed Event', 'Events'), ('60', '2', '10', '2015-10-26 19:38:49', 'Bug Reports Filed Event', 'Events'), ('61', '2', '28', '2015-10-26 19:38:49', 'Bug Reports Filed Event', 'Events'), ('62', '4', '23', '2015-10-26 19:38:49', 'Customer Survey Results Event', 'Events'), ('63', '1', '20', '2015-10-26 19:38:49', 'Customer Complaints Event', 'Events'), ('64', '4', '8', '2015-10-26 19:38:49', 'Customer Survey Results Event', 'Events'), ('65', '4', '14', '2015-10-26 19:38:49', 'Customer Survey Results Event', 'Events'), ('66', '2', '14', '2015-10-26 19:38:49', 'Bug Reports Filed Event', 'Events'), ('67', '1', '24', '2015-10-26 19:38:49', 'Customer Complaints Event', 'Events'), ('68', '2', '8', '2015-10-26 19:38:49', 'Bug Reports Filed Event', 'Events'), ('69', '1', '16', '2015-10-26 19:38:49', 'Customer Complaints Event', 'Events'), ('70', '2', '23', '2015-10-26 19:38:49', 'Bug Reports Filed Event', 'Events'), ('71', '3', '24', '2015-10-26 19:38:49', 'Tickets Completed Event', 'Events'), ('72', '4', '7', '2015-10-26 19:38:49', 'Customer Survey Results Event', 'Events'), ('73', '1', '29', '2015-10-26 19:38:49', 'Customer Complaints Event', 'Events'), ('74', '4', '21', '2015-10-26 19:38:49', 'Customer Survey Results Event', 'Events'), ('75', '3', '28', '2015-10-26 19:38:49', 'Tickets Completed Event', 'Events'), ('76', '4', '29', '2015-10-26 19:38:49', 'Customer Survey Results Event', 'Events'), ('77', '4', '24', '2015-10-26 19:38:49', 'Customer Survey Results Event', 'Events'), ('78', '1', '28', '2015-10-26 19:38:49', 'Customer Complaints Event', 'Events'), ('79', '1', '17', '2015-10-26 19:38:49', 'Customer Complaints Event', 'Events'), ('80', '4', '9', '2015-10-26 19:38:49', 'Customer Survey Results Event', 'Events'), ('81', '4', '13', '2015-10-26 19:38:49', 'Customer Survey Results Event', 'Events'), ('82', '2', '16', '2015-10-26 19:38:49', 'Bug Reports Filed Event', 'Events'), ('83', '3', '9', '2015-10-26 19:38:49', 'Tickets Completed Event', 'Events'), ('84', '4', '12', '2015-10-26 19:38:49', 'Customer Survey Results Event', 'Events'), ('85', '3', '18', '2015-10-26 19:38:49', 'Tickets Completed Event', 'Events'), ('86', '4', '27', '2015-10-26 19:38:49', 'Customer Survey Results Event', 'Events'), ('87', '4', '28', '2015-10-26 19:38:49', 'Customer Survey Results Event', 'Events'), ('88', '3', '10', '2015-10-26 19:38:49', 'Tickets Completed Event', 'Events'), ('89', '2', '24', '2015-10-26 19:38:49', 'Bug Reports Filed Event', 'Events'), ('90', '3', '29', '2015-10-26 19:38:49', 'Tickets Completed Event', 'Events'), ('91', '1', '13', '2015-10-26 19:38:49', 'Customer Complaints Event', 'Events'), ('92', '2', '13', '2015-10-26 19:38:49', 'Bug Reports Filed Event', 'Events'), ('93', '3', '11', '2015-10-26 19:38:49', 'Tickets Completed Event', 'Events'), ('94', '3', '15', '2015-10-26 19:38:49', 'Tickets Completed Event', 'Events'), ('95', '1', '11', '2015-10-26 19:38:49', 'Customer Complaints Event', 'Events'), ('96', '3', '6', '2015-10-26 19:38:49', 'Tickets Completed Event', 'Events');
COMMIT;

-- ----------------------------
--  Table structure for `plan_item`
-- ----------------------------
DROP TABLE IF EXISTS `plan_item`;
CREATE TABLE `plan_item` (
  `id` int(11) NOT NULL AUTO_INCREMENT,
  `module_id` int(11) DEFAULT NULL,
  `plan_item_status_id` char(1) DEFAULT NULL,
  `status_stamp` timestamp NOT NULL DEFAULT CURRENT_TIMESTAMP,
  `member_id` int(11) NOT NULL,
  `recommendation_id` int(11) DEFAULT NULL,
  `score` float NOT NULL DEFAULT '0',
  `rank` int(11) NOT NULL DEFAULT '0',
  PRIMARY KEY (`id`),
  UNIQUE KEY `unique_id` (`id`),
  KEY `learning_module_id_index` (`module_id`),
  KEY `member_id_index` (`member_id`),
  KEY `plan_item_status_id` (`plan_item_status_id`),
  KEY `plan_item_recommendation__fk` (`recommendation_id`),
  CONSTRAINT `plan_item_ibfk_1` FOREIGN KEY (`module_id`) REFERENCES `module` (`id`),
  CONSTRAINT `plan_item_ibfk_2` FOREIGN KEY (`member_id`) REFERENCES `member` (`id`),
  CONSTRAINT `plan_item_ibfk_3` FOREIGN KEY (`plan_item_status_id`) REFERENCES `plan_item_status` (`id`),
  CONSTRAINT `plan_item_recommendation__fk` FOREIGN KEY (`recommendation_id`) REFERENCES `recommendation` (`id`)
) ENGINE=InnoDB AUTO_INCREMENT=311 DEFAULT CHARSET=utf8 ROW_FORMAT=COMPACT;

-- ----------------------------
--  Records of `plan_item`
-- ----------------------------
BEGIN;
INSERT INTO `plan_item` VALUES ('1', '6', 'R', '2015-12-14 14:06:22', '3', null, '4', '4'), ('2', '7', 'R', '2015-12-14 14:06:22', '3', null, '4', '4'), ('3', '8', 'R', '2015-12-14 14:06:22', '3', null, '4', '4'), ('4', '9', 'C', '2015-12-14 14:06:22', '3', null, '4', '4'), ('5', '10', 'E', '2015-12-14 14:06:22', '3', null, '4', '4'), ('6', '13', 'R', '2015-12-14 14:06:22', '3', null, '4', '4'), ('7', '14', 'R', '2015-12-14 14:06:22', '3', null, '4', '4'), ('8', '15', 'C', '2015-12-14 14:06:22', '3', null, '4', '4'), ('9', '16', 'R', '2015-12-14 14:06:22', '3', null, '4', '4'), ('10', '17', 'E', '2015-12-14 14:06:22', '3', null, '4', '4'), ('11', '6', 'R', '2015-12-14 14:06:22', '4', null, '4', '4'), ('12', '7', 'R', '2015-12-14 14:06:22', '4', null, '4', '4'), ('13', '8', 'R', '2015-12-14 14:06:22', '4', null, '4', '4'), ('14', '9', 'R', '2015-12-14 14:06:22', '4', null, '4', '4'), ('15', '10', 'R', '2015-12-14 14:06:22', '4', null, '4', '4'), ('16', '13', 'C', '2015-12-14 14:06:22', '4', null, '4', '4'), ('17', '14', 'R', '2015-12-14 14:06:22', '4', null, '4', '4'), ('18', '15', 'R', '2015-12-14 14:06:22', '4', null, '4', '4'), ('19', '16', 'R', '2015-12-14 14:06:22', '4', null, '4', '4'), ('20', '17', 'E', '2015-12-14 14:06:22', '4', null, '4', '4'), ('21', '6', 'R', '2015-12-14 14:06:22', '5', null, '4', '4'), ('22', '7', 'R', '2015-12-14 14:06:22', '5', null, '4', '4'), ('23', '8', 'R', '2015-12-14 14:06:22', '5', null, '4', '4'), ('24', '9', 'R', '2015-12-14 14:06:22', '5', null, '4', '4'), ('25', '10', 'E', '2015-12-14 14:06:22', '5', null, '4', '4'), ('26', '13', 'R', '2015-12-14 14:06:22', '5', null, '4', '4'), ('27', '14', 'R', '2015-12-14 14:06:22', '5', null, '4', '4'), ('28', '15', 'C', '2015-12-14 14:06:22', '5', null, '4', '4'), ('29', '16', 'R', '2015-12-14 14:06:22', '5', null, '4', '4'), ('30', '17', 'R', '2015-12-14 14:06:22', '5', null, '4', '4'), ('31', '6', 'R', '2015-12-14 14:06:22', '31', null, '4', '4'), ('32', '7', 'C', '2015-12-14 14:06:22', '31', null, '4', '4'), ('33', '8', 'R', '2015-12-14 14:06:22', '31', null, '4', '4'), ('34', '9', 'R', '2015-12-14 14:06:22', '31', null, '4', '4'), ('35', '10', 'E', '2015-12-14 14:06:22', '31', null, '4', '4'), ('36', '13', 'R', '2015-12-14 14:06:22', '31', null, '4', '4'), ('37', '14', 'R', '2015-12-14 14:06:22', '31', null, '4', '4'), ('38', '15', 'R', '2015-12-14 14:06:22', '31', null, '4', '4'), ('39', '16', 'R', '2015-12-14 14:06:22', '31', null, '4', '4'), ('40', '17', 'E', '2015-12-14 14:06:22', '31', null, '4', '4'), ('41', '6', 'R', '2015-12-14 14:06:22', '32', null, '4', '4'), ('42', '7', 'R', '2015-12-14 14:06:22', '32', null, '4', '4'), ('43', '8', 'R', '2015-12-14 14:06:22', '32', null, '4', '4'), ('44', '9', 'C', '2015-12-14 14:06:22', '32', null, '4', '4'), ('45', '10', 'R', '2015-12-14 14:06:22', '32', null, '4', '4'), ('46', '13', 'R', '2015-12-14 14:06:22', '32', null, '4', '4'), ('47', '14', 'R', '2015-12-14 14:06:22', '32', null, '4', '4'), ('48', '15', 'R', '2015-12-14 14:06:22', '32', null, '4', '4'), ('49', '16', 'R', '2015-12-14 14:06:22', '32', null, '4', '4'), ('50', '17', 'E', '2015-12-14 14:06:22', '32', null, '4', '4'), ('51', '6', 'R', '2015-12-14 14:06:22', '33', null, '4', '4'), ('52', '7', 'C', '2015-12-14 14:06:22', '33', null, '4', '4'), ('53', '8', 'R', '2015-12-14 14:06:22', '33', null, '4', '4'), ('54', '9', 'R', '2015-12-14 14:06:22', '33', null, '4', '4'), ('55', '10', 'E', '2015-12-14 14:06:22', '33', null, '4', '4'), ('56', '13', 'C', '2015-12-14 14:06:22', '33', null, '4', '4'), ('57', '14', 'R', '2015-12-14 14:06:22', '33', null, '4', '4'), ('58', '15', 'R', '2015-12-14 14:06:22', '33', null, '4', '4'), ('59', '16', 'R', '2015-12-14 14:06:22', '33', null, '4', '4'), ('60', '17', 'R', '2015-12-14 14:06:22', '33', null, '4', '4'), ('61', '6', 'R', '2015-12-14 14:06:22', '6', null, '4', '4'), ('62', '7', 'R', '2015-12-14 14:06:22', '6', null, '4', '4'), ('63', '8', 'R', '2015-12-14 14:06:22', '6', null, '4', '4'), ('64', '9', 'C', '2015-12-14 14:06:22', '6', null, '4', '4'), ('65', '10', 'E', '2015-12-14 14:06:22', '6', null, '4', '4'), ('66', '13', 'R', '2015-12-14 14:06:22', '6', null, '4', '4'), ('67', '14', 'R', '2015-12-14 14:06:22', '6', null, '4', '4'), ('68', '15', 'C', '2015-12-14 14:06:22', '6', null, '4', '4'), ('69', '16', 'R', '2015-12-14 14:06:22', '6', null, '4', '4'), ('70', '17', 'E', '2015-12-14 14:06:22', '6', null, '4', '4'), ('71', '6', 'R', '2015-12-14 14:06:22', '7', null, '4', '4'), ('72', '7', 'R', '2015-12-14 14:06:22', '7', null, '4', '4'), ('73', '8', 'R', '2015-12-14 14:06:22', '7', null, '4', '4'), ('74', '9', 'R', '2015-12-14 14:06:22', '7', null, '4', '4'), ('75', '10', 'R', '2015-12-14 14:06:22', '7', null, '4', '4'), ('76', '13', 'C', '2015-12-14 14:06:22', '7', null, '4', '4'), ('77', '14', 'R', '2015-12-14 14:06:22', '7', null, '4', '4'), ('78', '15', 'R', '2015-12-14 14:06:22', '7', null, '4', '4'), ('79', '16', 'R', '2015-12-14 14:06:22', '7', null, '4', '4'), ('80', '17', 'E', '2015-12-14 14:06:22', '7', null, '4', '4'), ('81', '6', 'R', '2015-12-14 14:06:22', '8', null, '4', '4'), ('82', '7', 'R', '2015-12-14 14:06:22', '8', null, '4', '4'), ('83', '8', 'R', '2015-12-14 14:06:22', '8', null, '4', '4'), ('84', '9', 'R', '2015-12-14 14:06:22', '8', null, '4', '4'), ('85', '10', 'E', '2015-12-14 14:06:22', '8', null, '4', '4'), ('86', '13', 'R', '2015-12-14 14:06:22', '8', null, '4', '4'), ('87', '14', 'R', '2015-12-14 14:06:22', '8', null, '4', '4'), ('88', '15', 'C', '2015-12-14 14:06:22', '8', null, '4', '4'), ('89', '16', 'R', '2015-12-14 14:06:22', '8', null, '4', '4'), ('90', '17', 'R', '2015-12-14 14:06:22', '8', null, '4', '4'), ('91', '6', 'R', '2015-12-14 14:06:22', '9', null, '4', '4'), ('92', '7', 'C', '2015-12-14 14:06:22', '9', null, '4', '4'), ('93', '8', 'R', '2015-12-14 14:06:22', '9', null, '4', '4'), ('94', '9', 'R', '2015-12-14 14:06:22', '9', null, '4', '4'), ('95', '10', 'E', '2015-12-14 14:06:22', '9', null, '4', '4'), ('96', '13', 'R', '2015-12-14 14:06:22', '9', null, '4', '4'), ('97', '14', 'R', '2015-12-14 14:06:22', '9', null, '4', '4'), ('98', '15', 'R', '2015-12-14 14:06:22', '9', null, '4', '4'), ('99', '16', 'R', '2015-12-14 14:06:22', '9', null, '4', '4'), ('100', '17', 'E', '2015-12-14 14:06:22', '9', null, '4', '4'), ('101', '6', 'R', '2015-12-14 14:06:22', '10', null, '4', '4'), ('102', '7', 'R', '2015-12-14 14:06:22', '10', null, '4', '4'), ('103', '8', 'R', '2015-12-14 14:06:22', '10', null, '4', '4'), ('104', '9', 'C', '2015-12-14 14:06:22', '10', null, '4', '4'), ('105', '10', 'R', '2015-12-14 14:06:22', '10', null, '4', '4'), ('106', '13', 'R', '2015-12-14 14:06:22', '10', null, '4', '4'), ('107', '14', 'R', '2015-12-14 14:06:22', '10', null, '4', '4'), ('108', '15', 'R', '2015-12-14 14:06:22', '10', null, '4', '4'), ('109', '16', 'R', '2015-12-14 14:06:22', '10', null, '4', '4'), ('110', '17', 'E', '2015-12-14 14:06:22', '10', null, '4', '4'), ('111', '6', 'R', '2015-12-14 14:06:22', '11', null, '4', '4'), ('112', '7', 'C', '2015-12-14 14:06:22', '11', null, '4', '4'), ('113', '8', 'R', '2015-12-14 14:06:22', '11', null, '4', '4'), ('114', '9', 'R', '2015-12-14 14:06:22', '11', null, '4', '4'), ('115', '10', 'E', '2015-12-14 14:06:22', '11', null, '4', '4'), ('116', '13', 'C', '2015-12-14 14:06:22', '11', null, '4', '4'), ('117', '14', 'R', '2015-12-14 14:06:22', '11', null, '4', '4'), ('118', '15', 'R', '2015-12-14 14:06:22', '11', null, '4', '4'), ('119', '16', 'R', '2015-12-14 14:06:22', '11', null, '4', '4'), ('120', '17', 'R', '2015-12-14 14:06:22', '11', null, '4', '4'), ('121', '6', 'R', '2015-12-14 14:06:22', '12', null, '4', '4'), ('122', '7', 'R', '2015-12-14 14:06:22', '12', null, '4', '4'), ('123', '8', 'R', '2015-12-14 14:06:22', '12', null, '4', '4'), ('124', '9', 'C', '2015-12-14 14:06:22', '12', null, '4', '4'), ('125', '10', 'E', '2015-12-14 14:06:22', '12', null, '4', '4'), ('126', '13', 'R', '2015-12-14 14:06:22', '12', null, '4', '4'), ('127', '14', 'R', '2015-12-14 14:06:22', '12', null, '4', '4'), ('128', '15', 'C', '2015-12-14 14:06:22', '12', null, '4', '4'), ('129', '16', 'R', '2015-12-14 14:06:22', '12', null, '4', '4'), ('130', '17', 'E', '2015-12-14 14:06:22', '12', null, '4', '4'), ('140', '9', 'R', '2015-12-14 23:52:46', '13', '1', '1', '4'), ('141', '6', 'R', '2015-12-14 14:06:22', '14', null, '4', '4'), ('142', '7', 'R', '2015-12-14 14:06:22', '14', null, '4', '4'), ('143', '8', 'R', '2015-12-14 14:06:22', '14', null, '4', '4'), ('144', '9', 'R', '2015-12-14 14:06:22', '14', null, '4', '4'), ('145', '10', 'E', '2015-12-14 14:06:22', '14', null, '4', '4'), ('146', '13', 'R', '2015-12-14 14:06:22', '14', null, '4', '4'), ('147', '14', 'R', '2015-12-14 14:06:22', '14', null, '4', '4'), ('148', '15', 'C', '2015-12-14 14:06:22', '14', null, '4', '4'), ('149', '16', 'R', '2015-12-14 14:06:22', '14', null, '4', '4'), ('150', '17', 'R', '2015-12-14 14:06:22', '14', null, '4', '4'), ('151', '6', 'R', '2015-12-14 14:06:22', '15', null, '4', '4'), ('152', '7', 'C', '2015-12-14 14:06:22', '15', null, '4', '4'), ('153', '8', 'R', '2015-12-14 14:06:22', '15', null, '4', '4'), ('154', '9', 'R', '2015-12-14 14:06:22', '15', null, '4', '4'), ('155', '10', 'E', '2015-12-14 14:06:22', '15', null, '4', '4'), ('156', '13', 'R', '2015-12-14 14:06:22', '15', null, '4', '4'), ('157', '14', 'R', '2015-12-14 14:06:22', '15', null, '4', '4'), ('158', '15', 'R', '2015-12-14 14:06:22', '15', null, '4', '4'), ('159', '16', 'R', '2015-12-14 14:06:22', '15', null, '4', '4'), ('160', '17', 'E', '2015-12-14 14:06:22', '15', null, '4', '4'), ('161', '6', 'R', '2015-12-14 14:06:22', '16', null, '4', '4'), ('162', '7', 'R', '2015-12-14 14:06:22', '16', null, '4', '4'), ('163', '8', 'R', '2015-12-14 14:06:22', '16', null, '4', '4'), ('164', '9', 'C', '2015-12-14 14:06:22', '16', null, '4', '4'), ('165', '10', 'R', '2015-12-14 14:06:22', '16', null, '4', '4'), ('166', '13', 'R', '2015-12-14 14:06:22', '16', null, '4', '4'), ('167', '14', 'R', '2015-12-14 14:06:22', '16', null, '4', '4'), ('168', '15', 'R', '2015-12-14 14:06:22', '16', null, '4', '4'), ('169', '16', 'R', '2015-12-14 14:06:22', '16', null, '4', '4'), ('170', '17', 'E', '2015-12-14 14:06:22', '16', null, '4', '4'), ('171', '6', 'R', '2015-12-14 14:06:22', '17', null, '4', '4'), ('172', '7', 'C', '2015-12-14 14:06:22', '17', null, '4', '4'), ('173', '8', 'R', '2015-12-14 14:06:22', '17', null, '4', '4'), ('174', '9', 'R', '2015-12-14 14:06:22', '17', null, '4', '4'), ('175', '10', 'E', '2015-12-14 14:06:22', '17', null, '4', '4'), ('176', '13', 'C', '2015-12-14 14:06:22', '17', null, '4', '4'), ('177', '14', 'R', '2015-12-14 14:06:22', '17', null, '4', '4'), ('178', '15', 'R', '2015-12-14 14:06:22', '17', null, '4', '4'), ('179', '16', 'R', '2015-12-14 14:06:22', '17', null, '4', '4'), ('180', '17', 'R', '2015-12-14 14:06:22', '17', null, '4', '4'), ('181', '6', 'R', '2015-12-14 14:06:22', '18', null, '4', '4'), ('182', '7', 'R', '2015-12-14 14:06:22', '18', null, '4', '4'), ('183', '8', 'R', '2015-12-14 14:06:22', '18', null, '4', '4'), ('184', '9', 'C', '2015-12-14 14:06:22', '18', null, '4', '4'), ('185', '10', 'E', '2015-12-14 14:06:22', '18', null, '4', '4'), ('186', '13', 'R', '2015-12-14 14:06:22', '18', null, '4', '4'), ('187', '14', 'R', '2015-12-14 14:06:22', '18', null, '4', '4'), ('188', '15', 'C', '2015-12-14 14:06:22', '18', null, '4', '4'), ('189', '16', 'R', '2015-12-14 14:06:22', '18', null, '4', '4'), ('190', '17', 'E', '2015-12-14 14:06:22', '18', null, '4', '4'), ('191', '6', 'R', '2015-12-14 14:06:22', '20', null, '4', '4'), ('192', '7', 'R', '2015-12-14 14:06:22', '20', null, '4', '4'), ('193', '8', 'R', '2015-12-14 14:06:22', '20', null, '4', '4'), ('194', '9', 'R', '2015-12-14 14:06:22', '20', null, '4', '4'), ('195', '10', 'R', '2015-12-14 14:06:22', '20', null, '4', '4'), ('196', '13', 'C', '2015-12-14 14:06:22', '20', null, '4', '4'), ('197', '14', 'R', '2015-12-14 14:06:22', '20', null, '4', '4'), ('198', '15', 'R', '2015-12-14 14:06:22', '20', null, '4', '4'), ('199', '16', 'R', '2015-12-14 14:06:22', '20', null, '4', '4'), ('200', '17', 'E', '2015-12-14 14:06:22', '20', null, '4', '4'), ('201', '6', 'R', '2015-12-14 14:06:22', '21', null, '4', '4'), ('202', '7', 'R', '2015-12-14 14:06:22', '21', null, '4', '4'), ('203', '8', 'R', '2015-12-14 14:06:22', '21', null, '4', '4'), ('204', '9', 'R', '2015-12-14 14:06:22', '21', null, '4', '4'), ('205', '10', 'E', '2015-12-14 14:06:22', '21', null, '4', '4'), ('206', '13', 'R', '2015-12-14 14:06:22', '21', null, '4', '4'), ('207', '14', 'R', '2015-12-14 14:06:22', '21', null, '4', '4'), ('208', '15', 'C', '2015-12-14 14:06:22', '21', null, '4', '4'), ('209', '16', 'R', '2015-12-14 14:06:22', '21', null, '4', '4'), ('210', '17', 'R', '2015-12-14 14:06:22', '21', null, '4', '4'), ('211', '6', 'R', '2015-12-14 14:06:22', '22', null, '4', '4'), ('212', '7', 'C', '2015-12-14 14:06:22', '22', null, '4', '4'), ('213', '8', 'R', '2015-12-14 14:06:22', '22', null, '4', '4'), ('214', '9', 'R', '2015-12-14 14:06:22', '22', null, '4', '4'), ('215', '10', 'E', '2015-12-14 14:06:22', '22', null, '4', '4'), ('216', '13', 'R', '2015-12-14 14:06:22', '22', null, '4', '4'), ('217', '14', 'R', '2015-12-14 14:06:22', '22', null, '4', '4'), ('218', '15', 'R', '2015-12-14 14:06:22', '22', null, '4', '4'), ('219', '16', 'R', '2015-12-14 14:06:22', '22', null, '4', '4'), ('220', '17', 'E', '2015-12-14 14:06:22', '22', null, '4', '4'), ('221', '6', 'R', '2015-12-14 14:06:22', '23', null, '4', '4'), ('222', '7', 'R', '2015-12-14 14:06:22', '23', null, '4', '4'), ('223', '8', 'R', '2015-12-14 14:06:22', '23', null, '4', '4'), ('224', '9', 'C', '2015-12-14 14:06:22', '23', null, '4', '4'), ('225', '10', 'R', '2015-12-14 14:06:22', '23', null, '4', '4'), ('226', '13', 'R', '2015-12-14 14:06:22', '23', null, '4', '4'), ('227', '14', 'R', '2015-12-14 14:06:22', '23', null, '4', '4'), ('228', '15', 'R', '2015-12-14 14:06:22', '23', null, '4', '4'), ('229', '16', 'R', '2015-12-14 14:06:22', '23', null, '4', '4'), ('230', '17', 'E', '2015-12-14 14:06:22', '23', null, '4', '4'), ('231', '6', 'R', '2015-12-14 14:06:22', '24', null, '4', '4'), ('232', '7', 'C', '2015-12-14 14:06:22', '24', null, '4', '4'), ('233', '8', 'R', '2015-12-14 14:06:22', '24', null, '4', '4'), ('234', '9', 'R', '2015-12-14 14:06:22', '24', null, '4', '4'), ('235', '10', 'E', '2015-12-14 14:06:22', '24', null, '4', '4'), ('236', '13', 'C', '2015-12-14 14:06:22', '24', null, '4', '4'), ('237', '14', 'R', '2015-12-14 14:06:22', '24', null, '4', '4'), ('238', '15', 'R', '2015-12-14 14:06:22', '24', null, '4', '4'), ('239', '16', 'R', '2015-12-14 14:06:22', '24', null, '4', '4'), ('240', '17', 'R', '2015-12-14 14:06:22', '24', null, '4', '4'), ('241', '6', 'R', '2015-12-14 14:06:22', '25', null, '4', '4'), ('242', '7', 'R', '2015-12-14 14:06:22', '25', null, '4', '4'), ('243', '8', 'R', '2015-12-14 14:06:22', '25', null, '4', '4'), ('244', '9', 'C', '2015-12-14 14:06:22', '25', null, '4', '4'), ('245', '10', 'E', '2015-12-14 14:06:22', '25', null, '4', '4'), ('246', '13', 'R', '2015-12-14 14:06:22', '25', null, '4', '4'), ('247', '14', 'R', '2015-12-14 14:06:22', '25', null, '4', '4'), ('248', '15', 'C', '2015-12-14 14:06:22', '25', null, '4', '4'), ('249', '16', 'R', '2015-12-14 14:06:22', '25', null, '4', '4'), ('250', '17', 'E', '2015-12-14 14:06:22', '25', null, '4', '4'), ('251', '6', 'R', '2015-12-14 14:06:22', '26', null, '4', '4'), ('252', '7', 'R', '2015-12-14 14:06:22', '26', null, '4', '4'), ('253', '8', 'R', '2015-12-14 14:06:22', '26', null, '4', '4'), ('254', '9', 'R', '2015-12-14 14:06:22', '26', null, '4', '4'), ('255', '10', 'R', '2015-12-14 14:06:22', '26', null, '4', '4'), ('256', '13', 'C', '2015-12-14 14:06:22', '26', null, '4', '4'), ('257', '14', 'R', '2015-12-14 14:06:22', '26', null, '4', '4'), ('258', '15', 'R', '2015-12-14 14:06:22', '26', null, '4', '4'), ('259', '16', 'R', '2015-12-14 14:06:22', '26', null, '4', '4'), ('260', '17', 'E', '2015-12-14 14:06:22', '26', null, '4', '4'), ('261', '6', 'R', '2015-12-14 14:06:22', '27', null, '4', '4'), ('262', '7', 'R', '2015-12-14 14:06:22', '27', null, '4', '4'), ('263', '8', 'R', '2015-12-14 14:06:22', '27', null, '4', '4'), ('264', '9', 'R', '2015-12-14 14:06:22', '27', null, '4', '4'), ('265', '10', 'E', '2015-12-14 14:06:22', '27', null, '4', '4'), ('266', '13', 'R', '2015-12-14 14:06:22', '27', null, '4', '4'), ('267', '14', 'R', '2015-12-14 14:06:22', '27', null, '4', '4'), ('268', '15', 'C', '2015-12-14 14:06:22', '27', null, '4', '4'), ('269', '16', 'R', '2015-12-14 14:06:22', '27', null, '4', '4'), ('270', '17', 'R', '2015-12-14 14:06:22', '27', null, '4', '4'), ('271', '6', 'R', '2015-12-14 14:06:22', '28', null, '4', '4'), ('272', '7', 'C', '2015-12-14 14:06:22', '28', null, '4', '4'), ('273', '8', 'R', '2015-12-14 14:06:22', '28', null, '4', '4'), ('274', '9', 'R', '2015-12-14 14:06:22', '28', null, '4', '4'), ('275', '10', 'E', '2015-12-14 14:06:22', '28', null, '4', '4'), ('276', '13', 'R', '2015-12-14 14:06:22', '28', null, '4', '4'), ('277', '14', 'R', '2015-12-14 14:06:22', '28', null, '4', '4'), ('278', '15', 'R', '2015-12-14 14:06:22', '28', null, '4', '4'), ('279', '16', 'R', '2015-12-14 14:06:22', '28', null, '4', '4'), ('280', '17', 'E', '2015-12-14 14:06:22', '28', null, '4', '4'), ('281', '6', 'R', '2015-12-14 14:06:22', '29', null, '4', '4'), ('282', '7', 'R', '2015-12-14 14:06:22', '29', null, '4', '4'), ('283', '8', 'R', '2015-12-14 14:06:22', '29', null, '4', '4'), ('284', '9', 'C', '2015-12-14 14:06:22', '29', null, '4', '4'), ('285', '10', 'R', '2015-12-14 14:06:22', '29', null, '4', '4'), ('286', '13', 'R', '2015-12-14 14:06:22', '29', null, '4', '4'), ('287', '14', 'R', '2015-12-14 14:06:22', '29', null, '4', '4'), ('288', '15', 'R', '2015-12-14 14:06:22', '29', null, '4', '4'), ('289', '16', 'R', '2015-12-14 14:06:22', '29', null, '4', '4'), ('290', '17', 'E', '2015-12-14 14:06:22', '29', null, '4', '4'), ('291', '6', 'R', '2015-12-14 14:06:22', '30', null, '4', '4'), ('292', '7', 'C', '2015-12-14 14:06:22', '30', null, '4', '4'), ('293', '8', 'R', '2015-12-14 14:06:22', '30', null, '4', '4'), ('294', '9', 'R', '2015-12-14 14:06:22', '30', null, '4', '4'), ('295', '10', 'E', '2015-12-14 14:06:22', '30', null, '4', '4'), ('296', '13', 'C', '2015-12-14 14:06:22', '30', null, '4', '4'), ('297', '14', 'R', '2015-12-14 14:06:22', '30', null, '4', '4'), ('298', '15', 'R', '2015-12-14 14:06:22', '30', null, '4', '4'), ('299', '16', 'R', '2015-12-14 14:06:22', '30', null, '4', '4'), ('300', '17', 'R', '2015-12-14 14:06:22', '30', null, '4', '4'), ('301', '6', 'R', '2015-12-14 14:06:22', '1', null, '4', '4'), ('302', '7', 'R', '2015-12-14 14:06:22', '1', null, '4', '4'), ('303', '8', 'R', '2015-12-14 14:06:22', '1', null, '4', '4'), ('304', '9', 'C', '2015-12-14 14:06:22', '1', null, '4', '4'), ('305', '10', 'E', '2015-12-14 14:06:22', '1', null, '4', '4'), ('306', '13', 'R', '2015-12-14 14:06:22', '1', null, '4', '4'), ('307', '14', 'R', '2015-12-14 14:06:22', '1', null, '4', '4'), ('308', '15', 'C', '2015-12-14 14:06:22', '1', null, '4', '4'), ('309', '16', 'R', '2015-12-14 14:06:22', '1', null, '4', '4'), ('310', '17', 'E', '2015-12-14 14:06:22', '1', null, '4', '4');
COMMIT;

-- ----------------------------
--  Table structure for `plan_item_status`
-- ----------------------------
DROP TABLE IF EXISTS `plan_item_status`;
CREATE TABLE `plan_item_status` (
  `id` char(1) NOT NULL,
  `name` varchar(25) NOT NULL,
  `description` varchar(4000) NOT NULL,
  `const_name` varchar(25) NOT NULL,
  PRIMARY KEY (`id`),
  UNIQUE KEY `unique_id` (`id`),
  UNIQUE KEY `unique_name` (`name`),
  UNIQUE KEY `unique_const_name` (`const_name`)
) ENGINE=InnoDB DEFAULT CHARSET=utf8 ROW_FORMAT=COMPACT;

-- ----------------------------
--  Records of `plan_item_status`
-- ----------------------------
BEGIN;
INSERT INTO `plan_item_status` VALUES ('C', 'Completed', 'Course completed by member.', 'COMPLETED'), ('E', 'Enrolled', 'Enrolled in course, or accepted by member.', 'ENROLLED'), ('R', 'Recommended', 'Recommended by the system.', 'RECOMMENDED'), ('W', 'Withdrawn', 'Enrolled, but withdrawn and will not complete.', 'WITHDRAWN');
COMMIT;

-- ----------------------------
--  Table structure for `question`
-- ----------------------------
DROP TABLE IF EXISTS `question`;
CREATE TABLE `question` (
  `id` int(11) NOT NULL AUTO_INCREMENT,
  `question_group_id` int(11) NOT NULL,
  `question_type_id` int(11) NOT NULL DEFAULT '0',
  `sort_order` int(11) NOT NULL,
  `number` varchar(40) DEFAULT NULL,
  `name` varchar(1024) DEFAULT NULL,
  `summary` varchar(500) DEFAULT NULL,
  `description` varchar(5000) DEFAULT NULL,
  `importance` int(11) NOT NULL DEFAULT '1',
  PRIMARY KEY (`id`),
  KEY `question_group_id_index` (`question_group_id`),
  KEY `question_type_id_index` (`question_type_id`),
  CONSTRAINT `question_ibfk_1` FOREIGN KEY (`question_group_id`) REFERENCES `question_group` (`id`)
) ENGINE=InnoDB AUTO_INCREMENT=80 DEFAULT CHARSET=utf8 ROW_FORMAT=COMPACT;

-- ----------------------------
--  Records of `question`
-- ----------------------------
BEGIN;
INSERT INTO `question` VALUES ('1', '1', '1', '1', '1', 'Strategic Direction Alignment', null, 'Aligns information skills and resources with, and is supportive of, the strategic directions of\nthe parent organization or of key client groups through partnerships with key stakeholders and\nsuppliers.', '1'), ('2', '1', '1', '2', '2', 'Stakeholder Inclusion', null, 'If managing a centralized information department or library, assesses and communicates the\nvalue of that organizational asset, including information services, products and policies to senior\nmanagement, key stakeholders and client groups.', '1'), ('3', '1', '1', '3', '3', 'Sound Business Judgement', null, 'Establishes effective management, operational and financial management processes and\nexercises sound business and financial judgments in making decisions that balance operational and\nstrategic organizational considerations.', '1'), ('4', '1', '1', '4', '4', 'Effective Contributions', null, 'Contributes effectively to senior management strategies and decisions regarding information\napplications, tools and technologies, and policies for the organization.', '1'), ('5', '1', '1', '5', '5', 'Personal and Professional Development', null, 'If managing a centralized information department or library, builds and leads an effective\ninformation services team and champions the professional and personal development of team\nmembers.', '1'), ('6', '1', '1', '6', '6', 'Active Engagement', null, 'Actively seeks out opportunities to demonstrate and contribute professional expertise to\nadvance the organizations or clients strategic goals.', '1'), ('7', '1', '1', '7', '7', 'Evidence Based Decision Making', null, 'Gathers the best available evidence to support decisions about the development of new\nservices and products, the modification of current services, or the elimination of services to\ncontinually improve the strategic value of information services provided.', '1'), ('8', '1', '1', '8', '8', 'Intellectual Property Understanding', null, 'Advises the organization and/or client on copyright and intellectual property issues and\ncompliance.', '1'), ('9', '2', '1', '9', '1', 'Communcation with Leadership and Stakeholders', null, 'Communicates regularly with organizations leadership and stakeholders to understand and\naddress information needs and gaps, devices and workflow tools being used, and business\npriorities.', '1'), ('10', '2', '1', '10', '2', 'Policy Development and Adherence', null, 'Develops policies for externally-published and internally-created information and knowledge\nassets under management; advises on the implementation of these policies, including copyright\ncompliance, privacy, and intellectual property protection.', '1'), ('11', '2', '1', '11', '3', 'Staying Up-to-Date', null, 'Actively monitors the continuously-expanding universe of information resources, including\npublications, databases, data sets, and social media, and tools for text-mining, data mining, or data\nvisualization, and then matches resources to client groups within the organization.', '1'), ('12', '2', '1', '12', '4', 'Maintaining Breadth and Depth', null, 'Manages a dynamic portfolio of information resources and services aligned with the strategic\ngoals of the organization and designed to facilitate learning, decision-making and mitigation of\nrisks.', '1'), ('13', '2', '1', '13', '5', 'Understanding of Existing Assets', null, 'Maps information and knowledge assets available within the organization in order to advise\nclients regarding resources relevant to various business activities.', '1'), ('14', '2', '1', '14', '6', 'Custom Service Provision', null, 'Delivers custom services, including consulting, training, curation, in-depth research, data\nanalysis, briefings and alerts, database design, and metadata and taxonomy development.', '1'), ('15', '2', '1', '15', '7', 'Information Synthesis', null, 'Researches, analyzes and synthesizes information into actionable steps or accurate answers to\nefficiently and effectively deliver on client assignments.', '1'), ('61', '2', '1', '16', '8', 'Proactive Knowledge Acquisition', null, 'Proactively introduces to the organization tools and technology that offer productivity gains in\nterms of access, sharing, and integration of information and knowledge.', '1'), ('62', '2', '1', '17', '9', 'Licensing Evaluation', null, 'Critically evaluates and negotiates fees and licensing terms for subscription-based information\nproducts and services.', '1'), ('63', '2', '1', '18', '10', 'Open Source Alternative Usage', null, 'Identifies and provides pointers to high-quality, business-relevant, open source and Internet\nresources.', '1'), ('64', '2', '1', '19', '11', 'Quality Assurance', null, 'Designs consistent repeatable data and analytics reporting and collects anecdotal evidence\nto measure the quality and value of information offerings, and to take appropriate action to ensure\nthe relevancy of all offerings within the portfolio.', '1'), ('65', '3', '1', '20', '1', 'Emerging Technologies Awareness', null, 'Maintains awareness of emerging technologies and their implications for service provision;\nadvises and champions, where necessary, introduction of such technologies in their organization.', '1'), ('66', '3', '1', '21', '2', 'Database Technologies', null, 'Keeps up to date and applies expertise in searching as well as database development ,\nindexing, metadata, and information analysis and synthesis to improve retrieval and use of internal\nand external information.', '1'), ('67', '3', '1', '22', '3', 'External Service Usage', null, 'Assesses, selects and applies current and emerging information technologies and services\n(e.g., databases, catalogs, search engines, websites and social media) and uses these to create\ninformation access and delivery solutions.', '1'), ('68', '3', '1', '23', '4', 'Information Privacy', null, 'Protects the information privacy/data of clients.', '1'), ('69', '3', '1', '24', '5', 'Intellectual Property', null, 'Protects intellectual property rights and\nmaintains awareness of, and responses to, new challenges to privacy/data protection or\nintellectual property rights.', '1'), ('70', '3', '1', '25', '6', 'Knowledge Sharing', null, 'Teaches and advises on the use of information technologies and services throughout their\norganization.', '1'), ('73', '4', '1', '26', '1', 'Time Management', null, 'Plans, prioritizes and focuses on what is critical, based on the strategic goals of the parent\norganization.', '1'), ('74', '4', '1', '27', '2', 'Innovation', null, 'Is innovative in applying information services and skills.', '1'), ('75', '4', '1', '28', '3', 'Adaptability', null, 'Is adaptable, flexible, and able to transition into new roles and responsibilities to meet the\nchanging needs of the organization.', '1'), ('76', '4', '1', '29', '4', 'Opportunity Recognition', null, 'Seeks out challenges and prepares for, and capitalizes on, new opportunities.', '1'), ('77', '4', '1', '30', '5', 'Communication', null, 'Actively listens and problem solves, and communicates effectively.', '1'), ('78', '4', '1', '31', '6', 'Ethics', null, 'Builds an environment of mutual respect and trust; respects and values diversity.', '1'), ('79', '4', '1', '32', '7', 'Team Membership', null, 'Develops interpersonal skills to influence and employs a team approach; recognizes the\nbalance of collaborating, leading and supporting.', '1');
COMMIT;

-- ----------------------------
--  Table structure for `question_choice`
-- ----------------------------
DROP TABLE IF EXISTS `question_choice`;
CREATE TABLE `question_choice` (
  `id` int(11) NOT NULL AUTO_INCREMENT,
  `question_type_id` int(11) NOT NULL,
  `sort_order` int(11) NOT NULL,
  `name` varchar(200) DEFAULT NULL,
  `value` varchar(500) DEFAULT NULL,
  `rubric` varchar(500) DEFAULT NULL,
  `icon_prefix` varchar(50) DEFAULT NULL,
  PRIMARY KEY (`id`),
  KEY `question_type_id_index` (`question_type_id`),
  CONSTRAINT `question_choice_ibfk_1` FOREIGN KEY (`question_type_id`) REFERENCES `question_type` (`id`)
) ENGINE=InnoDB AUTO_INCREMENT=9 DEFAULT CHARSET=utf8 ROW_FORMAT=COMPACT;

-- ----------------------------
--  Records of `question_choice`
-- ----------------------------
BEGIN;
INSERT INTO `question_choice` VALUES ('1', '1', '0', '-unset-', '-1', 'There is no response to this item.', 'levelBg'), ('2', '1', '1', 'Needs Improvement', '0', 'The performance is not meeting the needs of the position.  Significant improvement is needed.', 'levelBg'), ('3', '1', '2', 'Proficient', '1', 'Performance meets expectations.', 'levelBg'), ('4', '1', '3', 'Distinguished', '2', 'Performance exceeds expectations.', 'levelBg'), ('6', '2', '0', '-unset-', '-1', '', 'yesNoBg'), ('7', '2', '1', 'Yes', '2', 'Performance is satisfactory.', 'yesNoBg'), ('8', '2', '2', 'No', '1', 'Performance is not satisfactory.', 'yesNoBg');
COMMIT;

-- ----------------------------
--  Table structure for `question_group`
-- ----------------------------
DROP TABLE IF EXISTS `question_group`;
CREATE TABLE `question_group` (
  `id` int(11) NOT NULL AUTO_INCREMENT,
  `instrument_id` int(11) NOT NULL,
  `tag` varchar(100) DEFAULT NULL,
  `number` varchar(40) DEFAULT NULL,
  `sort_order` int(11) NOT NULL DEFAULT '0',
  `summary` varchar(500) DEFAULT NULL,
  `description` varchar(5000) DEFAULT NULL,
  PRIMARY KEY (`id`),
  KEY `instrument_id_index` (`instrument_id`),
  CONSTRAINT `question_group_ibfk_1` FOREIGN KEY (`instrument_id`) REFERENCES `instrument` (`id`)
) ENGINE=InnoDB AUTO_INCREMENT=5 DEFAULT CHARSET=utf8 ROW_FORMAT=COMPACT;

-- ----------------------------
--  Records of `question_group`
-- ----------------------------
BEGIN;
INSERT INTO `question_group` VALUES ('1', '1', 'Creating and Maintaining Collaborative Relationships', 'A', '1', null, 'In order to effectively contribute their expertise, information professionals must be skilled at building\nand maintaining positive, trust-based, collaborative relationships with key stakeholders. Depending on \n3\nthe information professionals work environments, key stakeholders may include Information Center\nusers, organization management, fellow team/department members, or clients, among others. (The\nterm organization is used broadly here, encompassing corporate, education, public, government, nonprofit,\nand other entities.) Information professionals excel at identifying, contributing, and managing\nhigh-value information assets for organizations and clients whose markets are constantly changing and\nin which both high-tech and high-touch are vitally important to achieving organizational success.'), ('2', '1', 'Managing Information Services and Resources', 'B', '2', null, 'Information professionals work with leadership of the organizations in which they are employed to\nthoroughly understand business objectives. With that knowledge, they continuously assess informationseeking\nbehaviors and needs of colleagues to implement a strategy for procuring and providing access to\na portfolio of services and resources that are designed to enhance learning, productivity, and\ncompetitive advantage.'), ('3', '1', 'Understanding and Applying Information Tools and Technologies', 'C', '3', null, 'Information professionals harness the current and appropriate technologies and systems to deliver the\nbest services; provide the most relevant and accessible resources; develop and deliver teaching in\ninformation literacy to maximize clients\' use of information and capitalize on the library and information\nenvironment of the 21st century'), ('4', '1', 'Personal Competencies', 'D', '4', null, 'Personal competencies both underlie and drive the value provided by an information professional.');
COMMIT;

-- ----------------------------
--  Table structure for `question_type`
-- ----------------------------
DROP TABLE IF EXISTS `question_type`;
CREATE TABLE `question_type` (
  `id` int(11) NOT NULL AUTO_INCREMENT,
  `name` varchar(200) NOT NULL,
  `summary` varchar(500) DEFAULT NULL,
  `min_range` double DEFAULT '0',
  `max_range` double DEFAULT '0',
  `entry_type` varchar(12) NOT NULL DEFAULT 'LIKERT',
  PRIMARY KEY (`id`),
  UNIQUE KEY `name` (`name`)
) ENGINE=InnoDB AUTO_INCREMENT=3 DEFAULT CHARSET=utf8 ROW_FORMAT=COMPACT;

-- ----------------------------
--  Records of `question_type`
-- ----------------------------
BEGIN;
INSERT INTO `question_type` VALUES ('1', 'LIKERT5', 'Likert scale, 0 t0 5.', '0', '3', 'LIKERT'), ('2', 'NAYesNo', 'N/A,Yes,No', '0', '2', 'YESNO');
COMMIT;

-- ----------------------------
--  Table structure for `recommendation`
-- ----------------------------
DROP TABLE IF EXISTS `recommendation`;
CREATE TABLE `recommendation` (
  `id` int(11) NOT NULL AUTO_INCREMENT,
  `member_id` int(11) NOT NULL,
  `created_on` timestamp NOT NULL DEFAULT CURRENT_TIMESTAMP,
  `assessment_id` int(11) NOT NULL,
  PRIMARY KEY (`id`),
  UNIQUE KEY `id` (`id`),
  KEY `member_id` (`member_id`),
  KEY `assessment_id` (`assessment_id`),
  CONSTRAINT `recommendation_ibfk_1` FOREIGN KEY (`member_id`) REFERENCES `member` (`id`),
  CONSTRAINT `recommendation_ibfk_2` FOREIGN KEY (`assessment_id`) REFERENCES `assessment` (`id`)
) ENGINE=InnoDB AUTO_INCREMENT=2 DEFAULT CHARSET=utf8;

-- ----------------------------
--  Records of `recommendation`
-- ----------------------------
BEGIN;
INSERT INTO `recommendation` VALUES ('1', '13', '2015-12-14 23:52:46', '193');
COMMIT;

-- ----------------------------
--  Table structure for `relationship`
-- ----------------------------
DROP TABLE IF EXISTS `relationship`;
CREATE TABLE `relationship` (
  `id` int(11) NOT NULL AUTO_INCREMENT,
  `superior_id` int(11) NOT NULL,
  `subordinate_id` int(11) NOT NULL,
  `relationship_type_id` char(1) NOT NULL DEFAULT 'S',
  PRIMARY KEY (`id`),
  UNIQUE KEY `id` (`id`)
) ENGINE=InnoDB DEFAULT CHARSET=utf8 ROW_FORMAT=COMPACT;

-- ----------------------------
--  Table structure for `relationship_type`
-- ----------------------------
DROP TABLE IF EXISTS `relationship_type`;
CREATE TABLE `relationship_type` (
  `id` char(1) NOT NULL,
  `name` varchar(25) NOT NULL,
  `superior_verb` varchar(25) NOT NULL,
  `subordinate_verb` varchar(25) NOT NULL,
  PRIMARY KEY (`id`),
  UNIQUE KEY `id` (`id`)
) ENGINE=InnoDB DEFAULT CHARSET=utf8 ROW_FORMAT=COMPACT;

-- ----------------------------
--  Table structure for `resource`
-- ----------------------------
DROP TABLE IF EXISTS `resource`;
CREATE TABLE `resource` (
  `id` int(11) NOT NULL AUTO_INCREMENT,
  `resource_type_id` char(1) DEFAULT 'T',
  `role_ids` varchar(10) DEFAULT 'PM',
  `number` varchar(40) DEFAULT NULL,
  `name` varchar(200) DEFAULT NULL,
  `location` varchar(500) DEFAULT NULL,
  `summary` varchar(5000) DEFAULT NULL,
  `description` varchar(5000) DEFAULT NULL,
  `creator_id` int(11) DEFAULT NULL,
  `create_on` timestamp NOT NULL DEFAULT CURRENT_TIMESTAMP,
  `last_modified` timestamp NOT NULL DEFAULT CURRENT_TIMESTAMP,
  PRIMARY KEY (`id`),
  KEY `resource_type_id` (`resource_type_id`),
  KEY `resource_user__fk` (`creator_id`),
  CONSTRAINT `resource_ibfk_1` FOREIGN KEY (`resource_type_id`) REFERENCES `resource_type` (`id`),
  CONSTRAINT `resource_user__fk` FOREIGN KEY (`creator_id`) REFERENCES `member` (`id`)
) ENGINE=InnoDB AUTO_INCREMENT=6 DEFAULT CHARSET=utf8 ROW_FORMAT=COMPACT;

-- ----------------------------
--  Records of `resource`
-- ----------------------------
BEGIN;
INSERT INTO `resource` VALUES ('1', 'T', 'PM', 'IT001', 'Introduction to Networking', null, '<p>This class introduces students to the equipment used in computer networking. This class teaches students what each individual piece of equipment does, and how they work together.</p><p>Prerequisites:None</p><p>This class talks about:</p><ul><li>Modems</li><li>Routers</li><li>Firewalls</li><li>VPN</li><li>Switches</li><li>Wireless Access Points</li><li>Cabling</li><li>Clients</li><li>Devices and Servers</li><li>Defines Logical and Physical</li></ul>', '', '3', '2015-10-26 15:52:25', '2015-10-26 15:52:25'), ('2', 'T', 'PM', 'IT002', 'TCP/IP and Subnet Masking', null, '<p>This class teaches students about the components and concepts in a TCP/IP network.</p><ul><li>TCP/IP Overview</li><li>How TCP/IP Works</li><li>TCP/IP Numbering</li><li>Subnet Masking</li></ul>', null, '3', '2015-10-26 15:52:25', '2015-10-26 15:52:25'), ('3', 'T', 'PM', 'IT003', 'Network Mapping', null, '<p>This class teaches students how to map a local network.</p><ul><li>Introduction</li><li><span>How Network Mapping Works</span><br/></li><li><span>DOS Tools</span><br/></li><li><span>Network Mapping Software</span><br/></li><li><span>Security Considerations</span><br/></li></ul>', null, '3', '2015-10-26 15:52:25', '2015-10-26 15:52:25'), ('4', 'T', 'PM', 'IT004', 'NAS and SAN Introduction', null, '<ul><li>For Classes, Class Notes and Blog Posts:<span>http://www.EliTheComputerGuy.com</span></li><li>Join the Conversation at Our Online Community: http://ETCGNetwork.com</li><li>Visit the Vlog YouTube Channel at: http://www.YouTube.com/EliComputerGuy...</li><li>Follow us on Facebook at: http://www.Facebook.com/EliComputerGuy</li><li>Follow us on Twitter at: http://www.Twitter.com/EliComputerGuy</li></ul>', null, '3', '2015-10-26 15:52:25', '2015-10-26 15:52:25'), ('5', 'T', 'PM', 'IT005', 'SSH and FTP for Remote Administration', null, 'This module provides a general overview.', null, null, '2015-10-26 15:52:25', '2015-10-26 15:52:25');
COMMIT;

-- ----------------------------
--  Table structure for `resource_alignment`
-- ----------------------------
DROP TABLE IF EXISTS `resource_alignment`;
CREATE TABLE `resource_alignment` (
  `id` int(11) NOT NULL AUTO_INCREMENT,
  `resource_id` int(11) NOT NULL,
  `question_id` int(11) NOT NULL,
  PRIMARY KEY (`id`),
  KEY `resource_id_index` (`resource_id`),
  KEY `question_id_index` (`question_id`),
  CONSTRAINT `resource_alignment_ibfk_1` FOREIGN KEY (`resource_id`) REFERENCES `resource` (`id`),
  CONSTRAINT `resource_alignment_ibfk_2` FOREIGN KEY (`question_id`) REFERENCES `question` (`id`)
) ENGINE=InnoDB AUTO_INCREMENT=46 DEFAULT CHARSET=utf8 ROW_FORMAT=COMPACT;

-- ----------------------------
--  Records of `resource_alignment`
-- ----------------------------
BEGIN;
INSERT INTO `resource_alignment` VALUES ('1', '1', '1'), ('3', '3', '3'), ('6', '3', '2'), ('7', '4', '5'), ('20', '4', '1'), ('21', '4', '2'), ('22', '4', '3'), ('23', '4', '4'), ('24', '4', '6'), ('25', '4', '8'), ('26', '4', '9'), ('27', '4', '10'), ('28', '4', '11'), ('29', '4', '12'), ('30', '4', '13'), ('44', '2', '1'), ('45', '2', '3');
COMMIT;

-- ----------------------------
--  Table structure for `resource_alignment_map`
-- ----------------------------
DROP TABLE IF EXISTS `resource_alignment_map`;
CREATE TABLE `resource_alignment_map` (
  `id` int(11) NOT NULL AUTO_INCREMENT,
  `resource_alignment_id` int(11) NOT NULL,
  `response` int(11) NOT NULL,
  `utility` int(11) NOT NULL DEFAULT '0',
  PRIMARY KEY (`id`),
  UNIQUE KEY `resource_alignment_id` (`resource_alignment_id`,`response`),
  KEY `resource_alignment_id_index` (`resource_alignment_id`),
  CONSTRAINT `resource_alignment_maps_ibfk_1` FOREIGN KEY (`resource_alignment_id`) REFERENCES `resource_alignment` (`id`) ON DELETE CASCADE
) ENGINE=InnoDB AUTO_INCREMENT=142 DEFAULT CHARSET=utf8 COLLATE=utf8_bin;

-- ----------------------------
--  Records of `resource_alignment_map`
-- ----------------------------
BEGIN;
INSERT INTO `resource_alignment_map` VALUES ('1', '1', '1', '1'), ('2', '20', '1', '5'), ('3', '44', '1', '2'), ('4', '6', '1', '4'), ('5', '21', '1', '2'), ('6', '3', '1', '4'), ('7', '22', '1', '4'), ('8', '45', '1', '3'), ('9', '23', '1', '4'), ('10', '7', '1', '2'), ('11', '24', '1', '3'), ('12', '25', '1', '3'), ('13', '26', '1', '4'), ('14', '27', '1', '5'), ('15', '28', '1', '3'), ('16', '29', '1', '4'), ('17', '30', '1', '4'), ('32', '1', '2', '3'), ('33', '20', '2', '1'), ('34', '44', '2', '2'), ('35', '6', '2', '2'), ('36', '21', '2', '3'), ('37', '3', '2', '1'), ('38', '22', '2', '3'), ('39', '45', '2', '4'), ('40', '23', '2', '4'), ('41', '7', '2', '5'), ('42', '24', '2', '2'), ('43', '25', '2', '5'), ('44', '26', '2', '1'), ('45', '27', '2', '3'), ('46', '28', '2', '4'), ('47', '29', '2', '5'), ('48', '30', '2', '2'), ('63', '1', '3', '4'), ('64', '20', '3', '4'), ('65', '44', '3', '2'), ('66', '6', '3', '4'), ('67', '21', '3', '4'), ('68', '3', '3', '5'), ('69', '22', '3', '3'), ('70', '45', '3', '1'), ('71', '23', '3', '3'), ('72', '7', '3', '4'), ('73', '24', '3', '4'), ('74', '25', '3', '3'), ('75', '26', '3', '4'), ('76', '27', '3', '4'), ('77', '28', '3', '4'), ('78', '29', '3', '4'), ('79', '30', '3', '5'), ('94', '1', '4', '4'), ('95', '20', '4', '1'), ('96', '44', '4', '1'), ('97', '6', '4', '2'), ('98', '21', '4', '5'), ('99', '3', '4', '2'), ('100', '22', '4', '4'), ('101', '45', '4', '4'), ('102', '23', '4', '4'), ('103', '7', '4', '5'), ('104', '24', '4', '3'), ('105', '25', '4', '5'), ('106', '26', '4', '1'), ('107', '27', '4', '2'), ('108', '28', '4', '3'), ('109', '29', '4', '2'), ('110', '30', '4', '5'), ('125', '1', '5', '5'), ('126', '20', '5', '5'), ('127', '44', '5', '5'), ('128', '6', '5', '4'), ('129', '21', '5', '5'), ('130', '3', '5', '2'), ('131', '22', '5', '4'), ('132', '45', '5', '2'), ('133', '23', '5', '3'), ('134', '7', '5', '1'), ('135', '24', '5', '4'), ('136', '25', '5', '4'), ('137', '26', '5', '5'), ('138', '27', '5', '5'), ('139', '28', '5', '3'), ('140', '29', '5', '2'), ('141', '30', '5', '1');
COMMIT;

-- ----------------------------
--  Table structure for `resource_type`
-- ----------------------------
DROP TABLE IF EXISTS `resource_type`;
CREATE TABLE `resource_type` (
  `id` char(1) NOT NULL,
  `name` varchar(100) NOT NULL,
  `summary` varchar(500) DEFAULT NULL,
  `description` varchar(5000) DEFAULT NULL,
  PRIMARY KEY (`id`),
  UNIQUE KEY `id` (`id`)
) ENGINE=InnoDB DEFAULT CHARSET=utf8 ROW_FORMAT=COMPACT;

-- ----------------------------
--  Records of `resource_type`
-- ----------------------------
BEGIN;
INSERT INTO `resource_type` VALUES ('T', 'Template', 'Local HTML template file.', null), ('W', 'Web', 'Web URL.', null);
COMMIT;

-- ----------------------------
--  Table structure for `role`
-- ----------------------------
DROP TABLE IF EXISTS `role`;
CREATE TABLE `role` (
  `id` char(1) NOT NULL,
  `name` varchar(100) NOT NULL,
  `app_role_id` char(1) NOT NULL,
  `summary` varchar(500) DEFAULT NULL,
  `description` varchar(5000) DEFAULT NULL,
  PRIMARY KEY (`id`)
) ENGINE=InnoDB DEFAULT CHARSET=utf8 ROW_FORMAT=COMPACT;

-- ----------------------------
--  Records of `role`
-- ----------------------------
BEGIN;
INSERT INTO `role` VALUES ('A', 'Administrator', 'A', null, null), ('M', 'Manager', 'M', null, null), ('P', 'IT Professional', 'P', null, null), ('S', 'Sysadmin', 'S', null, null);
COMMIT;

-- ----------------------------
--  Procedure structure for `getOrgDescendantIds`
-- ----------------------------
DROP PROCEDURE IF EXISTS `getOrgDescendantIds`;
delimiter ;;
CREATE DEFINER=`root`@`localhost` PROCEDURE `getOrgDescendantIds`(IN pOrgId INT, OUT pDescendantIds TEXT)
BEGIN
    DECLARE vDone INT DEFAULT 0;
    DECLARE vChildId INT DEFAULT NULL;
    DECLARE vDescendantIds TEXT DEFAULT '';
    DECLARE vNumItems INT DEFAULT 0;
    DECLARE vItem TEXT DEFAULT '';
    DECLARE vI INT DEFAULT 0;
    DECLARE curs CURSOR FOR SELECT id FROM organization WHERE parent_id = pOrgId;
    DECLARE CONTINUE HANDLER FOR NOT FOUND SET vDone = 1;

    SET max_sp_recursion_depth = 255;
    IF pDescendantIds IS NULL THEN
      SET pDescendantIds = '';
    END IF;
    OPEN curs;
    REPEAT
      FETCH curs INTO vChildId;
      IF vChildId IS NOT NULL THEN
        IF LENGTH(pDescendantIds) > 0 THEN
          IF FIND_IN_SET(vChildId, pDescendantIds) <= 0 THEN
            SET pDescendantIds = CONCAT(pDescendantIds, ',', vChildId);
          END IF;
        ELSE
          SET pDescendantIds = vChildId;
        END IF;
        CALL getOrgDescendantIds(vChildId, vDescendantIds);
        IF LENGTH(vDescendantIds) > 0 THEN
          SET vNumItems = SubstrCount(',', vDescendantIds);
          IF (vNumItems > 0) THEN
            SET vI = 1;
            REPEAT
              SET vItem = splitStrAt(vDescendantIds, ',', vI);
              SET pDescendantIds = CONCAT(pDescendantIds, ',', vItem);
              SET vI = vI + 1;
            UNTIL vI > vNumItems END REPEAT;
          ELSE
            SET pDescendantIds = pDescendantIds;
          END IF;
        ELSE
          SET pDescendantIds = pDescendantIds;
        END IF;
      END IF;
    UNTIL vDone END REPEAT;
    CLOSE curs;
  END
 ;;
delimiter ;

-- ----------------------------
--  Function structure for `nOrgChildren`
-- ----------------------------
DROP FUNCTION IF EXISTS `nOrgChildren`;
delimiter ;;
CREATE DEFINER=`root`@`localhost` FUNCTION `nOrgChildren`(pOrgId INT) RETURNS int(11)
    DETERMINISTIC
BEGIN
    DECLARE cnt INT DEFAULT 0;
    SELECT COUNT(id) INTO cnt FROM organization WHERE parent_id=pOrgId;
    RETURN cnt;
  END
 ;;
delimiter ;

-- ----------------------------
--  Function structure for `RandomInt`
-- ----------------------------
DROP FUNCTION IF EXISTS `RandomInt`;
delimiter ;;
CREATE DEFINER=`root`@`localhost` FUNCTION `RandomInt`(minVal INT, maxVal INT) RETURNS int(11)
BEGIN
    RETURN (minVal + FLOOR(RAND() * ((maxVal - minVal)+1)));
  END
 ;;
delimiter ;

-- ----------------------------
--  Function structure for `retrieveOrgAncestorIds`
-- ----------------------------
DROP FUNCTION IF EXISTS `retrieveOrgAncestorIds`;
delimiter ;;
CREATE DEFINER=`root`@`localhost` FUNCTION `retrieveOrgAncestorIds`(leafId INT) RETURNS varchar(1000) CHARSET utf8
BEGIN
    DECLARE sTemp VARCHAR(1000);
    DECLARE sTempChd VARCHAR(1000);

    SET sTemp = '';
    SET sTempChd = cast(leafId AS CHAR);

    WHILE sTempChd IS NOT NULL DO
      IF LENGTH(sTemp) > 0
      THEN
        SET sTemp = concat(sTempChd, ',', sTemp);
      ELSE
        SET sTemp = sTempChd;
      END IF;
      SELECT parent_id INTO sTempChd FROM organization WHERE id = sTempChd;
    END WHILE;
    RETURN sTemp;
  END
 ;;
delimiter ;

-- ----------------------------
--  Function structure for `retrieveOrgDescendantIds`
-- ----------------------------
DROP FUNCTION IF EXISTS `retrieveOrgDescendantIds`;
delimiter ;;
CREATE DEFINER=`root`@`localhost` FUNCTION `retrieveOrgDescendantIds`(rootId INT) RETURNS varchar(1000) CHARSET utf8
BEGIN
    DECLARE sTemp VARCHAR(1000);
    DECLARE sTempChd VARCHAR(1000);

    SET sTemp = '';
    SET sTempChd = cast(rootId AS CHAR);

    WHILE sTempChd IS NOT NULL DO
      IF LENGTH(sTemp) > 0
      THEN
        SET sTemp = concat(sTemp, ',', sTempChd);
      ELSE
        SET sTemp = concat(sTemp, sTempChd);
      END IF;
      SELECT group_concat(id) INTO sTempChd FROM organization WHERE FIND_IN_SET(parent_id, sTempChd) > 0;
    END WHILE;
    RETURN sTemp;
  END
 ;;
delimiter ;

-- ----------------------------
--  Function structure for `retrieveOrgSubParentId`
-- ----------------------------
DROP FUNCTION IF EXISTS `retrieveOrgSubParentId`;
delimiter ;;
CREATE DEFINER=`root`@`localhost` FUNCTION `retrieveOrgSubParentId`(pTopId INT, pOrgId INT) RETURNS int(11)
BEGIN
    DECLARE vAncestorIds VARCHAR(1000);
    DECLARE vNumIDs INT;
    DECLARE vIdx INT;
    DECLARE vID VARCHAR(50);
    DECLARE vTopFound BOOL;

    SET vAncestorIds = retrieveOrgAncestorIds(pOrgId);
    SET vNumIDs = substrCount(',', vAncestorIds) + 1;
    SET vIdx = 1;
    SET vTopFound = FALSE;
    WHILE vIdx <= vNumIDs DO
      SET vID = CAST(splitStrAt(vAncestorIds, ',', vIdx) AS UNSIGNED);
      IF vID = pTopId
      THEN
        SET vTopFound = TRUE;
      ELSE
        IF vTopFound
        THEN
          RETURN vID;
        END IF;
      END IF;
      SET vIdx = vIdx + 1;
    END WHILE;
    RETURN 0;
  END
 ;;
delimiter ;

-- ----------------------------
--  Function structure for `retrieveOrgSubParentName`
-- ----------------------------
DROP FUNCTION IF EXISTS `retrieveOrgSubParentName`;
delimiter ;;
CREATE DEFINER=`root`@`localhost` FUNCTION `retrieveOrgSubParentName`(pTopId INT, pOrgId INT) RETURNS text CHARSET utf8
BEGIN
    DECLARE vAncestorIds VARCHAR(1000);
    DECLARE vNumIDs INT;
    DECLARE vIdx INT;
    DECLARE vID VARCHAR(50);
    DECLARE vTopFound BOOL;
    DECLARE vName TEXT;

    SET vAncestorIds = retrieveOrgAncestorIds(pOrgId);
    SET vNumIDs = substrCount(',', vAncestorIds) + 1;
    SET vIdx = 1;
    SET vTopFound = FALSE;
    WHILE vIdx <= vNumIDs DO
      SET vID = CAST(splitStrAt(vAncestorIds, ',', vIdx) AS UNSIGNED);
      IF vID = pTopId
      THEN
        SET vTopFound = TRUE;
      ELSE
        IF vTopFound
        THEN
          SELECT name INTO vName FROM organization WHERE id=vID;
          RETURN vName;
        END IF;
      END IF;
      SET vIdx = vIdx + 1;
    END WHILE;
    RETURN NULL;
  END
 ;;
delimiter ;

-- ----------------------------
--  Function structure for `splitStrAt`
-- ----------------------------
DROP FUNCTION IF EXISTS `splitStrAt`;
delimiter ;;
CREATE DEFINER=`root`@`localhost` FUNCTION `splitStrAt`(x VARCHAR(255), delim VARCHAR(12), pos INT) RETURNS varchar(255) CHARSET utf8
RETURN REPLACE(SUBSTRING(SUBSTRING_INDEX(x, delim, pos), LENGTH(SUBSTRING_INDEX(x, delim, pos - 1)) + 1), delim, '')
 ;;
delimiter ;

-- ----------------------------
--  Function structure for `substrCount`
-- ----------------------------
DROP FUNCTION IF EXISTS `substrCount`;
delimiter ;;
CREATE DEFINER=`root`@`localhost` FUNCTION `substrCount`(ch CHAR, str TEXT) RETURNS int(11)
    DETERMINISTIC
BEGIN
    RETURN (LENGTH(str) - LENGTH(REPLACE(str, ch, '')));
  END
 ;;
delimiter ;

SET FOREIGN_KEY_CHECKS = 1;
