/*
 Navicat MySQL Data Transfer

 Source Server         : localhost
 Source Server Type    : MySQL
 Source Server Version : 50713
 Source Host           : localhost
 Source Database       : cogentqi_v1_owensboro

 Target Server Type    : MySQL
 Target Server Version : 50713
 File Encoding         : utf-8

 Date: 07/29/2016 21:22:38 PM
*/

SET NAMES utf8mb4;
SET FOREIGN_KEY_CHECKS = 0;

-- ----------------------------
--  Table structure for `_db_update`
-- ----------------------------
DROP TABLE IF EXISTS `_db_update`;
CREATE TABLE `_db_update` (
  `script_name` varchar(100) NOT NULL,
  `runOn` timestamp NOT NULL DEFAULT CURRENT_TIMESTAMP,
  PRIMARY KEY (`script_name`),
  UNIQUE KEY `script_name` (`script_name`)
) ENGINE=InnoDB DEFAULT CHARSET=utf8 ROW_FORMAT=COMPACT;

-- ----------------------------
--  Records of `_db_update`
-- ----------------------------
BEGIN;
INSERT INTO `_db_update` VALUES ('0001-RecommendationFields.sql', '2015-11-25 10:58:37'), ('0002-AppRole.sql', '2015-11-26 15:22:07'), ('0003-RoleAgain.sql', '2015-11-28 21:30:02'), ('0004-Events.sql', '2015-12-10 13:29:54'), ('0008-ResponseTimestamp.sql', '2016-01-03 19:28:35'), ('0009-EventOutcomeRecommendations.sql', '2016-01-30 13:57:29'), ('0010-ChangeLevelType.sql', '2016-02-01 19:39:12');
COMMIT;

-- ----------------------------
--  Table structure for `algorithm_usage`
-- ----------------------------
DROP TABLE IF EXISTS `algorithm_usage`;
CREATE TABLE `algorithm_usage` (
  `id` char(1) NOT NULL,
  `name` varchar(100) NOT NULL,
  `description` varchar(5000) DEFAULT NULL,
  `summary` varchar(500) DEFAULT NULL,
  PRIMARY KEY (`id`)
) ENGINE=InnoDB DEFAULT CHARSET=utf8 ROW_FORMAT=COMPACT;

-- ----------------------------
--  Records of `algorithm_usage`
-- ----------------------------
BEGIN;
INSERT INTO `algorithm_usage` VALUES ('N', 'None', null, null), ('R', 'Recommendations', null, null);
COMMIT;

-- ----------------------------
--  Table structure for `assessment`
-- ----------------------------
DROP TABLE IF EXISTS `assessment`;
CREATE TABLE `assessment` (
  `id` int(11) NOT NULL AUTO_INCREMENT,
  `instrument_id` int(11) NOT NULL,
  `member_id` int(11) NOT NULL,
  `assessor_id` int(11) DEFAULT NULL,
  `last_saved` datetime NOT NULL DEFAULT CURRENT_TIMESTAMP,
  `last_modified` timestamp NOT NULL DEFAULT CURRENT_TIMESTAMP,
  `assessor_comments` longtext,
  `member_comments` text,
  `score` double DEFAULT NULL,
  `rank` int(11) DEFAULT NULL,
  `edit_status` char(1) DEFAULT 'A',
  `view_status` char(1) DEFAULT 'A',
  `instrument_schedule_id` int(11) NOT NULL,
  PRIMARY KEY (`id`),
  KEY `instrument_id_index` (`instrument_id`),
  KEY `member_id_index` (`member_id`),
  KEY `by_member_id_index` (`assessor_id`),
  KEY `instrument_schedule_id` (`instrument_schedule_id`),
  CONSTRAINT `assessment_ibfk_1` FOREIGN KEY (`member_id`) REFERENCES `member` (`id`),
  CONSTRAINT `assessment_ibfk_2` FOREIGN KEY (`assessor_id`) REFERENCES `member` (`id`),
  CONSTRAINT `assessment_ibfk_3` FOREIGN KEY (`instrument_id`) REFERENCES `instrument` (`id`),
  CONSTRAINT `assessment_ibfk_4` FOREIGN KEY (`instrument_schedule_id`) REFERENCES `instrument_schedule` (`id`),
  CONSTRAINT `assessment_ibfk_5` FOREIGN KEY (`instrument_schedule_id`) REFERENCES `instrument_schedule` (`id`),
  CONSTRAINT `assessment_ibfk_6` FOREIGN KEY (`instrument_schedule_id`) REFERENCES `instrument_schedule` (`id`)
) ENGINE=InnoDB AUTO_INCREMENT=364 DEFAULT CHARSET=utf8 ROW_FORMAT=COMPACT;

-- ----------------------------
--  Records of `assessment`
-- ----------------------------
BEGIN;
INSERT INTO `assessment` VALUES ('254', '15', '5', '5', '2016-02-04 20:48:55', '2016-02-04 20:48:55', 'We are seeing significant improvement since the last evaluation.', 'I feel as though I am on track.', null, null, 'A', 'A', '6'), ('255', '15', '31', '31', '2016-02-05 20:48:55', '2016-02-05 20:48:55', 'We are seeing significant improvement since the last evaluation.', 'I feel as though I am on track.', null, null, 'A', 'A', '6'), ('256', '15', '33', '33', '2016-03-12 20:48:55', '2016-03-12 20:48:55', 'We are seeing significant improvement since the last evaluation.', 'I feel as though I am on track.', null, null, 'A', 'A', '6'), ('257', '15', '4', '4', '2016-01-31 20:48:55', '2016-01-31 20:48:55', 'We are seeing significant improvement since the last evaluation.', 'I feel as though I am on track.', null, null, 'A', 'A', '6'), ('258', '15', '32', '32', '2016-03-11 20:48:55', '2016-03-11 20:48:55', 'We are seeing significant improvement since the last evaluation.', 'I feel as though I am on track.', null, null, 'A', 'A', '6'), ('261', '16', '7', '7', '2015-04-16 20:48:55', '2015-04-16 20:48:55', 'We are seeing significant improvement since the last evaluation.', 'I feel as though I am on track.', null, null, 'A', 'A', '7'), ('262', '16', '9', '9', '2015-06-23 20:48:55', '2015-06-23 20:48:55', 'We are seeing significant improvement since the last evaluation.', 'I feel as though I am on track.', null, null, 'A', 'A', '7'), ('263', '16', '10', '10', '2015-06-13 20:48:55', '2015-06-13 20:48:55', 'We are seeing significant improvement since the last evaluation.', 'I feel as though I am on track.', null, null, 'A', 'A', '7'), ('264', '16', '11', '11', '2015-04-21 20:48:55', '2015-04-21 20:48:55', 'We are seeing significant improvement since the last evaluation.', 'I feel as though I am on track.', null, null, 'A', 'A', '7'), ('265', '16', '12', '12', '2015-06-27 20:48:55', '2015-06-27 20:48:55', 'We are seeing significant improvement since the last evaluation.', 'I feel as though I am on track.', null, null, 'A', 'A', '7'), ('266', '16', '13', '13', '2015-06-19 20:48:55', '2015-06-19 20:48:55', 'We are seeing significant improvement since the last evaluation.', 'I feel as though I am on track.', null, null, 'A', 'A', '7'), ('267', '16', '17', '17', '2015-05-11 20:48:55', '2015-05-11 20:48:55', 'We are seeing significant improvement since the last evaluation.', 'I feel as though I am on track.', null, null, 'A', 'A', '7'), ('268', '16', '18', '18', '2015-06-06 20:48:55', '2015-06-06 20:48:55', 'We are seeing significant improvement since the last evaluation.', 'I feel as though I am on track.', null, null, 'A', 'A', '7'), ('269', '16', '20', '20', '2015-04-14 20:48:55', '2015-04-14 20:48:55', 'We are seeing significant improvement since the last evaluation.', 'I feel as though I am on track.', null, null, 'A', 'A', '7'), ('270', '16', '21', '21', '2015-06-12 20:48:55', '2015-06-12 20:48:55', 'We are seeing significant improvement since the last evaluation.', 'I feel as though I am on track.', null, null, 'A', 'A', '7'), ('271', '16', '22', '22', '2015-04-28 20:48:55', '2015-04-28 20:48:55', 'We are seeing significant improvement since the last evaluation.', 'I feel as though I am on track.', null, null, 'A', 'A', '7'), ('272', '16', '23', '23', '2015-04-23 20:48:55', '2015-04-23 20:48:55', 'We are seeing significant improvement since the last evaluation.', 'I feel as though I am on track.', null, null, 'A', 'A', '7'), ('273', '16', '24', '24', '2015-05-05 20:48:55', '2015-05-05 20:48:55', 'We are seeing significant improvement since the last evaluation.', 'I feel as though I am on track.', null, null, 'A', 'A', '7'), ('274', '16', '25', '25', '2015-04-12 20:48:55', '2015-04-12 20:48:55', 'We are seeing significant improvement since the last evaluation.', 'I feel as though I am on track.', null, null, 'A', 'A', '7'), ('275', '16', '26', '26', '2015-05-25 20:48:55', '2015-05-25 20:48:55', 'We are seeing significant improvement since the last evaluation.', 'I feel as though I am on track.', null, null, 'A', 'A', '7'), ('276', '16', '27', '27', '2015-05-16 20:48:55', '2015-05-16 20:48:55', 'We are seeing significant improvement since the last evaluation.', 'I feel as though I am on track.', null, null, 'A', 'A', '7'), ('277', '16', '28', '28', '2015-06-05 20:48:55', '2015-06-05 20:48:55', 'We are seeing significant improvement since the last evaluation.', 'I feel as though I am on track.', null, null, 'A', 'A', '7'), ('278', '16', '29', '29', '2015-03-29 20:48:55', '2015-03-29 20:48:55', 'We are seeing significant improvement since the last evaluation.', 'I feel as though I am on track.', null, null, 'A', 'A', '7'), ('279', '16', '30', '30', '2015-07-02 20:48:55', '2015-07-02 20:48:55', 'We are seeing significant improvement since the last evaluation.', 'I feel as though I am on track.', null, null, 'A', 'A', '7'), ('292', '16', '7', '7', '2015-09-21 20:48:55', '2015-09-21 20:48:55', 'We are seeing significant improvement since the last evaluation.', 'I feel as though I am on track.', null, null, 'A', 'A', '7'), ('293', '16', '9', '9', '2015-10-13 20:48:55', '2015-10-13 20:48:55', 'We are seeing significant improvement since the last evaluation.', 'I feel as though I am on track.', null, null, 'A', 'A', '7'), ('294', '16', '10', '10', '2015-09-09 20:48:55', '2015-09-09 20:48:55', 'We are seeing significant improvement since the last evaluation.', 'I feel as though I am on track.', null, null, 'A', 'A', '7'), ('295', '16', '11', '11', '2015-08-03 20:48:55', '2015-08-03 20:48:55', 'We are seeing significant improvement since the last evaluation.', 'I feel as though I am on track.', null, null, 'A', 'A', '7'), ('296', '16', '12', '12', '2015-08-19 20:48:55', '2015-08-19 20:48:55', 'We are seeing significant improvement since the last evaluation.', 'I feel as though I am on track.', null, null, 'A', 'A', '7'), ('297', '16', '13', '13', '2015-08-14 20:48:55', '2015-08-14 20:48:55', 'We are seeing significant improvement since the last evaluation.', 'I feel as though I am on track.', null, null, 'A', 'A', '7'), ('298', '16', '17', '17', '2015-09-05 20:48:55', '2015-09-05 20:48:55', 'We are seeing significant improvement since the last evaluation.', 'I feel as though I am on track.', null, null, 'A', 'A', '7'), ('299', '16', '18', '18', '2015-10-03 20:48:55', '2015-10-03 20:48:55', 'We are seeing significant improvement since the last evaluation.', 'I feel as though I am on track.', null, null, 'A', 'A', '7'), ('300', '16', '20', '20', '2015-09-08 20:48:55', '2015-09-08 20:48:55', 'We are seeing significant improvement since the last evaluation.', 'I feel as though I am on track.', null, null, 'A', 'A', '7'), ('301', '16', '21', '21', '2015-08-28 20:48:55', '2015-08-28 20:48:55', 'We are seeing significant improvement since the last evaluation.', 'I feel as though I am on track.', null, null, 'A', 'A', '7'), ('302', '16', '22', '22', '2015-09-17 20:48:55', '2015-09-17 20:48:55', 'We are seeing significant improvement since the last evaluation.', 'I feel as though I am on track.', null, null, 'A', 'A', '7'), ('303', '16', '23', '23', '2015-07-11 20:48:55', '2015-07-11 20:48:55', 'We are seeing significant improvement since the last evaluation.', 'I feel as though I am on track.', null, null, 'A', 'A', '7'), ('304', '16', '24', '24', '2015-07-13 20:48:55', '2015-07-13 20:48:55', 'We are seeing significant improvement since the last evaluation.', 'I feel as though I am on track.', null, null, 'A', 'A', '7'), ('305', '16', '25', '25', '2015-07-27 20:48:55', '2015-07-27 20:48:55', 'We are seeing significant improvement since the last evaluation.', 'I feel as though I am on track.', null, null, 'A', 'A', '7'), ('306', '16', '26', '26', '2015-09-29 20:48:55', '2015-09-29 20:48:55', 'We are seeing significant improvement since the last evaluation.', 'I feel as though I am on track.', null, null, 'A', 'A', '7'), ('307', '16', '27', '27', '2015-09-08 20:48:55', '2015-09-08 20:48:55', 'We are seeing significant improvement since the last evaluation.', 'I feel as though I am on track.', null, null, 'A', 'A', '7'), ('308', '16', '28', '28', '2015-09-07 20:48:55', '2015-09-07 20:48:55', 'We are seeing significant improvement since the last evaluation.', 'I feel as though I am on track.', null, null, 'A', 'A', '7'), ('309', '16', '29', '29', '2015-08-01 20:48:55', '2015-08-01 20:48:55', 'We are seeing significant improvement since the last evaluation.', 'I feel as though I am on track.', null, null, 'A', 'A', '7'), ('310', '16', '30', '30', '2015-08-15 20:48:55', '2015-08-15 20:48:55', 'We are seeing significant improvement since the last evaluation.', 'I feel as though I am on track.', null, null, 'A', 'A', '7'), ('323', '16', '7', '7', '2015-11-07 20:48:55', '2015-11-07 20:48:55', 'We are seeing significant improvement since the last evaluation.', 'I feel as though I am on track.', null, null, 'A', 'A', '7'), ('324', '16', '9', '9', '2016-01-21 20:48:55', '2016-01-21 20:48:55', 'We are seeing significant improvement since the last evaluation.', 'I feel as though I am on track.', null, null, 'A', 'A', '7'), ('325', '16', '10', '10', '2015-11-07 20:48:55', '2015-11-07 20:48:55', 'We are seeing significant improvement since the last evaluation.', 'I feel as though I am on track.', null, null, 'A', 'A', '7'), ('326', '16', '11', '11', '2015-11-07 20:48:55', '2015-11-07 20:48:55', 'We are seeing significant improvement since the last evaluation.', 'I feel as though I am on track.', null, null, 'A', 'A', '7'), ('327', '16', '12', '12', '2015-12-03 20:48:55', '2015-12-03 20:48:55', 'We are seeing significant improvement since the last evaluation.', 'I feel as though I am on track.', null, null, 'A', 'A', '7'), ('328', '16', '13', '13', '2015-12-31 20:48:55', '2015-12-31 20:48:55', 'We are seeing significant improvement since the last evaluation.', 'I feel as though I am on track.', null, null, 'A', 'A', '7'), ('329', '16', '17', '17', '2015-11-22 20:48:55', '2015-11-22 20:48:55', 'We are seeing significant improvement since the last evaluation.', 'I feel as though I am on track.', null, null, 'A', 'A', '7'), ('330', '16', '18', '18', '2015-12-15 20:48:55', '2015-12-15 20:48:55', 'We are seeing significant improvement since the last evaluation.', 'I feel as though I am on track.', null, null, 'A', 'A', '7'), ('331', '16', '20', '20', '2016-01-15 20:48:55', '2016-01-15 20:48:55', 'We are seeing significant improvement since the last evaluation.', 'I feel as though I am on track.', null, null, 'A', 'A', '7'), ('332', '16', '21', '21', '2016-01-04 20:48:55', '2016-01-04 20:48:55', 'We are seeing significant improvement since the last evaluation.', 'I feel as though I am on track.', null, null, 'A', 'A', '7'), ('333', '16', '22', '22', '2015-11-13 20:48:55', '2015-11-13 20:48:55', 'We are seeing significant improvement since the last evaluation.', 'I feel as though I am on track.', null, null, 'A', 'A', '7'), ('334', '16', '23', '23', '2015-10-19 20:48:55', '2015-10-19 20:48:55', 'We are seeing significant improvement since the last evaluation.', 'I feel as though I am on track.', null, null, 'A', 'A', '7'), ('335', '16', '24', '24', '2015-11-18 20:48:55', '2015-11-18 20:48:55', 'We are seeing significant improvement since the last evaluation.', 'I feel as though I am on track.', null, null, 'A', 'A', '7'), ('336', '16', '25', '25', '2015-12-14 20:48:55', '2015-12-14 20:48:55', 'We are seeing significant improvement since the last evaluation.', 'I feel as though I am on track.', null, null, 'A', 'A', '7'), ('337', '16', '26', '26', '2015-10-16 20:48:55', '2015-10-16 20:48:55', 'We are seeing significant improvement since the last evaluation.', 'I feel as though I am on track.', null, null, 'A', 'A', '7'), ('338', '16', '27', '27', '2015-11-10 20:48:55', '2015-11-10 20:48:55', 'We are seeing significant improvement since the last evaluation.', 'I feel as though I am on track.', null, null, 'A', 'A', '7'), ('339', '16', '28', '28', '2015-11-14 20:48:55', '2015-11-14 20:48:55', 'We are seeing significant improvement since the last evaluation.', 'I feel as though I am on track.', null, null, 'A', 'A', '7'), ('340', '16', '29', '29', '2015-12-25 20:48:55', '2015-12-25 20:48:55', 'We are seeing significant improvement since the last evaluation.', 'I feel as though I am on track.', null, null, 'A', 'A', '7'), ('341', '16', '30', '30', '2015-12-20 20:48:55', '2015-12-20 20:48:55', 'We are seeing significant improvement since the last evaluation.', 'I feel as though I am on track.', null, null, 'A', 'A', '7'), ('354', '16', '12', '12', '2016-03-04 20:48:55', '2016-03-04 20:48:55', 'We are seeing significant improvement since the last evaluation.', 'I feel as though I am on track.', null, null, 'A', 'A', '7'), ('355', '16', '20', '20', '2016-02-21 20:48:55', '2016-02-21 20:48:55', 'We are seeing significant improvement since the last evaluation.', 'I feel as though I am on track.', null, null, 'A', 'A', '7'), ('356', '16', '24', '24', '2016-02-14 20:48:55', '2016-02-14 20:48:55', 'We are seeing significant improvement since the last evaluation.', 'I feel as though I am on track.', null, null, 'A', 'A', '7'), ('357', '16', '27', '27', '2016-02-11 20:48:55', '2016-02-11 20:48:55', 'We are seeing significant improvement since the last evaluation.', 'I feel as though I am on track.', null, null, 'A', 'A', '7'), ('358', '16', '10', '10', '2016-03-06 20:48:55', '2016-03-06 20:48:55', 'We are seeing significant improvement since the last evaluation.', 'I feel as though I am on track.', null, null, 'A', 'A', '7'), ('359', '16', '25', '25', '2016-02-07 20:48:55', '2016-02-07 20:48:55', 'We are seeing significant improvement since the last evaluation.', 'I feel as though I am on track.', null, null, 'A', 'A', '7'), ('360', '16', '18', '18', '2016-02-18 20:48:55', '2016-02-18 20:48:55', 'We are seeing significant improvement since the last evaluation.', 'I feel as though I am on track.', null, null, 'A', 'A', '7'), ('361', '16', '29', '29', '2016-03-01 20:48:55', '2016-03-01 20:48:55', 'We are seeing significant improvement since the last evaluation.', 'I feel as though I am on track.', null, null, 'A', 'A', '7'), ('362', '16', '22', '22', '2016-01-23 20:48:55', '2016-01-23 20:48:55', 'We are seeing significant improvement since the last evaluation.', 'I feel as though I am on track.', null, null, 'A', 'A', '7'), ('363', '16', '28', '28', '2016-02-13 20:48:55', '2016-02-13 20:48:55', 'We are seeing significant improvement since the last evaluation.', 'I feel as though I am on track.', null, null, 'A', 'A', '7');
COMMIT;

-- ----------------------------
--  Table structure for `assessment_response`
-- ----------------------------
DROP TABLE IF EXISTS `assessment_response`;
CREATE TABLE `assessment_response` (
  `id` int(11) NOT NULL AUTO_INCREMENT,
  `assessment_id` int(11) DEFAULT NULL,
  `question_id` int(11) NOT NULL,
  `response` varchar(500) DEFAULT NULL,
  `assessor_comments` longtext,
  `member_comments` text,
  `response_index` int(11) DEFAULT NULL,
  `recommended_resource_id` int(11) DEFAULT NULL,
  `time_stamp` timestamp NOT NULL DEFAULT CURRENT_TIMESTAMP,
  PRIMARY KEY (`id`),
  UNIQUE KEY `unique_evaluation_responses` (`assessment_id`,`question_id`),
  KEY `evaluation_id_index` (`assessment_id`),
  KEY `question_id_index` (`question_id`),
  KEY `assessment_response_resource__fk` (`recommended_resource_id`),
  CONSTRAINT `assessment_response_ibfk_1` FOREIGN KEY (`assessment_id`) REFERENCES `assessment` (`id`),
  CONSTRAINT `assessment_response_ibfk_2` FOREIGN KEY (`question_id`) REFERENCES `question` (`id`),
  CONSTRAINT `assessment_response_resource__fk` FOREIGN KEY (`recommended_resource_id`) REFERENCES `resource` (`id`)
) ENGINE=InnoDB AUTO_INCREMENT=8743 DEFAULT CHARSET=utf8 ROW_FORMAT=COMPACT;

-- ----------------------------
--  Records of `assessment_response`
-- ----------------------------
BEGIN;
INSERT INTO `assessment_response` VALUES ('6478', '254', '388', '2', null, null, '2', null, '2016-03-12 20:48:55'), ('6479', '254', '389', '5', null, null, '5', null, '2016-03-12 20:48:55'), ('6480', '254', '390', '3', null, null, '3', null, '2016-03-12 20:48:55'), ('6481', '254', '391', '2', null, null, '2', null, '2016-03-12 20:48:55'), ('6482', '254', '392', '1', null, null, '1', null, '2016-03-12 20:48:55'), ('6483', '254', '393', '4', null, null, '4', null, '2016-03-12 20:48:55'), ('6484', '254', '394', '1', null, null, '1', null, '2016-03-12 20:48:55'), ('6485', '254', '395', '1', null, null, '1', null, '2016-03-12 20:48:55'), ('6486', '254', '396', '4', null, null, '4', null, '2016-03-12 20:48:55'), ('6487', '254', '397', '4', null, null, '4', null, '2016-03-12 20:48:55'), ('6488', '254', '398', '3', null, null, '3', null, '2016-03-12 20:48:55'), ('6489', '254', '399', '1', null, null, '1', null, '2016-03-12 20:48:55'), ('6490', '254', '400', '4', null, null, '4', null, '2016-03-12 20:48:55'), ('6491', '254', '401', '4', null, null, '4', null, '2016-03-12 20:48:55'), ('6492', '254', '402', '3', null, null, '3', null, '2016-03-12 20:48:55'), ('6493', '254', '403', '3', null, null, '3', null, '2016-03-12 20:48:55'), ('6494', '254', '404', '2', null, null, '2', null, '2016-03-12 20:48:55'), ('6495', '254', '405', '4', null, null, '4', null, '2016-03-12 20:48:55'), ('6496', '254', '406', '4', null, null, '4', null, '2016-03-12 20:48:55'), ('6497', '254', '407', '5', null, null, '5', null, '2016-03-12 20:48:55'), ('6498', '254', '408', '4', null, null, '4', null, '2016-03-12 20:48:55'), ('6499', '254', '409', '5', null, null, '5', null, '2016-03-12 20:48:55'), ('6500', '254', '410', '4', null, null, '4', null, '2016-03-12 20:48:55'), ('6501', '254', '411', '3', null, null, '3', null, '2016-03-12 20:48:55'), ('6502', '254', '412', '3', null, null, '3', null, '2016-03-12 20:48:55'), ('6503', '254', '413', '3', null, null, '3', null, '2016-03-12 20:48:55'), ('6504', '254', '414', '5', null, null, '5', null, '2016-03-12 20:48:55'), ('6505', '254', '415', '4', null, null, '4', null, '2016-03-12 20:48:55'), ('6506', '254', '416', '3', null, null, '3', null, '2016-03-12 20:48:55'), ('6507', '254', '417', '2', null, null, '2', null, '2016-03-12 20:48:55'), ('6508', '254', '418', '5', null, null, '5', null, '2016-03-12 20:48:55'), ('6509', '254', '419', '4', null, null, '4', null, '2016-03-12 20:48:55'), ('6510', '254', '420', '2', null, null, '2', null, '2016-03-12 20:48:55'), ('6511', '254', '421', '4', null, null, '4', null, '2016-03-12 20:48:55'), ('6512', '255', '388', '5', null, null, '5', null, '2016-03-12 20:48:55'), ('6513', '255', '389', '1', null, null, '1', null, '2016-03-12 20:48:55'), ('6514', '255', '390', '2', null, null, '2', null, '2016-03-12 20:48:55'), ('6515', '255', '391', '4', null, null, '4', null, '2016-03-12 20:48:55'), ('6516', '255', '392', '3', null, null, '3', null, '2016-03-12 20:48:55'), ('6517', '255', '393', '5', null, null, '5', null, '2016-03-12 20:48:55'), ('6518', '255', '394', '5', null, null, '5', null, '2016-03-12 20:48:55'), ('6519', '255', '395', '4', null, null, '4', null, '2016-03-12 20:48:55'), ('6520', '255', '396', '2', null, null, '2', null, '2016-03-12 20:48:55'), ('6521', '255', '397', '4', null, null, '4', null, '2016-03-12 20:48:55'), ('6522', '255', '398', '2', null, null, '2', null, '2016-03-12 20:48:55'), ('6523', '255', '399', '4', null, null, '4', null, '2016-03-12 20:48:55'), ('6524', '255', '400', '4', null, null, '4', null, '2016-03-12 20:48:55'), ('6525', '255', '401', '2', null, null, '2', null, '2016-03-12 20:48:55'), ('6526', '255', '402', '2', null, null, '2', null, '2016-03-12 20:48:55'), ('6527', '255', '403', '5', null, null, '5', null, '2016-03-12 20:48:55'), ('6528', '255', '404', '4', null, null, '4', null, '2016-03-12 20:48:55'), ('6529', '255', '405', '2', null, null, '2', null, '2016-03-12 20:48:55'), ('6530', '255', '406', '1', null, null, '1', null, '2016-03-12 20:48:55'), ('6531', '255', '407', '5', null, null, '5', null, '2016-03-12 20:48:55'), ('6532', '255', '408', '4', null, null, '4', null, '2016-03-12 20:48:55'), ('6533', '255', '409', '2', null, null, '2', null, '2016-03-12 20:48:55'), ('6534', '255', '410', '2', null, null, '2', null, '2016-03-12 20:48:55'), ('6535', '255', '411', '2', null, null, '2', null, '2016-03-12 20:48:55'), ('6536', '255', '412', '4', null, null, '4', null, '2016-03-12 20:48:55'), ('6537', '255', '413', '4', null, null, '4', null, '2016-03-12 20:48:55'), ('6538', '255', '414', '2', null, null, '2', null, '2016-03-12 20:48:55'), ('6539', '255', '415', '5', null, null, '5', null, '2016-03-12 20:48:55'), ('6540', '255', '416', '5', null, null, '5', null, '2016-03-12 20:48:55'), ('6541', '255', '417', '1', null, null, '1', null, '2016-03-12 20:48:55'), ('6542', '255', '418', '2', null, null, '2', null, '2016-03-12 20:48:55'), ('6543', '255', '419', '5', null, null, '5', null, '2016-03-12 20:48:55'), ('6544', '255', '420', '2', null, null, '2', null, '2016-03-12 20:48:55'), ('6545', '255', '421', '5', null, null, '5', null, '2016-03-12 20:48:55'), ('6546', '256', '388', '2', null, null, '2', null, '2016-03-12 20:48:55'), ('6547', '256', '389', '3', null, null, '3', null, '2016-03-12 20:48:55'), ('6548', '256', '390', '2', null, null, '2', null, '2016-03-12 20:48:55'), ('6549', '256', '391', '5', null, null, '5', null, '2016-03-12 20:48:55'), ('6550', '256', '392', '2', null, null, '2', null, '2016-03-12 20:48:55'), ('6551', '256', '393', '5', null, null, '5', null, '2016-03-12 20:48:55'), ('6552', '256', '394', '3', null, null, '3', null, '2016-03-12 20:48:55'), ('6553', '256', '395', '5', null, null, '5', null, '2016-03-12 20:48:55'), ('6554', '256', '396', '2', null, null, '2', null, '2016-03-12 20:48:55'), ('6555', '256', '397', '2', null, null, '2', null, '2016-03-12 20:48:55'), ('6556', '256', '398', '4', null, null, '4', null, '2016-03-12 20:48:55'), ('6557', '256', '399', '4', null, null, '4', null, '2016-03-12 20:48:55'), ('6558', '256', '400', '2', null, null, '2', null, '2016-03-12 20:48:55'), ('6559', '256', '401', '5', null, null, '5', null, '2016-03-12 20:48:55'), ('6560', '256', '402', '1', null, null, '1', null, '2016-03-12 20:48:55'), ('6561', '256', '403', '4', null, null, '4', null, '2016-03-12 20:48:55'), ('6562', '256', '404', '4', null, null, '4', null, '2016-03-12 20:48:55'), ('6563', '256', '405', '1', null, null, '1', null, '2016-03-12 20:48:55'), ('6564', '256', '406', '5', null, null, '5', null, '2016-03-12 20:48:55'), ('6565', '256', '407', '4', null, null, '4', null, '2016-03-12 20:48:55'), ('6566', '256', '408', '5', null, null, '5', null, '2016-03-12 20:48:55'), ('6567', '256', '409', '1', null, null, '1', null, '2016-03-12 20:48:55'), ('6568', '256', '410', '5', null, null, '5', null, '2016-03-12 20:48:55'), ('6569', '256', '411', '2', null, null, '2', null, '2016-03-12 20:48:55'), ('6570', '256', '412', '4', null, null, '4', null, '2016-03-12 20:48:55'), ('6571', '256', '413', '5', null, null, '5', null, '2016-03-12 20:48:55'), ('6572', '256', '414', '1', null, null, '1', null, '2016-03-12 20:48:55'), ('6573', '256', '415', '2', null, null, '2', null, '2016-03-12 20:48:55'), ('6574', '256', '416', '5', null, null, '5', null, '2016-03-12 20:48:55'), ('6575', '256', '417', '2', null, null, '2', null, '2016-03-12 20:48:55'), ('6576', '256', '418', '5', null, null, '5', null, '2016-03-12 20:48:55'), ('6577', '256', '419', '3', null, null, '3', null, '2016-03-12 20:48:55'), ('6578', '256', '420', '1', null, null, '1', null, '2016-03-12 20:48:55'), ('6579', '256', '421', '1', null, null, '1', null, '2016-03-12 20:48:55'), ('6580', '257', '388', '3', null, null, '3', null, '2016-03-12 20:48:55'), ('6581', '257', '389', '2', null, null, '2', null, '2016-03-12 20:48:55'), ('6582', '257', '390', '1', null, null, '1', null, '2016-03-12 20:48:55'), ('6583', '257', '391', '4', null, null, '4', null, '2016-03-12 20:48:55'), ('6584', '257', '392', '5', null, null, '5', null, '2016-03-12 20:48:55'), ('6585', '257', '393', '5', null, null, '5', null, '2016-03-12 20:48:55'), ('6586', '257', '394', '3', null, null, '3', null, '2016-03-12 20:48:55'), ('6587', '257', '395', '4', null, null, '4', null, '2016-03-12 20:48:55'), ('6588', '257', '396', '1', null, null, '1', null, '2016-03-12 20:48:55'), ('6589', '257', '397', '3', null, null, '3', null, '2016-03-12 20:48:55'), ('6590', '257', '398', '5', null, null, '5', null, '2016-03-12 20:48:55'), ('6591', '257', '399', '1', null, null, '1', null, '2016-03-12 20:48:55'), ('6592', '257', '400', '5', null, null, '5', null, '2016-03-12 20:48:55'), ('6593', '257', '401', '3', null, null, '3', null, '2016-03-12 20:48:55'), ('6594', '257', '402', '5', null, null, '5', null, '2016-03-12 20:48:55'), ('6595', '257', '403', '4', null, null, '4', null, '2016-03-12 20:48:55'), ('6596', '257', '404', '5', null, null, '5', null, '2016-03-12 20:48:55'), ('6597', '257', '405', '4', null, null, '4', null, '2016-03-12 20:48:55'), ('6598', '257', '406', '5', null, null, '5', null, '2016-03-12 20:48:55'), ('6599', '257', '407', '1', null, null, '1', null, '2016-03-12 20:48:55'), ('6600', '257', '408', '2', null, null, '2', null, '2016-03-12 20:48:55'), ('6601', '257', '409', '3', null, null, '3', null, '2016-03-12 20:48:55'), ('6602', '257', '410', '4', null, null, '4', null, '2016-03-12 20:48:55'), ('6603', '257', '411', '2', null, null, '2', null, '2016-03-12 20:48:55'), ('6604', '257', '412', '5', null, null, '5', null, '2016-03-12 20:48:55'), ('6605', '257', '413', '5', null, null, '5', null, '2016-03-12 20:48:55'), ('6606', '257', '414', '4', null, null, '4', null, '2016-03-12 20:48:55'), ('6607', '257', '415', '5', null, null, '5', null, '2016-03-12 20:48:55'), ('6608', '257', '416', '3', null, null, '3', null, '2016-03-12 20:48:55'), ('6609', '257', '417', '3', null, null, '3', null, '2016-03-12 20:48:55'), ('6610', '257', '418', '3', null, null, '3', null, '2016-03-12 20:48:55'), ('6611', '257', '419', '5', null, null, '5', null, '2016-03-12 20:48:55'), ('6612', '257', '420', '2', null, null, '2', null, '2016-03-12 20:48:55'), ('6613', '257', '421', '3', null, null, '3', null, '2016-03-12 20:48:55'), ('6614', '258', '388', '4', null, null, '4', null, '2016-03-12 20:48:55'), ('6615', '258', '389', '1', null, null, '1', null, '2016-03-12 20:48:55'), ('6616', '258', '390', '3', null, null, '3', null, '2016-03-12 20:48:55'), ('6617', '258', '391', '5', null, null, '5', null, '2016-03-12 20:48:55'), ('6618', '258', '392', '5', null, null, '5', null, '2016-03-12 20:48:55'), ('6619', '258', '393', '5', null, null, '5', null, '2016-03-12 20:48:55'), ('6620', '258', '394', '4', null, null, '4', null, '2016-03-12 20:48:55'), ('6621', '258', '395', '3', null, null, '3', null, '2016-03-12 20:48:55'), ('6622', '258', '396', '5', null, null, '5', null, '2016-03-12 20:48:55'), ('6623', '258', '397', '1', null, null, '1', null, '2016-03-12 20:48:55'), ('6624', '258', '398', '2', null, null, '2', null, '2016-03-12 20:48:55'), ('6625', '258', '399', '1', null, null, '1', null, '2016-03-12 20:48:55'), ('6626', '258', '400', '2', null, null, '2', null, '2016-03-12 20:48:55'), ('6627', '258', '401', '3', null, null, '3', null, '2016-03-12 20:48:55'), ('6628', '258', '402', '1', null, null, '1', null, '2016-03-12 20:48:55'), ('6629', '258', '403', '4', null, null, '4', null, '2016-03-12 20:48:55'), ('6630', '258', '404', '5', null, null, '5', null, '2016-03-12 20:48:55'), ('6631', '258', '405', '4', null, null, '4', null, '2016-03-12 20:48:55'), ('6632', '258', '406', '1', null, null, '1', null, '2016-03-12 20:48:55'), ('6633', '258', '407', '5', null, null, '5', null, '2016-03-12 20:48:55'), ('6634', '258', '408', '5', null, null, '5', null, '2016-03-12 20:48:55'), ('6635', '258', '409', '1', null, null, '1', null, '2016-03-12 20:48:55'), ('6636', '258', '410', '4', null, null, '4', null, '2016-03-12 20:48:55'), ('6637', '258', '411', '4', null, null, '4', null, '2016-03-12 20:48:55'), ('6638', '258', '412', '5', null, null, '5', null, '2016-03-12 20:48:55'), ('6639', '258', '413', '2', null, null, '2', null, '2016-03-12 20:48:55'), ('6640', '258', '414', '1', null, null, '1', null, '2016-03-12 20:48:55'), ('6641', '258', '415', '4', null, null, '4', null, '2016-03-12 20:48:55'), ('6642', '258', '416', '2', null, null, '2', null, '2016-03-12 20:48:55'), ('6643', '258', '417', '1', null, null, '1', null, '2016-03-12 20:48:55'), ('6644', '258', '418', '2', null, null, '2', null, '2016-03-12 20:48:55'), ('6645', '258', '419', '4', null, null, '4', null, '2016-03-12 20:48:55'), ('6646', '258', '420', '1', null, null, '1', null, '2016-03-12 20:48:55'), ('6647', '258', '421', '4', null, null, '4', null, '2016-03-12 20:48:55'), ('6733', '261', '422', '5', null, null, '5', null, '2016-03-12 20:48:55'), ('6734', '262', '422', '4', null, null, '4', null, '2016-03-12 20:48:55'), ('6735', '263', '422', '4', null, null, '4', null, '2016-03-12 20:48:55'), ('6736', '264', '422', '3', null, null, '3', null, '2016-03-12 20:48:55'), ('6737', '265', '422', '2', null, null, '2', null, '2016-03-12 20:48:55'), ('6738', '266', '422', '5', null, null, '5', null, '2016-03-12 20:48:55'), ('6739', '267', '422', '4', null, null, '4', null, '2016-03-12 20:48:55'), ('6740', '268', '422', '1', null, null, '1', null, '2016-03-12 20:48:55'), ('6741', '269', '422', '5', null, null, '5', null, '2016-03-12 20:48:55'), ('6742', '270', '422', '1', null, null, '1', null, '2016-03-12 20:48:55'), ('6743', '271', '422', '2', null, null, '2', null, '2016-03-12 20:48:55'), ('6744', '272', '422', '1', null, null, '1', null, '2016-03-12 20:48:55'), ('6745', '273', '422', '3', null, null, '3', null, '2016-03-12 20:48:55'), ('6746', '274', '422', '1', null, null, '1', null, '2016-03-12 20:48:55'), ('6747', '275', '422', '1', null, null, '1', null, '2016-03-12 20:48:55'), ('6748', '276', '422', '4', null, null, '4', null, '2016-03-12 20:48:55'), ('6749', '277', '422', '4', null, null, '4', null, '2016-03-12 20:48:55'), ('6750', '278', '422', '3', null, null, '3', null, '2016-03-12 20:48:55'), ('6751', '279', '422', '2', null, null, '2', null, '2016-03-12 20:48:55'), ('6752', '292', '422', '2', null, null, '2', null, '2016-03-12 20:48:55'), ('6753', '293', '422', '5', null, null, '5', null, '2016-03-12 20:48:55'), ('6754', '294', '422', '5', null, null, '5', null, '2016-03-12 20:48:55'), ('6755', '295', '422', '4', null, null, '4', null, '2016-03-12 20:48:55'), ('6756', '296', '422', '1', null, null, '1', null, '2016-03-12 20:48:55'), ('6757', '297', '422', '4', null, null, '4', null, '2016-03-12 20:48:55'), ('6758', '298', '422', '4', null, null, '4', null, '2016-03-12 20:48:55'), ('6759', '299', '422', '1', null, null, '1', null, '2016-03-12 20:48:55'), ('6760', '300', '422', '1', null, null, '1', null, '2016-03-12 20:48:55'), ('6761', '301', '422', '4', null, null, '4', null, '2016-03-12 20:48:55'), ('6762', '302', '422', '5', null, null, '5', null, '2016-03-12 20:48:55'), ('6763', '303', '422', '2', null, null, '2', null, '2016-03-12 20:48:55'), ('6764', '304', '422', '5', null, null, '5', null, '2016-03-12 20:48:55'), ('6765', '305', '422', '4', null, null, '4', null, '2016-03-12 20:48:55'), ('6766', '306', '422', '2', null, null, '2', null, '2016-03-12 20:48:55'), ('6767', '307', '422', '4', null, null, '4', null, '2016-03-12 20:48:55'), ('6768', '308', '422', '4', null, null, '4', null, '2016-03-12 20:48:55'), ('6769', '309', '422', '3', null, null, '3', null, '2016-03-12 20:48:55'), ('6770', '310', '422', '5', null, null, '5', null, '2016-03-12 20:48:55'), ('6771', '323', '422', '4', null, null, '4', null, '2016-03-12 20:48:55'), ('6772', '324', '422', '3', null, null, '3', null, '2016-03-12 20:48:55'), ('6773', '325', '422', '1', null, null, '1', null, '2016-03-12 20:48:55'), ('6774', '326', '422', '5', null, null, '5', null, '2016-03-12 20:48:55'), ('6775', '327', '422', '2', null, null, '2', null, '2016-03-12 20:48:55'), ('6776', '328', '422', '5', null, null, '5', null, '2016-03-12 20:48:55'), ('6777', '329', '422', '4', null, null, '4', null, '2016-03-12 20:48:55'), ('6778', '330', '422', '4', null, null, '4', null, '2016-03-12 20:48:55'), ('6779', '331', '422', '2', null, null, '2', null, '2016-03-12 20:48:55'), ('6780', '332', '422', '3', null, null, '3', null, '2016-03-12 20:48:55'), ('6781', '333', '422', '3', null, null, '3', null, '2016-03-12 20:48:55'), ('6782', '334', '422', '5', null, null, '5', null, '2016-03-12 20:48:55'), ('6783', '335', '422', '1', null, null, '1', null, '2016-03-12 20:48:55'), ('6784', '336', '422', '1', null, null, '1', null, '2016-03-12 20:48:55'), ('6785', '337', '422', '5', null, null, '5', null, '2016-03-12 20:48:55'), ('6786', '338', '422', '3', null, null, '3', null, '2016-03-12 20:48:55'), ('6787', '339', '422', '1', null, null, '1', null, '2016-03-12 20:48:55'), ('6788', '340', '422', '1', null, null, '1', null, '2016-03-12 20:48:55'), ('6789', '341', '422', '1', null, null, '1', null, '2016-03-12 20:48:55'), ('6790', '354', '422', '4', null, null, '4', null, '2016-03-12 20:48:55'), ('6791', '355', '422', '2', null, null, '2', null, '2016-03-12 20:48:55'), ('6792', '356', '422', '1', null, null, '1', null, '2016-03-12 20:48:55'), ('6793', '357', '422', '4', null, null, '4', null, '2016-03-12 20:48:55'), ('6794', '358', '422', '3', null, null, '3', null, '2016-03-12 20:48:55'), ('6795', '359', '422', '1', null, null, '1', null, '2016-03-12 20:48:55'), ('6796', '360', '422', '2', null, null, '2', null, '2016-03-12 20:48:55'), ('6797', '361', '422', '1', null, null, '1', null, '2016-03-12 20:48:55'), ('6798', '362', '422', '3', null, null, '3', null, '2016-03-12 20:48:55'), ('6799', '363', '422', '5', null, null, '5', null, '2016-03-12 20:48:55'), ('6800', '261', '423', '1', null, null, '1', null, '2016-03-12 20:48:55'), ('6801', '262', '423', '5', null, null, '5', null, '2016-03-12 20:48:55'), ('6802', '263', '423', '1', null, null, '1', null, '2016-03-12 20:48:55'), ('6803', '264', '423', '1', null, null, '1', null, '2016-03-12 20:48:55'), ('6804', '265', '423', '5', null, null, '5', null, '2016-03-12 20:48:55'), ('6805', '266', '423', '2', null, null, '2', null, '2016-03-12 20:48:55'), ('6806', '267', '423', '4', null, null, '4', null, '2016-03-12 20:48:55'), ('6807', '268', '423', '2', null, null, '2', null, '2016-03-12 20:48:55'), ('6808', '269', '423', '4', null, null, '4', null, '2016-03-12 20:48:55'), ('6809', '270', '423', '3', null, null, '3', null, '2016-03-12 20:48:55'), ('6810', '271', '423', '3', null, null, '3', null, '2016-03-12 20:48:55'), ('6811', '272', '423', '1', null, null, '1', null, '2016-03-12 20:48:55'), ('6812', '273', '423', '1', null, null, '1', null, '2016-03-12 20:48:55'), ('6813', '274', '423', '5', null, null, '5', null, '2016-03-12 20:48:55'), ('6814', '275', '423', '4', null, null, '4', null, '2016-03-12 20:48:55'), ('6815', '276', '423', '2', null, null, '2', null, '2016-03-12 20:48:55'), ('6816', '277', '423', '2', null, null, '2', null, '2016-03-12 20:48:55'), ('6817', '278', '423', '5', null, null, '5', null, '2016-03-12 20:48:55'), ('6818', '279', '423', '5', null, null, '5', null, '2016-03-12 20:48:55'), ('6819', '292', '423', '3', null, null, '3', null, '2016-03-12 20:48:55'), ('6820', '293', '423', '4', null, null, '4', null, '2016-03-12 20:48:55'), ('6821', '294', '423', '4', null, null, '4', null, '2016-03-12 20:48:55'), ('6822', '295', '423', '5', null, null, '5', null, '2016-03-12 20:48:55'), ('6823', '296', '423', '4', null, null, '4', null, '2016-03-12 20:48:55'), ('6824', '297', '423', '1', null, null, '1', null, '2016-03-12 20:48:55'), ('6825', '298', '423', '4', null, null, '4', null, '2016-03-12 20:48:55'), ('6826', '299', '423', '3', null, null, '3', null, '2016-03-12 20:48:55'), ('6827', '300', '423', '5', null, null, '5', null, '2016-03-12 20:48:55'), ('6828', '301', '423', '5', null, null, '5', null, '2016-03-12 20:48:55'), ('6829', '302', '423', '2', null, null, '2', null, '2016-03-12 20:48:55'), ('6830', '303', '423', '3', null, null, '3', null, '2016-03-12 20:48:55'), ('6831', '304', '423', '5', null, null, '5', null, '2016-03-12 20:48:55'), ('6832', '305', '423', '4', null, null, '4', null, '2016-03-12 20:48:55'), ('6833', '306', '423', '2', null, null, '2', null, '2016-03-12 20:48:55'), ('6834', '307', '423', '4', null, null, '4', null, '2016-03-12 20:48:55'), ('6835', '308', '423', '5', null, null, '5', null, '2016-03-12 20:48:55'), ('6836', '309', '423', '2', null, null, '2', null, '2016-03-12 20:48:55'), ('6837', '310', '423', '3', null, null, '3', null, '2016-03-12 20:48:55'), ('6838', '323', '423', '5', null, null, '5', null, '2016-03-12 20:48:55'), ('6839', '324', '423', '3', null, null, '3', null, '2016-03-12 20:48:55'), ('6840', '325', '423', '2', null, null, '2', null, '2016-03-12 20:48:55'), ('6841', '326', '423', '1', null, null, '1', null, '2016-03-12 20:48:55'), ('6842', '327', '423', '2', null, null, '2', null, '2016-03-12 20:48:55'), ('6843', '328', '423', '1', null, null, '1', null, '2016-03-12 20:48:55'), ('6844', '329', '423', '3', null, null, '3', null, '2016-03-12 20:48:55'), ('6845', '330', '423', '2', null, null, '2', null, '2016-03-12 20:48:55'), ('6846', '331', '423', '1', null, null, '1', null, '2016-03-12 20:48:55'), ('6847', '332', '423', '4', null, null, '4', null, '2016-03-12 20:48:55'), ('6848', '333', '423', '5', null, null, '5', null, '2016-03-12 20:48:55'), ('6849', '334', '423', '2', null, null, '2', null, '2016-03-12 20:48:55'), ('6850', '335', '423', '4', null, null, '4', null, '2016-03-12 20:48:55'), ('6851', '336', '423', '1', null, null, '1', null, '2016-03-12 20:48:55'), ('6852', '337', '423', '2', null, null, '2', null, '2016-03-12 20:48:55'), ('6853', '338', '423', '3', null, null, '3', null, '2016-03-12 20:48:55'), ('6854', '339', '423', '4', null, null, '4', null, '2016-03-12 20:48:55'), ('6855', '340', '423', '3', null, null, '3', null, '2016-03-12 20:48:55'), ('6856', '341', '423', '3', null, null, '3', null, '2016-03-12 20:48:55'), ('6857', '354', '423', '4', null, null, '4', null, '2016-03-12 20:48:55'), ('6858', '355', '423', '5', null, null, '5', null, '2016-03-12 20:48:55'), ('6859', '356', '423', '2', null, null, '2', null, '2016-03-12 20:48:55'), ('6860', '357', '423', '4', null, null, '4', null, '2016-03-12 20:48:55'), ('6861', '358', '423', '3', null, null, '3', null, '2016-03-12 20:48:55'), ('6862', '359', '423', '3', null, null, '3', null, '2016-03-12 20:48:55'), ('6863', '360', '423', '1', null, null, '1', null, '2016-03-12 20:48:55'), ('6864', '361', '423', '2', null, null, '2', null, '2016-03-12 20:48:55'), ('6865', '362', '423', '2', null, null, '2', null, '2016-03-12 20:48:55'), ('6866', '363', '423', '3', null, null, '3', null, '2016-03-12 20:48:55'), ('6867', '261', '424', '4', null, null, '4', null, '2016-03-12 20:48:55'), ('6868', '262', '424', '5', null, null, '5', null, '2016-03-12 20:48:55'), ('6869', '263', '424', '1', null, null, '1', null, '2016-03-12 20:48:55'), ('6870', '264', '424', '1', null, null, '1', null, '2016-03-12 20:48:55'), ('6871', '265', '424', '1', null, null, '1', null, '2016-03-12 20:48:55'), ('6872', '266', '424', '1', null, null, '1', null, '2016-03-12 20:48:55'), ('6873', '267', '424', '1', null, null, '1', null, '2016-03-12 20:48:55'), ('6874', '268', '424', '3', null, null, '3', null, '2016-03-12 20:48:55'), ('6875', '269', '424', '5', null, null, '5', null, '2016-03-12 20:48:55'), ('6876', '270', '424', '5', null, null, '5', null, '2016-03-12 20:48:55'), ('6877', '271', '424', '5', null, null, '5', null, '2016-03-12 20:48:55'), ('6878', '272', '424', '3', null, null, '3', null, '2016-03-12 20:48:55'), ('6879', '273', '424', '4', null, null, '4', null, '2016-03-12 20:48:55'), ('6880', '274', '424', '3', null, null, '3', null, '2016-03-12 20:48:55'), ('6881', '275', '424', '5', null, null, '5', null, '2016-03-12 20:48:55'), ('6882', '276', '424', '5', null, null, '5', null, '2016-03-12 20:48:55'), ('6883', '277', '424', '5', null, null, '5', null, '2016-03-12 20:48:55'), ('6884', '278', '424', '2', null, null, '2', null, '2016-03-12 20:48:55'), ('6885', '279', '424', '1', null, null, '1', null, '2016-03-12 20:48:55'), ('6886', '292', '424', '5', null, null, '5', null, '2016-03-12 20:48:55'), ('6887', '293', '424', '5', null, null, '5', null, '2016-03-12 20:48:55'), ('6888', '294', '424', '5', null, null, '5', null, '2016-03-12 20:48:55'), ('6889', '295', '424', '3', null, null, '3', null, '2016-03-12 20:48:55'), ('6890', '296', '424', '5', null, null, '5', null, '2016-03-12 20:48:55'), ('6891', '297', '424', '1', null, null, '1', null, '2016-03-12 20:48:55'), ('6892', '298', '424', '1', null, null, '1', null, '2016-03-12 20:48:55'), ('6893', '299', '424', '1', null, null, '1', null, '2016-03-12 20:48:55'), ('6894', '300', '424', '1', null, null, '1', null, '2016-03-12 20:48:55'), ('6895', '301', '424', '3', null, null, '3', null, '2016-03-12 20:48:55'), ('6896', '302', '424', '4', null, null, '4', null, '2016-03-12 20:48:55'), ('6897', '303', '424', '1', null, null, '1', null, '2016-03-12 20:48:55'), ('6898', '304', '424', '5', null, null, '5', null, '2016-03-12 20:48:55'), ('6899', '305', '424', '2', null, null, '2', null, '2016-03-12 20:48:55'), ('6900', '306', '424', '2', null, null, '2', null, '2016-03-12 20:48:55'), ('6901', '307', '424', '1', null, null, '1', null, '2016-03-12 20:48:55'), ('6902', '308', '424', '5', null, null, '5', null, '2016-03-12 20:48:55'), ('6903', '309', '424', '1', null, null, '1', null, '2016-03-12 20:48:55'), ('6904', '310', '424', '2', null, null, '2', null, '2016-03-12 20:48:55'), ('6905', '323', '424', '5', null, null, '5', null, '2016-03-12 20:48:55'), ('6906', '324', '424', '2', null, null, '2', null, '2016-03-12 20:48:55'), ('6907', '325', '424', '5', null, null, '5', null, '2016-03-12 20:48:55'), ('6908', '326', '424', '4', null, null, '4', null, '2016-03-12 20:48:55'), ('6909', '327', '424', '5', null, null, '5', null, '2016-03-12 20:48:55'), ('6910', '328', '424', '3', null, null, '3', null, '2016-03-12 20:48:55'), ('6911', '329', '424', '2', null, null, '2', null, '2016-03-12 20:48:55'), ('6912', '330', '424', '2', null, null, '2', null, '2016-03-12 20:48:55'), ('6913', '331', '424', '4', null, null, '4', null, '2016-03-12 20:48:55'), ('6914', '332', '424', '4', null, null, '4', null, '2016-03-12 20:48:55'), ('6915', '333', '424', '2', null, null, '2', null, '2016-03-12 20:48:55'), ('6916', '334', '424', '5', null, null, '5', null, '2016-03-12 20:48:55'), ('6917', '335', '424', '1', null, null, '1', null, '2016-03-12 20:48:55'), ('6918', '336', '424', '5', null, null, '5', null, '2016-03-12 20:48:55'), ('6919', '337', '424', '3', null, null, '3', null, '2016-03-12 20:48:55'), ('6920', '338', '424', '1', null, null, '1', null, '2016-03-12 20:48:55'), ('6921', '339', '424', '3', null, null, '3', null, '2016-03-12 20:48:55'), ('6922', '340', '424', '2', null, null, '2', null, '2016-03-12 20:48:55'), ('6923', '341', '424', '5', null, null, '5', null, '2016-03-12 20:48:55'), ('6924', '354', '424', '1', null, null, '1', null, '2016-03-12 20:48:55'), ('6925', '355', '424', '3', null, null, '3', null, '2016-03-12 20:48:55'), ('6926', '356', '424', '5', null, null, '5', null, '2016-03-12 20:48:55'), ('6927', '357', '424', '1', null, null, '1', null, '2016-03-12 20:48:55'), ('6928', '358', '424', '1', null, null, '1', null, '2016-03-12 20:48:55'), ('6929', '359', '424', '1', null, null, '1', null, '2016-03-12 20:48:55'), ('6930', '360', '424', '1', null, null, '1', null, '2016-03-12 20:48:55'), ('6931', '361', '424', '2', null, null, '2', null, '2016-03-12 20:48:55'), ('6932', '362', '424', '3', null, null, '3', null, '2016-03-12 20:48:55'), ('6933', '363', '424', '5', null, null, '5', null, '2016-03-12 20:48:55'), ('6934', '261', '425', '4', null, null, '4', null, '2016-03-12 20:48:55'), ('6935', '262', '425', '2', null, null, '2', null, '2016-03-12 20:48:55'), ('6936', '263', '425', '2', null, null, '2', null, '2016-03-12 20:48:55'), ('6937', '264', '425', '4', null, null, '4', null, '2016-03-12 20:48:55'), ('6938', '265', '425', '2', null, null, '2', null, '2016-03-12 20:48:55'), ('6939', '266', '425', '3', null, null, '3', null, '2016-03-12 20:48:55'), ('6940', '267', '425', '5', null, null, '5', null, '2016-03-12 20:48:55'), ('6941', '268', '425', '1', null, null, '1', null, '2016-03-12 20:48:55'), ('6942', '269', '425', '5', null, null, '5', null, '2016-03-12 20:48:55'), ('6943', '270', '425', '5', null, null, '5', null, '2016-03-12 20:48:55'), ('6944', '271', '425', '3', null, null, '3', null, '2016-03-12 20:48:55'), ('6945', '272', '425', '5', null, null, '5', null, '2016-03-12 20:48:55'), ('6946', '273', '425', '5', null, null, '5', null, '2016-03-12 20:48:55'), ('6947', '274', '425', '1', null, null, '1', null, '2016-03-12 20:48:55'), ('6948', '275', '425', '5', null, null, '5', null, '2016-03-12 20:48:55'), ('6949', '276', '425', '1', null, null, '1', null, '2016-03-12 20:48:55'), ('6950', '277', '425', '5', null, null, '5', null, '2016-03-12 20:48:55'), ('6951', '278', '425', '1', null, null, '1', null, '2016-03-12 20:48:55'), ('6952', '279', '425', '5', null, null, '5', null, '2016-03-12 20:48:55'), ('6953', '292', '425', '2', null, null, '2', null, '2016-03-12 20:48:55'), ('6954', '293', '425', '2', null, null, '2', null, '2016-03-12 20:48:55'), ('6955', '294', '425', '5', null, null, '5', null, '2016-03-12 20:48:55'), ('6956', '295', '425', '5', null, null, '5', null, '2016-03-12 20:48:55'), ('6957', '296', '425', '2', null, null, '2', null, '2016-03-12 20:48:55'), ('6958', '297', '425', '2', null, null, '2', null, '2016-03-12 20:48:55'), ('6959', '298', '425', '2', null, null, '2', null, '2016-03-12 20:48:55'), ('6960', '299', '425', '5', null, null, '5', null, '2016-03-12 20:48:55'), ('6961', '300', '425', '1', null, null, '1', null, '2016-03-12 20:48:55'), ('6962', '301', '425', '5', null, null, '5', null, '2016-03-12 20:48:55'), ('6963', '302', '425', '2', null, null, '2', null, '2016-03-12 20:48:55'), ('6964', '303', '425', '4', null, null, '4', null, '2016-03-12 20:48:55'), ('6965', '304', '425', '5', null, null, '5', null, '2016-03-12 20:48:55'), ('6966', '305', '425', '3', null, null, '3', null, '2016-03-12 20:48:55'), ('6967', '306', '425', '5', null, null, '5', null, '2016-03-12 20:48:55'), ('6968', '307', '425', '1', null, null, '1', null, '2016-03-12 20:48:55'), ('6969', '308', '425', '1', null, null, '1', null, '2016-03-12 20:48:55'), ('6970', '309', '425', '5', null, null, '5', null, '2016-03-12 20:48:55'), ('6971', '310', '425', '3', null, null, '3', null, '2016-03-12 20:48:55'), ('6972', '323', '425', '2', null, null, '2', null, '2016-03-12 20:48:55'), ('6973', '324', '425', '3', null, null, '3', null, '2016-03-12 20:48:55'), ('6974', '325', '425', '3', null, null, '3', null, '2016-03-12 20:48:55'), ('6975', '326', '425', '4', null, null, '4', null, '2016-03-12 20:48:55'), ('6976', '327', '425', '2', null, null, '2', null, '2016-03-12 20:48:55'), ('6977', '328', '425', '1', null, null, '1', null, '2016-03-12 20:48:55'), ('6978', '329', '425', '5', null, null, '5', null, '2016-03-12 20:48:55'), ('6979', '330', '425', '5', null, null, '5', null, '2016-03-12 20:48:55'), ('6980', '331', '425', '1', null, null, '1', null, '2016-03-12 20:48:55'), ('6981', '332', '425', '3', null, null, '3', null, '2016-03-12 20:48:55'), ('6982', '333', '425', '2', null, null, '2', null, '2016-03-12 20:48:55'), ('6983', '334', '425', '4', null, null, '4', null, '2016-03-12 20:48:55'), ('6984', '335', '425', '4', null, null, '4', null, '2016-03-12 20:48:55'), ('6985', '336', '425', '2', null, null, '2', null, '2016-03-12 20:48:55'), ('6986', '337', '425', '4', null, null, '4', null, '2016-03-12 20:48:55'), ('6987', '338', '425', '3', null, null, '3', null, '2016-03-12 20:48:55'), ('6988', '339', '425', '2', null, null, '2', null, '2016-03-12 20:48:55'), ('6989', '340', '425', '1', null, null, '1', null, '2016-03-12 20:48:55'), ('6990', '341', '425', '4', null, null, '4', null, '2016-03-12 20:48:55'), ('6991', '354', '425', '5', null, null, '5', null, '2016-03-12 20:48:55'), ('6992', '355', '425', '1', null, null, '1', null, '2016-03-12 20:48:55'), ('6993', '356', '425', '5', null, null, '5', null, '2016-03-12 20:48:55'), ('6994', '357', '425', '2', null, null, '2', null, '2016-03-12 20:48:55'), ('6995', '358', '425', '4', null, null, '4', null, '2016-03-12 20:48:55'), ('6996', '359', '425', '4', null, null, '4', null, '2016-03-12 20:48:55'), ('6997', '360', '425', '5', null, null, '5', null, '2016-03-12 20:48:55'), ('6998', '361', '425', '1', null, null, '1', null, '2016-03-12 20:48:55'), ('6999', '362', '425', '5', null, null, '5', null, '2016-03-12 20:48:55'), ('7000', '363', '425', '4', null, null, '4', null, '2016-03-12 20:48:55'), ('7001', '261', '426', '5', null, null, '5', null, '2016-03-12 20:48:55'), ('7002', '262', '426', '4', null, null, '4', null, '2016-03-12 20:48:55'), ('7003', '263', '426', '4', null, null, '4', null, '2016-03-12 20:48:55'), ('7004', '264', '426', '4', null, null, '4', null, '2016-03-12 20:48:55'), ('7005', '265', '426', '4', null, null, '4', null, '2016-03-12 20:48:55'), ('7006', '266', '426', '2', null, null, '2', null, '2016-03-12 20:48:55'), ('7007', '267', '426', '5', null, null, '5', null, '2016-03-12 20:48:55'), ('7008', '268', '426', '2', null, null, '2', null, '2016-03-12 20:48:55'), ('7009', '269', '426', '4', null, null, '4', null, '2016-03-12 20:48:55'), ('7010', '270', '426', '5', null, null, '5', null, '2016-03-12 20:48:55'), ('7011', '271', '426', '4', null, null, '4', null, '2016-03-12 20:48:55'), ('7012', '272', '426', '1', null, null, '1', null, '2016-03-12 20:48:55'), ('7013', '273', '426', '4', null, null, '4', null, '2016-03-12 20:48:55'), ('7014', '274', '426', '3', null, null, '3', null, '2016-03-12 20:48:55'), ('7015', '275', '426', '3', null, null, '3', null, '2016-03-12 20:48:55'), ('7016', '276', '426', '2', null, null, '2', null, '2016-03-12 20:48:55'), ('7017', '277', '426', '2', null, null, '2', null, '2016-03-12 20:48:55'), ('7018', '278', '426', '3', null, null, '3', null, '2016-03-12 20:48:55'), ('7019', '279', '426', '3', null, null, '3', null, '2016-03-12 20:48:55'), ('7020', '292', '426', '3', null, null, '3', null, '2016-03-12 20:48:55'), ('7021', '293', '426', '1', null, null, '1', null, '2016-03-12 20:48:55'), ('7022', '294', '426', '1', null, null, '1', null, '2016-03-12 20:48:55'), ('7023', '295', '426', '3', null, null, '3', null, '2016-03-12 20:48:55'), ('7024', '296', '426', '3', null, null, '3', null, '2016-03-12 20:48:55'), ('7025', '297', '426', '2', null, null, '2', null, '2016-03-12 20:48:55'), ('7026', '298', '426', '3', null, null, '3', null, '2016-03-12 20:48:55'), ('7027', '299', '426', '2', null, null, '2', null, '2016-03-12 20:48:55'), ('7028', '300', '426', '2', null, null, '2', null, '2016-03-12 20:48:55'), ('7029', '301', '426', '5', null, null, '5', null, '2016-03-12 20:48:55'), ('7030', '302', '426', '5', null, null, '5', null, '2016-03-12 20:48:55'), ('7031', '303', '426', '2', null, null, '2', null, '2016-03-12 20:48:55'), ('7032', '304', '426', '3', null, null, '3', null, '2016-03-12 20:48:55'), ('7033', '305', '426', '4', null, null, '4', null, '2016-03-12 20:48:55'), ('7034', '306', '426', '5', null, null, '5', null, '2016-03-12 20:48:55'), ('7035', '307', '426', '1', null, null, '1', null, '2016-03-12 20:48:55'), ('7036', '308', '426', '4', null, null, '4', null, '2016-03-12 20:48:55'), ('7037', '309', '426', '3', null, null, '3', null, '2016-03-12 20:48:55'), ('7038', '310', '426', '1', null, null, '1', null, '2016-03-12 20:48:55'), ('7039', '323', '426', '5', null, null, '5', null, '2016-03-12 20:48:55'), ('7040', '324', '426', '2', null, null, '2', null, '2016-03-12 20:48:55'), ('7041', '325', '426', '5', null, null, '5', null, '2016-03-12 20:48:55'), ('7042', '326', '426', '3', null, null, '3', null, '2016-03-12 20:48:55'), ('7043', '327', '426', '3', null, null, '3', null, '2016-03-12 20:48:55'), ('7044', '328', '426', '1', null, null, '1', null, '2016-03-12 20:48:55'), ('7045', '329', '426', '2', null, null, '2', null, '2016-03-12 20:48:55'), ('7046', '330', '426', '4', null, null, '4', null, '2016-03-12 20:48:55'), ('7047', '331', '426', '4', null, null, '4', null, '2016-03-12 20:48:55'), ('7048', '332', '426', '3', null, null, '3', null, '2016-03-12 20:48:55'), ('7049', '333', '426', '5', null, null, '5', null, '2016-03-12 20:48:55'), ('7050', '334', '426', '3', null, null, '3', null, '2016-03-12 20:48:55'), ('7051', '335', '426', '5', null, null, '5', null, '2016-03-12 20:48:55'), ('7052', '336', '426', '3', null, null, '3', null, '2016-03-12 20:48:55'), ('7053', '337', '426', '1', null, null, '1', null, '2016-03-12 20:48:55'), ('7054', '338', '426', '5', null, null, '5', null, '2016-03-12 20:48:55'), ('7055', '339', '426', '2', null, null, '2', null, '2016-03-12 20:48:55'), ('7056', '340', '426', '1', null, null, '1', null, '2016-03-12 20:48:55'), ('7057', '341', '426', '4', null, null, '4', null, '2016-03-12 20:48:55'), ('7058', '354', '426', '4', null, null, '4', null, '2016-03-12 20:48:55'), ('7059', '355', '426', '3', null, null, '3', null, '2016-03-12 20:48:55'), ('7060', '356', '426', '2', null, null, '2', null, '2016-03-12 20:48:55'), ('7061', '357', '426', '4', null, null, '4', null, '2016-03-12 20:48:55'), ('7062', '358', '426', '5', null, null, '5', null, '2016-03-12 20:48:55'), ('7063', '359', '426', '3', null, null, '3', null, '2016-03-12 20:48:55'), ('7064', '360', '426', '3', null, null, '3', null, '2016-03-12 20:48:55'), ('7065', '361', '426', '2', null, null, '2', null, '2016-03-12 20:48:55'), ('7066', '362', '426', '4', null, null, '4', null, '2016-03-12 20:48:55'), ('7067', '363', '426', '3', null, null, '3', null, '2016-03-12 20:48:55'), ('7068', '261', '427', '5', null, null, '5', null, '2016-03-12 20:48:55'), ('7069', '262', '427', '2', null, null, '2', null, '2016-03-12 20:48:55'), ('7070', '263', '427', '3', null, null, '3', null, '2016-03-12 20:48:55'), ('7071', '264', '427', '5', null, null, '5', null, '2016-03-12 20:48:55'), ('7072', '265', '427', '1', null, null, '1', null, '2016-03-12 20:48:55'), ('7073', '266', '427', '4', null, null, '4', null, '2016-03-12 20:48:55'), ('7074', '267', '427', '2', null, null, '2', null, '2016-03-12 20:48:55'), ('7075', '268', '427', '3', null, null, '3', null, '2016-03-12 20:48:55'), ('7076', '269', '427', '2', null, null, '2', null, '2016-03-12 20:48:55'), ('7077', '270', '427', '2', null, null, '2', null, '2016-03-12 20:48:55'), ('7078', '271', '427', '4', null, null, '4', null, '2016-03-12 20:48:55'), ('7079', '272', '427', '2', null, null, '2', null, '2016-03-12 20:48:55'), ('7080', '273', '427', '4', null, null, '4', null, '2016-03-12 20:48:55'), ('7081', '274', '427', '5', null, null, '5', null, '2016-03-12 20:48:55'), ('7082', '275', '427', '5', null, null, '5', null, '2016-03-12 20:48:55'), ('7083', '276', '427', '3', null, null, '3', null, '2016-03-12 20:48:55'), ('7084', '277', '427', '2', null, null, '2', null, '2016-03-12 20:48:55'), ('7085', '278', '427', '3', null, null, '3', null, '2016-03-12 20:48:55'), ('7086', '279', '427', '4', null, null, '4', null, '2016-03-12 20:48:55'), ('7087', '292', '427', '2', null, null, '2', null, '2016-03-12 20:48:55'), ('7088', '293', '427', '1', null, null, '1', null, '2016-03-12 20:48:55'), ('7089', '294', '427', '3', null, null, '3', null, '2016-03-12 20:48:55'), ('7090', '295', '427', '5', null, null, '5', null, '2016-03-12 20:48:55'), ('7091', '296', '427', '1', null, null, '1', null, '2016-03-12 20:48:55'), ('7092', '297', '427', '4', null, null, '4', null, '2016-03-12 20:48:55'), ('7093', '298', '427', '5', null, null, '5', null, '2016-03-12 20:48:55'), ('7094', '299', '427', '5', null, null, '5', null, '2016-03-12 20:48:55'), ('7095', '300', '427', '5', null, null, '5', null, '2016-03-12 20:48:55'), ('7096', '301', '427', '2', null, null, '2', null, '2016-03-12 20:48:55'), ('7097', '302', '427', '4', null, null, '4', null, '2016-03-12 20:48:55'), ('7098', '303', '427', '5', null, null, '5', null, '2016-03-12 20:48:55'), ('7099', '304', '427', '2', null, null, '2', null, '2016-03-12 20:48:55'), ('7100', '305', '427', '4', null, null, '4', null, '2016-03-12 20:48:55'), ('7101', '306', '427', '4', null, null, '4', null, '2016-03-12 20:48:55'), ('7102', '307', '427', '1', null, null, '1', null, '2016-03-12 20:48:55'), ('7103', '308', '427', '2', null, null, '2', null, '2016-03-12 20:48:55'), ('7104', '309', '427', '4', null, null, '4', null, '2016-03-12 20:48:55'), ('7105', '310', '427', '2', null, null, '2', null, '2016-03-12 20:48:55'), ('7106', '323', '427', '2', null, null, '2', null, '2016-03-12 20:48:55'), ('7107', '324', '427', '3', null, null, '3', null, '2016-03-12 20:48:55'), ('7108', '325', '427', '3', null, null, '3', null, '2016-03-12 20:48:55'), ('7109', '326', '427', '3', null, null, '3', null, '2016-03-12 20:48:55'), ('7110', '327', '427', '5', null, null, '5', null, '2016-03-12 20:48:55'), ('7111', '328', '427', '3', null, null, '3', null, '2016-03-12 20:48:55'), ('7112', '329', '427', '2', null, null, '2', null, '2016-03-12 20:48:55'), ('7113', '330', '427', '5', null, null, '5', null, '2016-03-12 20:48:55'), ('7114', '331', '427', '2', null, null, '2', null, '2016-03-12 20:48:55'), ('7115', '332', '427', '4', null, null, '4', null, '2016-03-12 20:48:55'), ('7116', '333', '427', '4', null, null, '4', null, '2016-03-12 20:48:55'), ('7117', '334', '427', '3', null, null, '3', null, '2016-03-12 20:48:55'), ('7118', '335', '427', '1', null, null, '1', null, '2016-03-12 20:48:55'), ('7119', '336', '427', '1', null, null, '1', null, '2016-03-12 20:48:55'), ('7120', '337', '427', '5', null, null, '5', null, '2016-03-12 20:48:55'), ('7121', '338', '427', '3', null, null, '3', null, '2016-03-12 20:48:55'), ('7122', '339', '427', '5', null, null, '5', null, '2016-03-12 20:48:55'), ('7123', '340', '427', '4', null, null, '4', null, '2016-03-12 20:48:55'), ('7124', '341', '427', '2', null, null, '2', null, '2016-03-12 20:48:55'), ('7125', '354', '427', '5', null, null, '5', null, '2016-03-12 20:48:55'), ('7126', '355', '427', '4', null, null, '4', null, '2016-03-12 20:48:55'), ('7127', '356', '427', '5', null, null, '5', null, '2016-03-12 20:48:55'), ('7128', '357', '427', '3', null, null, '3', null, '2016-03-12 20:48:55'), ('7129', '358', '427', '4', null, null, '4', null, '2016-03-12 20:48:55'), ('7130', '359', '427', '1', null, null, '1', null, '2016-03-12 20:48:55'), ('7131', '360', '427', '2', null, null, '2', null, '2016-03-12 20:48:55'), ('7132', '361', '427', '1', null, null, '1', null, '2016-03-12 20:48:55'), ('7133', '362', '427', '5', null, null, '5', null, '2016-03-12 20:48:55'), ('7134', '363', '427', '3', null, null, '3', null, '2016-03-12 20:48:55'), ('7135', '261', '428', '5', null, null, '5', null, '2016-03-12 20:48:55'), ('7136', '262', '428', '4', null, null, '4', null, '2016-03-12 20:48:55'), ('7137', '263', '428', '5', null, null, '5', null, '2016-03-12 20:48:55'), ('7138', '264', '428', '5', null, null, '5', null, '2016-03-12 20:48:55'), ('7139', '265', '428', '3', null, null, '3', null, '2016-03-12 20:48:55'), ('7140', '266', '428', '5', null, null, '5', null, '2016-03-12 20:48:55'), ('7141', '267', '428', '1', null, null, '1', null, '2016-03-12 20:48:55'), ('7142', '268', '428', '4', null, null, '4', null, '2016-03-12 20:48:55'), ('7143', '269', '428', '3', null, null, '3', null, '2016-03-12 20:48:55'), ('7144', '270', '428', '3', null, null, '3', null, '2016-03-12 20:48:55'), ('7145', '271', '428', '3', null, null, '3', null, '2016-03-12 20:48:55'), ('7146', '272', '428', '4', null, null, '4', null, '2016-03-12 20:48:55'), ('7147', '273', '428', '2', null, null, '2', null, '2016-03-12 20:48:55'), ('7148', '274', '428', '2', null, null, '2', null, '2016-03-12 20:48:55'), ('7149', '275', '428', '1', null, null, '1', null, '2016-03-12 20:48:55'), ('7150', '276', '428', '1', null, null, '1', null, '2016-03-12 20:48:55'), ('7151', '277', '428', '1', null, null, '1', null, '2016-03-12 20:48:55'), ('7152', '278', '428', '5', null, null, '5', null, '2016-03-12 20:48:55'), ('7153', '279', '428', '3', null, null, '3', null, '2016-03-12 20:48:55'), ('7154', '292', '428', '2', null, null, '2', null, '2016-03-12 20:48:55'), ('7155', '293', '428', '3', null, null, '3', null, '2016-03-12 20:48:55'), ('7156', '294', '428', '2', null, null, '2', null, '2016-03-12 20:48:55'), ('7157', '295', '428', '3', null, null, '3', null, '2016-03-12 20:48:55'), ('7158', '296', '428', '2', null, null, '2', null, '2016-03-12 20:48:55'), ('7159', '297', '428', '2', null, null, '2', null, '2016-03-12 20:48:55'), ('7160', '298', '428', '5', null, null, '5', null, '2016-03-12 20:48:55'), ('7161', '299', '428', '2', null, null, '2', null, '2016-03-12 20:48:55'), ('7162', '300', '428', '2', null, null, '2', null, '2016-03-12 20:48:55'), ('7163', '301', '428', '1', null, null, '1', null, '2016-03-12 20:48:55'), ('7164', '302', '428', '2', null, null, '2', null, '2016-03-12 20:48:55'), ('7165', '303', '428', '2', null, null, '2', null, '2016-03-12 20:48:55'), ('7166', '304', '428', '3', null, null, '3', null, '2016-03-12 20:48:55'), ('7167', '305', '428', '2', null, null, '2', null, '2016-03-12 20:48:55'), ('7168', '306', '428', '2', null, null, '2', null, '2016-03-12 20:48:55'), ('7169', '307', '428', '4', null, null, '4', null, '2016-03-12 20:48:55'), ('7170', '308', '428', '3', null, null, '3', null, '2016-03-12 20:48:55'), ('7171', '309', '428', '2', null, null, '2', null, '2016-03-12 20:48:55'), ('7172', '310', '428', '4', null, null, '4', null, '2016-03-12 20:48:55'), ('7173', '323', '428', '5', null, null, '5', null, '2016-03-12 20:48:55'), ('7174', '324', '428', '3', null, null, '3', null, '2016-03-12 20:48:55'), ('7175', '325', '428', '2', null, null, '2', null, '2016-03-12 20:48:55'), ('7176', '326', '428', '5', null, null, '5', null, '2016-03-12 20:48:55'), ('7177', '327', '428', '3', null, null, '3', null, '2016-03-12 20:48:55'), ('7178', '328', '428', '2', null, null, '2', null, '2016-03-12 20:48:55'), ('7179', '329', '428', '1', null, null, '1', null, '2016-03-12 20:48:55'), ('7180', '330', '428', '1', null, null, '1', null, '2016-03-12 20:48:55'), ('7181', '331', '428', '3', null, null, '3', null, '2016-03-12 20:48:55'), ('7182', '332', '428', '4', null, null, '4', null, '2016-03-12 20:48:55'), ('7183', '333', '428', '4', null, null, '4', null, '2016-03-12 20:48:55'), ('7184', '334', '428', '5', null, null, '5', null, '2016-03-12 20:48:55'), ('7185', '335', '428', '5', null, null, '5', null, '2016-03-12 20:48:55'), ('7186', '336', '428', '5', null, null, '5', null, '2016-03-12 20:48:55'), ('7187', '337', '428', '2', null, null, '2', null, '2016-03-12 20:48:55'), ('7188', '338', '428', '3', null, null, '3', null, '2016-03-12 20:48:55'), ('7189', '339', '428', '2', null, null, '2', null, '2016-03-12 20:48:55'), ('7190', '340', '428', '5', null, null, '5', null, '2016-03-12 20:48:55'), ('7191', '341', '428', '3', null, null, '3', null, '2016-03-12 20:48:55'), ('7192', '354', '428', '4', null, null, '4', null, '2016-03-12 20:48:55'), ('7193', '355', '428', '5', null, null, '5', null, '2016-03-12 20:48:55'), ('7194', '356', '428', '4', null, null, '4', null, '2016-03-12 20:48:55'), ('7195', '357', '428', '4', null, null, '4', null, '2016-03-12 20:48:55'), ('7196', '358', '428', '2', null, null, '2', null, '2016-03-12 20:48:55'), ('7197', '359', '428', '1', null, null, '1', null, '2016-03-12 20:48:55'), ('7198', '360', '428', '2', null, null, '2', null, '2016-03-12 20:48:55'), ('7199', '361', '428', '3', null, null, '3', null, '2016-03-12 20:48:55'), ('7200', '362', '428', '5', null, null, '5', null, '2016-03-12 20:48:55'), ('7201', '363', '428', '1', null, null, '1', null, '2016-03-12 20:48:55'), ('7202', '261', '429', '1', null, null, '1', null, '2016-03-12 20:48:55'), ('7203', '262', '429', '4', null, null, '4', null, '2016-03-12 20:48:55'), ('7204', '263', '429', '2', null, null, '2', null, '2016-03-12 20:48:55'), ('7205', '264', '429', '1', null, null, '1', null, '2016-03-12 20:48:55'), ('7206', '265', '429', '4', null, null, '4', null, '2016-03-12 20:48:55'), ('7207', '266', '429', '5', null, null, '5', null, '2016-03-12 20:48:55'), ('7208', '267', '429', '2', null, null, '2', null, '2016-03-12 20:48:55'), ('7209', '268', '429', '5', null, null, '5', null, '2016-03-12 20:48:55'), ('7210', '269', '429', '5', null, null, '5', null, '2016-03-12 20:48:55'), ('7211', '270', '429', '3', null, null, '3', null, '2016-03-12 20:48:55'), ('7212', '271', '429', '2', null, null, '2', null, '2016-03-12 20:48:55'), ('7213', '272', '429', '3', null, null, '3', null, '2016-03-12 20:48:55'), ('7214', '273', '429', '5', null, null, '5', null, '2016-03-12 20:48:55'), ('7215', '274', '429', '2', null, null, '2', null, '2016-03-12 20:48:55'), ('7216', '275', '429', '1', null, null, '1', null, '2016-03-12 20:48:55'), ('7217', '276', '429', '1', null, null, '1', null, '2016-03-12 20:48:55'), ('7218', '277', '429', '4', null, null, '4', null, '2016-03-12 20:48:55'), ('7219', '278', '429', '4', null, null, '4', null, '2016-03-12 20:48:55'), ('7220', '279', '429', '2', null, null, '2', null, '2016-03-12 20:48:55'), ('7221', '292', '429', '2', null, null, '2', null, '2016-03-12 20:48:55'), ('7222', '293', '429', '3', null, null, '3', null, '2016-03-12 20:48:55'), ('7223', '294', '429', '3', null, null, '3', null, '2016-03-12 20:48:55'), ('7224', '295', '429', '1', null, null, '1', null, '2016-03-12 20:48:55'), ('7225', '296', '429', '2', null, null, '2', null, '2016-03-12 20:48:55'), ('7226', '297', '429', '1', null, null, '1', null, '2016-03-12 20:48:55'), ('7227', '298', '429', '4', null, null, '4', null, '2016-03-12 20:48:55'), ('7228', '299', '429', '3', null, null, '3', null, '2016-03-12 20:48:55'), ('7229', '300', '429', '4', null, null, '4', null, '2016-03-12 20:48:55'), ('7230', '301', '429', '3', null, null, '3', null, '2016-03-12 20:48:55'), ('7231', '302', '429', '4', null, null, '4', null, '2016-03-12 20:48:55'), ('7232', '303', '429', '3', null, null, '3', null, '2016-03-12 20:48:55'), ('7233', '304', '429', '2', null, null, '2', null, '2016-03-12 20:48:55'), ('7234', '305', '429', '2', null, null, '2', null, '2016-03-12 20:48:55'), ('7235', '306', '429', '2', null, null, '2', null, '2016-03-12 20:48:55'), ('7236', '307', '429', '4', null, null, '4', null, '2016-03-12 20:48:55'), ('7237', '308', '429', '4', null, null, '4', null, '2016-03-12 20:48:55'), ('7238', '309', '429', '3', null, null, '3', null, '2016-03-12 20:48:55'), ('7239', '310', '429', '2', null, null, '2', null, '2016-03-12 20:48:55'), ('7240', '323', '429', '5', null, null, '5', null, '2016-03-12 20:48:55'), ('7241', '324', '429', '5', null, null, '5', null, '2016-03-12 20:48:55'), ('7242', '325', '429', '5', null, null, '5', null, '2016-03-12 20:48:55'), ('7243', '326', '429', '4', null, null, '4', null, '2016-03-12 20:48:55'), ('7244', '327', '429', '1', null, null, '1', null, '2016-03-12 20:48:55'), ('7245', '328', '429', '1', null, null, '1', null, '2016-03-12 20:48:55'), ('7246', '329', '429', '3', null, null, '3', null, '2016-03-12 20:48:55'), ('7247', '330', '429', '1', null, null, '1', null, '2016-03-12 20:48:55'), ('7248', '331', '429', '4', null, null, '4', null, '2016-03-12 20:48:55'), ('7249', '332', '429', '1', null, null, '1', null, '2016-03-12 20:48:55'), ('7250', '333', '429', '2', null, null, '2', null, '2016-03-12 20:48:55'), ('7251', '334', '429', '2', null, null, '2', null, '2016-03-12 20:48:55'), ('7252', '335', '429', '1', null, null, '1', null, '2016-03-12 20:48:55'), ('7253', '336', '429', '3', null, null, '3', null, '2016-03-12 20:48:55'), ('7254', '337', '429', '1', null, null, '1', null, '2016-03-12 20:48:55'), ('7255', '338', '429', '5', null, null, '5', null, '2016-03-12 20:48:55'), ('7256', '339', '429', '4', null, null, '4', null, '2016-03-12 20:48:55'), ('7257', '340', '429', '3', null, null, '3', null, '2016-03-12 20:48:55'), ('7258', '341', '429', '2', null, null, '2', null, '2016-03-12 20:48:55'), ('7259', '354', '429', '1', null, null, '1', null, '2016-03-12 20:48:55'), ('7260', '355', '429', '3', null, null, '3', null, '2016-03-12 20:48:55'), ('7261', '356', '429', '5', null, null, '5', null, '2016-03-12 20:48:55'), ('7262', '357', '429', '2', null, null, '2', null, '2016-03-12 20:48:55'), ('7263', '358', '429', '3', null, null, '3', null, '2016-03-12 20:48:55'), ('7264', '359', '429', '4', null, null, '4', null, '2016-03-12 20:48:55'), ('7265', '360', '429', '1', null, null, '1', null, '2016-03-12 20:48:55'), ('7266', '361', '429', '1', null, null, '1', null, '2016-03-12 20:48:55'), ('7267', '362', '429', '3', null, null, '3', null, '2016-03-12 20:48:55'), ('7268', '363', '429', '5', null, null, '5', null, '2016-03-12 20:48:55'), ('7269', '261', '430', '2', null, null, '2', null, '2016-03-12 20:48:55'), ('7270', '262', '430', '5', null, null, '5', null, '2016-03-12 20:48:55'), ('7271', '263', '430', '5', null, null, '5', null, '2016-03-12 20:48:55'), ('7272', '264', '430', '2', null, null, '2', null, '2016-03-12 20:48:55'), ('7273', '265', '430', '1', null, null, '1', null, '2016-03-12 20:48:55'), ('7274', '266', '430', '2', null, null, '2', null, '2016-03-12 20:48:55'), ('7275', '267', '430', '5', null, null, '5', null, '2016-03-12 20:48:55'), ('7276', '268', '430', '1', null, null, '1', null, '2016-03-12 20:48:55'), ('7277', '269', '430', '5', null, null, '5', null, '2016-03-12 20:48:55'), ('7278', '270', '430', '5', null, null, '5', null, '2016-03-12 20:48:55'), ('7279', '271', '430', '5', null, null, '5', null, '2016-03-12 20:48:55'), ('7280', '272', '430', '3', null, null, '3', null, '2016-03-12 20:48:55'), ('7281', '273', '430', '3', null, null, '3', null, '2016-03-12 20:48:55'), ('7282', '274', '430', '2', null, null, '2', null, '2016-03-12 20:48:55'), ('7283', '275', '430', '2', null, null, '2', null, '2016-03-12 20:48:55'), ('7284', '276', '430', '3', null, null, '3', null, '2016-03-12 20:48:55'), ('7285', '277', '430', '4', null, null, '4', null, '2016-03-12 20:48:55'), ('7286', '278', '430', '4', null, null, '4', null, '2016-03-12 20:48:55'), ('7287', '279', '430', '1', null, null, '1', null, '2016-03-12 20:48:55'), ('7288', '292', '430', '1', null, null, '1', null, '2016-03-12 20:48:55'), ('7289', '293', '430', '5', null, null, '5', null, '2016-03-12 20:48:55'), ('7290', '294', '430', '3', null, null, '3', null, '2016-03-12 20:48:55'), ('7291', '295', '430', '4', null, null, '4', null, '2016-03-12 20:48:55'), ('7292', '296', '430', '4', null, null, '4', null, '2016-03-12 20:48:55'), ('7293', '297', '430', '2', null, null, '2', null, '2016-03-12 20:48:55'), ('7294', '298', '430', '3', null, null, '3', null, '2016-03-12 20:48:55'), ('7295', '299', '430', '2', null, null, '2', null, '2016-03-12 20:48:55'), ('7296', '300', '430', '5', null, null, '5', null, '2016-03-12 20:48:55'), ('7297', '301', '430', '5', null, null, '5', null, '2016-03-12 20:48:55'), ('7298', '302', '430', '2', null, null, '2', null, '2016-03-12 20:48:55'), ('7299', '303', '430', '3', null, null, '3', null, '2016-03-12 20:48:55'), ('7300', '304', '430', '1', null, null, '1', null, '2016-03-12 20:48:55'), ('7301', '305', '430', '2', null, null, '2', null, '2016-03-12 20:48:55'), ('7302', '306', '430', '1', null, null, '1', null, '2016-03-12 20:48:55'), ('7303', '307', '430', '4', null, null, '4', null, '2016-03-12 20:48:55'), ('7304', '308', '430', '1', null, null, '1', null, '2016-03-12 20:48:55'), ('7305', '309', '430', '2', null, null, '2', null, '2016-03-12 20:48:55'), ('7306', '310', '430', '4', null, null, '4', null, '2016-03-12 20:48:55'), ('7307', '323', '430', '2', null, null, '2', null, '2016-03-12 20:48:55'), ('7308', '324', '430', '3', null, null, '3', null, '2016-03-12 20:48:55'), ('7309', '325', '430', '4', null, null, '4', null, '2016-03-12 20:48:55'), ('7310', '326', '430', '2', null, null, '2', null, '2016-03-12 20:48:55'), ('7311', '327', '430', '5', null, null, '5', null, '2016-03-12 20:48:55'), ('7312', '328', '430', '5', null, null, '5', null, '2016-03-12 20:48:55'), ('7313', '329', '430', '4', null, null, '4', null, '2016-03-12 20:48:55'), ('7314', '330', '430', '4', null, null, '4', null, '2016-03-12 20:48:55'), ('7315', '331', '430', '3', null, null, '3', null, '2016-03-12 20:48:55'), ('7316', '332', '430', '4', null, null, '4', null, '2016-03-12 20:48:55'), ('7317', '333', '430', '3', null, null, '3', null, '2016-03-12 20:48:55'), ('7318', '334', '430', '2', null, null, '2', null, '2016-03-12 20:48:55'), ('7319', '335', '430', '4', null, null, '4', null, '2016-03-12 20:48:55'), ('7320', '336', '430', '2', null, null, '2', null, '2016-03-12 20:48:55'), ('7321', '337', '430', '1', null, null, '1', null, '2016-03-12 20:48:55'), ('7322', '338', '430', '5', null, null, '5', null, '2016-03-12 20:48:55'), ('7323', '339', '430', '4', null, null, '4', null, '2016-03-12 20:48:55'), ('7324', '340', '430', '4', null, null, '4', null, '2016-03-12 20:48:55'), ('7325', '341', '430', '2', null, null, '2', null, '2016-03-12 20:48:55'), ('7326', '354', '430', '4', null, null, '4', null, '2016-03-12 20:48:55'), ('7327', '355', '430', '2', null, null, '2', null, '2016-03-12 20:48:55'), ('7328', '356', '430', '4', null, null, '4', null, '2016-03-12 20:48:55'), ('7329', '357', '430', '5', null, null, '5', null, '2016-03-12 20:48:55'), ('7330', '358', '430', '5', null, null, '5', null, '2016-03-12 20:48:55'), ('7331', '359', '430', '1', null, null, '1', null, '2016-03-12 20:48:55'), ('7332', '360', '430', '2', null, null, '2', null, '2016-03-12 20:48:55'), ('7333', '361', '430', '5', null, null, '5', null, '2016-03-12 20:48:55'), ('7334', '362', '430', '5', null, null, '5', null, '2016-03-12 20:48:55'), ('7335', '363', '430', '1', null, null, '1', null, '2016-03-12 20:48:55'), ('7336', '261', '431', '3', null, null, '3', null, '2016-03-12 20:48:55'), ('7337', '262', '431', '4', null, null, '4', null, '2016-03-12 20:48:55'), ('7338', '263', '431', '5', null, null, '5', null, '2016-03-12 20:48:55'), ('7339', '264', '431', '3', null, null, '3', null, '2016-03-12 20:48:55'), ('7340', '265', '431', '3', null, null, '3', null, '2016-03-12 20:48:55'), ('7341', '266', '431', '1', null, null, '1', null, '2016-03-12 20:48:55'), ('7342', '267', '431', '2', null, null, '2', null, '2016-03-12 20:48:55'), ('7343', '268', '431', '2', null, null, '2', null, '2016-03-12 20:48:55'), ('7344', '269', '431', '4', null, null, '4', null, '2016-03-12 20:48:55'), ('7345', '270', '431', '3', null, null, '3', null, '2016-03-12 20:48:55'), ('7346', '271', '431', '3', null, null, '3', null, '2016-03-12 20:48:55'), ('7347', '272', '431', '4', null, null, '4', null, '2016-03-12 20:48:55'), ('7348', '273', '431', '2', null, null, '2', null, '2016-03-12 20:48:55'), ('7349', '274', '431', '3', null, null, '3', null, '2016-03-12 20:48:55'), ('7350', '275', '431', '2', null, null, '2', null, '2016-03-12 20:48:55'), ('7351', '276', '431', '3', null, null, '3', null, '2016-03-12 20:48:55'), ('7352', '277', '431', '4', null, null, '4', null, '2016-03-12 20:48:55'), ('7353', '278', '431', '3', null, null, '3', null, '2016-03-12 20:48:55'), ('7354', '279', '431', '5', null, null, '5', null, '2016-03-12 20:48:55'), ('7355', '292', '431', '5', null, null, '5', null, '2016-03-12 20:48:55'), ('7356', '293', '431', '4', null, null, '4', null, '2016-03-12 20:48:55'), ('7357', '294', '431', '1', null, null, '1', null, '2016-03-12 20:48:55'), ('7358', '295', '431', '3', null, null, '3', null, '2016-03-12 20:48:55'), ('7359', '296', '431', '3', null, null, '3', null, '2016-03-12 20:48:55'), ('7360', '297', '431', '3', null, null, '3', null, '2016-03-12 20:48:55'), ('7361', '298', '431', '2', null, null, '2', null, '2016-03-12 20:48:55'), ('7362', '299', '431', '3', null, null, '3', null, '2016-03-12 20:48:55'), ('7363', '300', '431', '5', null, null, '5', null, '2016-03-12 20:48:55'), ('7364', '301', '431', '3', null, null, '3', null, '2016-03-12 20:48:55'), ('7365', '302', '431', '2', null, null, '2', null, '2016-03-12 20:48:55'), ('7366', '303', '431', '5', null, null, '5', null, '2016-03-12 20:48:55'), ('7367', '304', '431', '1', null, null, '1', null, '2016-03-12 20:48:55'), ('7368', '305', '431', '3', null, null, '3', null, '2016-03-12 20:48:55'), ('7369', '306', '431', '4', null, null, '4', null, '2016-03-12 20:48:55'), ('7370', '307', '431', '5', null, null, '5', null, '2016-03-12 20:48:55'), ('7371', '308', '431', '2', null, null, '2', null, '2016-03-12 20:48:55'), ('7372', '309', '431', '2', null, null, '2', null, '2016-03-12 20:48:55'), ('7373', '310', '431', '3', null, null, '3', null, '2016-03-12 20:48:55'), ('7374', '323', '431', '3', null, null, '3', null, '2016-03-12 20:48:55'), ('7375', '324', '431', '3', null, null, '3', null, '2016-03-12 20:48:55'), ('7376', '325', '431', '2', null, null, '2', null, '2016-03-12 20:48:55'), ('7377', '326', '431', '3', null, null, '3', null, '2016-03-12 20:48:55'), ('7378', '327', '431', '2', null, null, '2', null, '2016-03-12 20:48:55'), ('7379', '328', '431', '4', null, null, '4', null, '2016-03-12 20:48:55'), ('7380', '329', '431', '3', null, null, '3', null, '2016-03-12 20:48:55'), ('7381', '330', '431', '2', null, null, '2', null, '2016-03-12 20:48:55'), ('7382', '331', '431', '4', null, null, '4', null, '2016-03-12 20:48:55'), ('7383', '332', '431', '1', null, null, '1', null, '2016-03-12 20:48:55'), ('7384', '333', '431', '2', null, null, '2', null, '2016-03-12 20:48:55'), ('7385', '334', '431', '3', null, null, '3', null, '2016-03-12 20:48:55'), ('7386', '335', '431', '3', null, null, '3', null, '2016-03-12 20:48:55'), ('7387', '336', '431', '1', null, null, '1', null, '2016-03-12 20:48:55'), ('7388', '337', '431', '2', null, null, '2', null, '2016-03-12 20:48:55'), ('7389', '338', '431', '1', null, null, '1', null, '2016-03-12 20:48:55'), ('7390', '339', '431', '3', null, null, '3', null, '2016-03-12 20:48:55'), ('7391', '340', '431', '4', null, null, '4', null, '2016-03-12 20:48:55'), ('7392', '341', '431', '3', null, null, '3', null, '2016-03-12 20:48:55'), ('7393', '354', '431', '5', null, null, '5', null, '2016-03-12 20:48:55'), ('7394', '355', '431', '5', null, null, '5', null, '2016-03-12 20:48:55'), ('7395', '356', '431', '2', null, null, '2', null, '2016-03-12 20:48:55'), ('7396', '357', '431', '2', null, null, '2', null, '2016-03-12 20:48:55'), ('7397', '358', '431', '1', null, null, '1', null, '2016-03-12 20:48:55'), ('7398', '359', '431', '3', null, null, '3', null, '2016-03-12 20:48:55'), ('7399', '360', '431', '1', null, null, '1', null, '2016-03-12 20:48:55'), ('7400', '361', '431', '1', null, null, '1', null, '2016-03-12 20:48:55'), ('7401', '362', '431', '3', null, null, '3', null, '2016-03-12 20:48:55'), ('7402', '363', '431', '2', null, null, '2', null, '2016-03-12 20:48:55'), ('7403', '261', '432', '4', null, null, '4', null, '2016-03-12 20:48:55'), ('7404', '262', '432', '2', null, null, '2', null, '2016-03-12 20:48:55'), ('7405', '263', '432', '5', null, null, '5', null, '2016-03-12 20:48:55'), ('7406', '264', '432', '3', null, null, '3', null, '2016-03-12 20:48:55'), ('7407', '265', '432', '3', null, null, '3', null, '2016-03-12 20:48:55'), ('7408', '266', '432', '3', null, null, '3', null, '2016-03-12 20:48:55'), ('7409', '267', '432', '2', null, null, '2', null, '2016-03-12 20:48:55'), ('7410', '268', '432', '2', null, null, '2', null, '2016-03-12 20:48:55'), ('7411', '269', '432', '3', null, null, '3', null, '2016-03-12 20:48:55'), ('7412', '270', '432', '2', null, null, '2', null, '2016-03-12 20:48:55'), ('7413', '271', '432', '2', null, null, '2', null, '2016-03-12 20:48:55'), ('7414', '272', '432', '3', null, null, '3', null, '2016-03-12 20:48:55'), ('7415', '273', '432', '3', null, null, '3', null, '2016-03-12 20:48:55'), ('7416', '274', '432', '3', null, null, '3', null, '2016-03-12 20:48:55'), ('7417', '275', '432', '2', null, null, '2', null, '2016-03-12 20:48:55'), ('7418', '276', '432', '5', null, null, '5', null, '2016-03-12 20:48:55'), ('7419', '277', '432', '4', null, null, '4', null, '2016-03-12 20:48:55'), ('7420', '278', '432', '3', null, null, '3', null, '2016-03-12 20:48:55'), ('7421', '279', '432', '2', null, null, '2', null, '2016-03-12 20:48:55'), ('7422', '292', '432', '2', null, null, '2', null, '2016-03-12 20:48:55'), ('7423', '293', '432', '4', null, null, '4', null, '2016-03-12 20:48:55'), ('7424', '294', '432', '4', null, null, '4', null, '2016-03-12 20:48:55'), ('7425', '295', '432', '3', null, null, '3', null, '2016-03-12 20:48:55'), ('7426', '296', '432', '3', null, null, '3', null, '2016-03-12 20:48:55'), ('7427', '297', '432', '3', null, null, '3', null, '2016-03-12 20:48:55'), ('7428', '298', '432', '5', null, null, '5', null, '2016-03-12 20:48:55'), ('7429', '299', '432', '3', null, null, '3', null, '2016-03-12 20:48:55'), ('7430', '300', '432', '5', null, null, '5', null, '2016-03-12 20:48:55'), ('7431', '301', '432', '4', null, null, '4', null, '2016-03-12 20:48:55'), ('7432', '302', '432', '4', null, null, '4', null, '2016-03-12 20:48:55'), ('7433', '303', '432', '2', null, null, '2', null, '2016-03-12 20:48:55'), ('7434', '304', '432', '3', null, null, '3', null, '2016-03-12 20:48:55'), ('7435', '305', '432', '3', null, null, '3', null, '2016-03-12 20:48:55'), ('7436', '306', '432', '1', null, null, '1', null, '2016-03-12 20:48:55');
INSERT INTO `assessment_response` VALUES ('7437', '307', '432', '5', null, null, '5', null, '2016-03-12 20:48:55'), ('7438', '308', '432', '2', null, null, '2', null, '2016-03-12 20:48:55'), ('7439', '309', '432', '1', null, null, '1', null, '2016-03-12 20:48:55'), ('7440', '310', '432', '2', null, null, '2', null, '2016-03-12 20:48:55'), ('7441', '323', '432', '2', null, null, '2', null, '2016-03-12 20:48:55'), ('7442', '324', '432', '5', null, null, '5', null, '2016-03-12 20:48:55'), ('7443', '325', '432', '1', null, null, '1', null, '2016-03-12 20:48:55'), ('7444', '326', '432', '2', null, null, '2', null, '2016-03-12 20:48:55'), ('7445', '327', '432', '1', null, null, '1', null, '2016-03-12 20:48:55'), ('7446', '328', '432', '3', null, null, '3', null, '2016-03-12 20:48:55'), ('7447', '329', '432', '1', null, null, '1', null, '2016-03-12 20:48:55'), ('7448', '330', '432', '5', null, null, '5', null, '2016-03-12 20:48:55'), ('7449', '331', '432', '1', null, null, '1', null, '2016-03-12 20:48:55'), ('7450', '332', '432', '1', null, null, '1', null, '2016-03-12 20:48:55'), ('7451', '333', '432', '5', null, null, '5', null, '2016-03-12 20:48:55'), ('7452', '334', '432', '4', null, null, '4', null, '2016-03-12 20:48:55'), ('7453', '335', '432', '2', null, null, '2', null, '2016-03-12 20:48:55'), ('7454', '336', '432', '2', null, null, '2', null, '2016-03-12 20:48:55'), ('7455', '337', '432', '1', null, null, '1', null, '2016-03-12 20:48:55'), ('7456', '338', '432', '2', null, null, '2', null, '2016-03-12 20:48:55'), ('7457', '339', '432', '3', null, null, '3', null, '2016-03-12 20:48:55'), ('7458', '340', '432', '4', null, null, '4', null, '2016-03-12 20:48:55'), ('7459', '341', '432', '4', null, null, '4', null, '2016-03-12 20:48:55'), ('7460', '354', '432', '1', null, null, '1', null, '2016-03-12 20:48:55'), ('7461', '355', '432', '4', null, null, '4', null, '2016-03-12 20:48:55'), ('7462', '356', '432', '5', null, null, '5', null, '2016-03-12 20:48:55'), ('7463', '357', '432', '3', null, null, '3', null, '2016-03-12 20:48:55'), ('7464', '358', '432', '3', null, null, '3', null, '2016-03-12 20:48:55'), ('7465', '359', '432', '2', null, null, '2', null, '2016-03-12 20:48:55'), ('7466', '360', '432', '4', null, null, '4', null, '2016-03-12 20:48:55'), ('7467', '361', '432', '5', null, null, '5', null, '2016-03-12 20:48:55'), ('7468', '362', '432', '1', null, null, '1', null, '2016-03-12 20:48:55'), ('7469', '363', '432', '5', null, null, '5', null, '2016-03-12 20:48:55'), ('7470', '261', '433', '3', null, null, '3', null, '2016-03-12 20:48:55'), ('7471', '262', '433', '3', null, null, '3', null, '2016-03-12 20:48:55'), ('7472', '263', '433', '4', null, null, '4', null, '2016-03-12 20:48:55'), ('7473', '264', '433', '1', null, null, '1', null, '2016-03-12 20:48:55'), ('7474', '265', '433', '1', null, null, '1', null, '2016-03-12 20:48:55'), ('7475', '266', '433', '3', null, null, '3', null, '2016-03-12 20:48:55'), ('7476', '267', '433', '5', null, null, '5', null, '2016-03-12 20:48:55'), ('7477', '268', '433', '5', null, null, '5', null, '2016-03-12 20:48:55'), ('7478', '269', '433', '5', null, null, '5', null, '2016-03-12 20:48:55'), ('7479', '270', '433', '1', null, null, '1', null, '2016-03-12 20:48:55'), ('7480', '271', '433', '5', null, null, '5', null, '2016-03-12 20:48:55'), ('7481', '272', '433', '5', null, null, '5', null, '2016-03-12 20:48:55'), ('7482', '273', '433', '3', null, null, '3', null, '2016-03-12 20:48:55'), ('7483', '274', '433', '2', null, null, '2', null, '2016-03-12 20:48:55'), ('7484', '275', '433', '5', null, null, '5', null, '2016-03-12 20:48:55'), ('7485', '276', '433', '4', null, null, '4', null, '2016-03-12 20:48:55'), ('7486', '277', '433', '1', null, null, '1', null, '2016-03-12 20:48:55'), ('7487', '278', '433', '4', null, null, '4', null, '2016-03-12 20:48:55'), ('7488', '279', '433', '5', null, null, '5', null, '2016-03-12 20:48:55'), ('7489', '292', '433', '1', null, null, '1', null, '2016-03-12 20:48:55'), ('7490', '293', '433', '5', null, null, '5', null, '2016-03-12 20:48:55'), ('7491', '294', '433', '5', null, null, '5', null, '2016-03-12 20:48:55'), ('7492', '295', '433', '5', null, null, '5', null, '2016-03-12 20:48:55'), ('7493', '296', '433', '5', null, null, '5', null, '2016-03-12 20:48:55'), ('7494', '297', '433', '4', null, null, '4', null, '2016-03-12 20:48:55'), ('7495', '298', '433', '5', null, null, '5', null, '2016-03-12 20:48:55'), ('7496', '299', '433', '2', null, null, '2', null, '2016-03-12 20:48:55'), ('7497', '300', '433', '4', null, null, '4', null, '2016-03-12 20:48:55'), ('7498', '301', '433', '2', null, null, '2', null, '2016-03-12 20:48:55'), ('7499', '302', '433', '4', null, null, '4', null, '2016-03-12 20:48:55'), ('7500', '303', '433', '1', null, null, '1', null, '2016-03-12 20:48:55'), ('7501', '304', '433', '2', null, null, '2', null, '2016-03-12 20:48:55'), ('7502', '305', '433', '5', null, null, '5', null, '2016-03-12 20:48:55'), ('7503', '306', '433', '3', null, null, '3', null, '2016-03-12 20:48:55'), ('7504', '307', '433', '2', null, null, '2', null, '2016-03-12 20:48:55'), ('7505', '308', '433', '5', null, null, '5', null, '2016-03-12 20:48:55'), ('7506', '309', '433', '5', null, null, '5', null, '2016-03-12 20:48:55'), ('7507', '310', '433', '2', null, null, '2', null, '2016-03-12 20:48:55'), ('7508', '323', '433', '5', null, null, '5', null, '2016-03-12 20:48:55'), ('7509', '324', '433', '4', null, null, '4', null, '2016-03-12 20:48:55'), ('7510', '325', '433', '4', null, null, '4', null, '2016-03-12 20:48:55'), ('7511', '326', '433', '1', null, null, '1', null, '2016-03-12 20:48:55'), ('7512', '327', '433', '5', null, null, '5', null, '2016-03-12 20:48:55'), ('7513', '328', '433', '1', null, null, '1', null, '2016-03-12 20:48:55'), ('7514', '329', '433', '3', null, null, '3', null, '2016-03-12 20:48:55'), ('7515', '330', '433', '5', null, null, '5', null, '2016-03-12 20:48:55'), ('7516', '331', '433', '5', null, null, '5', null, '2016-03-12 20:48:55'), ('7517', '332', '433', '5', null, null, '5', null, '2016-03-12 20:48:55'), ('7518', '333', '433', '5', null, null, '5', null, '2016-03-12 20:48:55'), ('7519', '334', '433', '1', null, null, '1', null, '2016-03-12 20:48:55'), ('7520', '335', '433', '2', null, null, '2', null, '2016-03-12 20:48:55'), ('7521', '336', '433', '2', null, null, '2', null, '2016-03-12 20:48:55'), ('7522', '337', '433', '3', null, null, '3', null, '2016-03-12 20:48:55'), ('7523', '338', '433', '1', null, null, '1', null, '2016-03-12 20:48:55'), ('7524', '339', '433', '2', null, null, '2', null, '2016-03-12 20:48:55'), ('7525', '340', '433', '2', null, null, '2', null, '2016-03-12 20:48:55'), ('7526', '341', '433', '2', null, null, '2', null, '2016-03-12 20:48:55'), ('7527', '354', '433', '5', null, null, '5', null, '2016-03-12 20:48:55'), ('7528', '355', '433', '1', null, null, '1', null, '2016-03-12 20:48:55'), ('7529', '356', '433', '5', null, null, '5', null, '2016-03-12 20:48:55'), ('7530', '357', '433', '4', null, null, '4', null, '2016-03-12 20:48:55'), ('7531', '358', '433', '4', null, null, '4', null, '2016-03-12 20:48:55'), ('7532', '359', '433', '5', null, null, '5', null, '2016-03-12 20:48:55'), ('7533', '360', '433', '2', null, null, '2', null, '2016-03-12 20:48:55'), ('7534', '361', '433', '4', null, null, '4', null, '2016-03-12 20:48:55'), ('7535', '362', '433', '5', null, null, '5', null, '2016-03-12 20:48:55'), ('7536', '363', '433', '5', null, null, '5', null, '2016-03-12 20:48:55'), ('7537', '261', '434', '2', null, null, '2', null, '2016-03-12 20:48:55'), ('7538', '262', '434', '5', null, null, '5', null, '2016-03-12 20:48:55'), ('7539', '263', '434', '3', null, null, '3', null, '2016-03-12 20:48:55'), ('7540', '264', '434', '2', null, null, '2', null, '2016-03-12 20:48:55'), ('7541', '265', '434', '4', null, null, '4', null, '2016-03-12 20:48:55'), ('7542', '266', '434', '4', null, null, '4', null, '2016-03-12 20:48:55'), ('7543', '267', '434', '4', null, null, '4', null, '2016-03-12 20:48:55'), ('7544', '268', '434', '3', null, null, '3', null, '2016-03-12 20:48:55'), ('7545', '269', '434', '2', null, null, '2', null, '2016-03-12 20:48:55'), ('7546', '270', '434', '5', null, null, '5', null, '2016-03-12 20:48:55'), ('7547', '271', '434', '5', null, null, '5', null, '2016-03-12 20:48:55'), ('7548', '272', '434', '5', null, null, '5', null, '2016-03-12 20:48:55'), ('7549', '273', '434', '2', null, null, '2', null, '2016-03-12 20:48:55'), ('7550', '274', '434', '5', null, null, '5', null, '2016-03-12 20:48:55'), ('7551', '275', '434', '5', null, null, '5', null, '2016-03-12 20:48:55'), ('7552', '276', '434', '5', null, null, '5', null, '2016-03-12 20:48:55'), ('7553', '277', '434', '4', null, null, '4', null, '2016-03-12 20:48:55'), ('7554', '278', '434', '5', null, null, '5', null, '2016-03-12 20:48:55'), ('7555', '279', '434', '5', null, null, '5', null, '2016-03-12 20:48:55'), ('7556', '292', '434', '3', null, null, '3', null, '2016-03-12 20:48:55'), ('7557', '293', '434', '1', null, null, '1', null, '2016-03-12 20:48:55'), ('7558', '294', '434', '2', null, null, '2', null, '2016-03-12 20:48:55'), ('7559', '295', '434', '4', null, null, '4', null, '2016-03-12 20:48:55'), ('7560', '296', '434', '5', null, null, '5', null, '2016-03-12 20:48:55'), ('7561', '297', '434', '5', null, null, '5', null, '2016-03-12 20:48:55'), ('7562', '298', '434', '1', null, null, '1', null, '2016-03-12 20:48:55'), ('7563', '299', '434', '4', null, null, '4', null, '2016-03-12 20:48:55'), ('7564', '300', '434', '5', null, null, '5', null, '2016-03-12 20:48:55'), ('7565', '301', '434', '4', null, null, '4', null, '2016-03-12 20:48:55'), ('7566', '302', '434', '3', null, null, '3', null, '2016-03-12 20:48:55'), ('7567', '303', '434', '5', null, null, '5', null, '2016-03-12 20:48:55'), ('7568', '304', '434', '4', null, null, '4', null, '2016-03-12 20:48:55'), ('7569', '305', '434', '4', null, null, '4', null, '2016-03-12 20:48:55'), ('7570', '306', '434', '4', null, null, '4', null, '2016-03-12 20:48:55'), ('7571', '307', '434', '3', null, null, '3', null, '2016-03-12 20:48:55'), ('7572', '308', '434', '2', null, null, '2', null, '2016-03-12 20:48:55'), ('7573', '309', '434', '5', null, null, '5', null, '2016-03-12 20:48:55'), ('7574', '310', '434', '2', null, null, '2', null, '2016-03-12 20:48:55'), ('7575', '323', '434', '2', null, null, '2', null, '2016-03-12 20:48:55'), ('7576', '324', '434', '4', null, null, '4', null, '2016-03-12 20:48:55'), ('7577', '325', '434', '4', null, null, '4', null, '2016-03-12 20:48:55'), ('7578', '326', '434', '1', null, null, '1', null, '2016-03-12 20:48:55'), ('7579', '327', '434', '2', null, null, '2', null, '2016-03-12 20:48:55'), ('7580', '328', '434', '1', null, null, '1', null, '2016-03-12 20:48:55'), ('7581', '329', '434', '4', null, null, '4', null, '2016-03-12 20:48:55'), ('7582', '330', '434', '3', null, null, '3', null, '2016-03-12 20:48:55'), ('7583', '331', '434', '4', null, null, '4', null, '2016-03-12 20:48:55'), ('7584', '332', '434', '2', null, null, '2', null, '2016-03-12 20:48:55'), ('7585', '333', '434', '5', null, null, '5', null, '2016-03-12 20:48:55'), ('7586', '334', '434', '1', null, null, '1', null, '2016-03-12 20:48:55'), ('7587', '335', '434', '5', null, null, '5', null, '2016-03-12 20:48:55'), ('7588', '336', '434', '2', null, null, '2', null, '2016-03-12 20:48:55'), ('7589', '337', '434', '1', null, null, '1', null, '2016-03-12 20:48:55'), ('7590', '338', '434', '4', null, null, '4', null, '2016-03-12 20:48:55'), ('7591', '339', '434', '5', null, null, '5', null, '2016-03-12 20:48:55'), ('7592', '340', '434', '2', null, null, '2', null, '2016-03-12 20:48:55'), ('7593', '341', '434', '3', null, null, '3', null, '2016-03-12 20:48:55'), ('7594', '354', '434', '5', null, null, '5', null, '2016-03-12 20:48:55'), ('7595', '355', '434', '3', null, null, '3', null, '2016-03-12 20:48:55'), ('7596', '356', '434', '4', null, null, '4', null, '2016-03-12 20:48:55'), ('7597', '357', '434', '5', null, null, '5', null, '2016-03-12 20:48:55'), ('7598', '358', '434', '2', null, null, '2', null, '2016-03-12 20:48:55'), ('7599', '359', '434', '4', null, null, '4', null, '2016-03-12 20:48:55'), ('7600', '360', '434', '5', null, null, '5', null, '2016-03-12 20:48:55'), ('7601', '361', '434', '5', null, null, '5', null, '2016-03-12 20:48:55'), ('7602', '362', '434', '2', null, null, '2', null, '2016-03-12 20:48:55'), ('7603', '363', '434', '1', null, null, '1', null, '2016-03-12 20:48:55'), ('7604', '261', '435', '5', null, null, '5', null, '2016-03-12 20:48:55'), ('7605', '262', '435', '2', null, null, '2', null, '2016-03-12 20:48:55'), ('7606', '263', '435', '5', null, null, '5', null, '2016-03-12 20:48:55'), ('7607', '264', '435', '2', null, null, '2', null, '2016-03-12 20:48:55'), ('7608', '265', '435', '2', null, null, '2', null, '2016-03-12 20:48:55'), ('7609', '266', '435', '3', null, null, '3', null, '2016-03-12 20:48:55'), ('7610', '267', '435', '4', null, null, '4', null, '2016-03-12 20:48:55'), ('7611', '268', '435', '3', null, null, '3', null, '2016-03-12 20:48:55'), ('7612', '269', '435', '5', null, null, '5', null, '2016-03-12 20:48:55'), ('7613', '270', '435', '2', null, null, '2', null, '2016-03-12 20:48:55'), ('7614', '271', '435', '1', null, null, '1', null, '2016-03-12 20:48:55'), ('7615', '272', '435', '5', null, null, '5', null, '2016-03-12 20:48:55'), ('7616', '273', '435', '5', null, null, '5', null, '2016-03-12 20:48:55'), ('7617', '274', '435', '5', null, null, '5', null, '2016-03-12 20:48:55'), ('7618', '275', '435', '5', null, null, '5', null, '2016-03-12 20:48:55'), ('7619', '276', '435', '4', null, null, '4', null, '2016-03-12 20:48:55'), ('7620', '277', '435', '1', null, null, '1', null, '2016-03-12 20:48:55'), ('7621', '278', '435', '2', null, null, '2', null, '2016-03-12 20:48:55'), ('7622', '279', '435', '1', null, null, '1', null, '2016-03-12 20:48:55'), ('7623', '292', '435', '3', null, null, '3', null, '2016-03-12 20:48:55'), ('7624', '293', '435', '2', null, null, '2', null, '2016-03-12 20:48:55'), ('7625', '294', '435', '5', null, null, '5', null, '2016-03-12 20:48:55'), ('7626', '295', '435', '5', null, null, '5', null, '2016-03-12 20:48:55'), ('7627', '296', '435', '4', null, null, '4', null, '2016-03-12 20:48:55'), ('7628', '297', '435', '5', null, null, '5', null, '2016-03-12 20:48:55'), ('7629', '298', '435', '2', null, null, '2', null, '2016-03-12 20:48:55'), ('7630', '299', '435', '4', null, null, '4', null, '2016-03-12 20:48:55'), ('7631', '300', '435', '5', null, null, '5', null, '2016-03-12 20:48:55'), ('7632', '301', '435', '2', null, null, '2', null, '2016-03-12 20:48:55'), ('7633', '302', '435', '1', null, null, '1', null, '2016-03-12 20:48:55'), ('7634', '303', '435', '4', null, null, '4', null, '2016-03-12 20:48:55'), ('7635', '304', '435', '3', null, null, '3', null, '2016-03-12 20:48:55'), ('7636', '305', '435', '1', null, null, '1', null, '2016-03-12 20:48:55'), ('7637', '306', '435', '3', null, null, '3', null, '2016-03-12 20:48:55'), ('7638', '307', '435', '1', null, null, '1', null, '2016-03-12 20:48:55'), ('7639', '308', '435', '4', null, null, '4', null, '2016-03-12 20:48:55'), ('7640', '309', '435', '4', null, null, '4', null, '2016-03-12 20:48:55'), ('7641', '310', '435', '2', null, null, '2', null, '2016-03-12 20:48:55'), ('7642', '323', '435', '2', null, null, '2', null, '2016-03-12 20:48:55'), ('7643', '324', '435', '4', null, null, '4', null, '2016-03-12 20:48:55'), ('7644', '325', '435', '3', null, null, '3', null, '2016-03-12 20:48:55'), ('7645', '326', '435', '1', null, null, '1', null, '2016-03-12 20:48:55'), ('7646', '327', '435', '1', null, null, '1', null, '2016-03-12 20:48:55'), ('7647', '328', '435', '1', null, null, '1', null, '2016-03-12 20:48:55'), ('7648', '329', '435', '1', null, null, '1', null, '2016-03-12 20:48:55'), ('7649', '330', '435', '1', null, null, '1', null, '2016-03-12 20:48:55'), ('7650', '331', '435', '2', null, null, '2', null, '2016-03-12 20:48:55'), ('7651', '332', '435', '1', null, null, '1', null, '2016-03-12 20:48:55'), ('7652', '333', '435', '4', null, null, '4', null, '2016-03-12 20:48:55'), ('7653', '334', '435', '2', null, null, '2', null, '2016-03-12 20:48:55'), ('7654', '335', '435', '3', null, null, '3', null, '2016-03-12 20:48:55'), ('7655', '336', '435', '3', null, null, '3', null, '2016-03-12 20:48:55'), ('7656', '337', '435', '4', null, null, '4', null, '2016-03-12 20:48:55'), ('7657', '338', '435', '5', null, null, '5', null, '2016-03-12 20:48:55'), ('7658', '339', '435', '1', null, null, '1', null, '2016-03-12 20:48:55'), ('7659', '340', '435', '3', null, null, '3', null, '2016-03-12 20:48:55'), ('7660', '341', '435', '1', null, null, '1', null, '2016-03-12 20:48:55'), ('7661', '354', '435', '5', null, null, '5', null, '2016-03-12 20:48:55'), ('7662', '355', '435', '4', null, null, '4', null, '2016-03-12 20:48:55'), ('7663', '356', '435', '1', null, null, '1', null, '2016-03-12 20:48:55'), ('7664', '357', '435', '5', null, null, '5', null, '2016-03-12 20:48:55'), ('7665', '358', '435', '3', null, null, '3', null, '2016-03-12 20:48:55'), ('7666', '359', '435', '5', null, null, '5', null, '2016-03-12 20:48:55'), ('7667', '360', '435', '1', null, null, '1', null, '2016-03-12 20:48:55'), ('7668', '361', '435', '1', null, null, '1', null, '2016-03-12 20:48:55'), ('7669', '362', '435', '1', null, null, '1', null, '2016-03-12 20:48:55'), ('7670', '363', '435', '3', null, null, '3', null, '2016-03-12 20:48:55'), ('7671', '261', '436', '5', null, null, '5', null, '2016-03-12 20:48:55'), ('7672', '262', '436', '1', null, null, '1', null, '2016-03-12 20:48:55'), ('7673', '263', '436', '3', null, null, '3', null, '2016-03-12 20:48:55'), ('7674', '264', '436', '2', null, null, '2', null, '2016-03-12 20:48:55'), ('7675', '265', '436', '4', null, null, '4', null, '2016-03-12 20:48:55'), ('7676', '266', '436', '4', null, null, '4', null, '2016-03-12 20:48:55'), ('7677', '267', '436', '4', null, null, '4', null, '2016-03-12 20:48:55'), ('7678', '268', '436', '2', null, null, '2', null, '2016-03-12 20:48:55'), ('7679', '269', '436', '2', null, null, '2', null, '2016-03-12 20:48:55'), ('7680', '270', '436', '2', null, null, '2', null, '2016-03-12 20:48:55'), ('7681', '271', '436', '4', null, null, '4', null, '2016-03-12 20:48:55'), ('7682', '272', '436', '1', null, null, '1', null, '2016-03-12 20:48:55'), ('7683', '273', '436', '5', null, null, '5', null, '2016-03-12 20:48:55'), ('7684', '274', '436', '3', null, null, '3', null, '2016-03-12 20:48:55'), ('7685', '275', '436', '2', null, null, '2', null, '2016-03-12 20:48:55'), ('7686', '276', '436', '4', null, null, '4', null, '2016-03-12 20:48:55'), ('7687', '277', '436', '5', null, null, '5', null, '2016-03-12 20:48:55'), ('7688', '278', '436', '5', null, null, '5', null, '2016-03-12 20:48:55'), ('7689', '279', '436', '2', null, null, '2', null, '2016-03-12 20:48:55'), ('7690', '292', '436', '4', null, null, '4', null, '2016-03-12 20:48:55'), ('7691', '293', '436', '3', null, null, '3', null, '2016-03-12 20:48:55'), ('7692', '294', '436', '5', null, null, '5', null, '2016-03-12 20:48:55'), ('7693', '295', '436', '4', null, null, '4', null, '2016-03-12 20:48:55'), ('7694', '296', '436', '5', null, null, '5', null, '2016-03-12 20:48:55'), ('7695', '297', '436', '3', null, null, '3', null, '2016-03-12 20:48:55'), ('7696', '298', '436', '5', null, null, '5', null, '2016-03-12 20:48:55'), ('7697', '299', '436', '4', null, null, '4', null, '2016-03-12 20:48:55'), ('7698', '300', '436', '4', null, null, '4', null, '2016-03-12 20:48:55'), ('7699', '301', '436', '2', null, null, '2', null, '2016-03-12 20:48:55'), ('7700', '302', '436', '2', null, null, '2', null, '2016-03-12 20:48:55'), ('7701', '303', '436', '1', null, null, '1', null, '2016-03-12 20:48:55'), ('7702', '304', '436', '3', null, null, '3', null, '2016-03-12 20:48:55'), ('7703', '305', '436', '2', null, null, '2', null, '2016-03-12 20:48:55'), ('7704', '306', '436', '4', null, null, '4', null, '2016-03-12 20:48:55'), ('7705', '307', '436', '4', null, null, '4', null, '2016-03-12 20:48:55'), ('7706', '308', '436', '4', null, null, '4', null, '2016-03-12 20:48:55'), ('7707', '309', '436', '5', null, null, '5', null, '2016-03-12 20:48:55'), ('7708', '310', '436', '3', null, null, '3', null, '2016-03-12 20:48:55'), ('7709', '323', '436', '4', null, null, '4', null, '2016-03-12 20:48:55'), ('7710', '324', '436', '2', null, null, '2', null, '2016-03-12 20:48:55'), ('7711', '325', '436', '3', null, null, '3', null, '2016-03-12 20:48:55'), ('7712', '326', '436', '3', null, null, '3', null, '2016-03-12 20:48:55'), ('7713', '327', '436', '2', null, null, '2', null, '2016-03-12 20:48:55'), ('7714', '328', '436', '1', null, null, '1', null, '2016-03-12 20:48:55'), ('7715', '329', '436', '5', null, null, '5', null, '2016-03-12 20:48:55'), ('7716', '330', '436', '4', null, null, '4', null, '2016-03-12 20:48:55'), ('7717', '331', '436', '5', null, null, '5', null, '2016-03-12 20:48:55'), ('7718', '332', '436', '2', null, null, '2', null, '2016-03-12 20:48:55'), ('7719', '333', '436', '4', null, null, '4', null, '2016-03-12 20:48:55'), ('7720', '334', '436', '4', null, null, '4', null, '2016-03-12 20:48:55'), ('7721', '335', '436', '3', null, null, '3', null, '2016-03-12 20:48:55'), ('7722', '336', '436', '4', null, null, '4', null, '2016-03-12 20:48:55'), ('7723', '337', '436', '2', null, null, '2', null, '2016-03-12 20:48:55'), ('7724', '338', '436', '1', null, null, '1', null, '2016-03-12 20:48:55'), ('7725', '339', '436', '2', null, null, '2', null, '2016-03-12 20:48:55'), ('7726', '340', '436', '3', null, null, '3', null, '2016-03-12 20:48:55'), ('7727', '341', '436', '5', null, null, '5', null, '2016-03-12 20:48:55'), ('7728', '354', '436', '2', null, null, '2', null, '2016-03-12 20:48:55'), ('7729', '355', '436', '1', null, null, '1', null, '2016-03-12 20:48:55'), ('7730', '356', '436', '3', null, null, '3', null, '2016-03-12 20:48:55'), ('7731', '357', '436', '3', null, null, '3', null, '2016-03-12 20:48:55'), ('7732', '358', '436', '1', null, null, '1', null, '2016-03-12 20:48:55'), ('7733', '359', '436', '5', null, null, '5', null, '2016-03-12 20:48:55'), ('7734', '360', '436', '5', null, null, '5', null, '2016-03-12 20:48:55'), ('7735', '361', '436', '3', null, null, '3', null, '2016-03-12 20:48:55'), ('7736', '362', '436', '2', null, null, '2', null, '2016-03-12 20:48:55'), ('7737', '363', '436', '3', null, null, '3', null, '2016-03-12 20:48:55'), ('7738', '261', '437', '5', null, null, '5', null, '2016-03-12 20:48:55'), ('7739', '262', '437', '2', null, null, '2', null, '2016-03-12 20:48:55'), ('7740', '263', '437', '3', null, null, '3', null, '2016-03-12 20:48:55'), ('7741', '264', '437', '4', null, null, '4', null, '2016-03-12 20:48:55'), ('7742', '265', '437', '3', null, null, '3', null, '2016-03-12 20:48:55'), ('7743', '266', '437', '4', null, null, '4', null, '2016-03-12 20:48:55'), ('7744', '267', '437', '2', null, null, '2', null, '2016-03-12 20:48:55'), ('7745', '268', '437', '4', null, null, '4', null, '2016-03-12 20:48:55'), ('7746', '269', '437', '2', null, null, '2', null, '2016-03-12 20:48:55'), ('7747', '270', '437', '5', null, null, '5', null, '2016-03-12 20:48:55'), ('7748', '271', '437', '3', null, null, '3', null, '2016-03-12 20:48:55'), ('7749', '272', '437', '2', null, null, '2', null, '2016-03-12 20:48:55'), ('7750', '273', '437', '3', null, null, '3', null, '2016-03-12 20:48:55'), ('7751', '274', '437', '3', null, null, '3', null, '2016-03-12 20:48:55'), ('7752', '275', '437', '5', null, null, '5', null, '2016-03-12 20:48:55'), ('7753', '276', '437', '3', null, null, '3', null, '2016-03-12 20:48:55'), ('7754', '277', '437', '3', null, null, '3', null, '2016-03-12 20:48:55'), ('7755', '278', '437', '4', null, null, '4', null, '2016-03-12 20:48:55'), ('7756', '279', '437', '3', null, null, '3', null, '2016-03-12 20:48:55'), ('7757', '292', '437', '3', null, null, '3', null, '2016-03-12 20:48:55'), ('7758', '293', '437', '2', null, null, '2', null, '2016-03-12 20:48:55'), ('7759', '294', '437', '5', null, null, '5', null, '2016-03-12 20:48:55'), ('7760', '295', '437', '3', null, null, '3', null, '2016-03-12 20:48:55'), ('7761', '296', '437', '2', null, null, '2', null, '2016-03-12 20:48:55'), ('7762', '297', '437', '4', null, null, '4', null, '2016-03-12 20:48:55'), ('7763', '298', '437', '2', null, null, '2', null, '2016-03-12 20:48:55'), ('7764', '299', '437', '4', null, null, '4', null, '2016-03-12 20:48:55'), ('7765', '300', '437', '5', null, null, '5', null, '2016-03-12 20:48:55'), ('7766', '301', '437', '3', null, null, '3', null, '2016-03-12 20:48:55'), ('7767', '302', '437', '1', null, null, '1', null, '2016-03-12 20:48:55'), ('7768', '303', '437', '3', null, null, '3', null, '2016-03-12 20:48:55'), ('7769', '304', '437', '5', null, null, '5', null, '2016-03-12 20:48:55'), ('7770', '305', '437', '5', null, null, '5', null, '2016-03-12 20:48:55'), ('7771', '306', '437', '4', null, null, '4', null, '2016-03-12 20:48:55'), ('7772', '307', '437', '2', null, null, '2', null, '2016-03-12 20:48:55'), ('7773', '308', '437', '1', null, null, '1', null, '2016-03-12 20:48:55'), ('7774', '309', '437', '4', null, null, '4', null, '2016-03-12 20:48:55'), ('7775', '310', '437', '4', null, null, '4', null, '2016-03-12 20:48:55'), ('7776', '323', '437', '4', null, null, '4', null, '2016-03-12 20:48:55'), ('7777', '324', '437', '4', null, null, '4', null, '2016-03-12 20:48:55'), ('7778', '325', '437', '5', null, null, '5', null, '2016-03-12 20:48:55'), ('7779', '326', '437', '1', null, null, '1', null, '2016-03-12 20:48:55'), ('7780', '327', '437', '2', null, null, '2', null, '2016-03-12 20:48:55'), ('7781', '328', '437', '5', null, null, '5', null, '2016-03-12 20:48:55'), ('7782', '329', '437', '4', null, null, '4', null, '2016-03-12 20:48:55'), ('7783', '330', '437', '1', null, null, '1', null, '2016-03-12 20:48:55'), ('7784', '331', '437', '4', null, null, '4', null, '2016-03-12 20:48:55'), ('7785', '332', '437', '1', null, null, '1', null, '2016-03-12 20:48:55'), ('7786', '333', '437', '5', null, null, '5', null, '2016-03-12 20:48:55'), ('7787', '334', '437', '5', null, null, '5', null, '2016-03-12 20:48:55'), ('7788', '335', '437', '5', null, null, '5', null, '2016-03-12 20:48:55'), ('7789', '336', '437', '3', null, null, '3', null, '2016-03-12 20:48:55'), ('7790', '337', '437', '4', null, null, '4', null, '2016-03-12 20:48:55'), ('7791', '338', '437', '2', null, null, '2', null, '2016-03-12 20:48:55'), ('7792', '339', '437', '5', null, null, '5', null, '2016-03-12 20:48:55'), ('7793', '340', '437', '1', null, null, '1', null, '2016-03-12 20:48:55'), ('7794', '341', '437', '5', null, null, '5', null, '2016-03-12 20:48:55'), ('7795', '354', '437', '5', null, null, '5', null, '2016-03-12 20:48:55'), ('7796', '355', '437', '1', null, null, '1', null, '2016-03-12 20:48:55'), ('7797', '356', '437', '5', null, null, '5', null, '2016-03-12 20:48:55'), ('7798', '357', '437', '2', null, null, '2', null, '2016-03-12 20:48:55'), ('7799', '358', '437', '5', null, null, '5', null, '2016-03-12 20:48:55'), ('7800', '359', '437', '3', null, null, '3', null, '2016-03-12 20:48:55'), ('7801', '360', '437', '5', null, null, '5', null, '2016-03-12 20:48:55'), ('7802', '361', '437', '2', null, null, '2', null, '2016-03-12 20:48:55'), ('7803', '362', '437', '2', null, null, '2', null, '2016-03-12 20:48:55'), ('7804', '363', '437', '3', null, null, '3', null, '2016-03-12 20:48:55'), ('7805', '261', '438', '5', null, null, '5', null, '2016-03-12 20:48:55'), ('7806', '262', '438', '5', null, null, '5', null, '2016-03-12 20:48:55'), ('7807', '263', '438', '2', null, null, '2', null, '2016-03-12 20:48:55'), ('7808', '264', '438', '4', null, null, '4', null, '2016-03-12 20:48:55'), ('7809', '265', '438', '5', null, null, '5', null, '2016-03-12 20:48:55'), ('7810', '266', '438', '2', null, null, '2', null, '2016-03-12 20:48:55'), ('7811', '267', '438', '3', null, null, '3', null, '2016-03-12 20:48:55'), ('7812', '268', '438', '2', null, null, '2', null, '2016-03-12 20:48:55'), ('7813', '269', '438', '2', null, null, '2', null, '2016-03-12 20:48:55'), ('7814', '270', '438', '1', null, null, '1', null, '2016-03-12 20:48:55'), ('7815', '271', '438', '1', null, null, '1', null, '2016-03-12 20:48:55'), ('7816', '272', '438', '1', null, null, '1', null, '2016-03-12 20:48:55'), ('7817', '273', '438', '1', null, null, '1', null, '2016-03-12 20:48:55'), ('7818', '274', '438', '2', null, null, '2', null, '2016-03-12 20:48:55'), ('7819', '275', '438', '3', null, null, '3', null, '2016-03-12 20:48:55'), ('7820', '276', '438', '1', null, null, '1', null, '2016-03-12 20:48:55'), ('7821', '277', '438', '5', null, null, '5', null, '2016-03-12 20:48:55'), ('7822', '278', '438', '4', null, null, '4', null, '2016-03-12 20:48:55'), ('7823', '279', '438', '5', null, null, '5', null, '2016-03-12 20:48:55'), ('7824', '292', '438', '5', null, null, '5', null, '2016-03-12 20:48:55'), ('7825', '293', '438', '1', null, null, '1', null, '2016-03-12 20:48:55'), ('7826', '294', '438', '1', null, null, '1', null, '2016-03-12 20:48:55'), ('7827', '295', '438', '4', null, null, '4', null, '2016-03-12 20:48:55'), ('7828', '296', '438', '2', null, null, '2', null, '2016-03-12 20:48:55'), ('7829', '297', '438', '1', null, null, '1', null, '2016-03-12 20:48:55'), ('7830', '298', '438', '1', null, null, '1', null, '2016-03-12 20:48:55'), ('7831', '299', '438', '1', null, null, '1', null, '2016-03-12 20:48:55'), ('7832', '300', '438', '2', null, null, '2', null, '2016-03-12 20:48:55'), ('7833', '301', '438', '1', null, null, '1', null, '2016-03-12 20:48:55'), ('7834', '302', '438', '5', null, null, '5', null, '2016-03-12 20:48:55'), ('7835', '303', '438', '2', null, null, '2', null, '2016-03-12 20:48:55'), ('7836', '304', '438', '3', null, null, '3', null, '2016-03-12 20:48:55'), ('7837', '305', '438', '5', null, null, '5', null, '2016-03-12 20:48:55'), ('7838', '306', '438', '1', null, null, '1', null, '2016-03-12 20:48:55'), ('7839', '307', '438', '5', null, null, '5', null, '2016-03-12 20:48:55'), ('7840', '308', '438', '1', null, null, '1', null, '2016-03-12 20:48:55'), ('7841', '309', '438', '3', null, null, '3', null, '2016-03-12 20:48:55'), ('7842', '310', '438', '2', null, null, '2', null, '2016-03-12 20:48:55'), ('7843', '323', '438', '5', null, null, '5', null, '2016-03-12 20:48:55'), ('7844', '324', '438', '3', null, null, '3', null, '2016-03-12 20:48:55'), ('7845', '325', '438', '4', null, null, '4', null, '2016-03-12 20:48:55'), ('7846', '326', '438', '3', null, null, '3', null, '2016-03-12 20:48:55'), ('7847', '327', '438', '1', null, null, '1', null, '2016-03-12 20:48:55'), ('7848', '328', '438', '4', null, null, '4', null, '2016-03-12 20:48:55'), ('7849', '329', '438', '3', null, null, '3', null, '2016-03-12 20:48:55'), ('7850', '330', '438', '5', null, null, '5', null, '2016-03-12 20:48:55'), ('7851', '331', '438', '5', null, null, '5', null, '2016-03-12 20:48:55'), ('7852', '332', '438', '5', null, null, '5', null, '2016-03-12 20:48:55'), ('7853', '333', '438', '5', null, null, '5', null, '2016-03-12 20:48:55'), ('7854', '334', '438', '1', null, null, '1', null, '2016-03-12 20:48:55'), ('7855', '335', '438', '2', null, null, '2', null, '2016-03-12 20:48:55'), ('7856', '336', '438', '1', null, null, '1', null, '2016-03-12 20:48:55'), ('7857', '337', '438', '3', null, null, '3', null, '2016-03-12 20:48:55'), ('7858', '338', '438', '5', null, null, '5', null, '2016-03-12 20:48:55'), ('7859', '339', '438', '2', null, null, '2', null, '2016-03-12 20:48:55'), ('7860', '340', '438', '2', null, null, '2', null, '2016-03-12 20:48:55'), ('7861', '341', '438', '2', null, null, '2', null, '2016-03-12 20:48:55'), ('7862', '354', '438', '3', null, null, '3', null, '2016-03-12 20:48:55'), ('7863', '355', '438', '4', null, null, '4', null, '2016-03-12 20:48:55'), ('7864', '356', '438', '2', null, null, '2', null, '2016-03-12 20:48:55'), ('7865', '357', '438', '1', null, null, '1', null, '2016-03-12 20:48:55'), ('7866', '358', '438', '3', null, null, '3', null, '2016-03-12 20:48:55'), ('7867', '359', '438', '2', null, null, '2', null, '2016-03-12 20:48:55'), ('7868', '360', '438', '2', null, null, '2', null, '2016-03-12 20:48:55'), ('7869', '361', '438', '3', null, null, '3', null, '2016-03-12 20:48:55'), ('7870', '362', '438', '1', null, null, '1', null, '2016-03-12 20:48:55'), ('7871', '363', '438', '2', null, null, '2', null, '2016-03-12 20:48:55'), ('7872', '261', '439', '3', null, null, '3', null, '2016-03-12 20:48:55'), ('7873', '262', '439', '3', null, null, '3', null, '2016-03-12 20:48:55'), ('7874', '263', '439', '2', null, null, '2', null, '2016-03-12 20:48:55'), ('7875', '264', '439', '3', null, null, '3', null, '2016-03-12 20:48:55'), ('7876', '265', '439', '1', null, null, '1', null, '2016-03-12 20:48:55'), ('7877', '266', '439', '4', null, null, '4', null, '2016-03-12 20:48:55'), ('7878', '267', '439', '2', null, null, '2', null, '2016-03-12 20:48:55'), ('7879', '268', '439', '2', null, null, '2', null, '2016-03-12 20:48:55'), ('7880', '269', '439', '4', null, null, '4', null, '2016-03-12 20:48:55'), ('7881', '270', '439', '1', null, null, '1', null, '2016-03-12 20:48:55'), ('7882', '271', '439', '4', null, null, '4', null, '2016-03-12 20:48:55'), ('7883', '272', '439', '3', null, null, '3', null, '2016-03-12 20:48:55'), ('7884', '273', '439', '5', null, null, '5', null, '2016-03-12 20:48:55'), ('7885', '274', '439', '2', null, null, '2', null, '2016-03-12 20:48:55'), ('7886', '275', '439', '3', null, null, '3', null, '2016-03-12 20:48:55'), ('7887', '276', '439', '1', null, null, '1', null, '2016-03-12 20:48:55'), ('7888', '277', '439', '2', null, null, '2', null, '2016-03-12 20:48:55'), ('7889', '278', '439', '5', null, null, '5', null, '2016-03-12 20:48:55'), ('7890', '279', '439', '4', null, null, '4', null, '2016-03-12 20:48:55'), ('7891', '292', '439', '2', null, null, '2', null, '2016-03-12 20:48:55'), ('7892', '293', '439', '1', null, null, '1', null, '2016-03-12 20:48:55'), ('7893', '294', '439', '1', null, null, '1', null, '2016-03-12 20:48:55'), ('7894', '295', '439', '5', null, null, '5', null, '2016-03-12 20:48:55'), ('7895', '296', '439', '2', null, null, '2', null, '2016-03-12 20:48:55'), ('7896', '297', '439', '4', null, null, '4', null, '2016-03-12 20:48:55'), ('7897', '298', '439', '1', null, null, '1', null, '2016-03-12 20:48:55'), ('7898', '299', '439', '4', null, null, '4', null, '2016-03-12 20:48:55'), ('7899', '300', '439', '3', null, null, '3', null, '2016-03-12 20:48:55'), ('7900', '301', '439', '3', null, null, '3', null, '2016-03-12 20:48:55'), ('7901', '302', '439', '4', null, null, '4', null, '2016-03-12 20:48:55'), ('7902', '303', '439', '5', null, null, '5', null, '2016-03-12 20:48:55'), ('7903', '304', '439', '3', null, null, '3', null, '2016-03-12 20:48:55'), ('7904', '305', '439', '1', null, null, '1', null, '2016-03-12 20:48:55'), ('7905', '306', '439', '5', null, null, '5', null, '2016-03-12 20:48:55'), ('7906', '307', '439', '1', null, null, '1', null, '2016-03-12 20:48:55'), ('7907', '308', '439', '5', null, null, '5', null, '2016-03-12 20:48:55'), ('7908', '309', '439', '1', null, null, '1', null, '2016-03-12 20:48:55'), ('7909', '310', '439', '5', null, null, '5', null, '2016-03-12 20:48:55'), ('7910', '323', '439', '5', null, null, '5', null, '2016-03-12 20:48:55'), ('7911', '324', '439', '2', null, null, '2', null, '2016-03-12 20:48:55'), ('7912', '325', '439', '4', null, null, '4', null, '2016-03-12 20:48:55'), ('7913', '326', '439', '4', null, null, '4', null, '2016-03-12 20:48:55'), ('7914', '327', '439', '1', null, null, '1', null, '2016-03-12 20:48:55'), ('7915', '328', '439', '2', null, null, '2', null, '2016-03-12 20:48:55'), ('7916', '329', '439', '2', null, null, '2', null, '2016-03-12 20:48:55'), ('7917', '330', '439', '2', null, null, '2', null, '2016-03-12 20:48:55'), ('7918', '331', '439', '1', null, null, '1', null, '2016-03-12 20:48:55'), ('7919', '332', '439', '1', null, null, '1', null, '2016-03-12 20:48:55'), ('7920', '333', '439', '2', null, null, '2', null, '2016-03-12 20:48:55'), ('7921', '334', '439', '5', null, null, '5', null, '2016-03-12 20:48:55'), ('7922', '335', '439', '4', null, null, '4', null, '2016-03-12 20:48:55'), ('7923', '336', '439', '1', null, null, '1', null, '2016-03-12 20:48:55'), ('7924', '337', '439', '3', null, null, '3', null, '2016-03-12 20:48:55'), ('7925', '338', '439', '5', null, null, '5', null, '2016-03-12 20:48:55'), ('7926', '339', '439', '1', null, null, '1', null, '2016-03-12 20:48:55'), ('7927', '340', '439', '4', null, null, '4', null, '2016-03-12 20:48:55'), ('7928', '341', '439', '4', null, null, '4', null, '2016-03-12 20:48:55'), ('7929', '354', '439', '5', null, null, '5', null, '2016-03-12 20:48:55'), ('7930', '355', '439', '4', null, null, '4', null, '2016-03-12 20:48:55'), ('7931', '356', '439', '1', null, null, '1', null, '2016-03-12 20:48:55'), ('7932', '357', '439', '5', null, null, '5', null, '2016-03-12 20:48:55'), ('7933', '358', '439', '1', null, null, '1', null, '2016-03-12 20:48:55'), ('7934', '359', '439', '5', null, null, '5', null, '2016-03-12 20:48:55'), ('7935', '360', '439', '1', null, null, '1', null, '2016-03-12 20:48:55'), ('7936', '361', '439', '1', null, null, '1', null, '2016-03-12 20:48:55'), ('7937', '362', '439', '5', null, null, '5', null, '2016-03-12 20:48:55'), ('7938', '363', '439', '1', null, null, '1', null, '2016-03-12 20:48:55'), ('7939', '261', '440', '1', null, null, '1', null, '2016-03-12 20:48:55'), ('7940', '262', '440', '2', null, null, '2', null, '2016-03-12 20:48:55'), ('7941', '263', '440', '1', null, null, '1', null, '2016-03-12 20:48:55'), ('7942', '264', '440', '5', null, null, '5', null, '2016-03-12 20:48:55'), ('7943', '265', '440', '5', null, null, '5', null, '2016-03-12 20:48:55'), ('7944', '266', '440', '1', null, null, '1', null, '2016-03-12 20:48:55'), ('7945', '267', '440', '5', null, null, '5', null, '2016-03-12 20:48:55'), ('7946', '268', '440', '4', null, null, '4', null, '2016-03-12 20:48:55'), ('7947', '269', '440', '5', null, null, '5', null, '2016-03-12 20:48:55'), ('7948', '270', '440', '1', null, null, '1', null, '2016-03-12 20:48:55'), ('7949', '271', '440', '1', null, null, '1', null, '2016-03-12 20:48:55'), ('7950', '272', '440', '2', null, null, '2', null, '2016-03-12 20:48:55'), ('7951', '273', '440', '5', null, null, '5', null, '2016-03-12 20:48:55'), ('7952', '274', '440', '3', null, null, '3', null, '2016-03-12 20:48:55'), ('7953', '275', '440', '3', null, null, '3', null, '2016-03-12 20:48:55'), ('7954', '276', '440', '5', null, null, '5', null, '2016-03-12 20:48:55'), ('7955', '277', '440', '4', null, null, '4', null, '2016-03-12 20:48:55'), ('7956', '278', '440', '4', null, null, '4', null, '2016-03-12 20:48:55'), ('7957', '279', '440', '5', null, null, '5', null, '2016-03-12 20:48:55'), ('7958', '292', '440', '5', null, null, '5', null, '2016-03-12 20:48:55'), ('7959', '293', '440', '2', null, null, '2', null, '2016-03-12 20:48:55'), ('7960', '294', '440', '3', null, null, '3', null, '2016-03-12 20:48:55'), ('7961', '295', '440', '1', null, null, '1', null, '2016-03-12 20:48:55'), ('7962', '296', '440', '5', null, null, '5', null, '2016-03-12 20:48:55'), ('7963', '297', '440', '3', null, null, '3', null, '2016-03-12 20:48:55'), ('7964', '298', '440', '4', null, null, '4', null, '2016-03-12 20:48:55'), ('7965', '299', '440', '4', null, null, '4', null, '2016-03-12 20:48:55'), ('7966', '300', '440', '1', null, null, '1', null, '2016-03-12 20:48:55'), ('7967', '301', '440', '5', null, null, '5', null, '2016-03-12 20:48:55'), ('7968', '302', '440', '2', null, null, '2', null, '2016-03-12 20:48:55'), ('7969', '303', '440', '1', null, null, '1', null, '2016-03-12 20:48:55'), ('7970', '304', '440', '1', null, null, '1', null, '2016-03-12 20:48:55'), ('7971', '305', '440', '5', null, null, '5', null, '2016-03-12 20:48:55'), ('7972', '306', '440', '3', null, null, '3', null, '2016-03-12 20:48:55'), ('7973', '307', '440', '1', null, null, '1', null, '2016-03-12 20:48:55'), ('7974', '308', '440', '4', null, null, '4', null, '2016-03-12 20:48:55'), ('7975', '309', '440', '3', null, null, '3', null, '2016-03-12 20:48:55'), ('7976', '310', '440', '4', null, null, '4', null, '2016-03-12 20:48:55'), ('7977', '323', '440', '2', null, null, '2', null, '2016-03-12 20:48:55'), ('7978', '324', '440', '5', null, null, '5', null, '2016-03-12 20:48:55'), ('7979', '325', '440', '4', null, null, '4', null, '2016-03-12 20:48:55'), ('7980', '326', '440', '5', null, null, '5', null, '2016-03-12 20:48:55'), ('7981', '327', '440', '5', null, null, '5', null, '2016-03-12 20:48:55'), ('7982', '328', '440', '2', null, null, '2', null, '2016-03-12 20:48:55'), ('7983', '329', '440', '5', null, null, '5', null, '2016-03-12 20:48:55'), ('7984', '330', '440', '2', null, null, '2', null, '2016-03-12 20:48:55'), ('7985', '331', '440', '4', null, null, '4', null, '2016-03-12 20:48:55'), ('7986', '332', '440', '3', null, null, '3', null, '2016-03-12 20:48:55'), ('7987', '333', '440', '4', null, null, '4', null, '2016-03-12 20:48:55'), ('7988', '334', '440', '2', null, null, '2', null, '2016-03-12 20:48:55'), ('7989', '335', '440', '5', null, null, '5', null, '2016-03-12 20:48:55'), ('7990', '336', '440', '3', null, null, '3', null, '2016-03-12 20:48:55'), ('7991', '337', '440', '1', null, null, '1', null, '2016-03-12 20:48:55'), ('7992', '338', '440', '4', null, null, '4', null, '2016-03-12 20:48:55'), ('7993', '339', '440', '1', null, null, '1', null, '2016-03-12 20:48:55'), ('7994', '340', '440', '3', null, null, '3', null, '2016-03-12 20:48:55'), ('7995', '341', '440', '2', null, null, '2', null, '2016-03-12 20:48:55'), ('7996', '354', '440', '3', null, null, '3', null, '2016-03-12 20:48:55'), ('7997', '355', '440', '2', null, null, '2', null, '2016-03-12 20:48:55'), ('7998', '356', '440', '4', null, null, '4', null, '2016-03-12 20:48:55'), ('7999', '357', '440', '1', null, null, '1', null, '2016-03-12 20:48:55'), ('8000', '358', '440', '4', null, null, '4', null, '2016-03-12 20:48:55'), ('8001', '359', '440', '4', null, null, '4', null, '2016-03-12 20:48:55'), ('8002', '360', '440', '3', null, null, '3', null, '2016-03-12 20:48:55'), ('8003', '361', '440', '5', null, null, '5', null, '2016-03-12 20:48:55'), ('8004', '362', '440', '3', null, null, '3', null, '2016-03-12 20:48:55'), ('8005', '363', '440', '1', null, null, '1', null, '2016-03-12 20:48:55'), ('8006', '261', '441', '2', null, null, '2', null, '2016-03-12 20:48:55'), ('8007', '262', '441', '3', null, null, '3', null, '2016-03-12 20:48:55'), ('8008', '263', '441', '4', null, null, '4', null, '2016-03-12 20:48:55'), ('8009', '264', '441', '3', null, null, '3', null, '2016-03-12 20:48:55'), ('8010', '265', '441', '1', null, null, '1', null, '2016-03-12 20:48:55'), ('8011', '266', '441', '2', null, null, '2', null, '2016-03-12 20:48:55'), ('8012', '267', '441', '4', null, null, '4', null, '2016-03-12 20:48:55'), ('8013', '268', '441', '3', null, null, '3', null, '2016-03-12 20:48:55'), ('8014', '269', '441', '5', null, null, '5', null, '2016-03-12 20:48:55'), ('8015', '270', '441', '3', null, null, '3', null, '2016-03-12 20:48:55'), ('8016', '271', '441', '5', null, null, '5', null, '2016-03-12 20:48:55'), ('8017', '272', '441', '3', null, null, '3', null, '2016-03-12 20:48:55'), ('8018', '273', '441', '3', null, null, '3', null, '2016-03-12 20:48:55'), ('8019', '274', '441', '4', null, null, '4', null, '2016-03-12 20:48:55'), ('8020', '275', '441', '5', null, null, '5', null, '2016-03-12 20:48:55'), ('8021', '276', '441', '5', null, null, '5', null, '2016-03-12 20:48:55'), ('8022', '277', '441', '2', null, null, '2', null, '2016-03-12 20:48:55'), ('8023', '278', '441', '2', null, null, '2', null, '2016-03-12 20:48:55'), ('8024', '279', '441', '5', null, null, '5', null, '2016-03-12 20:48:55'), ('8025', '292', '441', '5', null, null, '5', null, '2016-03-12 20:48:55'), ('8026', '293', '441', '1', null, null, '1', null, '2016-03-12 20:48:55'), ('8027', '294', '441', '2', null, null, '2', null, '2016-03-12 20:48:55'), ('8028', '295', '441', '4', null, null, '4', null, '2016-03-12 20:48:55'), ('8029', '296', '441', '3', null, null, '3', null, '2016-03-12 20:48:55'), ('8030', '297', '441', '4', null, null, '4', null, '2016-03-12 20:48:55'), ('8031', '298', '441', '1', null, null, '1', null, '2016-03-12 20:48:55'), ('8032', '299', '441', '4', null, null, '4', null, '2016-03-12 20:48:55'), ('8033', '300', '441', '4', null, null, '4', null, '2016-03-12 20:48:55'), ('8034', '301', '441', '3', null, null, '3', null, '2016-03-12 20:48:55'), ('8035', '302', '441', '4', null, null, '4', null, '2016-03-12 20:48:55'), ('8036', '303', '441', '2', null, null, '2', null, '2016-03-12 20:48:55'), ('8037', '304', '441', '4', null, null, '4', null, '2016-03-12 20:48:55'), ('8038', '305', '441', '5', null, null, '5', null, '2016-03-12 20:48:55'), ('8039', '306', '441', '5', null, null, '5', null, '2016-03-12 20:48:55'), ('8040', '307', '441', '5', null, null, '5', null, '2016-03-12 20:48:55'), ('8041', '308', '441', '5', null, null, '5', null, '2016-03-12 20:48:55'), ('8042', '309', '441', '4', null, null, '4', null, '2016-03-12 20:48:55'), ('8043', '310', '441', '1', null, null, '1', null, '2016-03-12 20:48:55'), ('8044', '323', '441', '4', null, null, '4', null, '2016-03-12 20:48:55'), ('8045', '324', '441', '3', null, null, '3', null, '2016-03-12 20:48:55'), ('8046', '325', '441', '4', null, null, '4', null, '2016-03-12 20:48:55'), ('8047', '326', '441', '4', null, null, '4', null, '2016-03-12 20:48:55'), ('8048', '327', '441', '3', null, null, '3', null, '2016-03-12 20:48:55'), ('8049', '328', '441', '1', null, null, '1', null, '2016-03-12 20:48:55'), ('8050', '329', '441', '1', null, null, '1', null, '2016-03-12 20:48:55'), ('8051', '330', '441', '3', null, null, '3', null, '2016-03-12 20:48:55'), ('8052', '331', '441', '2', null, null, '2', null, '2016-03-12 20:48:55'), ('8053', '332', '441', '3', null, null, '3', null, '2016-03-12 20:48:55'), ('8054', '333', '441', '3', null, null, '3', null, '2016-03-12 20:48:55'), ('8055', '334', '441', '1', null, null, '1', null, '2016-03-12 20:48:55'), ('8056', '335', '441', '1', null, null, '1', null, '2016-03-12 20:48:55'), ('8057', '336', '441', '5', null, null, '5', null, '2016-03-12 20:48:55'), ('8058', '337', '441', '1', null, null, '1', null, '2016-03-12 20:48:55'), ('8059', '338', '441', '1', null, null, '1', null, '2016-03-12 20:48:55'), ('8060', '339', '441', '2', null, null, '2', null, '2016-03-12 20:48:55'), ('8061', '340', '441', '5', null, null, '5', null, '2016-03-12 20:48:55'), ('8062', '341', '441', '4', null, null, '4', null, '2016-03-12 20:48:55'), ('8063', '354', '441', '5', null, null, '5', null, '2016-03-12 20:48:55'), ('8064', '355', '441', '5', null, null, '5', null, '2016-03-12 20:48:55'), ('8065', '356', '441', '4', null, null, '4', null, '2016-03-12 20:48:55'), ('8066', '357', '441', '1', null, null, '1', null, '2016-03-12 20:48:55'), ('8067', '358', '441', '1', null, null, '1', null, '2016-03-12 20:48:55'), ('8068', '359', '441', '1', null, null, '1', null, '2016-03-12 20:48:55'), ('8069', '360', '441', '5', null, null, '5', null, '2016-03-12 20:48:55'), ('8070', '361', '441', '5', null, null, '5', null, '2016-03-12 20:48:55'), ('8071', '362', '441', '5', null, null, '5', null, '2016-03-12 20:48:55'), ('8072', '363', '441', '5', null, null, '5', null, '2016-03-12 20:48:55'), ('8073', '261', '442', '5', null, null, '5', null, '2016-03-12 20:48:55'), ('8074', '262', '442', '2', null, null, '2', null, '2016-03-12 20:48:55'), ('8075', '263', '442', '4', null, null, '4', null, '2016-03-12 20:48:55'), ('8076', '264', '442', '5', null, null, '5', null, '2016-03-12 20:48:55'), ('8077', '265', '442', '5', null, null, '5', null, '2016-03-12 20:48:55'), ('8078', '266', '442', '5', null, null, '5', null, '2016-03-12 20:48:55'), ('8079', '267', '442', '4', null, null, '4', null, '2016-03-12 20:48:55'), ('8080', '268', '442', '5', null, null, '5', null, '2016-03-12 20:48:55'), ('8081', '269', '442', '3', null, null, '3', null, '2016-03-12 20:48:55'), ('8082', '270', '442', '5', null, null, '5', null, '2016-03-12 20:48:55'), ('8083', '271', '442', '2', null, null, '2', null, '2016-03-12 20:48:55'), ('8084', '272', '442', '1', null, null, '1', null, '2016-03-12 20:48:55'), ('8085', '273', '442', '5', null, null, '5', null, '2016-03-12 20:48:55'), ('8086', '274', '442', '2', null, null, '2', null, '2016-03-12 20:48:55'), ('8087', '275', '442', '2', null, null, '2', null, '2016-03-12 20:48:55'), ('8088', '276', '442', '2', null, null, '2', null, '2016-03-12 20:48:55'), ('8089', '277', '442', '2', null, null, '2', null, '2016-03-12 20:48:55'), ('8090', '278', '442', '2', null, null, '2', null, '2016-03-12 20:48:55'), ('8091', '279', '442', '4', null, null, '4', null, '2016-03-12 20:48:55'), ('8092', '292', '442', '4', null, null, '4', null, '2016-03-12 20:48:55'), ('8093', '293', '442', '1', null, null, '1', null, '2016-03-12 20:48:55'), ('8094', '294', '442', '3', null, null, '3', null, '2016-03-12 20:48:55'), ('8095', '295', '442', '4', null, null, '4', null, '2016-03-12 20:48:55'), ('8096', '296', '442', '2', null, null, '2', null, '2016-03-12 20:48:55'), ('8097', '297', '442', '3', null, null, '3', null, '2016-03-12 20:48:55'), ('8098', '298', '442', '1', null, null, '1', null, '2016-03-12 20:48:55'), ('8099', '299', '442', '3', null, null, '3', null, '2016-03-12 20:48:55'), ('8100', '300', '442', '1', null, null, '1', null, '2016-03-12 20:48:55'), ('8101', '301', '442', '5', null, null, '5', null, '2016-03-12 20:48:55'), ('8102', '302', '442', '3', null, null, '3', null, '2016-03-12 20:48:55'), ('8103', '303', '442', '5', null, null, '5', null, '2016-03-12 20:48:55'), ('8104', '304', '442', '4', null, null, '4', null, '2016-03-12 20:48:55'), ('8105', '305', '442', '3', null, null, '3', null, '2016-03-12 20:48:55'), ('8106', '306', '442', '4', null, null, '4', null, '2016-03-12 20:48:55'), ('8107', '307', '442', '4', null, null, '4', null, '2016-03-12 20:48:55'), ('8108', '308', '442', '5', null, null, '5', null, '2016-03-12 20:48:55'), ('8109', '309', '442', '2', null, null, '2', null, '2016-03-12 20:48:55'), ('8110', '310', '442', '3', null, null, '3', null, '2016-03-12 20:48:55'), ('8111', '323', '442', '1', null, null, '1', null, '2016-03-12 20:48:55'), ('8112', '324', '442', '3', null, null, '3', null, '2016-03-12 20:48:55'), ('8113', '325', '442', '2', null, null, '2', null, '2016-03-12 20:48:55'), ('8114', '326', '442', '5', null, null, '5', null, '2016-03-12 20:48:55'), ('8115', '327', '442', '1', null, null, '1', null, '2016-03-12 20:48:55'), ('8116', '328', '442', '4', null, null, '4', null, '2016-03-12 20:48:55'), ('8117', '329', '442', '1', null, null, '1', null, '2016-03-12 20:48:55'), ('8118', '330', '442', '1', null, null, '1', null, '2016-03-12 20:48:55'), ('8119', '331', '442', '2', null, null, '2', null, '2016-03-12 20:48:55'), ('8120', '332', '442', '4', null, null, '4', null, '2016-03-12 20:48:55'), ('8121', '333', '442', '3', null, null, '3', null, '2016-03-12 20:48:55'), ('8122', '334', '442', '5', null, null, '5', null, '2016-03-12 20:48:55'), ('8123', '335', '442', '2', null, null, '2', null, '2016-03-12 20:48:55'), ('8124', '336', '442', '4', null, null, '4', null, '2016-03-12 20:48:55'), ('8125', '337', '442', '5', null, null, '5', null, '2016-03-12 20:48:55'), ('8126', '338', '442', '1', null, null, '1', null, '2016-03-12 20:48:55'), ('8127', '339', '442', '5', null, null, '5', null, '2016-03-12 20:48:55'), ('8128', '340', '442', '2', null, null, '2', null, '2016-03-12 20:48:55'), ('8129', '341', '442', '4', null, null, '4', null, '2016-03-12 20:48:55'), ('8130', '354', '442', '1', null, null, '1', null, '2016-03-12 20:48:55'), ('8131', '355', '442', '1', null, null, '1', null, '2016-03-12 20:48:55'), ('8132', '356', '442', '1', null, null, '1', null, '2016-03-12 20:48:55'), ('8133', '357', '442', '3', null, null, '3', null, '2016-03-12 20:48:55'), ('8134', '358', '442', '1', null, null, '1', null, '2016-03-12 20:48:55'), ('8135', '359', '442', '3', null, null, '3', null, '2016-03-12 20:48:55'), ('8136', '360', '442', '4', null, null, '4', null, '2016-03-12 20:48:55'), ('8137', '361', '442', '2', null, null, '2', null, '2016-03-12 20:48:55'), ('8138', '362', '442', '1', null, null, '1', null, '2016-03-12 20:48:55'), ('8139', '363', '442', '2', null, null, '2', null, '2016-03-12 20:48:55'), ('8140', '261', '443', '1', null, null, '1', null, '2016-03-12 20:48:55'), ('8141', '262', '443', '1', null, null, '1', null, '2016-03-12 20:48:55'), ('8142', '263', '443', '3', null, null, '3', null, '2016-03-12 20:48:55'), ('8143', '264', '443', '1', null, null, '1', null, '2016-03-12 20:48:55'), ('8144', '265', '443', '2', null, null, '2', null, '2016-03-12 20:48:55'), ('8145', '266', '443', '3', null, null, '3', null, '2016-03-12 20:48:55'), ('8146', '267', '443', '5', null, null, '5', null, '2016-03-12 20:48:55'), ('8147', '268', '443', '1', null, null, '1', null, '2016-03-12 20:48:55'), ('8148', '269', '443', '2', null, null, '2', null, '2016-03-12 20:48:55'), ('8149', '270', '443', '5', null, null, '5', null, '2016-03-12 20:48:55'), ('8150', '271', '443', '2', null, null, '2', null, '2016-03-12 20:48:55'), ('8151', '272', '443', '5', null, null, '5', null, '2016-03-12 20:48:55'), ('8152', '273', '443', '3', null, null, '3', null, '2016-03-12 20:48:55'), ('8153', '274', '443', '4', null, null, '4', null, '2016-03-12 20:48:55'), ('8154', '275', '443', '4', null, null, '4', null, '2016-03-12 20:48:55'), ('8155', '276', '443', '5', null, null, '5', null, '2016-03-12 20:48:55'), ('8156', '277', '443', '5', null, null, '5', null, '2016-03-12 20:48:55'), ('8157', '278', '443', '4', null, null, '4', null, '2016-03-12 20:48:55'), ('8158', '279', '443', '3', null, null, '3', null, '2016-03-12 20:48:55'), ('8159', '292', '443', '4', null, null, '4', null, '2016-03-12 20:48:55'), ('8160', '293', '443', '3', null, null, '3', null, '2016-03-12 20:48:55'), ('8161', '294', '443', '3', null, null, '3', null, '2016-03-12 20:48:55'), ('8162', '295', '443', '1', null, null, '1', null, '2016-03-12 20:48:55'), ('8163', '296', '443', '1', null, null, '1', null, '2016-03-12 20:48:55'), ('8164', '297', '443', '1', null, null, '1', null, '2016-03-12 20:48:55'), ('8165', '298', '443', '1', null, null, '1', null, '2016-03-12 20:48:55'), ('8166', '299', '443', '5', null, null, '5', null, '2016-03-12 20:48:55'), ('8167', '300', '443', '1', null, null, '1', null, '2016-03-12 20:48:55'), ('8168', '301', '443', '5', null, null, '5', null, '2016-03-12 20:48:55'), ('8169', '302', '443', '4', null, null, '4', null, '2016-03-12 20:48:55'), ('8170', '303', '443', '3', null, null, '3', null, '2016-03-12 20:48:55'), ('8171', '304', '443', '4', null, null, '4', null, '2016-03-12 20:48:55'), ('8172', '305', '443', '4', null, null, '4', null, '2016-03-12 20:48:55'), ('8173', '306', '443', '4', null, null, '4', null, '2016-03-12 20:48:55'), ('8174', '307', '443', '3', null, null, '3', null, '2016-03-12 20:48:55'), ('8175', '308', '443', '3', null, null, '3', null, '2016-03-12 20:48:55'), ('8176', '309', '443', '5', null, null, '5', null, '2016-03-12 20:48:55'), ('8177', '310', '443', '4', null, null, '4', null, '2016-03-12 20:48:55'), ('8178', '323', '443', '2', null, null, '2', null, '2016-03-12 20:48:55'), ('8179', '324', '443', '2', null, null, '2', null, '2016-03-12 20:48:55'), ('8180', '325', '443', '4', null, null, '4', null, '2016-03-12 20:48:55'), ('8181', '326', '443', '5', null, null, '5', null, '2016-03-12 20:48:55'), ('8182', '327', '443', '4', null, null, '4', null, '2016-03-12 20:48:55'), ('8183', '328', '443', '1', null, null, '1', null, '2016-03-12 20:48:55'), ('8184', '329', '443', '1', null, null, '1', null, '2016-03-12 20:48:55'), ('8185', '330', '443', '2', null, null, '2', null, '2016-03-12 20:48:55'), ('8186', '331', '443', '2', null, null, '2', null, '2016-03-12 20:48:55'), ('8187', '332', '443', '5', null, null, '5', null, '2016-03-12 20:48:55'), ('8188', '333', '443', '3', null, null, '3', null, '2016-03-12 20:48:55'), ('8189', '334', '443', '4', null, null, '4', null, '2016-03-12 20:48:55'), ('8190', '335', '443', '1', null, null, '1', null, '2016-03-12 20:48:55'), ('8191', '336', '443', '2', null, null, '2', null, '2016-03-12 20:48:55'), ('8192', '337', '443', '5', null, null, '5', null, '2016-03-12 20:48:55'), ('8193', '338', '443', '1', null, null, '1', null, '2016-03-12 20:48:55'), ('8194', '339', '443', '4', null, null, '4', null, '2016-03-12 20:48:55'), ('8195', '340', '443', '2', null, null, '2', null, '2016-03-12 20:48:55'), ('8196', '341', '443', '2', null, null, '2', null, '2016-03-12 20:48:55'), ('8197', '354', '443', '2', null, null, '2', null, '2016-03-12 20:48:55'), ('8198', '355', '443', '5', null, null, '5', null, '2016-03-12 20:48:55'), ('8199', '356', '443', '5', null, null, '5', null, '2016-03-12 20:48:55'), ('8200', '357', '443', '1', null, null, '1', null, '2016-03-12 20:48:55'), ('8201', '358', '443', '3', null, null, '3', null, '2016-03-12 20:48:55'), ('8202', '359', '443', '5', null, null, '5', null, '2016-03-12 20:48:55'), ('8203', '360', '443', '1', null, null, '1', null, '2016-03-12 20:48:55'), ('8204', '361', '443', '5', null, null, '5', null, '2016-03-12 20:48:55'), ('8205', '362', '443', '1', null, null, '1', null, '2016-03-12 20:48:55'), ('8206', '363', '443', '5', null, null, '5', null, '2016-03-12 20:48:55'), ('8207', '261', '444', '4', null, null, '4', null, '2016-03-12 20:48:55'), ('8208', '262', '444', '5', null, null, '5', null, '2016-03-12 20:48:55'), ('8209', '263', '444', '1', null, null, '1', null, '2016-03-12 20:48:55'), ('8210', '264', '444', '2', null, null, '2', null, '2016-03-12 20:48:55'), ('8211', '265', '444', '1', null, null, '1', null, '2016-03-12 20:48:55'), ('8212', '266', '444', '1', null, null, '1', null, '2016-03-12 20:48:55'), ('8213', '267', '444', '5', null, null, '5', null, '2016-03-12 20:48:55'), ('8214', '268', '444', '4', null, null, '4', null, '2016-03-12 20:48:55'), ('8215', '269', '444', '5', null, null, '5', null, '2016-03-12 20:48:55'), ('8216', '270', '444', '4', null, null, '4', null, '2016-03-12 20:48:55'), ('8217', '271', '444', '2', null, null, '2', null, '2016-03-12 20:48:55'), ('8218', '272', '444', '1', null, null, '1', null, '2016-03-12 20:48:55'), ('8219', '273', '444', '1', null, null, '1', null, '2016-03-12 20:48:55'), ('8220', '274', '444', '3', null, null, '3', null, '2016-03-12 20:48:55'), ('8221', '275', '444', '5', null, null, '5', null, '2016-03-12 20:48:55'), ('8222', '276', '444', '5', null, null, '5', null, '2016-03-12 20:48:55'), ('8223', '277', '444', '2', null, null, '2', null, '2016-03-12 20:48:55'), ('8224', '278', '444', '3', null, null, '3', null, '2016-03-12 20:48:55'), ('8225', '279', '444', '4', null, null, '4', null, '2016-03-12 20:48:55'), ('8226', '292', '444', '5', null, null, '5', null, '2016-03-12 20:48:55'), ('8227', '293', '444', '1', null, null, '1', null, '2016-03-12 20:48:55'), ('8228', '294', '444', '4', null, null, '4', null, '2016-03-12 20:48:55'), ('8229', '295', '444', '4', null, null, '4', null, '2016-03-12 20:48:55'), ('8230', '296', '444', '1', null, null, '1', null, '2016-03-12 20:48:55'), ('8231', '297', '444', '4', null, null, '4', null, '2016-03-12 20:48:55'), ('8232', '298', '444', '3', null, null, '3', null, '2016-03-12 20:48:55'), ('8233', '299', '444', '3', null, null, '3', null, '2016-03-12 20:48:55'), ('8234', '300', '444', '5', null, null, '5', null, '2016-03-12 20:48:55'), ('8235', '301', '444', '2', null, null, '2', null, '2016-03-12 20:48:55'), ('8236', '302', '444', '2', null, null, '2', null, '2016-03-12 20:48:55'), ('8237', '303', '444', '5', null, null, '5', null, '2016-03-12 20:48:55'), ('8238', '304', '444', '4', null, null, '4', null, '2016-03-12 20:48:55'), ('8239', '305', '444', '4', null, null, '4', null, '2016-03-12 20:48:55'), ('8240', '306', '444', '3', null, null, '3', null, '2016-03-12 20:48:55'), ('8241', '307', '444', '5', null, null, '5', null, '2016-03-12 20:48:55'), ('8242', '308', '444', '4', null, null, '4', null, '2016-03-12 20:48:55'), ('8243', '309', '444', '2', null, null, '2', null, '2016-03-12 20:48:55'), ('8244', '310', '444', '2', null, null, '2', null, '2016-03-12 20:48:55'), ('8245', '323', '444', '4', null, null, '4', null, '2016-03-12 20:48:55'), ('8246', '324', '444', '2', null, null, '2', null, '2016-03-12 20:48:55'), ('8247', '325', '444', '3', null, null, '3', null, '2016-03-12 20:48:55'), ('8248', '326', '444', '3', null, null, '3', null, '2016-03-12 20:48:55'), ('8249', '327', '444', '4', null, null, '4', null, '2016-03-12 20:48:55'), ('8250', '328', '444', '3', null, null, '3', null, '2016-03-12 20:48:55'), ('8251', '329', '444', '2', null, null, '2', null, '2016-03-12 20:48:55'), ('8252', '330', '444', '4', null, null, '4', null, '2016-03-12 20:48:55'), ('8253', '331', '444', '3', null, null, '3', null, '2016-03-12 20:48:55'), ('8254', '332', '444', '3', null, null, '3', null, '2016-03-12 20:48:55'), ('8255', '333', '444', '1', null, null, '1', null, '2016-03-12 20:48:55'), ('8256', '334', '444', '4', null, null, '4', null, '2016-03-12 20:48:55'), ('8257', '335', '444', '3', null, null, '3', null, '2016-03-12 20:48:55'), ('8258', '336', '444', '2', null, null, '2', null, '2016-03-12 20:48:55'), ('8259', '337', '444', '5', null, null, '5', null, '2016-03-12 20:48:55'), ('8260', '338', '444', '5', null, null, '5', null, '2016-03-12 20:48:55'), ('8261', '339', '444', '3', null, null, '3', null, '2016-03-12 20:48:55'), ('8262', '340', '444', '5', null, null, '5', null, '2016-03-12 20:48:55'), ('8263', '341', '444', '4', null, null, '4', null, '2016-03-12 20:48:55'), ('8264', '354', '444', '4', null, null, '4', null, '2016-03-12 20:48:55'), ('8265', '355', '444', '5', null, null, '5', null, '2016-03-12 20:48:55'), ('8266', '356', '444', '5', null, null, '5', null, '2016-03-12 20:48:55'), ('8267', '357', '444', '5', null, null, '5', null, '2016-03-12 20:48:55'), ('8268', '358', '444', '1', null, null, '1', null, '2016-03-12 20:48:55'), ('8269', '359', '444', '1', null, null, '1', null, '2016-03-12 20:48:55'), ('8270', '360', '444', '4', null, null, '4', null, '2016-03-12 20:48:55'), ('8271', '361', '444', '1', null, null, '1', null, '2016-03-12 20:48:55'), ('8272', '362', '444', '3', null, null, '3', null, '2016-03-12 20:48:55'), ('8273', '363', '444', '1', null, null, '1', null, '2016-03-12 20:48:55'), ('8274', '261', '445', '4', null, null, '4', null, '2016-03-12 20:48:55'), ('8275', '262', '445', '5', null, null, '5', null, '2016-03-12 20:48:55'), ('8276', '263', '445', '3', null, null, '3', null, '2016-03-12 20:48:55'), ('8277', '264', '445', '1', null, null, '1', null, '2016-03-12 20:48:55'), ('8278', '265', '445', '4', null, null, '4', null, '2016-03-12 20:48:55'), ('8279', '266', '445', '3', null, null, '3', null, '2016-03-12 20:48:55'), ('8280', '267', '445', '5', null, null, '5', null, '2016-03-12 20:48:55'), ('8281', '268', '445', '4', null, null, '4', null, '2016-03-12 20:48:55'), ('8282', '269', '445', '1', null, null, '1', null, '2016-03-12 20:48:55'), ('8283', '270', '445', '5', null, null, '5', null, '2016-03-12 20:48:55'), ('8284', '271', '445', '3', null, null, '3', null, '2016-03-12 20:48:55'), ('8285', '272', '445', '5', null, null, '5', null, '2016-03-12 20:48:55'), ('8286', '273', '445', '3', null, null, '3', null, '2016-03-12 20:48:55'), ('8287', '274', '445', '2', null, null, '2', null, '2016-03-12 20:48:55'), ('8288', '275', '445', '3', null, null, '3', null, '2016-03-12 20:48:55'), ('8289', '276', '445', '2', null, null, '2', null, '2016-03-12 20:48:55'), ('8290', '277', '445', '3', null, null, '3', null, '2016-03-12 20:48:55'), ('8291', '278', '445', '4', null, null, '4', null, '2016-03-12 20:48:55'), ('8292', '279', '445', '4', null, null, '4', null, '2016-03-12 20:48:55'), ('8293', '292', '445', '4', null, null, '4', null, '2016-03-12 20:48:55'), ('8294', '293', '445', '5', null, null, '5', null, '2016-03-12 20:48:55'), ('8295', '294', '445', '5', null, null, '5', null, '2016-03-12 20:48:55'), ('8296', '295', '445', '2', null, null, '2', null, '2016-03-12 20:48:55'), ('8297', '296', '445', '2', null, null, '2', null, '2016-03-12 20:48:55'), ('8298', '297', '445', '2', null, null, '2', null, '2016-03-12 20:48:55'), ('8299', '298', '445', '3', null, null, '3', null, '2016-03-12 20:48:55'), ('8300', '299', '445', '4', null, null, '4', null, '2016-03-12 20:48:55'), ('8301', '300', '445', '5', null, null, '5', null, '2016-03-12 20:48:55'), ('8302', '301', '445', '2', null, null, '2', null, '2016-03-12 20:48:55'), ('8303', '302', '445', '5', null, null, '5', null, '2016-03-12 20:48:55'), ('8304', '303', '445', '4', null, null, '4', null, '2016-03-12 20:48:55'), ('8305', '304', '445', '3', null, null, '3', null, '2016-03-12 20:48:55'), ('8306', '305', '445', '4', null, null, '4', null, '2016-03-12 20:48:55'), ('8307', '306', '445', '4', null, null, '4', null, '2016-03-12 20:48:55'), ('8308', '307', '445', '2', null, null, '2', null, '2016-03-12 20:48:55'), ('8309', '308', '445', '2', null, null, '2', null, '2016-03-12 20:48:55'), ('8310', '309', '445', '3', null, null, '3', null, '2016-03-12 20:48:55');
INSERT INTO `assessment_response` VALUES ('8311', '310', '445', '4', null, null, '4', null, '2016-03-12 20:48:55'), ('8312', '323', '445', '3', null, null, '3', null, '2016-03-12 20:48:55'), ('8313', '324', '445', '4', null, null, '4', null, '2016-03-12 20:48:55'), ('8314', '325', '445', '3', null, null, '3', null, '2016-03-12 20:48:55'), ('8315', '326', '445', '3', null, null, '3', null, '2016-03-12 20:48:55'), ('8316', '327', '445', '1', null, null, '1', null, '2016-03-12 20:48:55'), ('8317', '328', '445', '4', null, null, '4', null, '2016-03-12 20:48:55'), ('8318', '329', '445', '2', null, null, '2', null, '2016-03-12 20:48:55'), ('8319', '330', '445', '5', null, null, '5', null, '2016-03-12 20:48:55'), ('8320', '331', '445', '1', null, null, '1', null, '2016-03-12 20:48:55'), ('8321', '332', '445', '4', null, null, '4', null, '2016-03-12 20:48:55'), ('8322', '333', '445', '5', null, null, '5', null, '2016-03-12 20:48:55'), ('8323', '334', '445', '3', null, null, '3', null, '2016-03-12 20:48:55'), ('8324', '335', '445', '2', null, null, '2', null, '2016-03-12 20:48:55'), ('8325', '336', '445', '4', null, null, '4', null, '2016-03-12 20:48:55'), ('8326', '337', '445', '2', null, null, '2', null, '2016-03-12 20:48:55'), ('8327', '338', '445', '3', null, null, '3', null, '2016-03-12 20:48:55'), ('8328', '339', '445', '2', null, null, '2', null, '2016-03-12 20:48:55'), ('8329', '340', '445', '4', null, null, '4', null, '2016-03-12 20:48:55'), ('8330', '341', '445', '5', null, null, '5', null, '2016-03-12 20:48:55'), ('8331', '354', '445', '1', null, null, '1', null, '2016-03-12 20:48:55'), ('8332', '355', '445', '4', null, null, '4', null, '2016-03-12 20:48:55'), ('8333', '356', '445', '4', null, null, '4', null, '2016-03-12 20:48:55'), ('8334', '357', '445', '5', null, null, '5', null, '2016-03-12 20:48:55'), ('8335', '358', '445', '1', null, null, '1', null, '2016-03-12 20:48:55'), ('8336', '359', '445', '1', null, null, '1', null, '2016-03-12 20:48:55'), ('8337', '360', '445', '1', null, null, '1', null, '2016-03-12 20:48:55'), ('8338', '361', '445', '3', null, null, '3', null, '2016-03-12 20:48:55'), ('8339', '362', '445', '3', null, null, '3', null, '2016-03-12 20:48:55'), ('8340', '363', '445', '2', null, null, '2', null, '2016-03-12 20:48:55'), ('8341', '261', '446', '5', null, null, '5', null, '2016-03-12 20:48:55'), ('8342', '262', '446', '1', null, null, '1', null, '2016-03-12 20:48:55'), ('8343', '263', '446', '4', null, null, '4', null, '2016-03-12 20:48:55'), ('8344', '264', '446', '2', null, null, '2', null, '2016-03-12 20:48:55'), ('8345', '265', '446', '1', null, null, '1', null, '2016-03-12 20:48:55'), ('8346', '266', '446', '2', null, null, '2', null, '2016-03-12 20:48:55'), ('8347', '267', '446', '4', null, null, '4', null, '2016-03-12 20:48:55'), ('8348', '268', '446', '5', null, null, '5', null, '2016-03-12 20:48:55'), ('8349', '269', '446', '4', null, null, '4', null, '2016-03-12 20:48:55'), ('8350', '270', '446', '5', null, null, '5', null, '2016-03-12 20:48:55'), ('8351', '271', '446', '4', null, null, '4', null, '2016-03-12 20:48:55'), ('8352', '272', '446', '4', null, null, '4', null, '2016-03-12 20:48:55'), ('8353', '273', '446', '1', null, null, '1', null, '2016-03-12 20:48:55'), ('8354', '274', '446', '1', null, null, '1', null, '2016-03-12 20:48:55'), ('8355', '275', '446', '5', null, null, '5', null, '2016-03-12 20:48:55'), ('8356', '276', '446', '5', null, null, '5', null, '2016-03-12 20:48:55'), ('8357', '277', '446', '5', null, null, '5', null, '2016-03-12 20:48:55'), ('8358', '278', '446', '4', null, null, '4', null, '2016-03-12 20:48:55'), ('8359', '279', '446', '1', null, null, '1', null, '2016-03-12 20:48:55'), ('8360', '292', '446', '3', null, null, '3', null, '2016-03-12 20:48:55'), ('8361', '293', '446', '4', null, null, '4', null, '2016-03-12 20:48:55'), ('8362', '294', '446', '1', null, null, '1', null, '2016-03-12 20:48:55'), ('8363', '295', '446', '3', null, null, '3', null, '2016-03-12 20:48:55'), ('8364', '296', '446', '1', null, null, '1', null, '2016-03-12 20:48:55'), ('8365', '297', '446', '4', null, null, '4', null, '2016-03-12 20:48:55'), ('8366', '298', '446', '2', null, null, '2', null, '2016-03-12 20:48:55'), ('8367', '299', '446', '2', null, null, '2', null, '2016-03-12 20:48:55'), ('8368', '300', '446', '1', null, null, '1', null, '2016-03-12 20:48:55'), ('8369', '301', '446', '3', null, null, '3', null, '2016-03-12 20:48:55'), ('8370', '302', '446', '3', null, null, '3', null, '2016-03-12 20:48:55'), ('8371', '303', '446', '3', null, null, '3', null, '2016-03-12 20:48:55'), ('8372', '304', '446', '3', null, null, '3', null, '2016-03-12 20:48:55'), ('8373', '305', '446', '5', null, null, '5', null, '2016-03-12 20:48:55'), ('8374', '306', '446', '2', null, null, '2', null, '2016-03-12 20:48:55'), ('8375', '307', '446', '2', null, null, '2', null, '2016-03-12 20:48:55'), ('8376', '308', '446', '5', null, null, '5', null, '2016-03-12 20:48:55'), ('8377', '309', '446', '1', null, null, '1', null, '2016-03-12 20:48:55'), ('8378', '310', '446', '3', null, null, '3', null, '2016-03-12 20:48:55'), ('8379', '323', '446', '5', null, null, '5', null, '2016-03-12 20:48:55'), ('8380', '324', '446', '2', null, null, '2', null, '2016-03-12 20:48:55'), ('8381', '325', '446', '1', null, null, '1', null, '2016-03-12 20:48:55'), ('8382', '326', '446', '2', null, null, '2', null, '2016-03-12 20:48:55'), ('8383', '327', '446', '3', null, null, '3', null, '2016-03-12 20:48:55'), ('8384', '328', '446', '2', null, null, '2', null, '2016-03-12 20:48:55'), ('8385', '329', '446', '3', null, null, '3', null, '2016-03-12 20:48:55'), ('8386', '330', '446', '3', null, null, '3', null, '2016-03-12 20:48:55'), ('8387', '331', '446', '1', null, null, '1', null, '2016-03-12 20:48:55'), ('8388', '332', '446', '5', null, null, '5', null, '2016-03-12 20:48:55'), ('8389', '333', '446', '4', null, null, '4', null, '2016-03-12 20:48:55'), ('8390', '334', '446', '2', null, null, '2', null, '2016-03-12 20:48:55'), ('8391', '335', '446', '3', null, null, '3', null, '2016-03-12 20:48:55'), ('8392', '336', '446', '1', null, null, '1', null, '2016-03-12 20:48:55'), ('8393', '337', '446', '3', null, null, '3', null, '2016-03-12 20:48:55'), ('8394', '338', '446', '2', null, null, '2', null, '2016-03-12 20:48:55'), ('8395', '339', '446', '1', null, null, '1', null, '2016-03-12 20:48:55'), ('8396', '340', '446', '4', null, null, '4', null, '2016-03-12 20:48:55'), ('8397', '341', '446', '5', null, null, '5', null, '2016-03-12 20:48:55'), ('8398', '354', '446', '3', null, null, '3', null, '2016-03-12 20:48:55'), ('8399', '355', '446', '4', null, null, '4', null, '2016-03-12 20:48:55'), ('8400', '356', '446', '5', null, null, '5', null, '2016-03-12 20:48:55'), ('8401', '357', '446', '4', null, null, '4', null, '2016-03-12 20:48:55'), ('8402', '358', '446', '4', null, null, '4', null, '2016-03-12 20:48:55'), ('8403', '359', '446', '4', null, null, '4', null, '2016-03-12 20:48:55'), ('8404', '360', '446', '1', null, null, '1', null, '2016-03-12 20:48:55'), ('8405', '361', '446', '4', null, null, '4', null, '2016-03-12 20:48:55'), ('8406', '362', '446', '1', null, null, '1', null, '2016-03-12 20:48:55'), ('8407', '363', '446', '3', null, null, '3', null, '2016-03-12 20:48:55'), ('8408', '261', '447', '3', null, null, '3', null, '2016-03-12 20:48:55'), ('8409', '262', '447', '5', null, null, '5', null, '2016-03-12 20:48:55'), ('8410', '263', '447', '2', null, null, '2', null, '2016-03-12 20:48:55'), ('8411', '264', '447', '4', null, null, '4', null, '2016-03-12 20:48:55'), ('8412', '265', '447', '2', null, null, '2', null, '2016-03-12 20:48:55'), ('8413', '266', '447', '5', null, null, '5', null, '2016-03-12 20:48:55'), ('8414', '267', '447', '1', null, null, '1', null, '2016-03-12 20:48:55'), ('8415', '268', '447', '2', null, null, '2', null, '2016-03-12 20:48:55'), ('8416', '269', '447', '4', null, null, '4', null, '2016-03-12 20:48:55'), ('8417', '270', '447', '1', null, null, '1', null, '2016-03-12 20:48:55'), ('8418', '271', '447', '2', null, null, '2', null, '2016-03-12 20:48:55'), ('8419', '272', '447', '5', null, null, '5', null, '2016-03-12 20:48:55'), ('8420', '273', '447', '5', null, null, '5', null, '2016-03-12 20:48:55'), ('8421', '274', '447', '1', null, null, '1', null, '2016-03-12 20:48:55'), ('8422', '275', '447', '5', null, null, '5', null, '2016-03-12 20:48:55'), ('8423', '276', '447', '5', null, null, '5', null, '2016-03-12 20:48:55'), ('8424', '277', '447', '1', null, null, '1', null, '2016-03-12 20:48:55'), ('8425', '278', '447', '3', null, null, '3', null, '2016-03-12 20:48:55'), ('8426', '279', '447', '1', null, null, '1', null, '2016-03-12 20:48:55'), ('8427', '292', '447', '3', null, null, '3', null, '2016-03-12 20:48:55'), ('8428', '293', '447', '2', null, null, '2', null, '2016-03-12 20:48:55'), ('8429', '294', '447', '5', null, null, '5', null, '2016-03-12 20:48:55'), ('8430', '295', '447', '1', null, null, '1', null, '2016-03-12 20:48:55'), ('8431', '296', '447', '2', null, null, '2', null, '2016-03-12 20:48:55'), ('8432', '297', '447', '3', null, null, '3', null, '2016-03-12 20:48:55'), ('8433', '298', '447', '1', null, null, '1', null, '2016-03-12 20:48:55'), ('8434', '299', '447', '3', null, null, '3', null, '2016-03-12 20:48:55'), ('8435', '300', '447', '5', null, null, '5', null, '2016-03-12 20:48:55'), ('8436', '301', '447', '4', null, null, '4', null, '2016-03-12 20:48:55'), ('8437', '302', '447', '4', null, null, '4', null, '2016-03-12 20:48:55'), ('8438', '303', '447', '5', null, null, '5', null, '2016-03-12 20:48:55'), ('8439', '304', '447', '5', null, null, '5', null, '2016-03-12 20:48:55'), ('8440', '305', '447', '4', null, null, '4', null, '2016-03-12 20:48:55'), ('8441', '306', '447', '2', null, null, '2', null, '2016-03-12 20:48:55'), ('8442', '307', '447', '1', null, null, '1', null, '2016-03-12 20:48:55'), ('8443', '308', '447', '3', null, null, '3', null, '2016-03-12 20:48:55'), ('8444', '309', '447', '3', null, null, '3', null, '2016-03-12 20:48:55'), ('8445', '310', '447', '4', null, null, '4', null, '2016-03-12 20:48:55'), ('8446', '323', '447', '2', null, null, '2', null, '2016-03-12 20:48:55'), ('8447', '324', '447', '1', null, null, '1', null, '2016-03-12 20:48:55'), ('8448', '325', '447', '3', null, null, '3', null, '2016-03-12 20:48:55'), ('8449', '326', '447', '1', null, null, '1', null, '2016-03-12 20:48:55'), ('8450', '327', '447', '1', null, null, '1', null, '2016-03-12 20:48:55'), ('8451', '328', '447', '1', null, null, '1', null, '2016-03-12 20:48:55'), ('8452', '329', '447', '1', null, null, '1', null, '2016-03-12 20:48:55'), ('8453', '330', '447', '3', null, null, '3', null, '2016-03-12 20:48:55'), ('8454', '331', '447', '2', null, null, '2', null, '2016-03-12 20:48:55'), ('8455', '332', '447', '4', null, null, '4', null, '2016-03-12 20:48:55'), ('8456', '333', '447', '3', null, null, '3', null, '2016-03-12 20:48:55'), ('8457', '334', '447', '3', null, null, '3', null, '2016-03-12 20:48:55'), ('8458', '335', '447', '1', null, null, '1', null, '2016-03-12 20:48:55'), ('8459', '336', '447', '1', null, null, '1', null, '2016-03-12 20:48:55'), ('8460', '337', '447', '4', null, null, '4', null, '2016-03-12 20:48:55'), ('8461', '338', '447', '4', null, null, '4', null, '2016-03-12 20:48:55'), ('8462', '339', '447', '5', null, null, '5', null, '2016-03-12 20:48:55'), ('8463', '340', '447', '2', null, null, '2', null, '2016-03-12 20:48:55'), ('8464', '341', '447', '3', null, null, '3', null, '2016-03-12 20:48:55'), ('8465', '354', '447', '5', null, null, '5', null, '2016-03-12 20:48:55'), ('8466', '355', '447', '1', null, null, '1', null, '2016-03-12 20:48:55'), ('8467', '356', '447', '1', null, null, '1', null, '2016-03-12 20:48:55'), ('8468', '357', '447', '5', null, null, '5', null, '2016-03-12 20:48:55'), ('8469', '358', '447', '4', null, null, '4', null, '2016-03-12 20:48:55'), ('8470', '359', '447', '5', null, null, '5', null, '2016-03-12 20:48:55'), ('8471', '360', '447', '5', null, null, '5', null, '2016-03-12 20:48:55'), ('8472', '361', '447', '4', null, null, '4', null, '2016-03-12 20:48:55'), ('8473', '362', '447', '2', null, null, '2', null, '2016-03-12 20:48:55'), ('8474', '363', '447', '5', null, null, '5', null, '2016-03-12 20:48:55'), ('8475', '261', '448', '5', null, null, '5', null, '2016-03-12 20:48:55'), ('8476', '262', '448', '4', null, null, '4', null, '2016-03-12 20:48:55'), ('8477', '263', '448', '1', null, null, '1', null, '2016-03-12 20:48:55'), ('8478', '264', '448', '1', null, null, '1', null, '2016-03-12 20:48:55'), ('8479', '265', '448', '2', null, null, '2', null, '2016-03-12 20:48:55'), ('8480', '266', '448', '5', null, null, '5', null, '2016-03-12 20:48:55'), ('8481', '267', '448', '3', null, null, '3', null, '2016-03-12 20:48:55'), ('8482', '268', '448', '4', null, null, '4', null, '2016-03-12 20:48:55'), ('8483', '269', '448', '3', null, null, '3', null, '2016-03-12 20:48:55'), ('8484', '270', '448', '1', null, null, '1', null, '2016-03-12 20:48:55'), ('8485', '271', '448', '2', null, null, '2', null, '2016-03-12 20:48:55'), ('8486', '272', '448', '4', null, null, '4', null, '2016-03-12 20:48:55'), ('8487', '273', '448', '5', null, null, '5', null, '2016-03-12 20:48:55'), ('8488', '274', '448', '3', null, null, '3', null, '2016-03-12 20:48:55'), ('8489', '275', '448', '3', null, null, '3', null, '2016-03-12 20:48:55'), ('8490', '276', '448', '3', null, null, '3', null, '2016-03-12 20:48:55'), ('8491', '277', '448', '3', null, null, '3', null, '2016-03-12 20:48:55'), ('8492', '278', '448', '3', null, null, '3', null, '2016-03-12 20:48:55'), ('8493', '279', '448', '2', null, null, '2', null, '2016-03-12 20:48:55'), ('8494', '292', '448', '2', null, null, '2', null, '2016-03-12 20:48:55'), ('8495', '293', '448', '1', null, null, '1', null, '2016-03-12 20:48:55'), ('8496', '294', '448', '5', null, null, '5', null, '2016-03-12 20:48:55'), ('8497', '295', '448', '5', null, null, '5', null, '2016-03-12 20:48:55'), ('8498', '296', '448', '5', null, null, '5', null, '2016-03-12 20:48:55'), ('8499', '297', '448', '5', null, null, '5', null, '2016-03-12 20:48:55'), ('8500', '298', '448', '5', null, null, '5', null, '2016-03-12 20:48:55'), ('8501', '299', '448', '5', null, null, '5', null, '2016-03-12 20:48:55'), ('8502', '300', '448', '3', null, null, '3', null, '2016-03-12 20:48:55'), ('8503', '301', '448', '4', null, null, '4', null, '2016-03-12 20:48:55'), ('8504', '302', '448', '1', null, null, '1', null, '2016-03-12 20:48:55'), ('8505', '303', '448', '3', null, null, '3', null, '2016-03-12 20:48:55'), ('8506', '304', '448', '2', null, null, '2', null, '2016-03-12 20:48:55'), ('8507', '305', '448', '2', null, null, '2', null, '2016-03-12 20:48:55'), ('8508', '306', '448', '3', null, null, '3', null, '2016-03-12 20:48:55'), ('8509', '307', '448', '1', null, null, '1', null, '2016-03-12 20:48:55'), ('8510', '308', '448', '5', null, null, '5', null, '2016-03-12 20:48:55'), ('8511', '309', '448', '2', null, null, '2', null, '2016-03-12 20:48:55'), ('8512', '310', '448', '2', null, null, '2', null, '2016-03-12 20:48:55'), ('8513', '323', '448', '2', null, null, '2', null, '2016-03-12 20:48:55'), ('8514', '324', '448', '2', null, null, '2', null, '2016-03-12 20:48:55'), ('8515', '325', '448', '5', null, null, '5', null, '2016-03-12 20:48:55'), ('8516', '326', '448', '3', null, null, '3', null, '2016-03-12 20:48:55'), ('8517', '327', '448', '5', null, null, '5', null, '2016-03-12 20:48:55'), ('8518', '328', '448', '5', null, null, '5', null, '2016-03-12 20:48:55'), ('8519', '329', '448', '4', null, null, '4', null, '2016-03-12 20:48:55'), ('8520', '330', '448', '3', null, null, '3', null, '2016-03-12 20:48:55'), ('8521', '331', '448', '4', null, null, '4', null, '2016-03-12 20:48:55'), ('8522', '332', '448', '4', null, null, '4', null, '2016-03-12 20:48:55'), ('8523', '333', '448', '4', null, null, '4', null, '2016-03-12 20:48:55'), ('8524', '334', '448', '5', null, null, '5', null, '2016-03-12 20:48:55'), ('8525', '335', '448', '2', null, null, '2', null, '2016-03-12 20:48:55'), ('8526', '336', '448', '4', null, null, '4', null, '2016-03-12 20:48:55'), ('8527', '337', '448', '1', null, null, '1', null, '2016-03-12 20:48:55'), ('8528', '338', '448', '1', null, null, '1', null, '2016-03-12 20:48:55'), ('8529', '339', '448', '2', null, null, '2', null, '2016-03-12 20:48:55'), ('8530', '340', '448', '1', null, null, '1', null, '2016-03-12 20:48:55'), ('8531', '341', '448', '1', null, null, '1', null, '2016-03-12 20:48:55'), ('8532', '354', '448', '5', null, null, '5', null, '2016-03-12 20:48:55'), ('8533', '355', '448', '5', null, null, '5', null, '2016-03-12 20:48:55'), ('8534', '356', '448', '4', null, null, '4', null, '2016-03-12 20:48:55'), ('8535', '357', '448', '1', null, null, '1', null, '2016-03-12 20:48:55'), ('8536', '358', '448', '3', null, null, '3', null, '2016-03-12 20:48:55'), ('8537', '359', '448', '4', null, null, '4', null, '2016-03-12 20:48:55'), ('8538', '360', '448', '2', null, null, '2', null, '2016-03-12 20:48:55'), ('8539', '361', '448', '1', null, null, '1', null, '2016-03-12 20:48:55'), ('8540', '362', '448', '1', null, null, '1', null, '2016-03-12 20:48:55'), ('8541', '363', '448', '3', null, null, '3', null, '2016-03-12 20:48:55'), ('8542', '261', '449', '4', null, null, '4', null, '2016-03-12 20:48:55'), ('8543', '262', '449', '4', null, null, '4', null, '2016-03-12 20:48:55'), ('8544', '263', '449', '4', null, null, '4', null, '2016-03-12 20:48:55'), ('8545', '264', '449', '2', null, null, '2', null, '2016-03-12 20:48:55'), ('8546', '265', '449', '2', null, null, '2', null, '2016-03-12 20:48:55'), ('8547', '266', '449', '4', null, null, '4', null, '2016-03-12 20:48:55'), ('8548', '267', '449', '5', null, null, '5', null, '2016-03-12 20:48:55'), ('8549', '268', '449', '5', null, null, '5', null, '2016-03-12 20:48:55'), ('8550', '269', '449', '5', null, null, '5', null, '2016-03-12 20:48:55'), ('8551', '270', '449', '3', null, null, '3', null, '2016-03-12 20:48:55'), ('8552', '271', '449', '3', null, null, '3', null, '2016-03-12 20:48:55'), ('8553', '272', '449', '2', null, null, '2', null, '2016-03-12 20:48:55'), ('8554', '273', '449', '4', null, null, '4', null, '2016-03-12 20:48:55'), ('8555', '274', '449', '2', null, null, '2', null, '2016-03-12 20:48:55'), ('8556', '275', '449', '3', null, null, '3', null, '2016-03-12 20:48:55'), ('8557', '276', '449', '1', null, null, '1', null, '2016-03-12 20:48:55'), ('8558', '277', '449', '4', null, null, '4', null, '2016-03-12 20:48:55'), ('8559', '278', '449', '2', null, null, '2', null, '2016-03-12 20:48:55'), ('8560', '279', '449', '4', null, null, '4', null, '2016-03-12 20:48:55'), ('8561', '292', '449', '3', null, null, '3', null, '2016-03-12 20:48:55'), ('8562', '293', '449', '4', null, null, '4', null, '2016-03-12 20:48:55'), ('8563', '294', '449', '2', null, null, '2', null, '2016-03-12 20:48:55'), ('8564', '295', '449', '4', null, null, '4', null, '2016-03-12 20:48:55'), ('8565', '296', '449', '2', null, null, '2', null, '2016-03-12 20:48:55'), ('8566', '297', '449', '5', null, null, '5', null, '2016-03-12 20:48:55'), ('8567', '298', '449', '5', null, null, '5', null, '2016-03-12 20:48:55'), ('8568', '299', '449', '4', null, null, '4', null, '2016-03-12 20:48:55'), ('8569', '300', '449', '5', null, null, '5', null, '2016-03-12 20:48:55'), ('8570', '301', '449', '4', null, null, '4', null, '2016-03-12 20:48:55'), ('8571', '302', '449', '5', null, null, '5', null, '2016-03-12 20:48:55'), ('8572', '303', '449', '1', null, null, '1', null, '2016-03-12 20:48:55'), ('8573', '304', '449', '2', null, null, '2', null, '2016-03-12 20:48:55'), ('8574', '305', '449', '4', null, null, '4', null, '2016-03-12 20:48:55'), ('8575', '306', '449', '2', null, null, '2', null, '2016-03-12 20:48:55'), ('8576', '307', '449', '2', null, null, '2', null, '2016-03-12 20:48:55'), ('8577', '308', '449', '2', null, null, '2', null, '2016-03-12 20:48:55'), ('8578', '309', '449', '5', null, null, '5', null, '2016-03-12 20:48:55'), ('8579', '310', '449', '5', null, null, '5', null, '2016-03-12 20:48:55'), ('8580', '323', '449', '2', null, null, '2', null, '2016-03-12 20:48:55'), ('8581', '324', '449', '2', null, null, '2', null, '2016-03-12 20:48:55'), ('8582', '325', '449', '3', null, null, '3', null, '2016-03-12 20:48:55'), ('8583', '326', '449', '4', null, null, '4', null, '2016-03-12 20:48:55'), ('8584', '327', '449', '5', null, null, '5', null, '2016-03-12 20:48:55'), ('8585', '328', '449', '1', null, null, '1', null, '2016-03-12 20:48:55'), ('8586', '329', '449', '2', null, null, '2', null, '2016-03-12 20:48:55'), ('8587', '330', '449', '3', null, null, '3', null, '2016-03-12 20:48:55'), ('8588', '331', '449', '2', null, null, '2', null, '2016-03-12 20:48:55'), ('8589', '332', '449', '4', null, null, '4', null, '2016-03-12 20:48:55'), ('8590', '333', '449', '3', null, null, '3', null, '2016-03-12 20:48:55'), ('8591', '334', '449', '3', null, null, '3', null, '2016-03-12 20:48:55'), ('8592', '335', '449', '1', null, null, '1', null, '2016-03-12 20:48:55'), ('8593', '336', '449', '4', null, null, '4', null, '2016-03-12 20:48:55'), ('8594', '337', '449', '3', null, null, '3', null, '2016-03-12 20:48:55'), ('8595', '338', '449', '3', null, null, '3', null, '2016-03-12 20:48:55'), ('8596', '339', '449', '4', null, null, '4', null, '2016-03-12 20:48:55'), ('8597', '340', '449', '2', null, null, '2', null, '2016-03-12 20:48:55'), ('8598', '341', '449', '5', null, null, '5', null, '2016-03-12 20:48:55'), ('8599', '354', '449', '3', null, null, '3', null, '2016-03-12 20:48:55'), ('8600', '355', '449', '1', null, null, '1', null, '2016-03-12 20:48:55'), ('8601', '356', '449', '3', null, null, '3', null, '2016-03-12 20:48:55'), ('8602', '357', '449', '3', null, null, '3', null, '2016-03-12 20:48:55'), ('8603', '358', '449', '4', null, null, '4', null, '2016-03-12 20:48:55'), ('8604', '359', '449', '5', null, null, '5', null, '2016-03-12 20:48:55'), ('8605', '360', '449', '5', null, null, '5', null, '2016-03-12 20:48:55'), ('8606', '361', '449', '2', null, null, '2', null, '2016-03-12 20:48:55'), ('8607', '362', '449', '3', null, null, '3', null, '2016-03-12 20:48:55'), ('8608', '363', '449', '1', null, null, '1', null, '2016-03-12 20:48:55'), ('8609', '261', '450', '3', null, null, '3', null, '2016-03-12 20:48:55'), ('8610', '262', '450', '1', null, null, '1', null, '2016-03-12 20:48:55'), ('8611', '263', '450', '4', null, null, '4', null, '2016-03-12 20:48:55'), ('8612', '264', '450', '2', null, null, '2', null, '2016-03-12 20:48:55'), ('8613', '265', '450', '5', null, null, '5', null, '2016-03-12 20:48:55'), ('8614', '266', '450', '1', null, null, '1', null, '2016-03-12 20:48:55'), ('8615', '267', '450', '2', null, null, '2', null, '2016-03-12 20:48:55'), ('8616', '268', '450', '1', null, null, '1', null, '2016-03-12 20:48:55'), ('8617', '269', '450', '3', null, null, '3', null, '2016-03-12 20:48:55'), ('8618', '270', '450', '2', null, null, '2', null, '2016-03-12 20:48:55'), ('8619', '271', '450', '4', null, null, '4', null, '2016-03-12 20:48:55'), ('8620', '272', '450', '3', null, null, '3', null, '2016-03-12 20:48:55'), ('8621', '273', '450', '4', null, null, '4', null, '2016-03-12 20:48:55'), ('8622', '274', '450', '4', null, null, '4', null, '2016-03-12 20:48:55'), ('8623', '275', '450', '4', null, null, '4', null, '2016-03-12 20:48:55'), ('8624', '276', '450', '2', null, null, '2', null, '2016-03-12 20:48:55'), ('8625', '277', '450', '4', null, null, '4', null, '2016-03-12 20:48:55'), ('8626', '278', '450', '4', null, null, '4', null, '2016-03-12 20:48:55'), ('8627', '279', '450', '5', null, null, '5', null, '2016-03-12 20:48:55'), ('8628', '292', '450', '2', null, null, '2', null, '2016-03-12 20:48:55'), ('8629', '293', '450', '1', null, null, '1', null, '2016-03-12 20:48:55'), ('8630', '294', '450', '1', null, null, '1', null, '2016-03-12 20:48:55'), ('8631', '295', '450', '5', null, null, '5', null, '2016-03-12 20:48:55'), ('8632', '296', '450', '3', null, null, '3', null, '2016-03-12 20:48:55'), ('8633', '297', '450', '2', null, null, '2', null, '2016-03-12 20:48:55'), ('8634', '298', '450', '5', null, null, '5', null, '2016-03-12 20:48:55'), ('8635', '299', '450', '3', null, null, '3', null, '2016-03-12 20:48:55'), ('8636', '300', '450', '4', null, null, '4', null, '2016-03-12 20:48:55'), ('8637', '301', '450', '2', null, null, '2', null, '2016-03-12 20:48:55'), ('8638', '302', '450', '3', null, null, '3', null, '2016-03-12 20:48:55'), ('8639', '303', '450', '2', null, null, '2', null, '2016-03-12 20:48:55'), ('8640', '304', '450', '5', null, null, '5', null, '2016-03-12 20:48:55'), ('8641', '305', '450', '3', null, null, '3', null, '2016-03-12 20:48:55'), ('8642', '306', '450', '1', null, null, '1', null, '2016-03-12 20:48:55'), ('8643', '307', '450', '2', null, null, '2', null, '2016-03-12 20:48:55'), ('8644', '308', '450', '1', null, null, '1', null, '2016-03-12 20:48:55'), ('8645', '309', '450', '2', null, null, '2', null, '2016-03-12 20:48:55'), ('8646', '310', '450', '1', null, null, '1', null, '2016-03-12 20:48:55'), ('8647', '323', '450', '3', null, null, '3', null, '2016-03-12 20:48:55'), ('8648', '324', '450', '1', null, null, '1', null, '2016-03-12 20:48:55'), ('8649', '325', '450', '1', null, null, '1', null, '2016-03-12 20:48:55'), ('8650', '326', '450', '1', null, null, '1', null, '2016-03-12 20:48:55'), ('8651', '327', '450', '2', null, null, '2', null, '2016-03-12 20:48:55'), ('8652', '328', '450', '4', null, null, '4', null, '2016-03-12 20:48:55'), ('8653', '329', '450', '1', null, null, '1', null, '2016-03-12 20:48:55'), ('8654', '330', '450', '3', null, null, '3', null, '2016-03-12 20:48:55'), ('8655', '331', '450', '5', null, null, '5', null, '2016-03-12 20:48:55'), ('8656', '332', '450', '3', null, null, '3', null, '2016-03-12 20:48:55'), ('8657', '333', '450', '3', null, null, '3', null, '2016-03-12 20:48:55'), ('8658', '334', '450', '5', null, null, '5', null, '2016-03-12 20:48:55'), ('8659', '335', '450', '5', null, null, '5', null, '2016-03-12 20:48:55'), ('8660', '336', '450', '4', null, null, '4', null, '2016-03-12 20:48:55'), ('8661', '337', '450', '5', null, null, '5', null, '2016-03-12 20:48:55'), ('8662', '338', '450', '2', null, null, '2', null, '2016-03-12 20:48:55'), ('8663', '339', '450', '2', null, null, '2', null, '2016-03-12 20:48:55'), ('8664', '340', '450', '4', null, null, '4', null, '2016-03-12 20:48:55'), ('8665', '341', '450', '1', null, null, '1', null, '2016-03-12 20:48:55'), ('8666', '354', '450', '5', null, null, '5', null, '2016-03-12 20:48:55'), ('8667', '355', '450', '1', null, null, '1', null, '2016-03-12 20:48:55'), ('8668', '356', '450', '4', null, null, '4', null, '2016-03-12 20:48:55'), ('8669', '357', '450', '3', null, null, '3', null, '2016-03-12 20:48:55'), ('8670', '358', '450', '3', null, null, '3', null, '2016-03-12 20:48:55'), ('8671', '359', '450', '5', null, null, '5', null, '2016-03-12 20:48:55'), ('8672', '360', '450', '1', null, null, '1', null, '2016-03-12 20:48:55'), ('8673', '361', '450', '3', null, null, '3', null, '2016-03-12 20:48:55'), ('8674', '362', '450', '4', null, null, '4', null, '2016-03-12 20:48:55'), ('8675', '363', '450', '5', null, null, '5', null, '2016-03-12 20:48:55'), ('8676', '261', '451', '3', null, null, '3', null, '2016-03-12 20:48:55'), ('8677', '262', '451', '4', null, null, '4', null, '2016-03-12 20:48:55'), ('8678', '263', '451', '4', null, null, '4', null, '2016-03-12 20:48:55'), ('8679', '264', '451', '4', null, null, '4', null, '2016-03-12 20:48:55'), ('8680', '265', '451', '1', null, null, '1', null, '2016-03-12 20:48:55'), ('8681', '266', '451', '3', null, null, '3', null, '2016-03-12 20:48:55'), ('8682', '267', '451', '2', null, null, '2', null, '2016-03-12 20:48:55'), ('8683', '268', '451', '5', null, null, '5', null, '2016-03-12 20:48:55'), ('8684', '269', '451', '4', null, null, '4', null, '2016-03-12 20:48:55'), ('8685', '270', '451', '4', null, null, '4', null, '2016-03-12 20:48:55'), ('8686', '271', '451', '5', null, null, '5', null, '2016-03-12 20:48:55'), ('8687', '272', '451', '4', null, null, '4', null, '2016-03-12 20:48:55'), ('8688', '273', '451', '3', null, null, '3', null, '2016-03-12 20:48:55'), ('8689', '274', '451', '3', null, null, '3', null, '2016-03-12 20:48:55'), ('8690', '275', '451', '3', null, null, '3', null, '2016-03-12 20:48:55'), ('8691', '276', '451', '2', null, null, '2', null, '2016-03-12 20:48:55'), ('8692', '277', '451', '5', null, null, '5', null, '2016-03-12 20:48:55'), ('8693', '278', '451', '3', null, null, '3', null, '2016-03-12 20:48:55'), ('8694', '279', '451', '5', null, null, '5', null, '2016-03-12 20:48:55'), ('8695', '292', '451', '5', null, null, '5', null, '2016-03-12 20:48:55'), ('8696', '293', '451', '1', null, null, '1', null, '2016-03-12 20:48:55'), ('8697', '294', '451', '2', null, null, '2', null, '2016-03-12 20:48:55'), ('8698', '295', '451', '1', null, null, '1', null, '2016-03-12 20:48:55'), ('8699', '296', '451', '1', null, null, '1', null, '2016-03-12 20:48:55'), ('8700', '297', '451', '4', null, null, '4', null, '2016-03-12 20:48:55'), ('8701', '298', '451', '2', null, null, '2', null, '2016-03-12 20:48:55'), ('8702', '299', '451', '3', null, null, '3', null, '2016-03-12 20:48:55'), ('8703', '300', '451', '5', null, null, '5', null, '2016-03-12 20:48:55'), ('8704', '301', '451', '5', null, null, '5', null, '2016-03-12 20:48:55'), ('8705', '302', '451', '1', null, null, '1', null, '2016-03-12 20:48:55'), ('8706', '303', '451', '3', null, null, '3', null, '2016-03-12 20:48:55'), ('8707', '304', '451', '1', null, null, '1', null, '2016-03-12 20:48:55'), ('8708', '305', '451', '5', null, null, '5', null, '2016-03-12 20:48:55'), ('8709', '306', '451', '2', null, null, '2', null, '2016-03-12 20:48:55'), ('8710', '307', '451', '5', null, null, '5', null, '2016-03-12 20:48:55'), ('8711', '308', '451', '4', null, null, '4', null, '2016-03-12 20:48:55'), ('8712', '309', '451', '3', null, null, '3', null, '2016-03-12 20:48:55'), ('8713', '310', '451', '4', null, null, '4', null, '2016-03-12 20:48:55'), ('8714', '323', '451', '4', null, null, '4', null, '2016-03-12 20:48:55'), ('8715', '324', '451', '5', null, null, '5', null, '2016-03-12 20:48:55'), ('8716', '325', '451', '5', null, null, '5', null, '2016-03-12 20:48:55'), ('8717', '326', '451', '4', null, null, '4', null, '2016-03-12 20:48:55'), ('8718', '327', '451', '3', null, null, '3', null, '2016-03-12 20:48:55'), ('8719', '328', '451', '1', null, null, '1', null, '2016-03-12 20:48:55'), ('8720', '329', '451', '5', null, null, '5', null, '2016-03-12 20:48:55'), ('8721', '330', '451', '4', null, null, '4', null, '2016-03-12 20:48:55'), ('8722', '331', '451', '1', null, null, '1', null, '2016-03-12 20:48:55'), ('8723', '332', '451', '2', null, null, '2', null, '2016-03-12 20:48:55'), ('8724', '333', '451', '5', null, null, '5', null, '2016-03-12 20:48:55'), ('8725', '334', '451', '4', null, null, '4', null, '2016-03-12 20:48:55'), ('8726', '335', '451', '5', null, null, '5', null, '2016-03-12 20:48:55'), ('8727', '336', '451', '1', null, null, '1', null, '2016-03-12 20:48:55'), ('8728', '337', '451', '2', null, null, '2', null, '2016-03-12 20:48:55'), ('8729', '338', '451', '4', null, null, '4', null, '2016-03-12 20:48:55'), ('8730', '339', '451', '3', null, null, '3', null, '2016-03-12 20:48:55'), ('8731', '340', '451', '4', null, null, '4', null, '2016-03-12 20:48:55'), ('8732', '341', '451', '2', null, null, '2', null, '2016-03-12 20:48:55'), ('8733', '354', '451', '5', null, null, '5', null, '2016-03-12 20:48:55'), ('8734', '355', '451', '5', null, null, '5', null, '2016-03-12 20:48:55'), ('8735', '356', '451', '5', null, null, '5', null, '2016-03-12 20:48:55'), ('8736', '357', '451', '5', null, null, '5', null, '2016-03-12 20:48:55'), ('8737', '358', '451', '5', null, null, '5', null, '2016-03-12 20:48:55'), ('8738', '359', '451', '1', null, null, '1', null, '2016-03-12 20:48:55'), ('8739', '360', '451', '3', null, null, '3', null, '2016-03-12 20:48:55'), ('8740', '361', '451', '2', null, null, '2', null, '2016-03-12 20:48:55'), ('8741', '362', '451', '5', null, null, '5', null, '2016-03-12 20:48:55'), ('8742', '363', '451', '2', null, null, '2', null, '2016-03-12 20:48:55');
COMMIT;

-- ----------------------------
--  Table structure for `badge`
-- ----------------------------
DROP TABLE IF EXISTS `badge`;
CREATE TABLE `badge` (
  `id` int(11) NOT NULL AUTO_INCREMENT,
  `name` varchar(255) COLLATE utf8_bin DEFAULT NULL,
  `description` varchar(4000) COLLATE utf8_bin DEFAULT NULL,
  `image` varchar(500) COLLATE utf8_bin DEFAULT NULL,
  `issuer` varchar(500) COLLATE utf8_bin DEFAULT NULL,
  `tags` varchar(500) COLLATE utf8_bin DEFAULT NULL,
  PRIMARY KEY (`id`),
  UNIQUE KEY `id` (`id`)
) ENGINE=InnoDB AUTO_INCREMENT=22 DEFAULT CHARSET=utf8 COLLATE=utf8_bin ROW_FORMAT=COMPACT;

-- ----------------------------
--  Records of `badge`
-- ----------------------------
BEGIN;
INSERT INTO `badge` VALUES ('12', 'CSS3', 'CSS3 mastery module.', '/site/default/badges/css3.png', 'CogentQI.com', null), ('13', 'Caring Workplace', 'Developing a caring workplace environment.', '/site/default/badges/cup.png', 'CogentQI.com', null), ('14', 'Legal Issues', 'Legal issues in our profession.', '/site/default/badges/gavel.png', 'CogentQI.com', null), ('15', 'Internet Technology', 'How the Internet affects our workplace.', '/site/default/badges/ipv6.png', 'CogentQI.com', null), ('16', 'Team Participation', 'Working as a member of a professional team.', '/site/default/badges/participation.png', 'CogentQI.com', null), ('17', 'Prescription Management', 'Managing prescriptions safely, optimally and accurately.', '/site/default/badges/prescriptions.png', 'CogentQI.com', null), ('18', 'Security 101', 'Security awareness in the workplace.', '/site/default/badges/security.png', 'CogentQI.com', null), ('19', 'Support Technologies', 'Technologies that can help you do your job better.', '/site/default/badges/technology.png', 'CogentQI.com', null), ('20', 'Communication', 'Basic communications skills.', '/site/default/badges/telegraph.png', 'CogentQI.com', null), ('21', 'Planning', 'Wise planning and time management.', '/site/default/badges/wisdom.png', 'CogentQI.com', null);
COMMIT;

-- ----------------------------
--  Table structure for `configuration`
-- ----------------------------
DROP TABLE IF EXISTS `configuration`;
CREATE TABLE `configuration` (
  `id` int(11) NOT NULL,
  `assessment_weight` int(11) NOT NULL DEFAULT '5',
  `outcome_weight` int(11) NOT NULL DEFAULT '5',
  PRIMARY KEY (`id`),
  UNIQUE KEY `configuration_id_uindex` (`id`)
) ENGINE=InnoDB DEFAULT CHARSET=utf8 COLLATE=utf8_bin ROW_FORMAT=COMPACT;

-- ----------------------------
--  Records of `configuration`
-- ----------------------------
BEGIN;
INSERT INTO `configuration` VALUES ('0', '3', '7');
COMMIT;

-- ----------------------------
--  Table structure for `event`
-- ----------------------------
DROP TABLE IF EXISTS `event`;
CREATE TABLE `event` (
  `id` int(11) NOT NULL AUTO_INCREMENT,
  `name` varchar(100) COLLATE utf8_bin NOT NULL,
  `description` text COLLATE utf8_bin NOT NULL,
  `category` varchar(100) COLLATE utf8_bin NOT NULL DEFAULT 'Generic',
  `threshold` int(11) NOT NULL DEFAULT '1',
  PRIMARY KEY (`id`)
) ENGINE=InnoDB AUTO_INCREMENT=17 DEFAULT CHARSET=utf8 COLLATE=utf8_bin ROW_FORMAT=COMPACT;

-- ----------------------------
--  Records of `event`
-- ----------------------------
BEGIN;
INSERT INTO `event` VALUES ('2', 'Patient Fall', '.', 'Patient Care', '1'), ('3', 'Patient Drop', '.', 'Patient Care', '1'), ('4', 'Improper Med Dispensed', 'An incorrect medication was dispensed to a patient.', 'Medication', '1'), ('5', 'Improper Med Dosage', 'An incorrect medication dosage was dispensed to a patient.', 'Medication', '1'), ('6', 'Patient Complaint', 'A complaint was submitted by a patient.', 'Communication', '1'), ('7', 'Tardiness', 'The employee was late to work without sufficient explanation or notice.', 'Conduct', '1'), ('8', 'Failure to Notify', 'The employee failed to communicate important information about a patient.', 'Communication', '1'), ('9', 'Improper Attire', 'The employee arrived for work dressed inappropriately for professional work.', 'Conduct', '1'), ('10', 'Absence', 'Employee was absent for a scheduled shift.', 'Conduct', '1'), ('11', 'Data Entry Error', 'Data entered regarding either a patient or a medication was incorrect.', 'Medication', '1'), ('12', 'Failure to Complete Routine Task', 'A regular maintenance task was not performed as scheduled/required.', 'Medication', '1'), ('13', 'Treatment Error', 'The wrong treatment was applied to a patient.', 'Medication', '1'), ('14', 'Failure to Follow Order', 'Patient treatment orders were not followed.', 'Conduct', '1'), ('15', 'Sexual Misconduct', 'Improper behavior toward a colleague or patient.', 'Conduct', '1'), ('16', 'Patient Communication Problem', 'The patient misunderstood information communicated by the employee.', 'Communication', '1');
COMMIT;

-- ----------------------------
--  Table structure for `event_alignment`
-- ----------------------------
DROP TABLE IF EXISTS `event_alignment`;
CREATE TABLE `event_alignment` (
  `id` int(11) NOT NULL AUTO_INCREMENT,
  `increment` int(11) NOT NULL DEFAULT '1',
  `event_id` int(11) NOT NULL,
  `question_id` int(11) NOT NULL,
  `weight` int(11) NOT NULL DEFAULT '1',
  PRIMARY KEY (`id`),
  KEY `event_key` (`event_id`),
  KEY `question_key` (`question_id`),
  CONSTRAINT `event_alignment_ibfk_1` FOREIGN KEY (`event_id`) REFERENCES `event` (`id`),
  CONSTRAINT `event_alignment_ibfk_2` FOREIGN KEY (`question_id`) REFERENCES `question` (`id`)
) ENGINE=InnoDB DEFAULT CHARSET=utf8 COLLATE=utf8_bin ROW_FORMAT=COMPACT;

-- ----------------------------
--  Table structure for `homepage`
-- ----------------------------
DROP TABLE IF EXISTS `homepage`;
CREATE TABLE `homepage` (
  `id` int(11) NOT NULL AUTO_INCREMENT,
  `title` varchar(255) DEFAULT 'Home Page',
  `description` longtext,
  PRIMARY KEY (`id`),
  UNIQUE KEY `id` (`id`)
) ENGINE=InnoDB DEFAULT CHARSET=utf8 ROW_FORMAT=COMPACT;

-- ----------------------------
--  Table structure for `instrument`
-- ----------------------------
DROP TABLE IF EXISTS `instrument`;
CREATE TABLE `instrument` (
  `id` int(11) NOT NULL AUTO_INCREMENT,
  `name` varchar(100) DEFAULT NULL,
  `role_id` char(1) NOT NULL DEFAULT 'P',
  `usage_id` char(1) NOT NULL DEFAULT 'R',
  `description` varchar(5000) DEFAULT NULL,
  `summary` varchar(500) DEFAULT NULL,
  `is_uniform` tinyint(1) DEFAULT '1',
  `question_type_id` int(11) DEFAULT NULL,
  `max_range` int(11) NOT NULL DEFAULT '0',
  `min_range` int(11) NOT NULL DEFAULT '5',
  `sort_order` int(11) NOT NULL DEFAULT '0',
  `status` char(1) NOT NULL DEFAULT 'A',
  PRIMARY KEY (`id`),
  KEY `role_id` (`role_id`),
  KEY `usage_id` (`usage_id`),
  CONSTRAINT `instrument_ibfk_1` FOREIGN KEY (`role_id`) REFERENCES `role` (`id`),
  CONSTRAINT `instrument_ibfk_2` FOREIGN KEY (`usage_id`) REFERENCES `algorithm_usage` (`id`)
) ENGINE=InnoDB AUTO_INCREMENT=17 DEFAULT CHARSET=utf8 ROW_FORMAT=COMPACT;

-- ----------------------------
--  Records of `instrument`
-- ----------------------------
BEGIN;
INSERT INTO `instrument` VALUES ('15', 'Nursing Manager Evaluation', 'M', 'R', 'This instrument is intended to describe the general nature and level of work performed by employees assigned to this position. It is not designed to contain or be interpreted as a comprehensive inventory of all duties, responsibilities, and qualifications required of employees. Specific duties and responsibilities consistent with the general nature and level of work described may vary by department and additional related duties may be assigned as needed. Some duties listed may not apply to all areas.', 'General nature and level of work performed by Nurse Managers.', '1', '176', '0', '5', '0', 'A'), ('16', 'Nurse Evaluation', 'M', 'R', 'This instrument is intended to describe the general nature and level of work performed by employees assigned to this position. It is not designed to contain or be interpreted as a comprehensive inventory of all duties, responsibilities, and qualifications required of employees. Specific duties and responsibilities consistent with the general nature and level of work described may vary by department and additional related duties may be assigned as needed. Some duties listed may not apply to all areas.', 'General nature and level of work performed by Nurse Managers.', '1', '177', '0', '5', '0', 'A');
COMMIT;

-- ----------------------------
--  Table structure for `instrument_schedule`
-- ----------------------------
DROP TABLE IF EXISTS `instrument_schedule`;
CREATE TABLE `instrument_schedule` (
  `id` int(11) NOT NULL AUTO_INCREMENT,
  `instrument_id` int(11) NOT NULL,
  `starts` date DEFAULT NULL,
  `ends` date DEFAULT NULL,
  `locked_on` datetime DEFAULT NULL,
  `nag_window_start` int(11) DEFAULT '0',
  `nag_window_end` int(11) DEFAULT '0',
  `is_shared` tinyint(4) NOT NULL DEFAULT '1',
  `status_id` char(1) DEFAULT 'A',
  `name` varchar(255) NOT NULL DEFAULT 'Schedule',
  PRIMARY KEY (`id`),
  UNIQUE KEY `unique_id` (`id`),
  KEY `instrument_id` (`instrument_id`),
  CONSTRAINT `instrument_schedule_ibfk_1` FOREIGN KEY (`instrument_id`) REFERENCES `instrument` (`id`),
  CONSTRAINT `instrument_schedule_ibfk_2` FOREIGN KEY (`instrument_id`) REFERENCES `instrument` (`id`)
) ENGINE=InnoDB AUTO_INCREMENT=8 DEFAULT CHARSET=utf8 ROW_FORMAT=COMPACT;

-- ----------------------------
--  Records of `instrument_schedule`
-- ----------------------------
BEGIN;
INSERT INTO `instrument_schedule` VALUES ('6', '15', '2016-01-01', '2016-12-31', null, '0', '0', '1', 'A', 'Schedule'), ('7', '16', '2016-01-01', '2016-12-31', null, '0', '0', '1', 'A', 'Schedule');
COMMIT;

-- ----------------------------
--  Table structure for `instrument_schedule_operation`
-- ----------------------------
DROP TABLE IF EXISTS `instrument_schedule_operation`;
CREATE TABLE `instrument_schedule_operation` (
  `id` int(11) NOT NULL AUTO_INCREMENT,
  `instrument_schedule_id` int(11) NOT NULL,
  `role_id` char(1) NOT NULL,
  `operation_id` char(1) NOT NULL DEFAULT 'R',
  PRIMARY KEY (`id`),
  UNIQUE KEY `id` (`id`),
  KEY `instrument_schedule_id` (`instrument_schedule_id`),
  KEY `role_id` (`role_id`),
  KEY `operation_id` (`operation_id`),
  CONSTRAINT `instrument_schedule_operation_ibfk_1` FOREIGN KEY (`instrument_schedule_id`) REFERENCES `instrument_schedule` (`id`),
  CONSTRAINT `instrument_schedule_operation_ibfk_2` FOREIGN KEY (`role_id`) REFERENCES `role` (`id`),
  CONSTRAINT `instrument_schedule_operation_ibfk_3` FOREIGN KEY (`operation_id`) REFERENCES `operation` (`id`)
) ENGINE=InnoDB DEFAULT CHARSET=utf8 ROW_FORMAT=COMPACT;

-- ----------------------------
--  Table structure for `member`
-- ----------------------------
DROP TABLE IF EXISTS `member`;
CREATE TABLE `member` (
  `id` int(11) NOT NULL AUTO_INCREMENT,
  `organization_id` int(11) NOT NULL,
  `role_id` char(1) NOT NULL DEFAULT 'P',
  `first_name` varchar(50) NOT NULL,
  `last_name` varchar(50) NOT NULL,
  `job_title` varchar(50) DEFAULT NULL,
  `email` varchar(100) DEFAULT NULL,
  `username` varchar(100) NOT NULL,
  `password` varchar(50) DEFAULT NULL,
  `avatar` varchar(200) DEFAULT NULL,
  `level` int(11) DEFAULT NULL,
  `is_assessable` tinyint(4) DEFAULT '1',
  `phone` varchar(20) NOT NULL,
  `mobile` varchar(20) NOT NULL,
  `address` varchar(500) NOT NULL,
  `city` varchar(100) DEFAULT NULL,
  `state` char(2) DEFAULT NULL,
  `postal` varchar(20) DEFAULT NULL,
  `message_format` varchar(50) DEFAULT NULL,
  `active_start` datetime DEFAULT CURRENT_TIMESTAMP,
  `active_end` datetime DEFAULT NULL,
  PRIMARY KEY (`id`),
  UNIQUE KEY `username_index` (`username`),
  UNIQUE KEY `unique_email` (`email`),
  KEY `organization_id_index` (`organization_id`),
  KEY `message_provder_name` (`message_format`),
  KEY `member_ibfk_2` (`role_id`),
  CONSTRAINT `member_ibfk_1` FOREIGN KEY (`organization_id`) REFERENCES `organization` (`id`),
  CONSTRAINT `member_ibfk_2` FOREIGN KEY (`role_id`) REFERENCES `role` (`id`)
) ENGINE=InnoDB AUTO_INCREMENT=34 DEFAULT CHARSET=utf8 ROW_FORMAT=COMPACT;

-- ----------------------------
--  Records of `member`
-- ----------------------------
BEGIN;
INSERT INTO `member` VALUES ('1', '1', 'S', 'David', 'Quinn-Jacobs', 'CTO', 'dqj@cogentqi.com', 'dqj', 'd7da283e8c6f9506b9e96b45a7582a07', '/site/pharmacy/avatars/1.png', '0', '1', '3335711480', '7391522670', '888 Any St.\nAnytown, ZA 12345', 'Anytown', 'NY', '12345-6789', '{n}@messaging.sprintpcs.com', '2015-10-01 00:00:00', null), ('3', '2', 'A', 'Melissa', 'Barbache', '', 'admin1@cogentqi.com', 'exec1', 'd7da283e8c6f9506b9e96b45a7582a07', '/site/pharmacy/avatars/3.png', '0', '0', '3871126890', '5831418880', '657 Any St.\nAnytown, ZA 12345', 'Anytown', 'NY', '12345-6789', '{n}@messaging.sprintpcs.com', '2015-10-01 00:00:00', null), ('4', '3', 'M', 'Benjamin', 'Foreman', null, 'manager1@cogentqi.com', 'manager1', 'd7da283e8c6f9506b9e96b45a7582a07', '/site/pharmacy/avatars/4.png', '0', '0', '2313237760', '8432954612', '798 Any St', 'Anytown', 'NY', '12345-6789', '{n}@messaging.sprintpcs.com', '2015-10-01 00:00:00', null), ('5', '3', 'M', 'Andrea', 'Franklin', null, 'manager2@cogentqi.com', 'manager2', 'd7da283e8c6f9506b9e96b45a7582a07', '/site/pharmacy/avatars/5.png', '1', '0', '2675454340', '1119846590', '341 Any St.\nAnytown, ZA 12345', 'Anytown', 'NY', '12345-6789', '{n}@tmomail.net', '2015-10-01 00:00:00', null), ('6', '3', 'P', 'Regina', 'Shipman', null, 'pa1@cogentqi.com', 'pa1', 'd7da283e8c6f9506b9e96b45a7582a07', '/site/pharmacy/avatars/6.png', '1', '1', '5865537760', '1272472880', '293 Any St.\nAnytown, ZA 12345', 'Anytown', 'NY', '12345-6789', '{n}@myboostmobile.com', '2015-10-01 00:00:00', null), ('7', '4', 'N', 'Maggie', 'Westover', null, 'nurse1@cogentqi.com', 'nurse1', 'd7da283e8c6f9506b9e96b45a7582a07', '/site/pharmacy/avatars/7.png', '4', '1', '4683129990', '2747323640', '677 Any St.\nAnytown, ZA 12345', 'Anytown', 'NY', '12345-6789', '{n}@messaging.nextel.com', '2015-10-01 00:00:00', null), ('8', '4', 'P', 'Perry', 'Constable', null, 'pa2@cogentqi.com', 'pa2', 'd7da283e8c6f9506b9e96b45a7582a07', '/site/pharmacy/avatars/8.png', '2', '1', '4893426750', '5238434110', '113 Any St.\nAnytown, ZA 12345', 'Anytown', 'NY', '12345-6789', '{n}@vtext.com', '2015-10-01 00:00:00', null), ('9', '4', 'N', 'Jim', 'Harris', null, 'nurse2@cogentqi.com', 'nurse2', 'd7da283e8c6f9506b9e96b45a7582a07', '/site/pharmacy/avatars/9.png', '4', '1', '4342838310', '5572712730', '126 Any St.\nAnytown, ZA 12345', 'Anytown', 'NY', '12345-6789', '{n}@message.alltel.com', '2015-10-01 00:00:00', null), ('10', '4', 'N', 'Marion', 'Wight', null, 'nurse3@cogentqi.com', 'nurse3', 'd7da283e8c6f9506b9e96b45a7582a07', '/site/pharmacy/avatars/10.png', '4', '1', '5245312140', '8888472540', '865 Any St.\nAnytown, ZA 12345', 'Anytown', 'NY', '12345-6789', '{n}@message.alltel.com', '2015-10-01 00:00:00', null), ('11', '3', 'N', 'Roger', 'Bitworth', null, 'nurse4@cogentqi.com', 'nurse4', 'd7da283e8c6f9506b9e96b45a7582a07', '/site/pharmacy/avatars/11.png', '4', '1', '1336342660', '3627539820', '494 Any St.\nAnytown, ZA 12345', 'Anytown', 'NY', '12345-6789', '{n}@myboostmobile.com', '2015-10-01 00:00:00', null), ('12', '3', 'N', 'Greg', 'Abernathy', null, 'nurse5@cogentqi.com', 'nurse5', 'd7da283e8c6f9506b9e96b45a7582a07', '/site/pharmacy/avatars/12.png', '5', '1', '4329148360', '4944721560', '529 Any St.\nAnytown, ZA 12345', 'Anytown', 'NY', '12345-6789', '{n}@email.uscc.net', '2015-10-01 00:00:00', null), ('13', '3', 'N', 'Sarah', 'Zinkowksi', null, 'nurse6@cogentqi.com', 'nurse6', 'd7da283e8c6f9506b9e96b45a7582a07', '/site/pharmacy/avatars/13.png', '2', '1', '2156548870', '1336912140', '583 Any St.\nAnytown, ZA 12345', 'Anytown', 'NY', '12345-6789', '{n}@message.alltel.com', '2015-10-01 00:00:00', null), ('14', '3', 'P', 'Rachael', 'Creighton', null, 'pa3@cogentqi.com', 'pa3', 'd7da283e8c6f9506b9e96b45a7582a07', '/site/pharmacy/avatars/14.png', '1', '1', '9634267940', '9648968470', '111 Any St.\nAnytown, ZA 12345', 'Anytown', 'NY', '12345-6789', '{n}@vmobl.com', '2015-10-01 00:00:00', null), ('15', '3', 'P', 'Bob', 'Waters', null, 'pa4@cogentqi.com', 'pa4', 'd7da283e8c6f9506b9e96b45a7582a07', '/site/pharmacy/avatars/15.png', '1', '1', '1579622250', '7127266350', '455 Any St.\nAnytown, ZA 12345', 'Anytown', 'NY', '12345-6789', '{n}@message.alltel.com', '2015-10-01 00:00:00', null), ('16', '4', 'P', 'Jerry', 'Rinehart', null, 'pa5@cogentqi.com', 'pa5', 'd7da283e8c6f9506b9e96b45a7582a07', '/site/pharmacy/avatars/16.png', '2', '1', '4184353990', '1334272510', '859 Any St.\nAnytown, ZA 12345', 'Anytown', 'NY', '12345-6789', '{n}@vmobl.com', '2015-10-01 00:00:00', null), ('17', '4', 'N', 'Karim', 'Shahir', null, 'nurse7@cogentqi.com', 'nurse7', 'd7da283e8c6f9506b9e96b45a7582a07', '/site/pharmacy/avatars/17.png', '4', '1', '3825915370', '1133364830', '938 Any St.\nAnytown, ZA 12345', 'Anytown', 'NY', '12345-6789', '{n}@txt.att.net', '2015-10-01 00:00:00', null), ('18', '4', 'N', 'Elizabeth', 'Ainsley', null, 'nurse8@cogentqi.com', 'nurse8', 'd7da283e8c6f9506b9e96b45a7582a07', '/site/pharmacy/avatars/18.png', '1', '1', '5428511890', '2225933960', '112 Any St.\nAnytown, ZA 12345', 'Anytown', 'NY', '12345-6789', '{n}@messaging.sprintpcs.com', '2015-10-01 00:00:00', null), ('20', '5', 'N', 'Becky', 'Jackson', null, 'nurse9@cogentqi.com', 'nurse9', 'd7da283e8c6f9506b9e96b45a7582a07', '/site/pharmacy/avatars/20.png', '1', '1', '5885188910', '5315567880', '356 Any St.\nAnytown, ZA 12345', 'Anytown', 'NY', '12345-6789', '{n}@messaging.sprintpcs.com', '2015-10-01 00:00:00', null), ('21', '5', 'N', 'Roxanne', 'Babcock', null, 'nurse10@cogentqi.com', 'nurse10', 'd7da283e8c6f9506b9e96b45a7582a07', '/site/pharmacy/avatars/21.png', '2', '1', '8314767880', '6761476630', '739 Any St.\nAnytown, ZA 12345', 'Anytown', 'NY', '12345-6789', '{n}@email.uscc.net', '2015-10-01 00:00:00', null), ('22', '5', 'N', 'Judy', 'Parsons', null, 'nurse11@cogentqi.com', 'nurse11', 'd7da283e8c6f9506b9e96b45a7582a07', '/site/pharmacy/avatars/22.png', '2', '1', '5399789230', '7955195850', '754 Any St.\nAnytown, ZA 12345', 'Anytown', 'NY', '12345-6789', '{n}@messaging.nextel.com', '2015-10-01 00:00:00', null), ('23', '5', 'N', 'Ralph', 'Simpson', null, 'nurse12@cogentqi.com', 'nurse12', 'd7da283e8c6f9506b9e96b45a7582a07', '/site/pharmacy/avatars/23.png', '2', '1', '9288489290', '2899287380', '225 Any St.\nAnytown, ZA 12345', 'Anytown', 'NY', '12345-6789', '{n}@vmobl.com', '2015-10-01 00:00:00', null), ('24', '5', 'N', 'Jacob', 'Smith', null, 'nurse13@cogentqi.com', 'nurse13', 'd7da283e8c6f9506b9e96b45a7582a07', '/site/pharmacy/avatars/24.png', '1', '1', '3356621620', '9927596970', '777 Any St.\nAnytown, ZA 12345', 'Anytown', 'NY', '12345-6789', '{n}@txt.att.net', '2015-10-01 00:00:00', null), ('25', '6', 'N', 'Jerry', 'Coleman', null, 'nurse14@cogentqi.com', 'nurse14', 'd7da283e8c6f9506b9e96b45a7582a07', '/site/pharmacy/avatars/25.png', '3', '1', '4489494330', '6916983780', '126 Any St.\nAnytown, ZA 12345', 'Anytown', 'NY', '12345-6789', '{n}@myboostmobile.com', '2015-10-01 00:00:00', null), ('26', '6', 'N', 'Blake', 'Whitman', null, 'nurse15@cogentqi.com', 'nurse15', 'd7da283e8c6f9506b9e96b45a7582a07', '/site/pharmacy/avatars/26.png', '2', '1', '8541334190', '9951613550', '225 Any St.\nAnytown, ZA 12345', 'Anytown', 'NY', '12345-6789', '{n}@vmobl.com', '2015-10-01 00:00:00', null), ('27', '6', 'N', 'Marcia', 'Simonson', null, 'nurse16@cogentqi.com', 'nurse16', 'd7da283e8c6f9506b9e96b45a7582a07', '/site/pharmacy/avatars/27.png', '2', '1', '6419769830', '8372486570', '923 Any St.\nAnytown, ZA 12345', 'Anytown', 'NY', '12345-6789', '{n}@email.uscc.net', '2015-10-01 00:00:00', null), ('28', '6', 'N', 'Bob', 'Mason', null, 'nurse17@cogentqi.com', 'nurse17', 'd7da283e8c6f9506b9e96b45a7582a07', '/site/pharmacy/avatars/28.png', '2', '1', '1145328590', '4839999840', '964 Any St.\nAnytown, ZA 12345', 'Anytown', 'NY', '12345-6789', '{n}@txt.att.net', '2015-10-01 00:00:00', null), ('29', '6', 'N', 'Connie', 'Sung', null, 'nurse18@cogentqi.com', 'nurse18', 'd7da283e8c6f9506b9e96b45a7582a07', '/site/pharmacy/avatars/29.png', '1', '1', '1934542910', '5246126620', '518 Any St.\nAnytown, ZA 12345', 'Anytown', 'NY', '12345-6789', '{n}@tmomail.net', '2015-10-01 00:00:00', null), ('30', '4', 'N', 'Bill', 'Hart', null, 'nurse19@cogentqi.com', 'nurse19', 'd7da283e8c6f9506b9e96b45a7582a07', '/site/pharmacy/avatars/30.png', '2', '1', '4322465670', '7662365780', '956 Any St.\nAnytown, ZA 12345', 'Anytown', 'NY', '12345-6789', '{n}@messaging.nextel.com', '2015-10-01 00:00:00', null), ('31', '4', 'M', 'Sharon', 'Myers', null, 'manager30@cogentqi.com', 'manager3', 'd7da283e8c6f9506b9e96b45a7582a07', '/site/pharmacy/avatars/31.png', '0', '0', '1824294880', '1558884360', '381 Any St.\nAnytown, ZA 12345', 'Anytown', 'NY', '12345-6789', '{n}@txt.att.net', '2015-10-01 00:00:00', null), ('32', '5', 'M', 'Wade', 'Hitchens', null, 'manager4@cogentqi.com', 'manager4', 'd7da283e8c6f9506b9e96b45a7582a07', '/site/pharmacy/avatars/32.png', '0', '0', '1677734950', '7995865720', '289 Any St.\nAnytown, ZA 12345', 'Anytown', 'NY', '12345-6789', '{n}@messaging.sprintpcs.com', '2015-10-01 00:00:00', null), ('33', '6', 'M', 'Makesh', 'Patel', null, 'manager5@cogentqi.com', 'manager5', 'd7da283e8c6f9506b9e96b45a7582a07', '/site/pharmacy/avatars/33.png', '0', '0', '6775432210', '1842664380', '658 Any St.\nAnytown, ZA 12345', 'Anytown', 'NY', '12345-6789', '{n}@email.uscc.net', '2015-10-01 00:00:00', null);
COMMIT;

-- ----------------------------
--  Table structure for `member_badge`
-- ----------------------------
DROP TABLE IF EXISTS `member_badge`;
CREATE TABLE `member_badge` (
  `id` int(11) NOT NULL AUTO_INCREMENT,
  `title` varchar(100) NOT NULL,
  `member_id` int(11) NOT NULL,
  `earned` datetime NOT NULL DEFAULT CURRENT_TIMESTAMP,
  `badge_id` int(11) DEFAULT NULL,
  PRIMARY KEY (`id`),
  UNIQUE KEY `unique_id` (`id`),
  KEY `member_id_index` (`member_id`),
  KEY `member_badge_badge__fk` (`badge_id`),
  CONSTRAINT `member_badge_badge__fk` FOREIGN KEY (`badge_id`) REFERENCES `badge` (`id`)
) ENGINE=InnoDB AUTO_INCREMENT=9 DEFAULT CHARSET=utf8 ROW_FORMAT=COMPACT;

-- ----------------------------
--  Records of `member_badge`
-- ----------------------------
BEGIN;
INSERT INTO `member_badge` VALUES ('1', 'Prescription Management', '2', '2015-03-21 21:12:39', '17'), ('2', 'Caring Workplace', '2', '2015-03-21 21:13:08', '13'), ('3', 'Security 101', '3', '2015-03-21 21:13:46', '18'), ('4', 'Internet Technology', '11', '2015-03-21 21:13:59', '15'), ('5', 'Planning', '13', '2015-03-21 21:14:15', '21'), ('6', 'Caring Workplace', '13', '2015-03-21 21:14:49', '13'), ('7', 'Support Technologies', '6', '2015-03-21 21:15:03', '19'), ('8', 'Prescription Management', '7', '2015-03-21 21:15:22', '17');
COMMIT;

-- ----------------------------
--  Table structure for `member_event`
-- ----------------------------
DROP TABLE IF EXISTS `member_event`;
CREATE TABLE `member_event` (
  `id` int(11) NOT NULL AUTO_INCREMENT,
  `member_id` int(11) NOT NULL,
  `event_id` int(11) NOT NULL,
  `comments` text COLLATE utf8_bin,
  `occurred` datetime NOT NULL DEFAULT CURRENT_TIMESTAMP,
  PRIMARY KEY (`id`),
  KEY `event_key` (`event_id`),
  KEY `member_key` (`member_id`),
  CONSTRAINT `member_event_ibfk_1` FOREIGN KEY (`event_id`) REFERENCES `event` (`id`),
  CONSTRAINT `member_event_ibfk_2` FOREIGN KEY (`member_id`) REFERENCES `member` (`id`)
) ENGINE=InnoDB AUTO_INCREMENT=121 DEFAULT CHARSET=utf8 COLLATE=utf8_bin ROW_FORMAT=COMPACT;

-- ----------------------------
--  Records of `member_event`
-- ----------------------------
BEGIN;
INSERT INTO `member_event` VALUES ('1', '9', '7', null, '2015-12-07 10:26:58'), ('2', '23', '2', null, '2015-07-17 10:26:58'), ('3', '22', '5', null, '2015-09-23 10:26:58'), ('4', '3', '15', null, '2015-08-27 10:26:58'), ('5', '30', '2', null, '2015-07-30 10:26:58'), ('6', '6', '9', null, '2015-04-21 10:26:58'), ('7', '22', '12', null, '2015-12-31 10:26:58'), ('8', '4', '6', null, '2015-12-26 10:26:58'), ('9', '33', '4', null, '2015-03-29 10:26:58'), ('10', '21', '2', null, '2015-11-01 10:26:58'), ('11', '9', '3', null, '2015-09-06 10:26:58'), ('12', '14', '15', null, '2015-06-11 10:26:58'), ('13', '24', '12', null, '2015-08-22 10:26:58'), ('14', '27', '12', null, '2015-05-13 10:26:58'), ('15', '31', '11', null, '2015-12-09 10:26:58'), ('16', '6', '13', null, '2015-09-24 10:26:58'), ('17', '10', '5', null, '2015-07-07 10:26:58'), ('18', '14', '8', null, '2015-04-03 10:26:58'), ('19', '11', '14', null, '2015-04-21 10:26:58'), ('20', '31', '3', null, '2015-10-30 10:26:58'), ('21', '18', '13', null, '2015-09-23 10:26:58'), ('22', '7', '6', null, '2015-09-09 10:26:58'), ('23', '25', '15', null, '2015-12-09 10:26:58'), ('24', '11', '13', null, '2015-09-10 10:26:58'), ('25', '13', '6', null, '2015-10-23 10:26:58'), ('26', '20', '3', null, '2015-12-09 10:26:58'), ('27', '33', '2', null, '2015-05-16 10:26:58'), ('28', '18', '4', null, '2015-07-29 10:26:58'), ('29', '12', '14', null, '2015-10-08 10:26:58'), ('30', '21', '12', null, '2015-12-22 10:26:58'), ('31', '7', '7', null, '2016-01-19 10:26:58'), ('32', '5', '7', null, '2015-12-27 10:26:58'), ('33', '32', '5', null, '2015-07-28 10:26:58'), ('34', '16', '5', null, '2015-04-10 10:26:58'), ('35', '31', '2', null, '2015-07-07 10:26:58'), ('36', '27', '13', null, '2015-05-06 10:26:58'), ('37', '12', '8', null, '2015-10-23 10:26:58'), ('38', '16', '16', null, '2015-12-27 10:26:58'), ('39', '24', '5', null, '2015-09-17 10:26:58'), ('40', '10', '13', null, '2015-12-03 10:26:58'), ('41', '23', '3', null, '2015-08-11 10:26:58'), ('42', '3', '5', null, '2015-10-03 10:26:58'), ('43', '13', '9', null, '2016-01-10 10:26:58'), ('44', '27', '14', null, '2015-05-15 10:26:58'), ('45', '12', '6', null, '2015-08-08 10:26:58'), ('46', '20', '8', null, '2015-08-04 10:26:58'), ('47', '30', '16', null, '2015-11-17 10:26:58'), ('48', '4', '2', null, '2015-12-08 10:26:58'), ('49', '31', '7', null, '2016-01-04 10:26:58'), ('50', '21', '11', null, '2015-12-28 10:26:58'), ('51', '13', '14', null, '2015-06-01 10:26:58'), ('52', '8', '4', null, '2015-06-11 10:26:58'), ('53', '25', '9', null, '2015-05-19 10:26:58'), ('54', '14', '12', null, '2015-05-11 10:26:58'), ('55', '8', '15', null, '2015-09-26 10:26:58'), ('56', '7', '11', null, '2015-04-08 10:26:58'), ('57', '4', '4', null, '2015-08-02 10:26:58'), ('58', '13', '4', null, '2015-07-11 10:26:58'), ('59', '30', '5', null, '2015-06-16 10:26:58'), ('60', '25', '5', null, '2015-10-14 10:26:58'), ('61', '9', '13', null, '2015-10-11 10:26:58'), ('62', '9', '16', null, '2015-04-09 10:26:58'), ('63', '1', '11', null, '2015-12-02 10:26:58'), ('64', '24', '2', null, '2015-08-16 10:26:58'), ('65', '27', '7', null, '2015-11-25 10:26:58'), ('66', '12', '3', null, '2015-11-02 10:26:58'), ('67', '9', '4', null, '2015-09-28 10:26:58'), ('68', '16', '14', null, '2016-01-11 10:26:58'), ('69', '10', '6', null, '2015-06-02 10:26:58'), ('70', '1', '2', null, '2015-08-11 10:26:58'), ('71', '3', '7', null, '2015-09-06 10:26:58'), ('72', '17', '16', null, '2015-10-08 10:26:58'), ('73', '17', '14', null, '2015-04-14 10:26:58'), ('74', '23', '15', null, '2015-09-04 10:26:58'), ('75', '20', '16', null, '2015-10-20 10:26:58'), ('76', '1', '5', null, '2015-11-22 10:26:58'), ('77', '6', '15', null, '2016-01-02 10:26:58'), ('78', '26', '6', null, '2015-07-05 10:26:58'), ('79', '15', '9', null, '2015-11-18 10:26:58'), ('80', '5', '8', null, '2015-07-15 10:26:58'), ('81', '24', '10', null, '2015-06-27 10:26:58'), ('82', '18', '6', null, '2015-11-02 10:26:58'), ('83', '29', '16', null, '2015-08-19 10:26:58'), ('84', '22', '14', null, '2015-04-01 10:26:58'), ('85', '16', '7', null, '2015-06-30 10:26:58'), ('86', '27', '11', null, '2015-12-14 10:26:58'), ('87', '17', '15', null, '2015-12-07 10:26:58'), ('88', '5', '11', null, '2015-09-22 10:26:58'), ('89', '24', '3', null, '2015-09-15 10:26:58'), ('90', '5', '4', null, '2015-07-02 10:26:58'), ('91', '5', '2', null, '2015-04-24 10:26:58'), ('92', '31', '13', null, '2015-04-23 10:26:58'), ('93', '6', '7', null, '2015-10-27 10:26:58'), ('94', '31', '9', null, '2015-11-14 10:26:58'), ('95', '27', '2', null, '2015-07-28 10:26:58'), ('96', '17', '10', null, '2015-11-26 10:26:58'), ('97', '3', '14', null, '2015-08-13 10:26:58'), ('98', '3', '4', null, '2015-10-07 10:26:58'), ('99', '1', '14', null, '2016-01-16 10:26:58'), ('100', '21', '3', null, '2015-10-19 10:26:58'), ('101', '32', '3', null, '2015-08-28 10:26:58'), ('102', '14', '6', null, '2015-10-24 10:26:58'), ('103', '31', '4', null, '2015-10-22 10:26:58'), ('104', '26', '15', null, '2015-09-03 10:26:58'), ('105', '24', '14', null, '2015-07-03 10:26:58'), ('106', '32', '9', null, '2015-07-02 10:26:58'), ('107', '1', '3', null, '2015-08-14 10:26:58'), ('108', '29', '8', null, '2015-07-17 10:26:58'), ('109', '4', '14', null, '2015-07-22 10:26:58'), ('110', '3', '13', null, '2015-11-26 10:26:58'), ('111', '17', '7', null, '2015-08-31 10:26:58'), ('112', '22', '13', null, '2015-04-01 10:26:58'), ('113', '11', '8', null, '2015-11-12 10:26:58'), ('114', '28', '5', null, '2015-10-18 10:26:58'), ('115', '20', '7', null, '2015-04-05 10:26:58'), ('116', '12', '9', null, '2015-10-09 10:26:58'), ('117', '4', '9', null, '2015-05-05 10:26:58'), ('118', '18', '2', null, '2015-11-12 10:26:58'), ('119', '14', '11', null, '2015-07-31 10:26:58'), ('120', '15', '13', null, '2015-05-08 10:26:58');
COMMIT;

-- ----------------------------
--  Table structure for `member_note`
-- ----------------------------
DROP TABLE IF EXISTS `member_note`;
CREATE TABLE `member_note` (
  `id` int(11) NOT NULL AUTO_INCREMENT,
  `member_id` int(11) NOT NULL,
  `creator_id` int(11) DEFAULT NULL,
  `is_private` tinyint(4) NOT NULL DEFAULT '1',
  `content` longtext NOT NULL,
  `last_modified` timestamp NOT NULL DEFAULT CURRENT_TIMESTAMP ON UPDATE CURRENT_TIMESTAMP,
  `flag` int(11) DEFAULT '0',
  PRIMARY KEY (`id`),
  UNIQUE KEY `unique_id` (`id`),
  KEY `creatorId_index` (`creator_id`),
  KEY `memberId_index` (`member_id`),
  CONSTRAINT `member_note_ibfk_1` FOREIGN KEY (`member_id`) REFERENCES `member` (`id`),
  CONSTRAINT `member_note_ibfk_2` FOREIGN KEY (`creator_id`) REFERENCES `member` (`id`),
  CONSTRAINT `member_note_ibfk_3` FOREIGN KEY (`member_id`) REFERENCES `member` (`id`),
  CONSTRAINT `member_note_ibfk_4` FOREIGN KEY (`creator_id`) REFERENCES `member` (`id`)
) ENGINE=InnoDB AUTO_INCREMENT=72 DEFAULT CHARSET=utf8 ROW_FORMAT=COMPACT;

-- ----------------------------
--  Records of `member_note`
-- ----------------------------
BEGIN;
INSERT INTO `member_note` VALUES ('2', '5', '10', '1', 'asdfasdf', '2015-04-14 00:12:44', '0'), ('3', '4', '4', '0', 'Welcome to the Professional Development app.', '2015-04-14 00:15:16', '0'), ('4', '5', '4', '0', 'Welcome to the Professional Development app.', '2015-04-14 00:15:16', '0'), ('6', '11', '4', '0', 'Welcome to the Professional Development app.', '2015-04-14 00:15:16', '2'), ('7', '12', '4', '0', 'Welcome to the Professional Development app.', '2015-04-14 00:15:16', '0'), ('8', '13', '4', '0', 'Welcome to the Professional Development app.', '2015-04-14 00:15:16', '0'), ('9', '14', '4', '0', 'Welcome to the Professional Development app.', '2015-04-14 00:15:16', '0'), ('10', '15', '4', '0', 'Welcome to the Professional Development app.', '2016-03-09 14:05:50', '2'), ('18', '7', '31', '0', 'Welcome to the Professional Development app.', '2015-04-14 00:16:45', '0'), ('19', '8', '31', '0', 'Welcome to the Professional Development app.', '2015-04-14 00:16:45', '0'), ('20', '9', '31', '0', 'Welcome to the Professional Development app.', '2015-04-14 00:16:45', '0'), ('21', '10', '31', '0', 'Welcome to the Professional Development app.', '2015-04-14 00:16:45', '0'), ('22', '16', '31', '0', 'Welcome to the Professional Development app.', '2015-04-14 00:16:45', '0'), ('23', '17', '31', '0', 'Welcome to the Professional Development app.', '2015-04-14 00:16:45', '0'), ('24', '18', '31', '0', 'Welcome to the Professional Development app.', '2015-04-14 00:16:45', '0'), ('25', '30', '31', '0', 'Welcome to the Professional Development app.', '2015-04-14 00:16:45', '0'), ('26', '31', '31', '0', 'Welcome to the Professional Development app.', '2015-04-14 00:16:45', '0'), ('33', '20', '32', '0', 'Welcome to the Professional Development app.', '2015-04-14 00:16:45', '0'), ('34', '21', '32', '0', 'Welcome to the Professional Development app.', '2015-04-14 00:16:45', '0'), ('35', '22', '32', '0', 'Welcome to the Professional Development app.', '2015-04-14 00:16:45', '0'), ('36', '23', '32', '0', 'Welcome to the Professional Development app.', '2015-04-14 00:16:45', '0'), ('37', '24', '32', '0', 'Welcome to the Professional Development app.', '2015-04-14 00:16:45', '0'), ('38', '32', '32', '0', 'Welcome to the Professional Development app.', '2015-04-14 00:16:45', '0'), ('40', '25', '33', '0', 'Welcome to the Professional Development app.', '2015-04-14 00:16:45', '0'), ('41', '26', '33', '0', 'Welcome to the Professional Development app.', '2015-04-14 00:16:45', '0'), ('42', '27', '33', '0', 'Welcome to the Professional Development app.', '2015-04-14 00:16:45', '0'), ('43', '28', '33', '0', 'Welcome to the Professional Development app.', '2015-04-14 00:16:45', '0'), ('44', '29', '33', '0', 'Welcome to the Professional Development app.', '2015-04-14 00:16:45', '0'), ('45', '33', '33', '0', 'Welcome to the Professional Development app.', '2015-04-14 00:16:45', '0'), ('63', '6', '4', '1', 'hello', '2015-10-17 20:23:48', '0'), ('67', '6', '4', '1', 'This is a note', '2015-10-17 23:48:35', '2'), ('70', '11', '4', '1', 'This is another note.', '2015-10-18 00:09:23', '0'), ('71', '15', '4', '1', 'Another note.', '2016-03-09 14:05:47', '0');
COMMIT;

-- ----------------------------
--  Table structure for `message`
-- ----------------------------
DROP TABLE IF EXISTS `message`;
CREATE TABLE `message` (
  `id` int(11) NOT NULL AUTO_INCREMENT,
  `address` varchar(255) NOT NULL,
  `content` longtext NOT NULL,
  `sent` datetime NOT NULL,
  PRIMARY KEY (`id`),
  UNIQUE KEY `unique_id` (`id`)
) ENGINE=InnoDB DEFAULT CHARSET=utf8 ROW_FORMAT=COMPACT;

-- ----------------------------
--  Table structure for `message_provider`
-- ----------------------------
DROP TABLE IF EXISTS `message_provider`;
CREATE TABLE `message_provider` (
  `name` varchar(50) NOT NULL,
  `format` varchar(255) NOT NULL,
  PRIMARY KEY (`name`),
  UNIQUE KEY `unique_name` (`name`)
) ENGINE=InnoDB DEFAULT CHARSET=utf8 ROW_FORMAT=COMPACT;

-- ----------------------------
--  Records of `message_provider`
-- ----------------------------
BEGIN;
INSERT INTO `message_provider` VALUES ('Alltel', '{n}@message.alltel.com'), ('AT&T', '{n}@txt.att.net'), ('Boost', '{n}@myboostmobile.com'), ('Nextel', '{n}@messaging.nextel.com'), ('Sprint PCS', '{n}@messaging.sprintpcs.com'), ('T-Mobile', '{n}@tmomail.net'), ('US Cellular', '{n}@email.uscc.net'), ('Verizon', '{n}@vtext.com'), ('Virgin Mobile', '{n}@vmobl.com');
COMMIT;

-- ----------------------------
--  Table structure for `module`
-- ----------------------------
DROP TABLE IF EXISTS `module`;
CREATE TABLE `module` (
  `id` int(11) NOT NULL AUTO_INCREMENT,
  `resource_id` int(11) NOT NULL,
  `ends` datetime NOT NULL,
  `sched_type` char(1) NOT NULL,
  `starts` datetime NOT NULL,
  PRIMARY KEY (`id`),
  UNIQUE KEY `unique_id` (`id`),
  KEY `resource_id_index` (`resource_id`),
  CONSTRAINT `module_ibfk_1` FOREIGN KEY (`resource_id`) REFERENCES `resource` (`id`)
) ENGINE=InnoDB AUTO_INCREMENT=33 DEFAULT CHARSET=utf8 ROW_FORMAT=COMPACT;

-- ----------------------------
--  Records of `module`
-- ----------------------------
BEGIN;
INSERT INTO `module` VALUES ('1', '1', '2015-09-02 18:08:18', 'C', '2015-06-12 18:08:18'), ('2', '2', '2015-09-01 18:08:18', 'C', '2015-06-28 18:08:18'), ('3', '11', '2015-04-30 18:08:18', 'C', '2015-03-10 18:08:18'), ('4', '4', '2015-06-17 18:08:18', 'C', '2015-03-19 18:08:18'), ('5', '5', '2015-08-23 18:08:18', 'C', '2015-05-28 18:08:18'), ('6', '6', '2015-08-30 18:08:18', 'C', '2015-06-18 18:08:18'), ('7', '7', '2015-05-20 18:08:18', 'C', '2015-03-08 18:08:18'), ('8', '8', '2015-06-01 18:08:18', 'C', '2015-04-07 18:08:18'), ('9', '9', '2015-07-07 18:08:18', 'C', '2015-04-09 18:08:18'), ('10', '10', '2015-08-26 18:08:18', 'C', '2015-06-20 18:08:18'), ('11', '11', '2015-04-18 18:08:18', 'C', '2015-03-11 18:08:18'), ('12', '12', '2015-07-07 18:08:18', 'C', '2015-04-14 18:08:18'), ('13', '7', '2015-08-07 18:08:18', 'C', '2015-05-09 18:08:18'), ('14', '7', '2015-07-15 18:08:18', 'C', '2015-05-26 18:08:18'), ('15', '12', '2015-08-19 18:08:18', 'C', '2015-06-09 18:08:18'), ('16', '3', '2016-01-21 18:09:59', 'C', '2016-01-20 18:09:59'), ('17', '1', '2016-06-09 18:09:59', 'C', '2016-03-29 18:09:59'), ('18', '2', '2016-05-28 18:09:59', 'C', '2016-03-11 18:09:59'), ('19', '3', '2016-05-22 18:09:59', 'C', '2016-03-10 18:09:59'), ('20', '11', '2016-08-06 18:09:59', 'C', '2016-04-28 18:09:59'), ('21', '4', '2016-06-11 18:09:59', 'C', '2016-05-01 18:09:59'), ('22', '5', '2016-07-24 18:09:59', 'C', '2016-04-26 18:09:59'), ('23', '6', '2016-06-05 18:09:59', 'C', '2016-03-19 18:09:59'), ('24', '7', '2016-04-28 18:09:59', 'C', '2016-01-25 18:09:59'), ('25', '7', '2016-06-23 18:09:59', 'C', '2016-04-19 18:09:59'), ('26', '7', '2016-06-26 18:09:59', 'C', '2016-04-01 18:09:59'), ('27', '8', '2016-06-19 18:09:59', 'C', '2016-04-20 18:09:59'), ('28', '9', '2016-04-18 18:09:59', 'C', '2016-01-22 18:09:59'), ('29', '10', '2016-07-13 18:09:59', 'C', '2016-04-23 18:09:59'), ('30', '11', '2016-06-19 18:09:59', 'C', '2016-05-05 18:09:59'), ('31', '12', '2016-05-01 18:09:59', 'C', '2016-01-30 18:09:59'), ('32', '12', '2016-07-14 18:09:59', 'C', '2016-04-21 18:09:59');
COMMIT;

-- ----------------------------
--  Table structure for `module_badge`
-- ----------------------------
DROP TABLE IF EXISTS `module_badge`;
CREATE TABLE `module_badge` (
  `id` int(11) NOT NULL AUTO_INCREMENT,
  `module_id` int(11) DEFAULT NULL,
  `badge_id` int(11) DEFAULT NULL,
  PRIMARY KEY (`id`),
  UNIQUE KEY `id` (`id`),
  KEY `module_id` (`module_id`),
  KEY `badge_id` (`badge_id`),
  CONSTRAINT `module_badge_ibfk_1` FOREIGN KEY (`module_id`) REFERENCES `module` (`id`),
  CONSTRAINT `module_badge_ibfk_2` FOREIGN KEY (`badge_id`) REFERENCES `badge` (`id`)
) ENGINE=InnoDB AUTO_INCREMENT=17 DEFAULT CHARSET=utf8 COLLATE=utf8_bin ROW_FORMAT=COMPACT;

-- ----------------------------
--  Records of `module_badge`
-- ----------------------------
BEGIN;
INSERT INTO `module_badge` VALUES ('1', '1', '20'), ('2', '2', '20'), ('3', '3', '19'), ('4', '4', '13'), ('5', '5', '15'), ('6', '6', '15'), ('7', '7', '21'), ('8', '8', '14'), ('9', '9', '19'), ('10', '10', '18'), ('11', '11', '17'), ('12', '12', '12'), ('13', '13', '12'), ('14', '14', '13'), ('15', '15', '12'), ('16', '16', '17');
COMMIT;

-- ----------------------------
--  Table structure for `operation`
-- ----------------------------
DROP TABLE IF EXISTS `operation`;
CREATE TABLE `operation` (
  `id` char(1) NOT NULL,
  `name` varchar(50) DEFAULT NULL,
  PRIMARY KEY (`id`),
  UNIQUE KEY `id` (`id`)
) ENGINE=InnoDB DEFAULT CHARSET=utf8 ROW_FORMAT=COMPACT;

-- ----------------------------
--  Records of `operation`
-- ----------------------------
BEGIN;
INSERT INTO `operation` VALUES ('C', 'CREATE'), ('D', 'DELETE'), ('R', 'READ'), ('U', 'UPDATE'), ('X', 'EXECUTE');
COMMIT;

-- ----------------------------
--  Table structure for `organization`
-- ----------------------------
DROP TABLE IF EXISTS `organization`;
CREATE TABLE `organization` (
  `id` int(11) NOT NULL AUTO_INCREMENT,
  `parent_id` int(11) DEFAULT NULL,
  `name` varchar(100) NOT NULL,
  `summary` varchar(5000) DEFAULT NULL,
  `description` text,
  `address` varchar(4000) DEFAULT NULL,
  `phone` varchar(50) DEFAULT NULL,
  `fax` varchar(50) NOT NULL,
  `city` varchar(50) DEFAULT NULL,
  `state` varchar(50) NOT NULL,
  `postal` varchar(20) DEFAULT NULL,
  `is_department` tinyint(4) NOT NULL DEFAULT '0',
  PRIMARY KEY (`id`),
  KEY `parent_id` (`parent_id`),
  CONSTRAINT `organization_ibfk_1` FOREIGN KEY (`parent_id`) REFERENCES `organization` (`id`)
) ENGINE=InnoDB AUTO_INCREMENT=7 DEFAULT CHARSET=utf8 ROW_FORMAT=COMPACT;

-- ----------------------------
--  Records of `organization`
-- ----------------------------
BEGIN;
INSERT INTO `organization` VALUES ('1', null, 'CogentQI', null, null, '123 Any St.', '(123) 456-7890', '(123) 456-7890', 'Anytown', 'ST', '012345', '0'), ('2', '1', 'Mercy Hospital', null, null, '123 Any St.', '(123) 456-7890', '(123) 456-7890', 'Anytown', 'ST', '012345', '0'), ('3', '2', 'Medical/Surgical Floor', null, null, '123 Any St.', '(123) 456-7890', '(123) 456-7890', 'Anytown', 'ST', '012345', '0'), ('4', '2', 'Obstetrics & Gynecology', null, null, '123 Any St.', '(123) 456-7890', '(123) 456-7890', 'Anytown', 'ST', '012345', '0'), ('5', '2', 'Intensive Care Unit', null, null, '123 Any St.', '(123) 456-7890', '(123) 456-7890', 'Anytown', 'ST', '012345', '0'), ('6', '2', 'Emergency Room', null, null, '123 Any St.', '(123) 456-7890', '(123) 456-7890', 'Anytown', 'ST', '012345', '0');
COMMIT;

-- ----------------------------
--  Table structure for `organization_outcome`
-- ----------------------------
DROP TABLE IF EXISTS `organization_outcome`;
CREATE TABLE `organization_outcome` (
  `id` int(11) NOT NULL AUTO_INCREMENT,
  `organization_id` int(11) NOT NULL,
  `outcome_id` int(11) NOT NULL,
  `evaluated` datetime NOT NULL DEFAULT CURRENT_TIMESTAMP,
  `evaluator_id` int(11) DEFAULT NULL,
  `evaluator_comments` varchar(5000) DEFAULT NULL,
  `level` float NOT NULL DEFAULT '0',
  PRIMARY KEY (`id`),
  UNIQUE KEY `unique_id` (`id`),
  KEY `organization_id_index` (`organization_id`),
  KEY `outcome_id_index` (`outcome_id`),
  KEY `evaluator_id_index` (`evaluator_id`),
  CONSTRAINT `organization_outcome_ibfk_1` FOREIGN KEY (`organization_id`) REFERENCES `organization` (`id`),
  CONSTRAINT `organization_outcome_ibfk_2` FOREIGN KEY (`outcome_id`) REFERENCES `outcome` (`id`),
  CONSTRAINT `organization_outcome_ibfk_3` FOREIGN KEY (`evaluator_id`) REFERENCES `member` (`id`)
) ENGINE=InnoDB AUTO_INCREMENT=2038 DEFAULT CHARSET=utf8 ROW_FORMAT=COMPACT;

-- ----------------------------
--  Records of `organization_outcome`
-- ----------------------------
BEGIN;
INSERT INTO `organization_outcome` VALUES ('1171', '1', '1', '2015-01-24 17:56:08', null, '', '0.654102'), ('1172', '2', '1', '2015-01-24 17:56:08', null, '', '0.266403'), ('1173', '3', '1', '2015-01-24 17:56:08', null, '', '0.369709'), ('1174', '4', '1', '2015-01-24 17:56:08', null, '', '0.0493376'), ('1175', '5', '1', '2015-01-24 17:56:08', null, '', '0.13756'), ('1176', '6', '1', '2015-01-24 17:56:08', null, '', '0.539787'), ('1177', '1', '3', '2015-01-24 17:56:08', null, '', '0.286257'), ('1178', '2', '3', '2015-01-24 17:56:08', null, '', '0.811924'), ('1179', '3', '3', '2015-01-24 17:56:08', null, '', '0.200849'), ('1180', '4', '3', '2015-01-24 17:56:08', null, '', '0.56847'), ('1181', '5', '3', '2015-01-24 17:56:08', null, '', '0.239806'), ('1182', '6', '3', '2015-01-24 17:56:08', null, '', '0.493621'), ('1183', '1', '4', '2015-01-24 17:56:08', null, '', '0.748686'), ('1184', '2', '4', '2015-01-24 17:56:08', null, '', '0.262565'), ('1185', '3', '4', '2015-01-24 17:56:08', null, '', '0.0667687'), ('1186', '4', '4', '2015-01-24 17:56:08', null, '', '0.546148'), ('1187', '5', '4', '2015-01-24 17:56:08', null, '', '0.530436'), ('1188', '6', '4', '2015-01-24 17:56:08', null, '', '0.0137335'), ('1189', '1', '5', '2015-01-24 17:56:08', null, '', '0.47736'), ('1190', '2', '5', '2015-01-24 17:56:08', null, '', '0.345601'), ('1191', '3', '5', '2015-01-24 17:56:08', null, '', '0.295926'), ('1192', '4', '5', '2015-01-24 17:56:08', null, '', '0.442827'), ('1193', '5', '5', '2015-01-24 17:56:08', null, '', '0.326356'), ('1194', '6', '5', '2015-01-24 17:56:08', null, '', '0.303298'), ('1195', '1', '6', '2015-01-24 17:56:08', null, '', '0.537422'), ('1196', '2', '6', '2015-01-24 17:56:08', null, '', '0.777217'), ('1197', '3', '6', '2015-01-24 17:56:08', null, '', '0.27382'), ('1198', '4', '6', '2015-01-24 17:56:08', null, '', '0.037447'), ('1199', '5', '6', '2015-01-24 17:56:08', null, '', '0.365776'), ('1200', '6', '6', '2015-01-24 17:56:08', null, '', '0.716538'), ('1201', '1', '7', '2015-01-24 17:56:08', null, '', '0.485363'), ('1202', '2', '7', '2015-01-24 17:56:08', null, '', '0.277203'), ('1203', '3', '7', '2015-01-24 17:56:08', null, '', '0.929923'), ('1204', '4', '7', '2015-01-24 17:56:08', null, '', '0.818009'), ('1205', '5', '7', '2015-01-24 17:56:08', null, '', '0.300273'), ('1206', '6', '7', '2015-01-24 17:56:08', null, '', '0.0473401'), ('1207', '1', '8', '2015-01-24 17:56:08', null, '', '0.335881'), ('1208', '2', '8', '2015-01-24 17:56:08', null, '', '0.537384'), ('1209', '3', '8', '2015-01-24 17:56:08', null, '', '0.679276'), ('1210', '4', '8', '2015-01-24 17:56:08', null, '', '0.784228'), ('1211', '5', '8', '2015-01-24 17:56:08', null, '', '0.883315'), ('1212', '6', '8', '2015-01-24 17:56:08', null, '', '0.0638875'), ('1213', '1', '9', '2015-01-24 17:56:08', null, '', '0.669494'), ('1214', '2', '9', '2015-01-24 17:56:08', null, '', '0.155808'), ('1215', '3', '9', '2015-01-24 17:56:08', null, '', '0.770556'), ('1216', '4', '9', '2015-01-24 17:56:08', null, '', '0.385356'), ('1217', '5', '9', '2015-01-24 17:56:08', null, '', '0.615114'), ('1218', '6', '9', '2015-01-24 17:56:08', null, '', '0.919502'), ('1234', '1', '1', '2015-02-23 17:56:08', null, '', '0.752167'), ('1235', '2', '1', '2015-02-23 17:56:08', null, '', '0.0023303'), ('1236', '3', '1', '2015-02-23 17:56:08', null, '', '0.75515'), ('1237', '4', '1', '2015-02-23 17:56:08', null, '', '0.768759'), ('1238', '5', '1', '2015-02-23 17:56:08', null, '', '0.578343'), ('1239', '6', '1', '2015-02-23 17:56:08', null, '', '0.585441'), ('1240', '1', '3', '2015-02-23 17:56:08', null, '', '0.192173'), ('1241', '2', '3', '2015-02-23 17:56:08', null, '', '0.204543'), ('1242', '3', '3', '2015-02-23 17:56:08', null, '', '0.446198'), ('1243', '4', '3', '2015-02-23 17:56:08', null, '', '0.617358'), ('1244', '5', '3', '2015-02-23 17:56:08', null, '', '0.748198'), ('1245', '6', '3', '2015-02-23 17:56:08', null, '', '0.888914'), ('1246', '1', '4', '2015-02-23 17:56:08', null, '', '0.199976'), ('1247', '2', '4', '2015-02-23 17:56:08', null, '', '0.333137'), ('1248', '3', '4', '2015-02-23 17:56:08', null, '', '0.0657578'), ('1249', '4', '4', '2015-02-23 17:56:08', null, '', '0.329379'), ('1250', '5', '4', '2015-02-23 17:56:08', null, '', '0.449619'), ('1251', '6', '4', '2015-02-23 17:56:08', null, '', '0.259961'), ('1252', '1', '5', '2015-02-23 17:56:08', null, '', '0.950946'), ('1253', '2', '5', '2015-02-23 17:56:08', null, '', '0.974846'), ('1254', '3', '5', '2015-02-23 17:56:08', null, '', '0.021394'), ('1255', '4', '5', '2015-02-23 17:56:08', null, '', '0.182431'), ('1256', '5', '5', '2015-02-23 17:56:08', null, '', '0.847975'), ('1257', '6', '5', '2015-02-23 17:56:08', null, '', '0.69258'), ('1258', '1', '6', '2015-02-23 17:56:08', null, '', '0.918977'), ('1259', '2', '6', '2015-02-23 17:56:08', null, '', '0.517143'), ('1260', '3', '6', '2015-02-23 17:56:08', null, '', '0.828785'), ('1261', '4', '6', '2015-02-23 17:56:08', null, '', '0.592496'), ('1262', '5', '6', '2015-02-23 17:56:08', null, '', '0.476123'), ('1263', '6', '6', '2015-02-23 17:56:08', null, '', '0.603129'), ('1264', '1', '7', '2015-02-23 17:56:08', null, '', '0.587275'), ('1265', '2', '7', '2015-02-23 17:56:08', null, '', '0.126988'), ('1266', '3', '7', '2015-02-23 17:56:08', null, '', '0.873113'), ('1267', '4', '7', '2015-02-23 17:56:08', null, '', '0.984604'), ('1268', '5', '7', '2015-02-23 17:56:08', null, '', '0.303681'), ('1269', '6', '7', '2015-02-23 17:56:08', null, '', '0.56459'), ('1270', '1', '8', '2015-02-23 17:56:08', null, '', '0.91191'), ('1271', '2', '8', '2015-02-23 17:56:08', null, '', '0.865781'), ('1272', '3', '8', '2015-02-23 17:56:08', null, '', '0.593174'), ('1273', '4', '8', '2015-02-23 17:56:08', null, '', '0.368526'), ('1274', '5', '8', '2015-02-23 17:56:08', null, '', '0.0631086'), ('1275', '6', '8', '2015-02-23 17:56:08', null, '', '0.209965'), ('1276', '1', '9', '2015-02-23 17:56:08', null, '', '0.860499'), ('1277', '2', '9', '2015-02-23 17:56:08', null, '', '0.672599'), ('1278', '3', '9', '2015-02-23 17:56:08', null, '', '0.781497'), ('1279', '4', '9', '2015-02-23 17:56:08', null, '', '0.88969'), ('1280', '5', '9', '2015-02-23 17:56:08', null, '', '0.103959'), ('1281', '6', '9', '2015-02-23 17:56:08', null, '', '0.850726'), ('1297', '1', '1', '2015-03-15 17:56:08', null, '', '0.941753'), ('1298', '2', '1', '2015-03-15 17:56:08', null, '', '0.156586'), ('1299', '3', '1', '2015-03-15 17:56:08', null, '', '0.957672'), ('1300', '4', '1', '2015-03-15 17:56:08', null, '', '0.318601'), ('1301', '5', '1', '2015-03-15 17:56:08', null, '', '0.719988'), ('1302', '6', '1', '2015-03-15 17:56:08', null, '', '0.644137'), ('1303', '1', '3', '2015-03-15 17:56:08', null, '', '0.0607204'), ('1304', '2', '3', '2015-03-15 17:56:08', null, '', '0.371192'), ('1305', '3', '3', '2015-03-15 17:56:08', null, '', '0.673798'), ('1306', '4', '3', '2015-03-15 17:56:08', null, '', '0.255416'), ('1307', '5', '3', '2015-03-15 17:56:08', null, '', '0.255686'), ('1308', '6', '3', '2015-03-15 17:56:08', null, '', '0.512182'), ('1309', '1', '4', '2015-03-15 17:56:08', null, '', '0.79385'), ('1310', '2', '4', '2015-03-15 17:56:08', null, '', '0.432705'), ('1311', '3', '4', '2015-03-15 17:56:08', null, '', '0.781975'), ('1312', '4', '4', '2015-03-15 17:56:08', null, '', '0.611761'), ('1313', '5', '4', '2015-03-15 17:56:08', null, '', '0.712878'), ('1314', '6', '4', '2015-03-15 17:56:08', null, '', '0.729106'), ('1315', '1', '5', '2015-03-15 17:56:08', null, '', '0.506899'), ('1316', '2', '5', '2015-03-15 17:56:08', null, '', '0.347174'), ('1317', '3', '5', '2015-03-15 17:56:08', null, '', '0.215176'), ('1318', '4', '5', '2015-03-15 17:56:08', null, '', '0.0343584'), ('1319', '5', '5', '2015-03-15 17:56:08', null, '', '0.526263'), ('1320', '6', '5', '2015-03-15 17:56:08', null, '', '0.528239'), ('1321', '1', '6', '2015-03-15 17:56:08', null, '', '0.0624065'), ('1322', '2', '6', '2015-03-15 17:56:08', null, '', '0.727316'), ('1323', '3', '6', '2015-03-15 17:56:08', null, '', '0.449359'), ('1324', '4', '6', '2015-03-15 17:56:08', null, '', '0.0648463'), ('1325', '5', '6', '2015-03-15 17:56:08', null, '', '0.976156'), ('1326', '6', '6', '2015-03-15 17:56:08', null, '', '0.68624'), ('1327', '1', '7', '2015-03-15 17:56:08', null, '', '0.502732'), ('1328', '2', '7', '2015-03-15 17:56:08', null, '', '0.45494'), ('1329', '3', '7', '2015-03-15 17:56:08', null, '', '0.766503'), ('1330', '4', '7', '2015-03-15 17:56:08', null, '', '0.467696'), ('1331', '5', '7', '2015-03-15 17:56:08', null, '', '0.0389693'), ('1332', '6', '7', '2015-03-15 17:56:08', null, '', '0.79176'), ('1333', '1', '8', '2015-03-15 17:56:08', null, '', '0.84189'), ('1334', '2', '8', '2015-03-15 17:56:08', null, '', '0.834172'), ('1335', '3', '8', '2015-03-15 17:56:08', null, '', '0.645191'), ('1336', '4', '8', '2015-03-15 17:56:08', null, '', '0.723439'), ('1337', '5', '8', '2015-03-15 17:56:08', null, '', '0.681619'), ('1338', '6', '8', '2015-03-15 17:56:08', null, '', '0.237781'), ('1339', '1', '9', '2015-03-15 17:56:08', null, '', '0.144046'), ('1340', '2', '9', '2015-03-15 17:56:08', null, '', '0.00688816'), ('1341', '3', '9', '2015-03-15 17:56:08', null, '', '0.602303'), ('1342', '4', '9', '2015-03-15 17:56:08', null, '', '0.990848'), ('1343', '5', '9', '2015-03-15 17:56:08', null, '', '0.147335'), ('1344', '6', '9', '2015-03-15 17:56:08', null, '', '0.764128'), ('1360', '1', '1', '2015-04-04 17:56:08', null, '', '0.378637'), ('1361', '2', '1', '2015-04-04 17:56:08', null, '', '0.600802'), ('1362', '3', '1', '2015-04-04 17:56:08', null, '', '0.868099'), ('1363', '4', '1', '2015-04-04 17:56:08', null, '', '0.53809'), ('1364', '5', '1', '2015-04-04 17:56:08', null, '', '0.0861512'), ('1365', '6', '1', '2015-04-04 17:56:08', null, '', '0.816487'), ('1366', '1', '3', '2015-04-04 17:56:08', null, '', '0.823979'), ('1367', '2', '3', '2015-04-04 17:56:08', null, '', '0.670436'), ('1368', '3', '3', '2015-04-04 17:56:08', null, '', '0.880244'), ('1369', '4', '3', '2015-04-04 17:56:08', null, '', '0.389913'), ('1370', '5', '3', '2015-04-04 17:56:08', null, '', '0.308831'), ('1371', '6', '3', '2015-04-04 17:56:08', null, '', '0.374416'), ('1372', '1', '4', '2015-04-04 17:56:08', null, '', '0.945586'), ('1373', '2', '4', '2015-04-04 17:56:08', null, '', '0.604685'), ('1374', '3', '4', '2015-04-04 17:56:08', null, '', '0.186665'), ('1375', '4', '4', '2015-04-04 17:56:08', null, '', '0.119272'), ('1376', '5', '4', '2015-04-04 17:56:08', null, '', '0.0363653'), ('1377', '6', '4', '2015-04-04 17:56:08', null, '', '0.82401'), ('1378', '1', '5', '2015-04-04 17:56:08', null, '', '0.0109527'), ('1379', '2', '5', '2015-04-04 17:56:08', null, '', '0.582734'), ('1380', '3', '5', '2015-04-04 17:56:08', null, '', '0.880814'), ('1381', '4', '5', '2015-04-04 17:56:08', null, '', '0.655866'), ('1382', '5', '5', '2015-04-04 17:56:08', null, '', '0.63689'), ('1383', '6', '5', '2015-04-04 17:56:08', null, '', '0.216852'), ('1384', '1', '6', '2015-04-04 17:56:08', null, '', '0.173588'), ('1385', '2', '6', '2015-04-04 17:56:08', null, '', '0.217387'), ('1386', '3', '6', '2015-04-04 17:56:08', null, '', '0.566169'), ('1387', '4', '6', '2015-04-04 17:56:08', null, '', '0.178686'), ('1388', '5', '6', '2015-04-04 17:56:08', null, '', '0.194923'), ('1389', '6', '6', '2015-04-04 17:56:08', null, '', '0.438556'), ('1390', '1', '7', '2015-04-04 17:56:08', null, '', '0.608012'), ('1391', '2', '7', '2015-04-04 17:56:08', null, '', '0.724393'), ('1392', '3', '7', '2015-04-04 17:56:08', null, '', '0.797927'), ('1393', '4', '7', '2015-04-04 17:56:08', null, '', '0.816456'), ('1394', '5', '7', '2015-04-04 17:56:08', null, '', '0.688499'), ('1395', '6', '7', '2015-04-04 17:56:08', null, '', '0.993128'), ('1396', '1', '8', '2015-04-04 17:56:08', null, '', '0.900144'), ('1397', '2', '8', '2015-04-04 17:56:08', null, '', '0.521334'), ('1398', '3', '8', '2015-04-04 17:56:08', null, '', '0.906238'), ('1399', '4', '8', '2015-04-04 17:56:08', null, '', '0.967191'), ('1400', '5', '8', '2015-04-04 17:56:08', null, '', '0.117238'), ('1401', '6', '8', '2015-04-04 17:56:08', null, '', '0.68462'), ('1402', '1', '9', '2015-04-04 17:56:08', null, '', '0.0713831'), ('1403', '2', '9', '2015-04-04 17:56:08', null, '', '0.303057'), ('1404', '3', '9', '2015-04-04 17:56:08', null, '', '0.301134'), ('1405', '4', '9', '2015-04-04 17:56:08', null, '', '0.596499'), ('1406', '5', '9', '2015-04-04 17:56:08', null, '', '0.079093'), ('1407', '6', '9', '2015-04-04 17:56:08', null, '', '0.605969'), ('1423', '1', '1', '2015-05-04 17:56:08', null, '', '0.792564'), ('1424', '2', '1', '2015-05-04 17:56:08', null, '', '0.144913'), ('1425', '3', '1', '2015-05-04 17:56:08', null, '', '0.346874'), ('1426', '4', '1', '2015-05-04 17:56:08', null, '', '0.299632'), ('1427', '5', '1', '2015-05-04 17:56:08', null, '', '0.457539'), ('1428', '6', '1', '2015-05-04 17:56:08', null, '', '0.388798'), ('1429', '1', '3', '2015-05-04 17:56:08', null, '', '0.571372'), ('1430', '2', '3', '2015-05-04 17:56:08', null, '', '0.690467'), ('1431', '3', '3', '2015-05-04 17:56:08', null, '', '0.738217'), ('1432', '4', '3', '2015-05-04 17:56:08', null, '', '0.619685'), ('1433', '5', '3', '2015-05-04 17:56:08', null, '', '0.883772'), ('1434', '6', '3', '2015-05-04 17:56:08', null, '', '0.559807'), ('1435', '1', '4', '2015-05-04 17:56:08', null, '', '0.147719'), ('1436', '2', '4', '2015-05-04 17:56:08', null, '', '0.0591748'), ('1437', '3', '4', '2015-05-04 17:56:08', null, '', '0.852716'), ('1438', '4', '4', '2015-05-04 17:56:08', null, '', '0.0860572'), ('1439', '5', '4', '2015-05-04 17:56:08', null, '', '0.872137'), ('1440', '6', '4', '2015-05-04 17:56:08', null, '', '0.102514'), ('1441', '1', '5', '2015-05-04 17:56:08', null, '', '0.896157'), ('1442', '2', '5', '2015-05-04 17:56:08', null, '', '0.173242'), ('1443', '3', '5', '2015-05-04 17:56:08', null, '', '0.177743'), ('1444', '4', '5', '2015-05-04 17:56:08', null, '', '0.368986'), ('1445', '5', '5', '2015-05-04 17:56:08', null, '', '0.311702'), ('1446', '6', '5', '2015-05-04 17:56:08', null, '', '0.451553'), ('1447', '1', '6', '2015-05-04 17:56:08', null, '', '0.322657'), ('1448', '2', '6', '2015-05-04 17:56:08', null, '', '0.258626'), ('1449', '3', '6', '2015-05-04 17:56:08', null, '', '0.325161'), ('1450', '4', '6', '2015-05-04 17:56:08', null, '', '0.849925'), ('1451', '5', '6', '2015-05-04 17:56:08', null, '', '0.274144'), ('1452', '6', '6', '2015-05-04 17:56:08', null, '', '0.820946'), ('1453', '1', '7', '2015-05-04 17:56:08', null, '', '0.282296'), ('1454', '2', '7', '2015-05-04 17:56:08', null, '', '0.948641'), ('1455', '3', '7', '2015-05-04 17:56:08', null, '', '0.896317'), ('1456', '4', '7', '2015-05-04 17:56:08', null, '', '0.635661'), ('1457', '5', '7', '2015-05-04 17:56:08', null, '', '0.489355'), ('1458', '6', '7', '2015-05-04 17:56:08', null, '', '0.539794'), ('1459', '1', '8', '2015-05-04 17:56:08', null, '', '0.230902'), ('1460', '2', '8', '2015-05-04 17:56:08', null, '', '0.535129'), ('1461', '3', '8', '2015-05-04 17:56:08', null, '', '0.982941'), ('1462', '4', '8', '2015-05-04 17:56:08', null, '', '0.309317'), ('1463', '5', '8', '2015-05-04 17:56:08', null, '', '0.597764'), ('1464', '6', '8', '2015-05-04 17:56:08', null, '', '0.0608667'), ('1465', '1', '9', '2015-05-04 17:56:08', null, '', '0.511042'), ('1466', '2', '9', '2015-05-04 17:56:08', null, '', '0.372611'), ('1467', '3', '9', '2015-05-04 17:56:08', null, '', '0.329929'), ('1468', '4', '9', '2015-05-04 17:56:08', null, '', '0.531811'), ('1469', '5', '9', '2015-05-04 17:56:08', null, '', '0.669269'), ('1470', '6', '9', '2015-05-04 17:56:08', null, '', '0.750911'), ('1486', '1', '1', '2015-06-03 17:56:08', null, '', '0.746747'), ('1487', '2', '1', '2015-06-03 17:56:08', null, '', '0.481002'), ('1488', '3', '1', '2015-06-03 17:56:08', null, '', '0.164769'), ('1489', '4', '1', '2015-06-03 17:56:08', null, '', '0.380842'), ('1490', '5', '1', '2015-06-03 17:56:08', null, '', '0.4099'), ('1491', '6', '1', '2015-06-03 17:56:08', null, '', '0.906973'), ('1492', '1', '3', '2015-06-03 17:56:08', null, '', '0.305168'), ('1493', '2', '3', '2015-06-03 17:56:08', null, '', '0.804921'), ('1494', '3', '3', '2015-06-03 17:56:08', null, '', '0.109102'), ('1495', '4', '3', '2015-06-03 17:56:08', null, '', '0.130746'), ('1496', '5', '3', '2015-06-03 17:56:08', null, '', '0.326424'), ('1497', '6', '3', '2015-06-03 17:56:08', null, '', '0.239881'), ('1498', '1', '4', '2015-06-03 17:56:08', null, '', '0.220135'), ('1499', '2', '4', '2015-06-03 17:56:08', null, '', '0.381031'), ('1500', '3', '4', '2015-06-03 17:56:08', null, '', '0.244752'), ('1501', '4', '4', '2015-06-03 17:56:08', null, '', '0.080665'), ('1502', '5', '4', '2015-06-03 17:56:08', null, '', '0.66907'), ('1503', '6', '4', '2015-06-03 17:56:08', null, '', '0.103353'), ('1504', '1', '5', '2015-06-03 17:56:08', null, '', '0.509558'), ('1505', '2', '5', '2015-06-03 17:56:08', null, '', '0.237729'), ('1506', '3', '5', '2015-06-03 17:56:08', null, '', '0.659971'), ('1507', '4', '5', '2015-06-03 17:56:08', null, '', '0.586669'), ('1508', '5', '5', '2015-06-03 17:56:08', null, '', '0.95343'), ('1509', '6', '5', '2015-06-03 17:56:08', null, '', '0.00714466'), ('1510', '1', '6', '2015-06-03 17:56:08', null, '', '0.175433'), ('1511', '2', '6', '2015-06-03 17:56:08', null, '', '0.855731'), ('1512', '3', '6', '2015-06-03 17:56:08', null, '', '0.752356'), ('1513', '4', '6', '2015-06-03 17:56:08', null, '', '0.194586'), ('1514', '5', '6', '2015-06-03 17:56:08', null, '', '0.715863'), ('1515', '6', '6', '2015-06-03 17:56:08', null, '', '0.995557'), ('1516', '1', '7', '2015-06-03 17:56:08', null, '', '0.830196'), ('1517', '2', '7', '2015-06-03 17:56:08', null, '', '0.164311'), ('1518', '3', '7', '2015-06-03 17:56:08', null, '', '0.330965'), ('1519', '4', '7', '2015-06-03 17:56:08', null, '', '0.161892'), ('1520', '5', '7', '2015-06-03 17:56:08', null, '', '0.816564'), ('1521', '6', '7', '2015-06-03 17:56:08', null, '', '0.597143'), ('1522', '1', '8', '2015-06-03 17:56:08', null, '', '0.536025'), ('1523', '2', '8', '2015-06-03 17:56:08', null, '', '0.888696'), ('1524', '3', '8', '2015-06-03 17:56:08', null, '', '0.835407'), ('1525', '4', '8', '2015-06-03 17:56:08', null, '', '0.510945'), ('1526', '5', '8', '2015-06-03 17:56:08', null, '', '0.0485025'), ('1527', '6', '8', '2015-06-03 17:56:08', null, '', '0.709679'), ('1528', '1', '9', '2015-06-03 17:56:08', null, '', '0.402886'), ('1529', '2', '9', '2015-06-03 17:56:08', null, '', '0.885395'), ('1530', '3', '9', '2015-06-03 17:56:08', null, '', '0.218317'), ('1531', '4', '9', '2015-06-03 17:56:08', null, '', '0.435399'), ('1532', '5', '9', '2015-06-03 17:56:08', null, '', '0.522045'), ('1533', '6', '9', '2015-06-03 17:56:08', null, '', '0.304029'), ('1549', '1', '1', '2015-06-23 17:56:08', null, '', '0.954008'), ('1550', '2', '1', '2015-06-23 17:56:08', null, '', '0.857953'), ('1551', '3', '1', '2015-06-23 17:56:08', null, '', '0.427741'), ('1552', '4', '1', '2015-06-23 17:56:08', null, '', '0.564846'), ('1553', '5', '1', '2015-06-23 17:56:08', null, '', '0.541008'), ('1554', '6', '1', '2015-06-23 17:56:08', null, '', '0.0105034'), ('1555', '1', '3', '2015-06-23 17:56:08', null, '', '0.429492'), ('1556', '2', '3', '2015-06-23 17:56:08', null, '', '0.115948'), ('1557', '3', '3', '2015-06-23 17:56:08', null, '', '0.291264'), ('1558', '4', '3', '2015-06-23 17:56:08', null, '', '0.108476'), ('1559', '5', '3', '2015-06-23 17:56:08', null, '', '0.66859'), ('1560', '6', '3', '2015-06-23 17:56:08', null, '', '0.0175206'), ('1561', '1', '4', '2015-06-23 17:56:08', null, '', '0.0818332'), ('1562', '2', '4', '2015-06-23 17:56:08', null, '', '0.356605'), ('1563', '3', '4', '2015-06-23 17:56:08', null, '', '0.537523'), ('1564', '4', '4', '2015-06-23 17:56:08', null, '', '0.617801'), ('1565', '5', '4', '2015-06-23 17:56:08', null, '', '0.476437'), ('1566', '6', '4', '2015-06-23 17:56:08', null, '', '0.52878'), ('1567', '1', '5', '2015-06-23 17:56:08', null, '', '0.214588'), ('1568', '2', '5', '2015-06-23 17:56:08', null, '', '0.486603'), ('1569', '3', '5', '2015-06-23 17:56:08', null, '', '0.789251'), ('1570', '4', '5', '2015-06-23 17:56:08', null, '', '0.486445'), ('1571', '5', '5', '2015-06-23 17:56:08', null, '', '0.064472'), ('1572', '6', '5', '2015-06-23 17:56:08', null, '', '0.863025'), ('1573', '1', '6', '2015-06-23 17:56:08', null, '', '0.121709'), ('1574', '2', '6', '2015-06-23 17:56:08', null, '', '0.0194713'), ('1575', '3', '6', '2015-06-23 17:56:08', null, '', '0.732229'), ('1576', '4', '6', '2015-06-23 17:56:08', null, '', '0.60273'), ('1577', '5', '6', '2015-06-23 17:56:08', null, '', '0.816966'), ('1578', '6', '6', '2015-06-23 17:56:08', null, '', '0.276636'), ('1579', '1', '7', '2015-06-23 17:56:08', null, '', '0.932285'), ('1580', '2', '7', '2015-06-23 17:56:08', null, '', '0.831517'), ('1581', '3', '7', '2015-06-23 17:56:08', null, '', '0.36073'), ('1582', '4', '7', '2015-06-23 17:56:08', null, '', '0.3091'), ('1583', '5', '7', '2015-06-23 17:56:08', null, '', '0.463308'), ('1584', '6', '7', '2015-06-23 17:56:08', null, '', '0.389239'), ('1585', '1', '8', '2015-06-23 17:56:08', null, '', '0.556273'), ('1586', '2', '8', '2015-06-23 17:56:08', null, '', '0.613649'), ('1587', '3', '8', '2015-06-23 17:56:08', null, '', '0.399425'), ('1588', '4', '8', '2015-06-23 17:56:08', null, '', '0.156179'), ('1589', '5', '8', '2015-06-23 17:56:08', null, '', '0.582621'), ('1590', '6', '8', '2015-06-23 17:56:08', null, '', '0.444569'), ('1591', '1', '9', '2015-06-23 17:56:08', null, '', '0.47498'), ('1592', '2', '9', '2015-06-23 17:56:08', null, '', '0.0411929'), ('1593', '3', '9', '2015-06-23 17:56:08', null, '', '0.781025'), ('1594', '4', '9', '2015-06-23 17:56:08', null, '', '0.781545'), ('1595', '5', '9', '2015-06-23 17:56:08', null, '', '0.564652'), ('1596', '6', '9', '2015-06-23 17:56:08', null, '', '0.478623'), ('1612', '1', '1', '2015-07-13 17:56:08', null, '', '0.699162'), ('1613', '2', '1', '2015-07-13 17:56:08', null, '', '0.0599397'), ('1614', '3', '1', '2015-07-13 17:56:08', null, '', '0.202212'), ('1615', '4', '1', '2015-07-13 17:56:08', null, '', '0.831243'), ('1616', '5', '1', '2015-07-13 17:56:08', null, '', '0.549578'), ('1617', '6', '1', '2015-07-13 17:56:08', null, '', '0.254163'), ('1618', '1', '3', '2015-07-13 17:56:08', null, '', '0.622078'), ('1619', '2', '3', '2015-07-13 17:56:08', null, '', '0.347903'), ('1620', '3', '3', '2015-07-13 17:56:08', null, '', '0.873281'), ('1621', '4', '3', '2015-07-13 17:56:08', null, '', '0.322694'), ('1622', '5', '3', '2015-07-13 17:56:08', null, '', '0.993628'), ('1623', '6', '3', '2015-07-13 17:56:08', null, '', '0.0000599194'), ('1624', '1', '4', '2015-07-13 17:56:08', null, '', '0.0194144'), ('1625', '2', '4', '2015-07-13 17:56:08', null, '', '0.0968922'), ('1626', '3', '4', '2015-07-13 17:56:08', null, '', '0.426218'), ('1627', '4', '4', '2015-07-13 17:56:08', null, '', '0.840413'), ('1628', '5', '4', '2015-07-13 17:56:08', null, '', '0.923412'), ('1629', '6', '4', '2015-07-13 17:56:08', null, '', '0.0958224'), ('1630', '1', '5', '2015-07-13 17:56:08', null, '', '0.708875'), ('1631', '2', '5', '2015-07-13 17:56:08', null, '', '0.256907'), ('1632', '3', '5', '2015-07-13 17:56:08', null, '', '0.157909'), ('1633', '4', '5', '2015-07-13 17:56:08', null, '', '0.0188241'), ('1634', '5', '5', '2015-07-13 17:56:08', null, '', '0.620394'), ('1635', '6', '5', '2015-07-13 17:56:08', null, '', '0.0454981'), ('1636', '1', '6', '2015-07-13 17:56:08', null, '', '0.366308'), ('1637', '2', '6', '2015-07-13 17:56:08', null, '', '0.695048'), ('1638', '3', '6', '2015-07-13 17:56:08', null, '', '0.376314'), ('1639', '4', '6', '2015-07-13 17:56:08', null, '', '0.796427'), ('1640', '5', '6', '2015-07-13 17:56:08', null, '', '0.853192'), ('1641', '6', '6', '2015-07-13 17:56:08', null, '', '0.876681'), ('1642', '1', '7', '2015-07-13 17:56:08', null, '', '0.823826'), ('1643', '2', '7', '2015-07-13 17:56:08', null, '', '0.489089'), ('1644', '3', '7', '2015-07-13 17:56:08', null, '', '0.973966'), ('1645', '4', '7', '2015-07-13 17:56:08', null, '', '0.402562'), ('1646', '5', '7', '2015-07-13 17:56:08', null, '', '0.0909122'), ('1647', '6', '7', '2015-07-13 17:56:08', null, '', '0.246876'), ('1648', '1', '8', '2015-07-13 17:56:08', null, '', '0.961642'), ('1649', '2', '8', '2015-07-13 17:56:08', null, '', '0.0675836'), ('1650', '3', '8', '2015-07-13 17:56:08', null, '', '0.452992'), ('1651', '4', '8', '2015-07-13 17:56:08', null, '', '0.0622072'), ('1652', '5', '8', '2015-07-13 17:56:08', null, '', '0.952061'), ('1653', '6', '8', '2015-07-13 17:56:08', null, '', '0.573685'), ('1654', '1', '9', '2015-07-13 17:56:08', null, '', '0.0122418'), ('1655', '2', '9', '2015-07-13 17:56:08', null, '', '0.340154'), ('1656', '3', '9', '2015-07-13 17:56:08', null, '', '0.664042'), ('1657', '4', '9', '2015-07-13 17:56:08', null, '', '0.29975'), ('1658', '5', '9', '2015-07-13 17:56:08', null, '', '0.506625'), ('1659', '6', '9', '2015-07-13 17:56:08', null, '', '0.633876'), ('1675', '1', '1', '2015-08-12 17:56:08', null, '', '0.649505'), ('1676', '2', '1', '2015-08-12 17:56:08', null, '', '0.345896'), ('1677', '3', '1', '2015-08-12 17:56:08', null, '', '0.780964'), ('1678', '4', '1', '2015-08-12 17:56:08', null, '', '0.867134'), ('1679', '5', '1', '2015-08-12 17:56:08', null, '', '0.992778'), ('1680', '6', '1', '2015-08-12 17:56:08', null, '', '0.362489'), ('1681', '1', '3', '2015-08-12 17:56:08', null, '', '0.83411'), ('1682', '2', '3', '2015-08-12 17:56:08', null, '', '0.083081'), ('1683', '3', '3', '2015-08-12 17:56:08', null, '', '0.913076'), ('1684', '4', '3', '2015-08-12 17:56:08', null, '', '0.316138'), ('1685', '5', '3', '2015-08-12 17:56:08', null, '', '0.841463'), ('1686', '6', '3', '2015-08-12 17:56:08', null, '', '0.2589'), ('1687', '1', '4', '2015-08-12 17:56:08', null, '', '0.770109'), ('1688', '2', '4', '2015-08-12 17:56:08', null, '', '0.0738484'), ('1689', '3', '4', '2015-08-12 17:56:08', null, '', '0.0589137'), ('1690', '4', '4', '2015-08-12 17:56:08', null, '', '0.0730231'), ('1691', '5', '4', '2015-08-12 17:56:08', null, '', '0.188375'), ('1692', '6', '4', '2015-08-12 17:56:08', null, '', '0.722804'), ('1693', '1', '5', '2015-08-12 17:56:08', null, '', '0.0488968'), ('1694', '2', '5', '2015-08-12 17:56:08', null, '', '0.0760716'), ('1695', '3', '5', '2015-08-12 17:56:08', null, '', '0.233667'), ('1696', '4', '5', '2015-08-12 17:56:08', null, '', '0.940122'), ('1697', '5', '5', '2015-08-12 17:56:08', null, '', '0.999609'), ('1698', '6', '5', '2015-08-12 17:56:08', null, '', '0.177677'), ('1699', '1', '6', '2015-08-12 17:56:08', null, '', '0.889559'), ('1700', '2', '6', '2015-08-12 17:56:08', null, '', '0.914762'), ('1701', '3', '6', '2015-08-12 17:56:08', null, '', '0.905136'), ('1702', '4', '6', '2015-08-12 17:56:08', null, '', '0.781391'), ('1703', '5', '6', '2015-08-12 17:56:08', null, '', '0.19155'), ('1704', '6', '6', '2015-08-12 17:56:08', null, '', '0.613576'), ('1705', '1', '7', '2015-08-12 17:56:08', null, '', '0.493231'), ('1706', '2', '7', '2015-08-12 17:56:08', null, '', '0.625427'), ('1707', '3', '7', '2015-08-12 17:56:08', null, '', '0.647443'), ('1708', '4', '7', '2015-08-12 17:56:08', null, '', '0.360934'), ('1709', '5', '7', '2015-08-12 17:56:08', null, '', '0.862339'), ('1710', '6', '7', '2015-08-12 17:56:08', null, '', '0.228896'), ('1711', '1', '8', '2015-08-12 17:56:08', null, '', '0.557461'), ('1712', '2', '8', '2015-08-12 17:56:08', null, '', '0.100619'), ('1713', '3', '8', '2015-08-12 17:56:08', null, '', '0.830709'), ('1714', '4', '8', '2015-08-12 17:56:08', null, '', '0.85169'), ('1715', '5', '8', '2015-08-12 17:56:08', null, '', '0.766323'), ('1716', '6', '8', '2015-08-12 17:56:08', null, '', '0.276545'), ('1717', '1', '9', '2015-08-12 17:56:08', null, '', '0.0837568'), ('1718', '2', '9', '2015-08-12 17:56:08', null, '', '0.589149'), ('1719', '3', '9', '2015-08-12 17:56:08', null, '', '0.694472'), ('1720', '4', '9', '2015-08-12 17:56:08', null, '', '0.704916'), ('1721', '5', '9', '2015-08-12 17:56:08', null, '', '0.441161'), ('1722', '6', '9', '2015-08-12 17:56:08', null, '', '0.091058'), ('1738', '1', '1', '2015-09-11 17:56:08', null, '', '0.131807'), ('1739', '2', '1', '2015-09-11 17:56:08', null, '', '0.385863'), ('1740', '3', '1', '2015-09-11 17:56:08', null, '', '0.533894'), ('1741', '4', '1', '2015-09-11 17:56:08', null, '', '0.511882'), ('1742', '5', '1', '2015-09-11 17:56:08', null, '', '0.957727'), ('1743', '6', '1', '2015-09-11 17:56:08', null, '', '0.252989'), ('1744', '1', '3', '2015-09-11 17:56:08', null, '', '0.391766'), ('1745', '2', '3', '2015-09-11 17:56:08', null, '', '0.19986'), ('1746', '3', '3', '2015-09-11 17:56:08', null, '', '0.824004'), ('1747', '4', '3', '2015-09-11 17:56:08', null, '', '0.520438'), ('1748', '5', '3', '2015-09-11 17:56:08', null, '', '0.130178'), ('1749', '6', '3', '2015-09-11 17:56:08', null, '', '0.0895768'), ('1750', '1', '4', '2015-09-11 17:56:08', null, '', '0.05735'), ('1751', '2', '4', '2015-09-11 17:56:08', null, '', '0.0180198'), ('1752', '3', '4', '2015-09-11 17:56:08', null, '', '0.918049'), ('1753', '4', '4', '2015-09-11 17:56:08', null, '', '0.536185'), ('1754', '5', '4', '2015-09-11 17:56:08', null, '', '0.926778'), ('1755', '6', '4', '2015-09-11 17:56:08', null, '', '0.0253371'), ('1756', '1', '5', '2015-09-11 17:56:08', null, '', '0.34635'), ('1757', '2', '5', '2015-09-11 17:56:08', null, '', '0.65574'), ('1758', '3', '5', '2015-09-11 17:56:08', null, '', '0.239649'), ('1759', '4', '5', '2015-09-11 17:56:08', null, '', '0.231027'), ('1760', '5', '5', '2015-09-11 17:56:08', null, '', '0.436188'), ('1761', '6', '5', '2015-09-11 17:56:08', null, '', '0.487856'), ('1762', '1', '6', '2015-09-11 17:56:08', null, '', '0.130718'), ('1763', '2', '6', '2015-09-11 17:56:08', null, '', '0.190022'), ('1764', '3', '6', '2015-09-11 17:56:08', null, '', '0.557956'), ('1765', '4', '6', '2015-09-11 17:56:08', null, '', '0.219716'), ('1766', '5', '6', '2015-09-11 17:56:08', null, '', '0.424709'), ('1767', '6', '6', '2015-09-11 17:56:08', null, '', '0.464397'), ('1768', '1', '7', '2015-09-11 17:56:08', null, '', '0.0478574'), ('1769', '2', '7', '2015-09-11 17:56:08', null, '', '0.846097'), ('1770', '3', '7', '2015-09-11 17:56:08', null, '', '0.0869135'), ('1771', '4', '7', '2015-09-11 17:56:08', null, '', '0.896276'), ('1772', '5', '7', '2015-09-11 17:56:08', null, '', '0.22064'), ('1773', '6', '7', '2015-09-11 17:56:08', null, '', '0.414373'), ('1774', '1', '8', '2015-09-11 17:56:08', null, '', '0.409944'), ('1775', '2', '8', '2015-09-11 17:56:08', null, '', '0.806602'), ('1776', '3', '8', '2015-09-11 17:56:08', null, '', '0.803179'), ('1777', '4', '8', '2015-09-11 17:56:08', null, '', '0.596086'), ('1778', '5', '8', '2015-09-11 17:56:08', null, '', '0.570896'), ('1779', '6', '8', '2015-09-11 17:56:08', null, '', '0.0662217'), ('1780', '1', '9', '2015-09-11 17:56:08', null, '', '0.61842'), ('1781', '2', '9', '2015-09-11 17:56:08', null, '', '0.893434'), ('1782', '3', '9', '2015-09-11 17:56:08', null, '', '0.611912'), ('1783', '4', '9', '2015-09-11 17:56:08', null, '', '0.379255'), ('1784', '5', '9', '2015-09-11 17:56:08', null, '', '0.0605407'), ('1785', '6', '9', '2015-09-11 17:56:08', null, '', '0.164938'), ('1801', '1', '1', '2015-10-11 17:56:08', null, '', '0.643069'), ('1802', '2', '1', '2015-10-11 17:56:08', null, '', '0.720532'), ('1803', '3', '1', '2015-10-11 17:56:08', null, '', '0.673451'), ('1804', '4', '1', '2015-10-11 17:56:08', null, '', '0.205658'), ('1805', '5', '1', '2015-10-11 17:56:08', null, '', '0.00793658'), ('1806', '6', '1', '2015-10-11 17:56:08', null, '', '0.42271'), ('1807', '1', '3', '2015-10-11 17:56:08', null, '', '0.0897407'), ('1808', '2', '3', '2015-10-11 17:56:08', null, '', '0.180573'), ('1809', '3', '3', '2015-10-11 17:56:08', null, '', '0.633644'), ('1810', '4', '3', '2015-10-11 17:56:08', null, '', '0.6265'), ('1811', '5', '3', '2015-10-11 17:56:08', null, '', '0.231569'), ('1812', '6', '3', '2015-10-11 17:56:08', null, '', '0.278345'), ('1813', '1', '4', '2015-10-11 17:56:08', null, '', '0.697018'), ('1814', '2', '4', '2015-10-11 17:56:08', null, '', '0.650053'), ('1815', '3', '4', '2015-10-11 17:56:08', null, '', '0.159212'), ('1816', '4', '4', '2015-10-11 17:56:08', null, '', '0.845902'), ('1817', '5', '4', '2015-10-11 17:56:08', null, '', '0.751875'), ('1818', '6', '4', '2015-10-11 17:56:08', null, '', '0.221667'), ('1819', '1', '5', '2015-10-11 17:56:08', null, '', '0.852709'), ('1820', '2', '5', '2015-10-11 17:56:08', null, '', '0.598547'), ('1821', '3', '5', '2015-10-11 17:56:08', null, '', '0.434608'), ('1822', '4', '5', '2015-10-11 17:56:08', null, '', '0.377398'), ('1823', '5', '5', '2015-10-11 17:56:08', null, '', '0.583167'), ('1824', '6', '5', '2015-10-11 17:56:08', null, '', '0.78364'), ('1825', '1', '6', '2015-10-11 17:56:08', null, '', '0.168698'), ('1826', '2', '6', '2015-10-11 17:56:08', null, '', '0.492572'), ('1827', '3', '6', '2015-10-11 17:56:08', null, '', '0.956764'), ('1828', '4', '6', '2015-10-11 17:56:08', null, '', '0.306104'), ('1829', '5', '6', '2015-10-11 17:56:08', null, '', '0.660228'), ('1830', '6', '6', '2015-10-11 17:56:08', null, '', '0.38283'), ('1831', '1', '7', '2015-10-11 17:56:08', null, '', '0.933465'), ('1832', '2', '7', '2015-10-11 17:56:08', null, '', '0.518836'), ('1833', '3', '7', '2015-10-11 17:56:08', null, '', '0.793786'), ('1834', '4', '7', '2015-10-11 17:56:08', null, '', '0.412423'), ('1835', '5', '7', '2015-10-11 17:56:08', null, '', '0.680755'), ('1836', '6', '7', '2015-10-11 17:56:08', null, '', '0.166507'), ('1837', '1', '8', '2015-10-11 17:56:08', null, '', '0.790271'), ('1838', '2', '8', '2015-10-11 17:56:08', null, '', '0.451832'), ('1839', '3', '8', '2015-10-11 17:56:08', null, '', '0.888349'), ('1840', '4', '8', '2015-10-11 17:56:08', null, '', '0.0862503'), ('1841', '5', '8', '2015-10-11 17:56:08', null, '', '0.766203'), ('1842', '6', '8', '2015-10-11 17:56:08', null, '', '0.572264'), ('1843', '1', '9', '2015-10-11 17:56:08', null, '', '0.562711'), ('1844', '2', '9', '2015-10-11 17:56:08', null, '', '0.0967625'), ('1845', '3', '9', '2015-10-11 17:56:08', null, '', '0.79568'), ('1846', '4', '9', '2015-10-11 17:56:08', null, '', '0.688113'), ('1847', '5', '9', '2015-10-11 17:56:08', null, '', '0.0535259'), ('1848', '6', '9', '2015-10-11 17:56:08', null, '', '0.20329'), ('1864', '1', '1', '2015-11-10 17:56:08', null, '', '0.855871'), ('1865', '2', '1', '2015-11-10 17:56:08', null, '', '0.669486'), ('1866', '3', '1', '2015-11-10 17:56:08', null, '', '0.779819'), ('1867', '4', '1', '2015-11-10 17:56:08', null, '', '0.890634'), ('1868', '5', '1', '2015-11-10 17:56:08', null, '', '0.113714'), ('1869', '6', '1', '2015-11-10 17:56:08', null, '', '0.896667'), ('1870', '1', '3', '2015-11-10 17:56:08', null, '', '0.142195'), ('1871', '2', '3', '2015-11-10 17:56:08', null, '', '0.0209716'), ('1872', '3', '3', '2015-11-10 17:56:08', null, '', '0.678274'), ('1873', '4', '3', '2015-11-10 17:56:08', null, '', '0.328456'), ('1874', '5', '3', '2015-11-10 17:56:08', null, '', '0.607458'), ('1875', '6', '3', '2015-11-10 17:56:08', null, '', '0.0519201'), ('1876', '1', '4', '2015-11-10 17:56:08', null, '', '0.437228'), ('1877', '2', '4', '2015-11-10 17:56:08', null, '', '0.030378'), ('1878', '3', '4', '2015-11-10 17:56:08', null, '', '0.840207'), ('1879', '4', '4', '2015-11-10 17:56:08', null, '', '0.109901'), ('1880', '5', '4', '2015-11-10 17:56:08', null, '', '0.0288839'), ('1881', '6', '4', '2015-11-10 17:56:08', null, '', '0.814717'), ('1882', '1', '5', '2015-11-10 17:56:08', null, '', '0.986932'), ('1883', '2', '5', '2015-11-10 17:56:08', null, '', '0.490508'), ('1884', '3', '5', '2015-11-10 17:56:08', null, '', '0.491745'), ('1885', '4', '5', '2015-11-10 17:56:08', null, '', '0.987201'), ('1886', '5', '5', '2015-11-10 17:56:08', null, '', '0.46077'), ('1887', '6', '5', '2015-11-10 17:56:08', null, '', '0.342248'), ('1888', '1', '6', '2015-11-10 17:56:08', null, '', '0.328931'), ('1889', '2', '6', '2015-11-10 17:56:08', null, '', '0.617911'), ('1890', '3', '6', '2015-11-10 17:56:08', null, '', '0.102761'), ('1891', '4', '6', '2015-11-10 17:56:08', null, '', '0.660074'), ('1892', '5', '6', '2015-11-10 17:56:08', null, '', '0.992084'), ('1893', '6', '6', '2015-11-10 17:56:08', null, '', '0.980198'), ('1894', '1', '7', '2015-11-10 17:56:08', null, '', '0.924739'), ('1895', '2', '7', '2015-11-10 17:56:08', null, '', '0.683099'), ('1896', '3', '7', '2015-11-10 17:56:08', null, '', '0.641279'), ('1897', '4', '7', '2015-11-10 17:56:08', null, '', '0.157097'), ('1898', '5', '7', '2015-11-10 17:56:08', null, '', '0.861651'), ('1899', '6', '7', '2015-11-10 17:56:08', null, '', '0.836961'), ('1900', '1', '8', '2015-11-10 17:56:08', null, '', '0.599853'), ('1901', '2', '8', '2015-11-10 17:56:08', null, '', '0.488383'), ('1902', '3', '8', '2015-11-10 17:56:08', null, '', '0.642354'), ('1903', '4', '8', '2015-11-10 17:56:08', null, '', '0.746624'), ('1904', '5', '8', '2015-11-10 17:56:08', null, '', '0.806056'), ('1905', '6', '8', '2015-11-10 17:56:08', null, '', '0.790409'), ('1906', '1', '9', '2015-11-10 17:56:08', null, '', '0.533875'), ('1907', '2', '9', '2015-11-10 17:56:08', null, '', '0.29815'), ('1908', '3', '9', '2015-11-10 17:56:08', null, '', '0.889124'), ('1909', '4', '9', '2015-11-10 17:56:08', null, '', '0.55117'), ('1910', '5', '9', '2015-11-10 17:56:08', null, '', '0.088478'), ('1911', '6', '9', '2015-11-10 17:56:08', null, '', '0.78888'), ('1927', '1', '1', '2015-12-10 17:56:08', null, '', '0.678967'), ('1928', '2', '1', '2015-12-10 17:56:08', null, '', '0.0281928'), ('1929', '3', '1', '2015-12-10 17:56:08', null, '', '0.104064'), ('1930', '4', '1', '2015-12-10 17:56:08', null, '', '0.435743'), ('1931', '5', '1', '2015-12-10 17:56:08', null, '', '0.86652'), ('1932', '6', '1', '2015-12-10 17:56:08', null, '', '0.0253732'), ('1933', '1', '3', '2015-12-10 17:56:08', null, '', '0.527305'), ('1934', '2', '3', '2015-12-10 17:56:08', null, '', '0.560408'), ('1935', '3', '3', '2015-12-10 17:56:08', null, '', '0.220122'), ('1936', '4', '3', '2015-12-10 17:56:08', null, '', '0.419388'), ('1937', '5', '3', '2015-12-10 17:56:08', null, '', '0.436572'), ('1938', '6', '3', '2015-12-10 17:56:08', null, '', '0.924695'), ('1939', '1', '4', '2015-12-10 17:56:08', null, '', '0.313761'), ('1940', '2', '4', '2015-12-10 17:56:08', null, '', '0.79472'), ('1941', '3', '4', '2015-12-10 17:56:08', null, '', '0.0323167'), ('1942', '4', '4', '2015-12-10 17:56:08', null, '', '0.777424'), ('1943', '5', '4', '2015-12-10 17:56:08', null, '', '0.790168'), ('1944', '6', '4', '2015-12-10 17:56:08', null, '', '0.618568'), ('1945', '1', '5', '2015-12-10 17:56:08', null, '', '0.722335'), ('1946', '2', '5', '2015-12-10 17:56:08', null, '', '0.755971'), ('1947', '3', '5', '2015-12-10 17:56:08', null, '', '0.612851'), ('1948', '4', '5', '2015-12-10 17:56:08', null, '', '0.796343'), ('1949', '5', '5', '2015-12-10 17:56:08', null, '', '0.143163'), ('1950', '6', '5', '2015-12-10 17:56:08', null, '', '0.326785'), ('1951', '1', '6', '2015-12-10 17:56:08', null, '', '0.204436'), ('1952', '2', '6', '2015-12-10 17:56:08', null, '', '0.0418248'), ('1953', '3', '6', '2015-12-10 17:56:08', null, '', '0.595816'), ('1954', '4', '6', '2015-12-10 17:56:08', null, '', '0.853607'), ('1955', '5', '6', '2015-12-10 17:56:08', null, '', '0.480585'), ('1956', '6', '6', '2015-12-10 17:56:08', null, '', '0.842104'), ('1957', '1', '7', '2015-12-10 17:56:08', null, '', '0.768766'), ('1958', '2', '7', '2015-12-10 17:56:08', null, '', '0.31752'), ('1959', '3', '7', '2015-12-10 17:56:08', null, '', '0.281299'), ('1960', '4', '7', '2015-12-10 17:56:08', null, '', '0.453937'), ('1961', '5', '7', '2015-12-10 17:56:08', null, '', '0.425787'), ('1962', '6', '7', '2015-12-10 17:56:08', null, '', '0.767123'), ('1963', '1', '8', '2015-12-10 17:56:08', null, '', '0.558253'), ('1964', '2', '8', '2015-12-10 17:56:08', null, '', '0.489896'), ('1965', '3', '8', '2015-12-10 17:56:08', null, '', '0.774724'), ('1966', '4', '8', '2015-12-10 17:56:08', null, '', '0.403929'), ('1967', '5', '8', '2015-12-10 17:56:08', null, '', '0.695473'), ('1968', '6', '8', '2015-12-10 17:56:08', null, '', '0.265578'), ('1969', '1', '9', '2015-12-10 17:56:08', null, '', '0.241473'), ('1970', '2', '9', '2015-12-10 17:56:08', null, '', '0.410632'), ('1971', '3', '9', '2015-12-10 17:56:08', null, '', '0.328739'), ('1972', '4', '9', '2015-12-10 17:56:08', null, '', '0.411801'), ('1973', '5', '9', '2015-12-10 17:56:08', null, '', '0.0727858'), ('1974', '6', '9', '2015-12-10 17:56:08', null, '', '0.128527'), ('1990', '1', '1', '2016-01-09 17:56:08', null, '', '0.424277'), ('1991', '2', '1', '2016-01-09 17:56:08', null, '', '0.735803'), ('1992', '3', '1', '2016-03-09 17:41:29', '4', '', '0.406186'), ('1993', '4', '1', '2016-01-09 17:56:08', null, '', '0.823522'), ('1994', '5', '1', '2016-01-09 17:56:08', null, '', '0.899052'), ('1995', '6', '1', '2016-03-09 09:25:51', '3', '', '0.0246921'), ('1996', '1', '3', '2016-01-09 17:56:08', null, '', '0.426306'), ('1997', '2', '3', '2016-01-09 17:56:08', null, '', '0.0574512'), ('1998', '3', '3', '2016-03-09 17:41:29', '4', '', '0.00833952'), ('1999', '4', '3', '2016-01-09 17:56:08', null, '', '0.869344'), ('2000', '5', '3', '2016-01-09 17:56:08', null, '', '0.321702'), ('2001', '6', '3', '2016-03-09 09:25:51', '3', '', '0.00047562'), ('2002', '1', '4', '2016-01-09 17:56:08', null, '', '0.0372736'), ('2003', '2', '4', '2016-01-09 17:56:08', null, '', '0.184941'), ('2004', '3', '4', '2016-03-09 17:41:29', '4', '', '0.812884'), ('2005', '4', '4', '2016-01-09 17:56:08', null, '', '0.509597'), ('2006', '5', '4', '2016-01-09 17:56:08', null, '', '0.109335'), ('2007', '6', '4', '2016-03-09 09:25:51', '3', '', '0.0178828'), ('2008', '1', '5', '2016-01-09 17:56:08', null, '', '0.761409'), ('2009', '2', '5', '2016-01-09 17:56:08', null, '', '0.753396'), ('2010', '3', '5', '2016-03-09 17:41:29', '4', '', '0.9'), ('2011', '4', '5', '2016-01-09 17:56:08', null, '', '0.15358'), ('2012', '5', '5', '2016-01-09 17:56:08', null, '', '0.319639'), ('2013', '6', '5', '2016-03-09 09:25:51', '3', '', '1'), ('2014', '1', '6', '2016-01-09 17:56:08', null, '', '0.728364'), ('2015', '2', '6', '2016-01-09 17:56:08', null, '', '0.229453'), ('2016', '3', '6', '2016-03-09 17:41:29', '4', '', '0.962171'), ('2017', '4', '6', '2016-01-09 17:56:08', null, '', '0.122496'), ('2018', '5', '6', '2016-01-09 17:56:08', null, '', '0.725967'), ('2019', '6', '6', '2016-03-09 09:25:51', '3', '', '0.262346'), ('2020', '1', '7', '2016-01-09 17:56:08', null, '', '0.13383'), ('2021', '2', '7', '2016-01-09 17:56:08', null, '', '0.882113'), ('2022', '3', '7', '2016-03-09 17:41:29', '4', '', '0.00907286'), ('2023', '4', '7', '2016-01-09 17:56:08', null, '', '0.399026'), ('2024', '5', '7', '2016-01-09 17:56:08', null, '', '0.967913'), ('2025', '6', '7', '2016-03-09 09:25:51', '3', '', '0.642487'), ('2026', '1', '8', '2016-01-09 17:56:08', null, '', '0.308694'), ('2027', '2', '8', '2016-01-09 17:56:08', null, '', '0.616009'), ('2028', '3', '8', '2016-03-09 17:41:29', '4', '', '0.153965'), ('2029', '4', '8', '2016-01-09 17:56:08', null, '', '0.921797'), ('2030', '5', '8', '2016-01-09 17:56:08', null, '', '0.147089'), ('2031', '6', '8', '2016-03-09 09:25:51', '3', '', '0.970055'), ('2032', '1', '9', '2016-01-09 17:56:08', null, '', '0.409009'), ('2033', '2', '9', '2016-01-09 17:56:08', null, '', '0.134879'), ('2034', '3', '9', '2016-03-09 17:41:29', '4', '', '0.447366'), ('2035', '4', '9', '2016-01-09 17:56:08', null, '', '0.832195'), ('2036', '5', '9', '2016-01-09 17:56:08', null, '', '0.818876'), ('2037', '6', '9', '2016-03-09 09:25:51', '3', '', '0.597796');
COMMIT;

-- ----------------------------
--  Table structure for `outcome`
-- ----------------------------
DROP TABLE IF EXISTS `outcome`;
CREATE TABLE `outcome` (
  `id` int(11) NOT NULL AUTO_INCREMENT,
  `number` varchar(40) DEFAULT NULL,
  `name` varchar(500) NOT NULL,
  `summary` varchar(5000) DEFAULT NULL,
  `calc_method_id` char(1) DEFAULT NULL,
  `method` char(1) NOT NULL DEFAULT 'M',
  `sort_order` int(11) NOT NULL DEFAULT '0',
  PRIMARY KEY (`id`),
  UNIQUE KEY `unique_id` (`id`)
) ENGINE=InnoDB AUTO_INCREMENT=10 DEFAULT CHARSET=utf8 ROW_FORMAT=COMPACT;

-- ----------------------------
--  Records of `outcome`
-- ----------------------------
BEGIN;
INSERT INTO `outcome` VALUES ('1', '1.1', 'Incorrect Drug Events', 'The frequency of incorrect medication events.', null, 'D', '1'), ('3', '1.7', 'Patient Complaints', 'How well we are doing with respect to the frequency of customer complaints about staff behavior or treatment.', null, 'M', '7'), ('4', '1.4', 'Missed Drug Interactions', 'The frequency of missed drug interaction events.', null, 'D', '4'), ('5', '1.2', 'Preventive Care Opportunities Missed', 'How well we are doing in identifying and acting on preventive care opportunities.', null, 'M', '2'), ('6', '1.8', 'Timeliness of Response', 'The timelieness of response to patient requests.', null, 'M', '8'), ('7', '1.3', 'Incorrect Directions Events', 'How often we have incorrect directions events.', null, 'D', '3'), ('8', '1.5', 'Incorrect Dosage Form Events', 'The frequency of incorrect dosage form events.', null, 'D', '5'), ('9', '1.6', 'Incorrect Release Form Events', 'The frequency of incorrect release form events.', null, 'D', '6');
COMMIT;

-- ----------------------------
--  Table structure for `outcome_alignment`
-- ----------------------------
DROP TABLE IF EXISTS `outcome_alignment`;
CREATE TABLE `outcome_alignment` (
  `id` int(11) NOT NULL AUTO_INCREMENT,
  `outcome_id` int(11) NOT NULL,
  `question_id` int(11) NOT NULL,
  `weight` int(11) NOT NULL DEFAULT '1',
  `rel_wt` double DEFAULT '0.5',
  PRIMARY KEY (`id`),
  KEY `outcome_id_index` (`outcome_id`),
  KEY `question_id_index` (`question_id`),
  CONSTRAINT `outcome_alignment_ibfk_1` FOREIGN KEY (`outcome_id`) REFERENCES `outcome` (`id`),
  CONSTRAINT `outcome_alignment_ibfk_2` FOREIGN KEY (`question_id`) REFERENCES `question` (`id`)
) ENGINE=InnoDB DEFAULT CHARSET=utf8 ROW_FORMAT=COMPACT;

-- ----------------------------
--  Table structure for `outcome_event`
-- ----------------------------
DROP TABLE IF EXISTS `outcome_event`;
CREATE TABLE `outcome_event` (
  `id` int(11) NOT NULL AUTO_INCREMENT,
  `outcome_id` int(11) NOT NULL,
  `member_id` int(11) NOT NULL,
  `occurred` datetime NOT NULL,
  `name` varchar(100) NOT NULL,
  `category` varchar(100) NOT NULL,
  PRIMARY KEY (`id`,`outcome_id`),
  UNIQUE KEY `unique_id` (`id`),
  KEY `outcome_id_index` (`outcome_id`),
  KEY `member_id_index` (`member_id`),
  CONSTRAINT `outcome_event_ibfk_1` FOREIGN KEY (`outcome_id`) REFERENCES `outcome` (`id`),
  CONSTRAINT `outcome_event_ibfk_2` FOREIGN KEY (`member_id`) REFERENCES `member` (`id`)
) ENGINE=InnoDB AUTO_INCREMENT=119 DEFAULT CHARSET=utf8 ROW_FORMAT=COMPACT;

-- ----------------------------
--  Records of `outcome_event`
-- ----------------------------
BEGIN;
INSERT INTO `outcome_event` VALUES ('37', '6', '3', '2015-08-14 12:00:00', 'Patient Complaint', 'Code of Conduct'), ('38', '6', '4', '2015-08-14 12:00:00', 'Patient Complaint', 'Code of Conduct'), ('39', '6', '5', '2015-08-14 12:00:00', 'Patient Complaint', 'Code of Conduct'), ('40', '6', '6', '2015-08-14 12:00:00', 'Patient Complaint', 'Code of Conduct'), ('41', '6', '11', '2015-08-14 12:00:00', 'Patient Complaint', 'Code of Conduct'), ('42', '6', '12', '2015-08-14 12:00:00', 'Patient Complaint', 'Code of Conduct'), ('43', '6', '13', '2015-08-14 12:00:00', 'Patient Complaint', 'Code of Conduct'), ('44', '6', '14', '2015-08-14 12:00:00', 'Patient Complaint', 'Code of Conduct'), ('45', '6', '15', '2015-08-14 12:00:00', 'Patient Complaint', 'Code of Conduct'), ('46', '6', '7', '2015-08-14 12:00:00', 'Patient Complaint', 'Code of Conduct'), ('47', '6', '8', '2015-08-14 12:00:00', 'Patient Complaint', 'Code of Conduct'), ('48', '6', '9', '2015-08-14 12:00:00', 'Patient Complaint', 'Code of Conduct'), ('49', '6', '10', '2015-08-14 12:00:00', 'Patient Complaint', 'Code of Conduct'), ('50', '6', '16', '2015-08-14 12:00:00', 'Patient Complaint', 'Code of Conduct'), ('51', '6', '17', '2015-08-14 12:00:00', 'Patient Complaint', 'Code of Conduct'), ('52', '6', '18', '2015-08-14 12:00:00', 'Patient Complaint', 'Code of Conduct'), ('53', '6', '30', '2015-08-14 12:00:00', 'Patient Complaint', 'Code of Conduct'), ('54', '6', '20', '2015-08-14 12:00:00', 'Patient Complaint', 'Code of Conduct'), ('55', '6', '21', '2015-08-14 12:00:00', 'Patient Complaint', 'Code of Conduct'), ('56', '6', '22', '2015-08-14 12:00:00', 'Patient Complaint', 'Code of Conduct'), ('57', '6', '23', '2015-08-14 12:00:00', 'Patient Complaint', 'Code of Conduct'), ('58', '6', '24', '2015-08-14 12:00:00', 'Patient Complaint', 'Code of Conduct'), ('59', '6', '25', '2015-08-14 12:00:00', 'Patient Complaint', 'Code of Conduct'), ('60', '6', '26', '2015-08-14 12:00:00', 'Patient Complaint', 'Code of Conduct'), ('61', '6', '27', '2015-08-14 12:00:00', 'Patient Complaint', 'Code of Conduct'), ('62', '6', '28', '2015-08-14 12:00:00', 'Patient Complaint', 'Code of Conduct'), ('63', '6', '29', '2015-08-14 12:00:00', 'Patient Complaint', 'Code of Conduct'), ('68', '3', '3', '2015-08-14 12:00:00', 'Patient Fall', 'Patient Care'), ('69', '3', '4', '2015-08-14 12:00:00', 'Patient Fall', 'Patient Care'), ('70', '3', '5', '2015-08-14 12:00:00', 'Patient Fall', 'Patient Care'), ('71', '3', '6', '2015-08-14 12:00:00', 'Patient Fall', 'Patient Care'), ('72', '3', '11', '2015-08-14 12:00:00', 'Patient Fall', 'Patient Care'), ('73', '3', '12', '2015-08-14 12:00:00', 'Patient Fall', 'Patient Care'), ('74', '3', '13', '2015-08-14 12:00:00', 'Patient Fall', 'Patient Care'), ('75', '3', '14', '2015-08-14 12:00:00', 'Patient Fall', 'Patient Care'), ('76', '3', '15', '2015-08-14 12:00:00', 'Patient Fall', 'Patient Care'), ('77', '3', '7', '2015-08-14 12:00:00', 'Patient Fall', 'Patient Care'), ('78', '3', '8', '2015-08-14 12:00:00', 'Patient Fall', 'Patient Care'), ('79', '3', '9', '2015-08-14 12:00:00', 'Patient Fall', 'Patient Care'), ('80', '3', '10', '2015-08-14 12:00:00', 'Patient Fall', 'Patient Care'), ('81', '3', '16', '2015-08-14 12:00:00', 'Patient Fall', 'Patient Care'), ('82', '3', '17', '2015-08-14 12:00:00', 'Patient Fall', 'Patient Care'), ('83', '3', '18', '2015-08-14 12:00:00', 'Patient Fall', 'Patient Care'), ('84', '3', '30', '2015-08-14 12:00:00', 'Patient Fall', 'Patient Care'), ('85', '3', '20', '2015-08-14 12:00:00', 'Patient Fall', 'Patient Care'), ('86', '3', '21', '2015-08-14 12:00:00', 'Patient Fall', 'Patient Care'), ('87', '3', '22', '2015-08-14 12:00:00', 'Patient Fall', 'Patient Care'), ('88', '3', '23', '2015-08-14 12:00:00', 'Patient Fall', 'Patient Care'), ('89', '3', '24', '2015-08-14 12:00:00', 'Patient Fall', 'Patient Care'), ('90', '3', '25', '2015-08-14 12:00:00', 'Patient Fall', 'Patient Care'), ('91', '3', '26', '2015-08-14 12:00:00', 'Patient Fall', 'Patient Care'), ('92', '3', '27', '2015-08-14 12:00:00', 'Patient Fall', 'Patient Care'), ('93', '3', '28', '2015-08-14 12:00:00', 'Patient Fall', 'Patient Care'), ('94', '3', '29', '2015-08-14 12:00:00', 'Patient Fall', 'Patient Care'), ('97', '1', '6', '2015-06-14 12:00:00', 'Incorrect Drug', 'Medication'), ('98', '1', '14', '2015-06-24 11:00:00', 'Incorrect Drug', 'Medication'), ('99', '1', '15', '2015-08-14 09:00:00', 'Incorrect Drug', 'Medication'), ('100', '1', '16', '2015-08-14 16:00:00', 'Incorrect Drug', 'Medication'), ('101', '8', '6', '2015-08-27 13:00:00', 'Incorrect Strength', 'Medication'), ('102', '8', '8', '2015-08-27 15:00:00', 'Incorrect Strength', 'Medication'), ('103', '8', '16', '2015-08-27 12:00:00', 'Incorrect Strength', 'Medication'), ('108', '9', '6', '2015-08-04 18:00:00', 'Incorrect Release Form', 'Medication'), ('109', '9', '8', '2015-07-18 18:00:00', 'Incorrect Release Form', 'Medication'), ('110', '9', '14', '2015-06-16 18:00:00', 'Incorrect Release Form', 'Medication'), ('111', '9', '15', '2015-06-16 18:00:00', 'Incorrect Release Form', 'Medication'), ('112', '8', '8', '2015-07-18 18:00:00', 'Incorrect Dosage Form', 'Medication'), ('113', '8', '14', '2015-06-16 18:00:00', 'Incorrect Dosage Form', 'Medication'), ('114', '8', '15', '2015-06-16 18:00:00', 'Incorrect Dosage Form', 'Medication'), ('115', '7', '8', '2015-07-22 10:00:00', 'Incorrect Directions', 'Medication'), ('116', '7', '6', '2015-06-19 15:00:00', 'Incorrect Directions', 'Medication'), ('117', '7', '14', '2015-06-08 01:00:00', 'Incorrect Directions', 'Medication'), ('118', '7', '16', '2015-06-10 11:00:00', 'Incorrect Directions', 'Medication');
COMMIT;

-- ----------------------------
--  Table structure for `plan_item`
-- ----------------------------
DROP TABLE IF EXISTS `plan_item`;
CREATE TABLE `plan_item` (
  `id` int(11) NOT NULL AUTO_INCREMENT,
  `module_id` int(11) DEFAULT NULL,
  `plan_item_status_id` char(1) DEFAULT NULL,
  `status_stamp` timestamp NOT NULL DEFAULT CURRENT_TIMESTAMP,
  `member_id` int(11) NOT NULL,
  `recommendation_id` int(11) DEFAULT NULL,
  `score` float NOT NULL DEFAULT '0',
  `rank` int(11) NOT NULL DEFAULT '0',
  PRIMARY KEY (`id`),
  UNIQUE KEY `unique_id` (`id`),
  KEY `learning_module_id_index` (`module_id`),
  KEY `member_id_index` (`member_id`),
  KEY `plan_item_status_id` (`plan_item_status_id`),
  KEY `plan_item_recommendation__fk` (`recommendation_id`),
  CONSTRAINT `plan_item_ibfk_1` FOREIGN KEY (`module_id`) REFERENCES `module` (`id`),
  CONSTRAINT `plan_item_ibfk_2` FOREIGN KEY (`member_id`) REFERENCES `member` (`id`),
  CONSTRAINT `plan_item_ibfk_3` FOREIGN KEY (`plan_item_status_id`) REFERENCES `plan_item_status` (`id`),
  CONSTRAINT `plan_item_recommendation__fk` FOREIGN KEY (`recommendation_id`) REFERENCES `recommendation` (`id`)
) ENGINE=InnoDB DEFAULT CHARSET=utf8 ROW_FORMAT=COMPACT;

-- ----------------------------
--  Table structure for `plan_item_status`
-- ----------------------------
DROP TABLE IF EXISTS `plan_item_status`;
CREATE TABLE `plan_item_status` (
  `id` char(1) NOT NULL,
  `name` varchar(25) NOT NULL,
  `description` varchar(4000) NOT NULL,
  `const_name` varchar(25) NOT NULL,
  PRIMARY KEY (`id`),
  UNIQUE KEY `unique_id` (`id`),
  UNIQUE KEY `unique_name` (`name`),
  UNIQUE KEY `unique_const_name` (`const_name`)
) ENGINE=InnoDB DEFAULT CHARSET=utf8 ROW_FORMAT=COMPACT;

-- ----------------------------
--  Records of `plan_item_status`
-- ----------------------------
BEGIN;
INSERT INTO `plan_item_status` VALUES ('C', 'Completed', 'Course completed by member.', 'COMPLETED'), ('E', 'Enrolled', 'Enrolled in course, or accepted by member.', 'ENROLLED'), ('R', 'Recommended', 'Recommended by the system.', 'RECOMMENDED'), ('W', 'Withdrawn', 'Enrolled, but withdrawn and will not complete.', 'WITHDRAWN');
COMMIT;

-- ----------------------------
--  Table structure for `question`
-- ----------------------------
DROP TABLE IF EXISTS `question`;
CREATE TABLE `question` (
  `id` int(11) NOT NULL AUTO_INCREMENT,
  `question_group_id` int(11) NOT NULL,
  `question_type_id` int(11) NOT NULL DEFAULT '0',
  `sort_order` int(11) NOT NULL,
  `number` varchar(40) DEFAULT NULL,
  `name` varchar(1024) DEFAULT NULL,
  `summary` varchar(500) DEFAULT NULL,
  `description` varchar(5000) DEFAULT NULL,
  `importance` int(11) NOT NULL DEFAULT '1',
  PRIMARY KEY (`id`),
  KEY `question_group_id_index` (`question_group_id`),
  KEY `question_type_id_index` (`question_type_id`),
  CONSTRAINT `question_ibfk_1` FOREIGN KEY (`question_group_id`) REFERENCES `question_group` (`id`)
) ENGINE=InnoDB AUTO_INCREMENT=452 DEFAULT CHARSET=utf8 ROW_FORMAT=COMPACT;

-- ----------------------------
--  Records of `question`
-- ----------------------------
BEGIN;
INSERT INTO `question` VALUES ('388', '73', '176', '1', '1', 'Work Quality', 'Strives to attain excellence through high quality work.', null, '1'), ('389', '73', '176', '2', '2', 'Resource Use', 'Utilizes appropriate resources for personal and professional growth.', null, '1'), ('390', '73', '176', '3', '3', 'Responsibility', 'Accepts responsibility for results and outcomes of the department.', null, '1'), ('391', '73', '176', '4', '4', 'Commitment', 'Consistently delivers on commitments in a timely manner.', null, '1'), ('392', '73', '176', '5', '5', 'Collaboration', 'Collaborates with others to identify and implement improvement opportunities.', null, '1'), ('393', '73', '176', '6', '6', 'Decision-Making', 'Makes sound, timely decisions and communicates decisions promptly.', null, '1'), ('394', '73', '176', '7', '7', 'Priortization', 'Balances and prioritizes multiple responsibilities and resources appropriately.', null, '1'), ('395', '74', '176', '8', '1', 'Efficiency', 'Anticipates needs and recommends new approaches to increase efficiency.', null, '1'), ('396', '74', '176', '9', '2', 'Initiative', 'Initiates and implements departmental improvements.', null, '1'), ('397', '74', '176', '10', '3', 'Creativity', 'Generates creative ideas and solutions to problems; able to think innovatively.', null, '1'), ('398', '74', '176', '11', '4', 'Forethought', 'Anticipates obstacles and thinks ahead about next steps.', null, '1'), ('399', '74', '176', '12', '5', 'Big Picture', 'Considers and evaluates the impact to other departments when developing and executing departmental objectives and initiatives.', null, '1'), ('400', '75', '176', '13', '1', 'Takes Responsibility', 'Accepts responsibility for mistakes and takes action to prevent reoccurrence.', null, '1'), ('401', '75', '176', '14', '2', 'Follow-Through', 'Follows through on commitments.', null, '1'), ('402', '75', '176', '15', '3', 'Openness', 'Is open, honest and trustworthy in all interactions.', null, '1'), ('403', '75', '176', '16', '4', 'Trade-off Understanding', 'Makes and supports difficult decisions in the face of conflicting demands and interests.', null, '1'), ('404', '75', '176', '17', '5', 'Information Sharing', 'Keeps others informed with pertinent information.', null, '1'), ('405', '75', '176', '18', '6', 'Judgment', 'Makes good judgment based on knowledge/skills and personal integrity.', null, '1'), ('406', '75', '176', '19', '7', 'Feedback', 'Seeks feedback and input from direct reports, peers and leadership for continuous improvement.', null, '1'), ('407', '76', '176', '20', '1', 'Compassion', 'Treats others with respect, dignity and compassion.', null, '1'), ('408', '76', '176', '21', '2', 'Perspective', 'Seeks first to understand other points of view and accept differences in others.', null, '1'), ('409', '76', '176', '22', '3', 'Communication', 'Demonstrates respect when communicating with others by attentively listening and responding professionally.', null, '1'), ('410', '76', '176', '23', '4', 'Emotional Quotient', 'Recognizes personal emotions and behaviors and their effect on working relationships and empathizes.', null, '1'), ('411', '76', '176', '24', '5', 'Conflict Resolution', 'Resolves conflicts by seeking win-win solutions.', null, '1'), ('412', '76', '176', '25', '6', 'Conflict Management', 'Manages conflict and facilitates (dis)agreements.', null, '1'), ('413', '77', '176', '26', '1', 'Expectations', 'Sets and meets service expectations by anticipating, identifying, understanding the sources and issues behind customer needs and addressing them appropriately.', null, '1'), ('414', '77', '176', '27', '2', 'Constituent Satisfaction', 'Monitors constituent satisfaction and implements strategies to improve as needed.', null, '1'), ('415', '77', '176', '28', '3', 'Customer Needs', 'Considers customer needs and interests when making decisions.', null, '1'), ('416', '77', '176', '29', '4', 'Customer Service', 'Addresses customer service issues for effective and timely resolutions.', null, '1'), ('417', '77', '176', '30', '5', 'Expectation Definition/Accountability', 'Clearly defines expectations, holds employees accountable.', null, '1'), ('418', '77', '176', '31', '6', 'Standard of Excellence', 'Strives to meet a standard of excellence for self and team.', null, '1'), ('419', '78', '176', '32', '1', 'Goal-Setting', 'Explains to others how the day-to-day work contributes to the accomplishment of department and organization goals.', null, '1'), ('420', '78', '176', '33', '2', 'Leadership', 'Persuades and encourages others to move in a desired direction.', null, '1'), ('421', '78', '176', '34', '3', 'Performance Feedback', 'Manages staff performance, provides frequent feedback and coaches staff.', null, '1'), ('422', '79', '177', '1', '1', 'Work Quality', 'Strives to attain excellence through high quality work.', null, '1'), ('423', '79', '177', '2', '2', 'Resource Use', 'Utilizes appropriate resources for personal and professional growth.', null, '1'), ('424', '79', '177', '3', '3', 'Professional Development', 'Seeks new assignments and skill building opportunities.', null, '1'), ('425', '79', '177', '4', '4', 'Participation', 'Volunteers to participate in organizational/unit initiatives designed to improve the work environment.', null, '1'), ('426', '79', '177', '5', '5', 'Adaptability', 'Shows ability to change and adapt in a positive way.', null, '1'), ('427', '79', '177', '6', '6', 'Efficacy', 'Organizes work to deliver and/or support efficient and effective customer service.', null, '1'), ('428', '80', '177', '7', '1', 'Initative and Efficiency', 'Initiates better ways of doing things even in the absence of apparent problems.', null, '1'), ('429', '80', '177', '8', '2', 'Completion', 'Completes assigned duties necessary to meet the needs of the department, patients and customers.', null, '1'), ('430', '81', '177', '9', '1', 'Takes Responsibility', 'Admits mistakes and takes measures to prevent reoccurrence.', null, '1'), ('431', '81', '177', '10', '2', 'Follow-Through', 'Follows through on commitments.', null, '1'), ('432', '81', '177', '11', '3', 'Openness', 'Is open, honest and trustworthy in all interactions.', null, '1'), ('433', '81', '177', '12', '4', 'Service Initiative', 'Always willing to serve and seeks answers if unable to assist customer directly.', null, '1'), ('434', '81', '177', '13', '5', 'Judgment', 'Makes good judgment based on knowledge/skills and personal integrity.', null, '1'), ('435', '81', '177', '14', '6', 'Commitment', 'Displays commitment to do the right thing.', null, '1'), ('436', '82', '177', '15', '1', 'Compassion', 'Treats others with respect, dignity and compassion.', null, '1'), ('437', '82', '177', '16', '2', 'Perspective', 'Seeks first to understand other points of view and accept differences in others.', null, '1'), ('438', '82', '177', '17', '3', 'Relationships', 'Builds relationships with other team members.', null, '1'), ('439', '82', '177', '18', '4', 'Listening', 'Listens attentively and responds professionally when communicating with others.', null, '1'), ('440', '82', '177', '19', '5', 'Emotional Quotient', 'Recognizes personal emotions and behaviors and their effect on working relationships.', null, '1'), ('441', '83', '177', '20', '1', 'Demeanor', 'Smiles and is friendly introducing oneself by name/title and calls patient/customer by name.', null, '1'), ('442', '83', '177', '21', '2', 'Communication Skills', 'Uses appropriate tone, content and facial expressions when communicating to customers or in the presence of others.', null, '1'), ('443', '83', '177', '22', '3', 'Compassionate Care', 'Delivers care/service in a compassionate and unhurried manner.', null, '1'), ('444', '83', '177', '23', '4', 'Information Sharing', 'Keeps patient/customer informed.', null, '1'), ('445', '83', '177', '24', '5', 'Privacy Management', 'Does not discuss inappropriate issues in front of customers (i.e. personal matters, staffing issues, privacy).', null, '1'), ('446', '83', '177', '25', '6', 'Collaboration', 'Works with others to maintain a high quality of care/service.', null, '1'), ('447', '84', '177', '26', '1', 'Work Environment Building', 'Cultivates a positive work environment. Organizes work and break times in order to assist co-workers.', null, '1'), ('448', '84', '177', '27', '2', 'Team Playing', 'Solicits ideas from other team members and collaborates for a win/win solution.', null, '1'), ('449', '84', '177', '28', '3', 'Burden Sharing', 'Contributes fair share of work to the team.', null, '1'), ('450', '84', '177', '29', '4', 'Attitude', 'Motivates other team members.', null, '1'), ('451', '84', '177', '30', '5', 'Public Persona', 'Speaks positively about other services and seeks to resolve communication errors rather than placing blame.', null, '1');
COMMIT;

-- ----------------------------
--  Table structure for `question_choice`
-- ----------------------------
DROP TABLE IF EXISTS `question_choice`;
CREATE TABLE `question_choice` (
  `id` int(11) NOT NULL AUTO_INCREMENT,
  `question_type_id` int(11) NOT NULL,
  `sort_order` int(11) NOT NULL,
  `name` varchar(200) DEFAULT NULL,
  `value` varchar(500) DEFAULT NULL,
  `rubric` varchar(500) DEFAULT NULL,
  `icon_prefix` varchar(50) DEFAULT NULL,
  PRIMARY KEY (`id`),
  KEY `question_type_id_index` (`question_type_id`),
  CONSTRAINT `question_choice_ibfk_1` FOREIGN KEY (`question_type_id`) REFERENCES `question_type` (`id`)
) ENGINE=InnoDB AUTO_INCREMENT=853 DEFAULT CHARSET=utf8 ROW_FORMAT=COMPACT;

-- ----------------------------
--  Records of `question_choice`
-- ----------------------------
BEGIN;
INSERT INTO `question_choice` VALUES ('841', '176', '0', 'Unanswered', '0', 'No response is entered for this competency.', 'levelBg'), ('842', '176', '1', 'Needs Development', '1', 'More effort and skill development is needed.', 'levelBg'), ('843', '176', '2', 'Progressing', '1', 'Improvements are being made, but further skill development and effort are required.', 'levelBg'), ('844', '176', '3', 'Achieves', '1', 'Expectations for skill and effort in this competency are being met satisfactorily.', 'levelBg'), ('845', '176', '4', 'Exceeds', '1', 'Expectations for skill and effort in this competency have been exceeded.', 'levelBg'), ('846', '176', '5', 'Role Model', '1', 'Skill and effort in this competency are models for others to follow.', 'levelBg'), ('847', '177', '0', 'Unanswered', '0', 'No response is entered for this competency.', 'levelBg'), ('848', '177', '1', 'Needs Development', '1', 'More effort and skill development is needed.', 'levelBg'), ('849', '177', '2', 'Progressing', '1', 'Improvements are being made, but further skill development and effort are required.', 'levelBg'), ('850', '177', '3', 'Achieves', '1', 'Expectations for skill and effort in this competency are being met satisfactorily.', 'levelBg'), ('851', '177', '4', 'Exceeds', '1', 'Expectations for skill and effort in this competency have been exceeded.', 'levelBg'), ('852', '177', '5', 'Role Model', '1', 'Skill and effort in this competency are models for others to follow.', 'levelBg');
COMMIT;

-- ----------------------------
--  Table structure for `question_group`
-- ----------------------------
DROP TABLE IF EXISTS `question_group`;
CREATE TABLE `question_group` (
  `id` int(11) NOT NULL AUTO_INCREMENT,
  `instrument_id` int(11) NOT NULL,
  `tag` varchar(100) DEFAULT NULL,
  `number` varchar(40) DEFAULT NULL,
  `sort_order` int(11) NOT NULL DEFAULT '0',
  `summary` varchar(500) DEFAULT NULL,
  `description` varchar(5000) DEFAULT NULL,
  PRIMARY KEY (`id`),
  KEY `instrument_id_index` (`instrument_id`),
  CONSTRAINT `question_group_ibfk_1` FOREIGN KEY (`instrument_id`) REFERENCES `instrument` (`id`)
) ENGINE=InnoDB AUTO_INCREMENT=85 DEFAULT CHARSET=utf8 ROW_FORMAT=COMPACT;

-- ----------------------------
--  Records of `question_group`
-- ----------------------------
BEGIN;
INSERT INTO `question_group` VALUES ('73', '15', 'Excellence', 'A', '1', null, null), ('74', '15', 'Innovation', 'B', '2', null, null), ('75', '15', 'Integrity', 'C', '3', null, null), ('76', '15', 'Respect', 'D', '4', null, null), ('77', '15', 'Service', 'E', '5', null, null), ('78', '15', 'Teamwork', 'F', '6', null, null), ('79', '16', 'Excellence', 'A', '1', null, null), ('80', '16', 'Innovation', 'B', '2', null, null), ('81', '16', 'Integrity', 'C', '3', null, null), ('82', '16', 'Respect', 'D', '4', null, null), ('83', '16', 'Service', 'E', '5', null, null), ('84', '16', 'Teamwork', 'F', '6', null, null);
COMMIT;

-- ----------------------------
--  Table structure for `question_type`
-- ----------------------------
DROP TABLE IF EXISTS `question_type`;
CREATE TABLE `question_type` (
  `id` int(11) NOT NULL AUTO_INCREMENT,
  `name` varchar(200) NOT NULL,
  `summary` varchar(500) DEFAULT NULL,
  `min_range` double DEFAULT '0',
  `max_range` double DEFAULT '0',
  `entry_type` varchar(12) NOT NULL DEFAULT 'LIKERT',
  PRIMARY KEY (`id`),
  UNIQUE KEY `name` (`name`)
) ENGINE=InnoDB AUTO_INCREMENT=178 DEFAULT CHARSET=utf8 ROW_FORMAT=COMPACT;

-- ----------------------------
--  Records of `question_type`
-- ----------------------------
BEGIN;
INSERT INTO `question_type` VALUES ('176', 'Manager of Nursing Scale', 'Scale for evaluation of nursing competencies.', '0', '5', 'LIKERT'), ('177', 'Nursing Scale', 'Scale for evaluation of nursing competencies.', '0', '5', 'LIKERT');
COMMIT;

-- ----------------------------
--  Table structure for `recommendation`
-- ----------------------------
DROP TABLE IF EXISTS `recommendation`;
CREATE TABLE `recommendation` (
  `id` int(11) NOT NULL AUTO_INCREMENT,
  `member_id` int(11) NOT NULL,
  `created_on` timestamp NOT NULL DEFAULT CURRENT_TIMESTAMP,
  `assessment_id` int(11) NOT NULL,
  PRIMARY KEY (`id`),
  UNIQUE KEY `id` (`id`),
  KEY `member_id` (`member_id`),
  KEY `assessment_id` (`assessment_id`),
  CONSTRAINT `recommendation_ibfk_1` FOREIGN KEY (`member_id`) REFERENCES `member` (`id`),
  CONSTRAINT `recommendation_ibfk_2` FOREIGN KEY (`assessment_id`) REFERENCES `assessment` (`id`)
) ENGINE=InnoDB DEFAULT CHARSET=utf8 ROW_FORMAT=COMPACT;

-- ----------------------------
--  Table structure for `relationship`
-- ----------------------------
DROP TABLE IF EXISTS `relationship`;
CREATE TABLE `relationship` (
  `id` int(11) NOT NULL AUTO_INCREMENT,
  `superior_id` int(11) NOT NULL,
  `subordinate_id` int(11) NOT NULL,
  `relationship_type_id` char(1) NOT NULL DEFAULT 'S',
  PRIMARY KEY (`id`),
  UNIQUE KEY `id` (`id`)
) ENGINE=InnoDB AUTO_INCREMENT=11 DEFAULT CHARSET=utf8 ROW_FORMAT=COMPACT;

-- ----------------------------
--  Records of `relationship`
-- ----------------------------
BEGIN;
INSERT INTO `relationship` VALUES ('1', '3', '4', 'S'), ('2', '3', '5', 'S'), ('3', '3', '31', 'S'), ('4', '3', '32', 'S'), ('5', '3', '33', 'S'), ('8', '4', '11', 'S'), ('9', '4', '12', 'S'), ('10', '4', '13', 'S');
COMMIT;

-- ----------------------------
--  Table structure for `relationship_type`
-- ----------------------------
DROP TABLE IF EXISTS `relationship_type`;
CREATE TABLE `relationship_type` (
  `id` char(1) NOT NULL,
  `name` varchar(25) NOT NULL,
  `superior_verb` varchar(25) NOT NULL,
  `subordinate_verb` varchar(25) NOT NULL,
  PRIMARY KEY (`id`),
  UNIQUE KEY `id` (`id`)
) ENGINE=InnoDB DEFAULT CHARSET=utf8 ROW_FORMAT=COMPACT;

-- ----------------------------
--  Records of `relationship_type`
-- ----------------------------
BEGIN;
INSERT INTO `relationship_type` VALUES ('M', 'Mentor', 'mentors', 'mentored by'), ('S', 'Supervisor', 'supervises', 'supervised by');
COMMIT;

-- ----------------------------
--  Table structure for `resource`
-- ----------------------------
DROP TABLE IF EXISTS `resource`;
CREATE TABLE `resource` (
  `id` int(11) NOT NULL AUTO_INCREMENT,
  `resource_type_id` char(1) DEFAULT 'T',
  `role_ids` varchar(10) DEFAULT 'PM',
  `number` varchar(40) DEFAULT NULL,
  `name` varchar(200) DEFAULT NULL,
  `location` varchar(500) DEFAULT NULL,
  `summary` varchar(5000) DEFAULT NULL,
  `description` varchar(5000) DEFAULT NULL,
  `creator_id` int(11) DEFAULT NULL,
  `create_on` timestamp NOT NULL DEFAULT CURRENT_TIMESTAMP,
  `last_modified` timestamp NOT NULL DEFAULT CURRENT_TIMESTAMP,
  PRIMARY KEY (`id`),
  KEY `resource_type_id` (`resource_type_id`),
  KEY `resource_user__fk` (`creator_id`),
  CONSTRAINT `resource_ibfk_1` FOREIGN KEY (`resource_type_id`) REFERENCES `resource_type` (`id`),
  CONSTRAINT `resource_user__fk` FOREIGN KEY (`creator_id`) REFERENCES `member` (`id`)
) ENGINE=InnoDB AUTO_INCREMENT=13 DEFAULT CHARSET=utf8 ROW_FORMAT=COMPACT;

-- ----------------------------
--  Records of `resource`
-- ----------------------------
BEGIN;
INSERT INTO `resource` VALUES ('1', 'T', 'PM', 'NRS001', 'Introduction to Nursing', null, 'This module provides a general overview of nursing.', null, null, '2015-10-26 15:53:29', '2015-10-26 15:53:29'), ('2', 'T', 'PM', 'NRS002', 'Allergy Identification', null, 'Important characteristics of current and evolving advanced technician practice models\n            include training through an ASHP accredited training program, PTCB certification, and licensure with a Board of Pharmacy.', null, null, '2015-10-26 15:53:29', '2015-10-26 15:53:29'), ('3', 'T', 'PM', 'NRS003', 'Nursing Assessment', null, 'This module provides a general overview.', null, null, '2015-10-26 15:53:29', '2015-10-26 15:53:29'), ('4', 'T', 'PM', 'NRS004', 'Nursing Diagnosis', null, 'This module provides a general overview.', null, null, '2015-10-26 15:53:29', '2015-10-26 15:53:29'), ('5', 'T', 'PM', 'NRS005', 'Planning', null, 'This module provides a general overview.', null, null, '2015-10-26 15:53:29', '2015-10-26 15:53:29'), ('6', 'T', 'PM', 'NRS006', 'Plan Evaluation', null, 'This module provides a general overview.', null, null, '2015-10-26 15:53:29', '2015-10-26 15:53:29'), ('7', 'T', 'PM', 'NRS007', 'Nursing Technologies', null, 'This module provides a general overview.', null, null, '2015-10-26 15:53:29', '2015-10-26 15:53:29'), ('8', 'T', 'PM', 'NRS008', 'Communication', null, 'This module provides a general overview.', null, null, '2015-10-26 15:53:29', '2015-10-26 15:53:29'), ('9', 'T', 'PM', 'NRS009', 'Patient Centered Care', null, 'Pharmacy Calculations: An Introduction for Pharmacy Technicians, is designed for pharmacy technician students enrolled in a training program, technicians preparing for the certification exam, and for on-site training. As the role for pharmacy technicians continues to evolve and expand one thing remains constant. The safety of patients is the highest priority for anyone working in pharmacy, whether in hospital, retail, or institutional practices. With a thorough understanding of pharmacy math comes accuracy in computations and safety and quality in practice.', null, null, '2015-10-26 15:53:29', '2015-10-26 15:53:29'), ('10', 'T', 'PM', 'NRS010', 'Ethics', null, 'Drug names can often sound similar or appear similar. In addition the appearance of the products can look similar enough to cause confusion. These can easily be confused contributing to adverse medication events.', null, null, '2015-10-26 15:53:29', '2015-10-26 15:53:29'), ('11', 'T', 'PM', 'NRS011', 'Advocacy', null, null, null, null, '2015-10-26 15:53:29', '2015-10-26 15:53:29'), ('12', 'T', 'PM', 'NRS012', 'Collaboration', null, null, null, null, '2015-10-26 15:53:29', '2015-10-26 15:53:29');
COMMIT;

-- ----------------------------
--  Table structure for `resource_alignment`
-- ----------------------------
DROP TABLE IF EXISTS `resource_alignment`;
CREATE TABLE `resource_alignment` (
  `id` int(11) NOT NULL AUTO_INCREMENT,
  `resource_id` int(11) NOT NULL,
  `question_id` int(11) NOT NULL,
  PRIMARY KEY (`id`),
  KEY `resource_id_index` (`resource_id`),
  KEY `question_id_index` (`question_id`),
  CONSTRAINT `resource_alignment_ibfk_1` FOREIGN KEY (`resource_id`) REFERENCES `resource` (`id`),
  CONSTRAINT `resource_alignment_ibfk_2` FOREIGN KEY (`question_id`) REFERENCES `question` (`id`)
) ENGINE=InnoDB AUTO_INCREMENT=2914 DEFAULT CHARSET=utf8 ROW_FORMAT=COMPACT;

-- ----------------------------
--  Records of `resource_alignment`
-- ----------------------------
BEGIN;
INSERT INTO `resource_alignment` VALUES ('2614', '1', '445'), ('2615', '11', '408'), ('2616', '6', '406'), ('2617', '6', '435'), ('2618', '10', '435'), ('2619', '8', '439'), ('2620', '4', '447'), ('2621', '10', '411'), ('2622', '12', '444'), ('2623', '9', '426'), ('2624', '4', '429'), ('2625', '8', '422'), ('2626', '3', '406'), ('2627', '10', '440'), ('2628', '11', '423'), ('2629', '11', '394'), ('2630', '9', '401'), ('2631', '1', '393'), ('2632', '12', '427'), ('2633', '3', '426'), ('2634', '12', '400'), ('2635', '4', '411'), ('2636', '11', '438'), ('2637', '9', '423'), ('2638', '12', '403'), ('2639', '12', '414'), ('2640', '5', '443'), ('2641', '11', '448'), ('2642', '5', '449'), ('2643', '5', '408'), ('2644', '7', '399'), ('2645', '8', '392'), ('2646', '6', '423'), ('2647', '6', '388'), ('2648', '10', '422'), ('2649', '10', '398'), ('2650', '3', '390'), ('2651', '7', '407'), ('2652', '6', '436'), ('2653', '10', '441'), ('2654', '3', '412'), ('2655', '6', '433'), ('2656', '7', '403'), ('2657', '2', '406'), ('2658', '4', '414'), ('2659', '6', '449'), ('2660', '4', '430'), ('2661', '1', '434'), ('2662', '12', '440'), ('2663', '7', '415'), ('2664', '12', '434'), ('2665', '12', '397'), ('2666', '7', '408'), ('2667', '3', '450'), ('2668', '10', '390'), ('2669', '10', '394'), ('2670', '4', '418'), ('2671', '3', '408'), ('2672', '11', '393'), ('2673', '2', '396'), ('2674', '8', '397'), ('2675', '8', '389'), ('2676', '10', '410'), ('2677', '10', '427'), ('2678', '10', '391'), ('2679', '1', '400'), ('2680', '2', '395'), ('2681', '1', '392'), ('2682', '11', '395'), ('2683', '7', '397'), ('2684', '7', '402'), ('2685', '5', '413'), ('2686', '1', '436'), ('2687', '10', '425'), ('2688', '9', '435'), ('2689', '5', '419'), ('2690', '5', '442'), ('2691', '5', '399'), ('2692', '6', '438'), ('2693', '6', '392'), ('2694', '3', '391'), ('2695', '11', '403'), ('2696', '5', '401'), ('2697', '5', '424'), ('2698', '12', '426'), ('2699', '7', '435'), ('2700', '8', '426'), ('2701', '9', '442'), ('2702', '7', '430'), ('2703', '6', '443'), ('2704', '1', '450'), ('2705', '3', '394'), ('2706', '11', '449'), ('2707', '6', '437'), ('2708', '6', '397'), ('2709', '11', '451'), ('2710', '1', '430'), ('2711', '11', '410'), ('2712', '9', '421'), ('2713', '12', '390'), ('2714', '1', '431'), ('2715', '2', '416'), ('2716', '7', '391'), ('2717', '1', '443'), ('2718', '2', '402'), ('2719', '8', '437'), ('2720', '1', '397'), ('2721', '9', '397'), ('2722', '10', '405'), ('2723', '2', '423'), ('2724', '4', '395'), ('2725', '5', '450'), ('2726', '11', '428'), ('2727', '3', '451'), ('2728', '9', '416'), ('2729', '1', '403'), ('2730', '8', '438'), ('2731', '5', '400'), ('2732', '2', '405'), ('2733', '8', '398'), ('2734', '11', '420'), ('2735', '9', '390'), ('2736', '8', '417'), ('2737', '3', '416'), ('2738', '4', '410'), ('2739', '8', '430'), ('2740', '6', '409'), ('2741', '2', '447'), ('2742', '10', '403'), ('2743', '1', '409'), ('2744', '7', '449'), ('2745', '9', '391'), ('2746', '7', '446'), ('2747', '11', '442'), ('2748', '3', '449'), ('2749', '7', '426'), ('2750', '10', '439'), ('2751', '3', '405'), ('2752', '8', '450'), ('2753', '3', '440'), ('2754', '12', '424'), ('2755', '2', '430'), ('2756', '1', '425'), ('2757', '2', '388'), ('2758', '9', '427'), ('2759', '3', '434'), ('2760', '4', '435'), ('2761', '3', '411'), ('2762', '2', '404'), ('2763', '6', '427'), ('2764', '3', '398'), ('2765', '7', '424'), ('2766', '4', '392'), ('2767', '1', '424'), ('2768', '1', '421'), ('2769', '1', '388'), ('2770', '3', '425'), ('2771', '8', '412'), ('2772', '3', '429'), ('2773', '12', '450'), ('2774', '2', '421'), ('2775', '3', '418'), ('2776', '12', '399'), ('2777', '9', '419'), ('2778', '3', '392'), ('2779', '10', '448'), ('2780', '2', '426'), ('2781', '10', '428'), ('2782', '2', '424'), ('2783', '11', '424'), ('2784', '5', '436'), ('2785', '8', '390'), ('2786', '12', '402'), ('2787', '9', '436'), ('2788', '10', '400'), ('2789', '8', '405'), ('2790', '12', '396'), ('2791', '12', '419'), ('2792', '9', '438'), ('2793', '11', '413'), ('2794', '1', '420'), ('2795', '1', '433'), ('2796', '6', '426'), ('2797', '2', '444'), ('2798', '7', '432'), ('2799', '3', '397'), ('2800', '12', '432'), ('2801', '8', '434'), ('2802', '3', '428'), ('2803', '2', '415'), ('2804', '12', '406'), ('2805', '4', '446'), ('2806', '12', '423'), ('2807', '10', '409'), ('2808', '6', '417'), ('2809', '1', '389'), ('2810', '10', '393'), ('2811', '4', '450'), ('2812', '5', '439'), ('2813', '2', '390'), ('2814', '7', '419'), ('2815', '5', '423'), ('2816', '4', '433'), ('2817', '3', '388'), ('2818', '3', '446'), ('2819', '6', '394'), ('2820', '8', '442'), ('2821', '1', '440'), ('2822', '11', '388'), ('2823', '6', '418'), ('2824', '12', '389'), ('2825', '2', '393'), ('2826', '4', '439'), ('2827', '12', '449'), ('2828', '8', '446'), ('2829', '3', '432'), ('2830', '9', '414'), ('2831', '7', '437'), ('2832', '7', '388'), ('2833', '7', '428'), ('2834', '2', '414'), ('2835', '2', '392'), ('2836', '5', '425'), ('2837', '12', '447'), ('2838', '9', '398'), ('2839', '2', '408'), ('2840', '4', '434'), ('2841', '5', '388'), ('2842', '5', '409'), ('2843', '9', '447'), ('2844', '2', '417'), ('2845', '5', '393'), ('2846', '5', '435'), ('2847', '9', '409'), ('2848', '11', '398'), ('2849', '4', '419'), ('2850', '10', '424'), ('2851', '7', '418'), ('2852', '10', '401'), ('2853', '11', '416'), ('2854', '1', '398'), ('2855', '5', '451'), ('2856', '6', '412'), ('2857', '12', '405'), ('2858', '11', '432'), ('2859', '1', '411'), ('2860', '6', '445'), ('2861', '8', '388'), ('2862', '5', '407'), ('2863', '6', '414'), ('2864', '12', '443'), ('2865', '12', '445'), ('2866', '12', '410'), ('2867', '4', '404'), ('2868', '11', '402'), ('2869', '11', '409'), ('2870', '1', '448'), ('2871', '5', '392'), ('2872', '5', '426'), ('2873', '7', '445'), ('2874', '10', '395'), ('2875', '2', '425'), ('2876', '4', '401'), ('2877', '3', '393'), ('2878', '10', '437'), ('2879', '1', '399'), ('2880', '9', '448'), ('2881', '4', '407'), ('2882', '10', '450'), ('2883', '7', '416'), ('2884', '3', '431'), ('2885', '12', '407'), ('2886', '4', '394'), ('2887', '2', '399'), ('2888', '5', '415'), ('2889', '4', '436'), ('2890', '11', '415'), ('2891', '7', '429'), ('2892', '6', '429'), ('2893', '12', '391'), ('2894', '8', '400'), ('2895', '12', '416'), ('2896', '4', '432'), ('2897', '6', '422'), ('2898', '11', '447'), ('2899', '9', '431'), ('2900', '12', '395'), ('2901', '6', '416'), ('2902', '10', '431'), ('2903', '3', '404'), ('2904', '8', '413'), ('2905', '1', '432'), ('2906', '10', '396'), ('2907', '8', '407'), ('2908', '7', '417'), ('2909', '3', '439'), ('2910', '4', '416'), ('2911', '7', '423'), ('2912', '1', '441'), ('2913', '2', '394');
COMMIT;

-- ----------------------------
--  Table structure for `resource_alignment_map`
-- ----------------------------
DROP TABLE IF EXISTS `resource_alignment_map`;
CREATE TABLE `resource_alignment_map` (
  `id` int(11) NOT NULL AUTO_INCREMENT,
  `resource_alignment_id` int(11) NOT NULL,
  `response` int(11) NOT NULL,
  `utility` int(11) NOT NULL DEFAULT '0',
  PRIMARY KEY (`id`),
  UNIQUE KEY `resource_alignment_id` (`resource_alignment_id`,`response`),
  KEY `resource_alignment_id_index` (`resource_alignment_id`),
  CONSTRAINT `resource_alignment_maps_ibfk_1` FOREIGN KEY (`resource_alignment_id`) REFERENCES `resource_alignment` (`id`) ON DELETE CASCADE
) ENGINE=InnoDB AUTO_INCREMENT=9676 DEFAULT CHARSET=utf8 COLLATE=utf8_bin ROW_FORMAT=COMPACT;

-- ----------------------------
--  Records of `resource_alignment_map`
-- ----------------------------
BEGIN;
INSERT INTO `resource_alignment_map` VALUES ('7332', '2647', '1', '2'), ('7333', '2757', '1', '3'), ('7334', '2769', '1', '2'), ('7335', '2817', '1', '2'), ('7336', '2822', '1', '4'), ('7337', '2832', '1', '4'), ('7338', '2841', '1', '2'), ('7339', '2861', '1', '2'), ('7340', '2675', '1', '3'), ('7341', '2809', '1', '2'), ('7342', '2824', '1', '3'), ('7343', '2650', '1', '4'), ('7344', '2668', '1', '5'), ('7345', '2713', '1', '3'), ('7346', '2735', '1', '4'), ('7347', '2785', '1', '3'), ('7348', '2813', '1', '3'), ('7349', '2678', '1', '4'), ('7350', '2694', '1', '1'), ('7351', '2716', '1', '5'), ('7352', '2745', '1', '4'), ('7353', '2893', '1', '3'), ('7354', '2645', '1', '3'), ('7355', '2681', '1', '4'), ('7356', '2693', '1', '4'), ('7357', '2766', '1', '4'), ('7358', '2778', '1', '2'), ('7359', '2835', '1', '4'), ('7360', '2871', '1', '1'), ('7361', '2631', '1', '4'), ('7362', '2672', '1', '5'), ('7363', '2810', '1', '2'), ('7364', '2825', '1', '4'), ('7365', '2845', '1', '4'), ('7366', '2877', '1', '3'), ('7367', '2629', '1', '3'), ('7368', '2669', '1', '3'), ('7369', '2705', '1', '4'), ('7370', '2819', '1', '4'), ('7371', '2886', '1', '5'), ('7372', '2913', '1', '3'), ('7373', '2680', '1', '5'), ('7374', '2682', '1', '2'), ('7375', '2724', '1', '1'), ('7376', '2874', '1', '3'), ('7377', '2900', '1', '3'), ('7378', '2673', '1', '3'), ('7379', '2790', '1', '2'), ('7380', '2906', '1', '2'), ('7381', '2665', '1', '1'), ('7382', '2674', '1', '4'), ('7383', '2683', '1', '2'), ('7384', '2708', '1', '3'), ('7385', '2720', '1', '1'), ('7386', '2721', '1', '2'), ('7387', '2799', '1', '3'), ('7388', '2649', '1', '4'), ('7389', '2733', '1', '4'), ('7390', '2764', '1', '4'), ('7391', '2838', '1', '4'), ('7392', '2848', '1', '4'), ('7393', '2854', '1', '2'), ('7394', '2644', '1', '5'), ('7395', '2691', '1', '4'), ('7396', '2776', '1', '3'), ('7397', '2879', '1', '4'), ('7398', '2887', '1', '2'), ('7399', '2634', '1', '2'), ('7400', '2679', '1', '2'), ('7401', '2731', '1', '3'), ('7402', '2788', '1', '2'), ('7403', '2894', '1', '5'), ('7404', '2630', '1', '3'), ('7405', '2696', '1', '3'), ('7406', '2852', '1', '3'), ('7407', '2876', '1', '3'), ('7408', '2684', '1', '5'), ('7409', '2718', '1', '3'), ('7410', '2786', '1', '5'), ('7411', '2868', '1', '4'), ('7412', '2638', '1', '5'), ('7413', '2656', '1', '4'), ('7414', '2695', '1', '3'), ('7415', '2729', '1', '5'), ('7416', '2742', '1', '3'), ('7417', '2762', '1', '5'), ('7418', '2867', '1', '4'), ('7419', '2903', '1', '2'), ('7420', '2722', '1', '2'), ('7421', '2732', '1', '5'), ('7422', '2751', '1', '3'), ('7423', '2789', '1', '1'), ('7424', '2857', '1', '5'), ('7425', '2616', '1', '4'), ('7426', '2626', '1', '4'), ('7427', '2657', '1', '4'), ('7428', '2804', '1', '4'), ('7429', '2651', '1', '3'), ('7430', '2862', '1', '1'), ('7431', '2881', '1', '3'), ('7432', '2885', '1', '5'), ('7433', '2907', '1', '5'), ('7434', '2615', '1', '1'), ('7435', '2643', '1', '3'), ('7436', '2666', '1', '5'), ('7437', '2671', '1', '2'), ('7438', '2839', '1', '2'), ('7439', '2740', '1', '4'), ('7440', '2743', '1', '5'), ('7441', '2807', '1', '3'), ('7442', '2842', '1', '2'), ('7443', '2847', '1', '5'), ('7444', '2869', '1', '5'), ('7445', '2676', '1', '2'), ('7446', '2711', '1', '4'), ('7447', '2738', '1', '1'), ('7448', '2866', '1', '1'), ('7449', '2621', '1', '2'), ('7450', '2635', '1', '4'), ('7451', '2761', '1', '2'), ('7452', '2859', '1', '3'), ('7453', '2654', '1', '2'), ('7454', '2771', '1', '1'), ('7455', '2856', '1', '2'), ('7456', '2685', '1', '3'), ('7457', '2793', '1', '1'), ('7458', '2904', '1', '3'), ('7459', '2639', '1', '4'), ('7460', '2658', '1', '3'), ('7461', '2830', '1', '4'), ('7462', '2834', '1', '2'), ('7463', '2863', '1', '1'), ('7464', '2663', '1', '2'), ('7465', '2803', '1', '1'), ('7466', '2888', '1', '4'), ('7467', '2890', '1', '3'), ('7468', '2715', '1', '2'), ('7469', '2728', '1', '4'), ('7470', '2737', '1', '2'), ('7471', '2853', '1', '2'), ('7472', '2883', '1', '2'), ('7473', '2895', '1', '4'), ('7474', '2901', '1', '2'), ('7475', '2910', '1', '2'), ('7476', '2736', '1', '5'), ('7477', '2808', '1', '3'), ('7478', '2844', '1', '3'), ('7479', '2908', '1', '2'), ('7480', '2670', '1', '3'), ('7481', '2775', '1', '2'), ('7482', '2823', '1', '2'), ('7483', '2851', '1', '4'), ('7484', '2689', '1', '3'), ('7485', '2777', '1', '1'), ('7486', '2791', '1', '4'), ('7487', '2814', '1', '3'), ('7488', '2849', '1', '3'), ('7489', '2734', '1', '2'), ('7490', '2794', '1', '3'), ('7491', '2712', '1', '2'), ('7492', '2768', '1', '1'), ('7493', '2774', '1', '4'), ('7494', '2625', '1', '2'), ('7495', '2648', '1', '2'), ('7496', '2897', '1', '3'), ('7497', '2628', '1', '2'), ('7498', '2637', '1', '4'), ('7499', '2646', '1', '2'), ('7500', '2723', '1', '1'), ('7501', '2806', '1', '2'), ('7502', '2815', '1', '4'), ('7503', '2911', '1', '3'), ('7504', '2697', '1', '4'), ('7505', '2754', '1', '2'), ('7506', '2765', '1', '4'), ('7507', '2767', '1', '3'), ('7508', '2782', '1', '1'), ('7509', '2783', '1', '4'), ('7510', '2850', '1', '3'), ('7511', '2687', '1', '5'), ('7512', '2756', '1', '3'), ('7513', '2770', '1', '2'), ('7514', '2836', '1', '2'), ('7515', '2875', '1', '5'), ('7516', '2623', '1', '2'), ('7517', '2633', '1', '3'), ('7518', '2698', '1', '2'), ('7519', '2700', '1', '3'), ('7520', '2749', '1', '4'), ('7521', '2780', '1', '3'), ('7522', '2796', '1', '5'), ('7523', '2872', '1', '1'), ('7524', '2632', '1', '3'), ('7525', '2677', '1', '4'), ('7526', '2758', '1', '5'), ('7527', '2763', '1', '3'), ('7528', '2726', '1', '5'), ('7529', '2781', '1', '4'), ('7530', '2802', '1', '5'), ('7531', '2833', '1', '3'), ('7532', '2624', '1', '4'), ('7533', '2772', '1', '4'), ('7534', '2891', '1', '2'), ('7535', '2892', '1', '4'), ('7536', '2660', '1', '3'), ('7537', '2702', '1', '2'), ('7538', '2710', '1', '2'), ('7539', '2739', '1', '2'), ('7540', '2755', '1', '4'), ('7541', '2714', '1', '4'), ('7542', '2884', '1', '2'), ('7543', '2899', '1', '5'), ('7544', '2902', '1', '3'), ('7545', '2798', '1', '1'), ('7546', '2800', '1', '4'), ('7547', '2829', '1', '2'), ('7548', '2858', '1', '5'), ('7549', '2896', '1', '5'), ('7550', '2905', '1', '4'), ('7551', '2655', '1', '5'), ('7552', '2795', '1', '4'), ('7553', '2816', '1', '3'), ('7554', '2661', '1', '2'), ('7555', '2664', '1', '2'), ('7556', '2759', '1', '1'), ('7557', '2801', '1', '4'), ('7558', '2840', '1', '3'), ('7559', '2617', '1', '1'), ('7560', '2618', '1', '4'), ('7561', '2688', '1', '3'), ('7562', '2699', '1', '2'), ('7563', '2760', '1', '3'), ('7564', '2846', '1', '4'), ('7565', '2652', '1', '2'), ('7566', '2686', '1', '4'), ('7567', '2784', '1', '2'), ('7568', '2787', '1', '4'), ('7569', '2889', '1', '3'), ('7570', '2707', '1', '2'), ('7571', '2719', '1', '2'), ('7572', '2831', '1', '1'), ('7573', '2878', '1', '2'), ('7574', '2636', '1', '3'), ('7575', '2692', '1', '5'), ('7576', '2730', '1', '4'), ('7577', '2792', '1', '4'), ('7578', '2619', '1', '3'), ('7579', '2750', '1', '4'), ('7580', '2812', '1', '3'), ('7581', '2826', '1', '4'), ('7582', '2909', '1', '4'), ('7583', '2627', '1', '3'), ('7584', '2662', '1', '5'), ('7585', '2753', '1', '2'), ('7586', '2821', '1', '2'), ('7587', '2653', '1', '5'), ('7588', '2912', '1', '3'), ('7589', '2690', '1', '4'), ('7590', '2701', '1', '2'), ('7591', '2747', '1', '3'), ('7592', '2820', '1', '3'), ('7593', '2640', '1', '3'), ('7594', '2703', '1', '2'), ('7595', '2717', '1', '3'), ('7596', '2864', '1', '5'), ('7597', '2622', '1', '4'), ('7598', '2797', '1', '4'), ('7599', '2614', '1', '4'), ('7600', '2860', '1', '5'), ('7601', '2865', '1', '3'), ('7602', '2873', '1', '3'), ('7603', '2746', '1', '1'), ('7604', '2805', '1', '3'), ('7605', '2818', '1', '1'), ('7606', '2828', '1', '2'), ('7607', '2620', '1', '2'), ('7608', '2741', '1', '3'), ('7609', '2837', '1', '2'), ('7610', '2843', '1', '5'), ('7611', '2898', '1', '5'), ('7612', '2641', '1', '2'), ('7613', '2779', '1', '4'), ('7614', '2870', '1', '2'), ('7615', '2880', '1', '3'), ('7616', '2642', '1', '5'), ('7617', '2659', '1', '5'), ('7618', '2706', '1', '2'), ('7619', '2744', '1', '4'), ('7620', '2748', '1', '2'), ('7621', '2827', '1', '4'), ('7622', '2667', '1', '2'), ('7623', '2704', '1', '2'), ('7624', '2725', '1', '4'), ('7625', '2752', '1', '3'), ('7626', '2773', '1', '3'), ('7627', '2811', '1', '1'), ('7628', '2882', '1', '3'), ('7629', '2709', '1', '3'), ('7630', '2727', '1', '1'), ('7631', '2855', '1', '3'), ('7843', '2647', '2', '4'), ('7844', '2757', '2', '1'), ('7845', '2769', '2', '4'), ('7846', '2817', '2', '2'), ('7847', '2822', '2', '2'), ('7848', '2832', '2', '2'), ('7849', '2841', '2', '2'), ('7850', '2861', '2', '4'), ('7851', '2675', '2', '4'), ('7852', '2809', '2', '1'), ('7853', '2824', '2', '3'), ('7854', '2650', '2', '4'), ('7855', '2668', '2', '1'), ('7856', '2713', '2', '4'), ('7857', '2735', '2', '2'), ('7858', '2785', '2', '4'), ('7859', '2813', '2', '4'), ('7860', '2678', '2', '1'), ('7861', '2694', '2', '5'), ('7862', '2716', '2', '5'), ('7863', '2745', '2', '3'), ('7864', '2893', '2', '2'), ('7865', '2645', '2', '3'), ('7866', '2681', '2', '2'), ('7867', '2693', '2', '1'), ('7868', '2766', '2', '5'), ('7869', '2778', '2', '3'), ('7870', '2835', '2', '3'), ('7871', '2871', '2', '2'), ('7872', '2631', '2', '2'), ('7873', '2672', '2', '2'), ('7874', '2810', '2', '4'), ('7875', '2825', '2', '4'), ('7876', '2845', '2', '3'), ('7877', '2877', '2', '4'), ('7878', '2629', '2', '5'), ('7879', '2669', '2', '4'), ('7880', '2705', '2', '4'), ('7881', '2819', '2', '4'), ('7882', '2886', '2', '2'), ('7883', '2913', '2', '2'), ('7884', '2680', '2', '5'), ('7885', '2682', '2', '5'), ('7886', '2724', '2', '4'), ('7887', '2874', '2', '3'), ('7888', '2900', '2', '4'), ('7889', '2673', '2', '3'), ('7890', '2790', '2', '1'), ('7891', '2906', '2', '5'), ('7892', '2665', '2', '2'), ('7893', '2674', '2', '1'), ('7894', '2683', '2', '4'), ('7895', '2708', '2', '4'), ('7896', '2720', '2', '4'), ('7897', '2721', '2', '3'), ('7898', '2799', '2', '5'), ('7899', '2649', '2', '2'), ('7900', '2733', '2', '2'), ('7901', '2764', '2', '4'), ('7902', '2838', '2', '3'), ('7903', '2848', '2', '4'), ('7904', '2854', '2', '5'), ('7905', '2644', '2', '4'), ('7906', '2691', '2', '3'), ('7907', '2776', '2', '2'), ('7908', '2879', '2', '4'), ('7909', '2887', '2', '4'), ('7910', '2634', '2', '4'), ('7911', '2679', '2', '4'), ('7912', '2731', '2', '4'), ('7913', '2788', '2', '3'), ('7914', '2894', '2', '2'), ('7915', '2630', '2', '3'), ('7916', '2696', '2', '1'), ('7917', '2852', '2', '3'), ('7918', '2876', '2', '3'), ('7919', '2684', '2', '4'), ('7920', '2718', '2', '2'), ('7921', '2786', '2', '4'), ('7922', '2868', '2', '1'), ('7923', '2638', '2', '1'), ('7924', '2656', '2', '5'), ('7925', '2695', '2', '3'), ('7926', '2729', '2', '3'), ('7927', '2742', '2', '5'), ('7928', '2762', '2', '3'), ('7929', '2867', '2', '3'), ('7930', '2903', '2', '2'), ('7931', '2722', '2', '2'), ('7932', '2732', '2', '1'), ('7933', '2751', '2', '1'), ('7934', '2789', '2', '3'), ('7935', '2857', '2', '2'), ('7936', '2616', '2', '5'), ('7937', '2626', '2', '3'), ('7938', '2657', '2', '2'), ('7939', '2804', '2', '2'), ('7940', '2651', '2', '2'), ('7941', '2862', '2', '4'), ('7942', '2881', '2', '3'), ('7943', '2885', '2', '2'), ('7944', '2907', '2', '1'), ('7945', '2615', '2', '2'), ('7946', '2643', '2', '2'), ('7947', '2666', '2', '3'), ('7948', '2671', '2', '4'), ('7949', '2839', '2', '1'), ('7950', '2740', '2', '4'), ('7951', '2743', '2', '2'), ('7952', '2807', '2', '3'), ('7953', '2842', '2', '1'), ('7954', '2847', '2', '4'), ('7955', '2869', '2', '5'), ('7956', '2676', '2', '3'), ('7957', '2711', '2', '2'), ('7958', '2738', '2', '5'), ('7959', '2866', '2', '2'), ('7960', '2621', '2', '4'), ('7961', '2635', '2', '1'), ('7962', '2761', '2', '5'), ('7963', '2859', '2', '2'), ('7964', '2654', '2', '3'), ('7965', '2771', '2', '1'), ('7966', '2856', '2', '4'), ('7967', '2685', '2', '3'), ('7968', '2793', '2', '4'), ('7969', '2904', '2', '4'), ('7970', '2639', '2', '1'), ('7971', '2658', '2', '3'), ('7972', '2830', '2', '5'), ('7973', '2834', '2', '3'), ('7974', '2863', '2', '4'), ('7975', '2663', '2', '1'), ('7976', '2803', '2', '2'), ('7977', '2888', '2', '3'), ('7978', '2890', '2', '5'), ('7979', '2715', '2', '1'), ('7980', '2728', '2', '4'), ('7981', '2737', '2', '3'), ('7982', '2853', '2', '2'), ('7983', '2883', '2', '2'), ('7984', '2895', '2', '1'), ('7985', '2901', '2', '3'), ('7986', '2910', '2', '2'), ('7987', '2736', '2', '3'), ('7988', '2808', '2', '4'), ('7989', '2844', '2', '3'), ('7990', '2908', '2', '1'), ('7991', '2670', '2', '2'), ('7992', '2775', '2', '2'), ('7993', '2823', '2', '1'), ('7994', '2851', '2', '3'), ('7995', '2689', '2', '4'), ('7996', '2777', '2', '5'), ('7997', '2791', '2', '1'), ('7998', '2814', '2', '3'), ('7999', '2849', '2', '5'), ('8000', '2734', '2', '4'), ('8001', '2794', '2', '3'), ('8002', '2712', '2', '4'), ('8003', '2768', '2', '1'), ('8004', '2774', '2', '5'), ('8005', '2625', '2', '2'), ('8006', '2648', '2', '1'), ('8007', '2897', '2', '2'), ('8008', '2628', '2', '2'), ('8009', '2637', '2', '3'), ('8010', '2646', '2', '3'), ('8011', '2723', '2', '2'), ('8012', '2806', '2', '3'), ('8013', '2815', '2', '5'), ('8014', '2911', '2', '5'), ('8015', '2697', '2', '2'), ('8016', '2754', '2', '1'), ('8017', '2765', '2', '4'), ('8018', '2767', '2', '4'), ('8019', '2782', '2', '4'), ('8020', '2783', '2', '2'), ('8021', '2850', '2', '1'), ('8022', '2687', '2', '2'), ('8023', '2756', '2', '3'), ('8024', '2770', '2', '5'), ('8025', '2836', '2', '4'), ('8026', '2875', '2', '5'), ('8027', '2623', '2', '2'), ('8028', '2633', '2', '4'), ('8029', '2698', '2', '5'), ('8030', '2700', '2', '2'), ('8031', '2749', '2', '5'), ('8032', '2780', '2', '4'), ('8033', '2796', '2', '3'), ('8034', '2872', '2', '4'), ('8035', '2632', '2', '5'), ('8036', '2677', '2', '3'), ('8037', '2758', '2', '2'), ('8038', '2763', '2', '3'), ('8039', '2726', '2', '3'), ('8040', '2781', '2', '2'), ('8041', '2802', '2', '4'), ('8042', '2833', '2', '3'), ('8043', '2624', '2', '2'), ('8044', '2772', '2', '2'), ('8045', '2891', '2', '3'), ('8046', '2892', '2', '2'), ('8047', '2660', '2', '5'), ('8048', '2702', '2', '2'), ('8049', '2710', '2', '1'), ('8050', '2739', '2', '4'), ('8051', '2755', '2', '3'), ('8052', '2714', '2', '5'), ('8053', '2884', '2', '2'), ('8054', '2899', '2', '1'), ('8055', '2902', '2', '2'), ('8056', '2798', '2', '3'), ('8057', '2800', '2', '2'), ('8058', '2829', '2', '1'), ('8059', '2858', '2', '4'), ('8060', '2896', '2', '4'), ('8061', '2905', '2', '2'), ('8062', '2655', '2', '4'), ('8063', '2795', '2', '2'), ('8064', '2816', '2', '4'), ('8065', '2661', '2', '2'), ('8066', '2664', '2', '3'), ('8067', '2759', '2', '4'), ('8068', '2801', '2', '2'), ('8069', '2840', '2', '3'), ('8070', '2617', '2', '3'), ('8071', '2618', '2', '3'), ('8072', '2688', '2', '3'), ('8073', '2699', '2', '4'), ('8074', '2760', '2', '5'), ('8075', '2846', '2', '5'), ('8076', '2652', '2', '4'), ('8077', '2686', '2', '4'), ('8078', '2784', '2', '4'), ('8079', '2787', '2', '3'), ('8080', '2889', '2', '5'), ('8081', '2707', '2', '2'), ('8082', '2719', '2', '4'), ('8083', '2831', '2', '2'), ('8084', '2878', '2', '1'), ('8085', '2636', '2', '3'), ('8086', '2692', '2', '5'), ('8087', '2730', '2', '1'), ('8088', '2792', '2', '4'), ('8089', '2619', '2', '1'), ('8090', '2750', '2', '3'), ('8091', '2812', '2', '4'), ('8092', '2826', '2', '2'), ('8093', '2909', '2', '4'), ('8094', '2627', '2', '3'), ('8095', '2662', '2', '4'), ('8096', '2753', '2', '2'), ('8097', '2821', '2', '2'), ('8098', '2653', '2', '4'), ('8099', '2912', '2', '1'), ('8100', '2690', '2', '4'), ('8101', '2701', '2', '2'), ('8102', '2747', '2', '2'), ('8103', '2820', '2', '3'), ('8104', '2640', '2', '3'), ('8105', '2703', '2', '2'), ('8106', '2717', '2', '2'), ('8107', '2864', '2', '5'), ('8108', '2622', '2', '2'), ('8109', '2797', '2', '3'), ('8110', '2614', '2', '5'), ('8111', '2860', '2', '5'), ('8112', '2865', '2', '4'), ('8113', '2873', '2', '2'), ('8114', '2746', '2', '2'), ('8115', '2805', '2', '4'), ('8116', '2818', '2', '3'), ('8117', '2828', '2', '3'), ('8118', '2620', '2', '3'), ('8119', '2741', '2', '4'), ('8120', '2837', '2', '3'), ('8121', '2843', '2', '4'), ('8122', '2898', '2', '3'), ('8123', '2641', '2', '4'), ('8124', '2779', '2', '5'), ('8125', '2870', '2', '5'), ('8126', '2880', '2', '5'), ('8127', '2642', '2', '3'), ('8128', '2659', '2', '3'), ('8129', '2706', '2', '1'), ('8130', '2744', '2', '2'), ('8131', '2748', '2', '4'), ('8132', '2827', '2', '4'), ('8133', '2667', '2', '5'), ('8134', '2704', '2', '3'), ('8135', '2725', '2', '2'), ('8136', '2752', '2', '1'), ('8137', '2773', '2', '3'), ('8138', '2811', '2', '4'), ('8139', '2882', '2', '2'), ('8140', '2709', '2', '2'), ('8141', '2727', '2', '4'), ('8142', '2855', '2', '4'), ('8354', '2647', '3', '4'), ('8355', '2757', '3', '3'), ('8356', '2769', '3', '2'), ('8357', '2817', '3', '4'), ('8358', '2822', '3', '4'), ('8359', '2832', '3', '3'), ('8360', '2841', '3', '2'), ('8361', '2861', '3', '1'), ('8362', '2675', '3', '4'), ('8363', '2809', '3', '5'), ('8364', '2824', '3', '5'), ('8365', '2650', '3', '4'), ('8366', '2668', '3', '5'), ('8367', '2713', '3', '3'), ('8368', '2735', '3', '4'), ('8369', '2785', '3', '4'), ('8370', '2813', '3', '2'), ('8371', '2678', '3', '2'), ('8372', '2694', '3', '2'), ('8373', '2716', '3', '2'), ('8374', '2745', '3', '4'), ('8375', '2893', '3', '3'), ('8376', '2645', '3', '4'), ('8377', '2681', '3', '5'), ('8378', '2693', '3', '2'), ('8379', '2766', '3', '4'), ('8380', '2778', '3', '1'), ('8381', '2835', '3', '5'), ('8382', '2871', '3', '4'), ('8383', '2631', '3', '2'), ('8384', '2672', '3', '2'), ('8385', '2810', '3', '5'), ('8386', '2825', '3', '4'), ('8387', '2845', '3', '2'), ('8388', '2877', '3', '3'), ('8389', '2629', '3', '3'), ('8390', '2669', '3', '3'), ('8391', '2705', '3', '1'), ('8392', '2819', '3', '4'), ('8393', '2886', '3', '3'), ('8394', '2913', '3', '4'), ('8395', '2680', '3', '4'), ('8396', '2682', '3', '2'), ('8397', '2724', '3', '2'), ('8398', '2874', '3', '1'), ('8399', '2900', '3', '1'), ('8400', '2673', '3', '4'), ('8401', '2790', '3', '5'), ('8402', '2906', '3', '2'), ('8403', '2665', '3', '5'), ('8404', '2674', '3', '4'), ('8405', '2683', '3', '3'), ('8406', '2708', '3', '2'), ('8407', '2720', '3', '3'), ('8408', '2721', '3', '4'), ('8409', '2799', '3', '4'), ('8410', '2649', '3', '5'), ('8411', '2733', '3', '4'), ('8412', '2764', '3', '4'), ('8413', '2838', '3', '3'), ('8414', '2848', '3', '4'), ('8415', '2854', '3', '1'), ('8416', '2644', '3', '4'), ('8417', '2691', '3', '2'), ('8418', '2776', '3', '2'), ('8419', '2879', '3', '3'), ('8420', '2887', '3', '3'), ('8421', '2634', '3', '3'), ('8422', '2679', '3', '3'), ('8423', '2731', '3', '4'), ('8424', '2788', '3', '2'), ('8425', '2894', '3', '2'), ('8426', '2630', '3', '2'), ('8427', '2696', '3', '2'), ('8428', '2852', '3', '4'), ('8429', '2876', '3', '1'), ('8430', '2684', '3', '4'), ('8431', '2718', '3', '1'), ('8432', '2786', '3', '3'), ('8433', '2868', '3', '5'), ('8434', '2638', '3', '4'), ('8435', '2656', '3', '3'), ('8436', '2695', '3', '5'), ('8437', '2729', '3', '3'), ('8438', '2742', '3', '5'), ('8439', '2762', '3', '3'), ('8440', '2867', '3', '2'), ('8441', '2903', '3', '2'), ('8442', '2722', '3', '2'), ('8443', '2732', '3', '5'), ('8444', '2751', '3', '5'), ('8445', '2789', '3', '5'), ('8446', '2857', '3', '4'), ('8447', '2616', '3', '5'), ('8448', '2626', '3', '2'), ('8449', '2657', '3', '1'), ('8450', '2804', '3', '2'), ('8451', '2651', '3', '3'), ('8452', '2862', '3', '3'), ('8453', '2881', '3', '3'), ('8454', '2885', '3', '2'), ('8455', '2907', '3', '4'), ('8456', '2615', '3', '3'), ('8457', '2643', '3', '5'), ('8458', '2666', '3', '2'), ('8459', '2671', '3', '5'), ('8460', '2839', '3', '2'), ('8461', '2740', '3', '3'), ('8462', '2743', '3', '4'), ('8463', '2807', '3', '1'), ('8464', '2842', '3', '1'), ('8465', '2847', '3', '5'), ('8466', '2869', '3', '4'), ('8467', '2676', '3', '5'), ('8468', '2711', '3', '3'), ('8469', '2738', '3', '4'), ('8470', '2866', '3', '3'), ('8471', '2621', '3', '3'), ('8472', '2635', '3', '4'), ('8473', '2761', '3', '2'), ('8474', '2859', '3', '2'), ('8475', '2654', '3', '4'), ('8476', '2771', '3', '5'), ('8477', '2856', '3', '3'), ('8478', '2685', '3', '2'), ('8479', '2793', '3', '5'), ('8480', '2904', '3', '3'), ('8481', '2639', '3', '1'), ('8482', '2658', '3', '3'), ('8483', '2830', '3', '3'), ('8484', '2834', '3', '4'), ('8485', '2863', '3', '2'), ('8486', '2663', '3', '2'), ('8487', '2803', '3', '2'), ('8488', '2888', '3', '3'), ('8489', '2890', '3', '3'), ('8490', '2715', '3', '2'), ('8491', '2728', '3', '1'), ('8492', '2737', '3', '3'), ('8493', '2853', '3', '3'), ('8494', '2883', '3', '2'), ('8495', '2895', '3', '2'), ('8496', '2901', '3', '4'), ('8497', '2910', '3', '1'), ('8498', '2736', '3', '4'), ('8499', '2808', '3', '1'), ('8500', '2844', '3', '4'), ('8501', '2908', '3', '4'), ('8502', '2670', '3', '2'), ('8503', '2775', '3', '3'), ('8504', '2823', '3', '5'), ('8505', '2851', '3', '3'), ('8506', '2689', '3', '2'), ('8507', '2777', '3', '3'), ('8508', '2791', '3', '2'), ('8509', '2814', '3', '3'), ('8510', '2849', '3', '4'), ('8511', '2734', '3', '4'), ('8512', '2794', '3', '2'), ('8513', '2712', '3', '3'), ('8514', '2768', '3', '4'), ('8515', '2774', '3', '4'), ('8516', '2625', '3', '2'), ('8517', '2648', '3', '3'), ('8518', '2897', '3', '4'), ('8519', '2628', '3', '2'), ('8520', '2637', '3', '3'), ('8521', '2646', '3', '2'), ('8522', '2723', '3', '2'), ('8523', '2806', '3', '5'), ('8524', '2815', '3', '2'), ('8525', '2911', '3', '4'), ('8526', '2697', '3', '4'), ('8527', '2754', '3', '4'), ('8528', '2765', '3', '2'), ('8529', '2767', '3', '1'), ('8530', '2782', '3', '2'), ('8531', '2783', '3', '2'), ('8532', '2850', '3', '4'), ('8533', '2687', '3', '1'), ('8534', '2756', '3', '4'), ('8535', '2770', '3', '4'), ('8536', '2836', '3', '5'), ('8537', '2875', '3', '4'), ('8538', '2623', '3', '3'), ('8539', '2633', '3', '4'), ('8540', '2698', '3', '3'), ('8541', '2700', '3', '2'), ('8542', '2749', '3', '3'), ('8543', '2780', '3', '3'), ('8544', '2796', '3', '4'), ('8545', '2872', '3', '4'), ('8546', '2632', '3', '2'), ('8547', '2677', '3', '2'), ('8548', '2758', '3', '4'), ('8549', '2763', '3', '4'), ('8550', '2726', '3', '1'), ('8551', '2781', '3', '3'), ('8552', '2802', '3', '2'), ('8553', '2833', '3', '4'), ('8554', '2624', '3', '2'), ('8555', '2772', '3', '1'), ('8556', '2891', '3', '2'), ('8557', '2892', '3', '3'), ('8558', '2660', '3', '5'), ('8559', '2702', '3', '4'), ('8560', '2710', '3', '4'), ('8561', '2739', '3', '3'), ('8562', '2755', '3', '3'), ('8563', '2714', '3', '4'), ('8564', '2884', '3', '2'), ('8565', '2899', '3', '2'), ('8566', '2902', '3', '3'), ('8567', '2798', '3', '3'), ('8568', '2800', '3', '1'), ('8569', '2829', '3', '5'), ('8570', '2858', '3', '3'), ('8571', '2896', '3', '1'), ('8572', '2905', '3', '4'), ('8573', '2655', '3', '2'), ('8574', '2795', '3', '3'), ('8575', '2816', '3', '4'), ('8576', '2661', '3', '5'), ('8577', '2664', '3', '3'), ('8578', '2759', '3', '3'), ('8579', '2801', '3', '5'), ('8580', '2840', '3', '3'), ('8581', '2617', '3', '4'), ('8582', '2618', '3', '5'), ('8583', '2688', '3', '4'), ('8584', '2699', '3', '1'), ('8585', '2760', '3', '1'), ('8586', '2846', '3', '2'), ('8587', '2652', '3', '4'), ('8588', '2686', '3', '2'), ('8589', '2784', '3', '1'), ('8590', '2787', '3', '3'), ('8591', '2889', '3', '3'), ('8592', '2707', '3', '2'), ('8593', '2719', '3', '3'), ('8594', '2831', '3', '2'), ('8595', '2878', '3', '3'), ('8596', '2636', '3', '2'), ('8597', '2692', '3', '3'), ('8598', '2730', '3', '3'), ('8599', '2792', '3', '4'), ('8600', '2619', '3', '3'), ('8601', '2750', '3', '4'), ('8602', '2812', '3', '2'), ('8603', '2826', '3', '4'), ('8604', '2909', '3', '2'), ('8605', '2627', '3', '4'), ('8606', '2662', '3', '4'), ('8607', '2753', '3', '2'), ('8608', '2821', '3', '4'), ('8609', '2653', '3', '3'), ('8610', '2912', '3', '3'), ('8611', '2690', '3', '4'), ('8612', '2701', '3', '4'), ('8613', '2747', '3', '1'), ('8614', '2820', '3', '4'), ('8615', '2640', '3', '4'), ('8616', '2703', '3', '3'), ('8617', '2717', '3', '3'), ('8618', '2864', '3', '4'), ('8619', '2622', '3', '4'), ('8620', '2797', '3', '1'), ('8621', '2614', '3', '5'), ('8622', '2860', '3', '5'), ('8623', '2865', '3', '3'), ('8624', '2873', '3', '3'), ('8625', '2746', '3', '1'), ('8626', '2805', '3', '1'), ('8627', '2818', '3', '2'), ('8628', '2828', '3', '3'), ('8629', '2620', '3', '2'), ('8630', '2741', '3', '1'), ('8631', '2837', '3', '2'), ('8632', '2843', '3', '5'), ('8633', '2898', '3', '5'), ('8634', '2641', '3', '5'), ('8635', '2779', '3', '4'), ('8636', '2870', '3', '4'), ('8637', '2880', '3', '4'), ('8638', '2642', '3', '4'), ('8639', '2659', '3', '2'), ('8640', '2706', '3', '3'), ('8641', '2744', '3', '2'), ('8642', '2748', '3', '4'), ('8643', '2827', '3', '4'), ('8644', '2667', '3', '2'), ('8645', '2704', '3', '2'), ('8646', '2725', '3', '2'), ('8647', '2752', '3', '3'), ('8648', '2773', '3', '1'), ('8649', '2811', '3', '5'), ('8650', '2882', '3', '2'), ('8651', '2709', '3', '2'), ('8652', '2727', '3', '4'), ('8653', '2855', '3', '4'), ('8865', '2647', '4', '4'), ('8866', '2757', '4', '3'), ('8867', '2769', '4', '5'), ('8868', '2817', '4', '3'), ('8869', '2822', '4', '3'), ('8870', '2832', '4', '2'), ('8871', '2841', '4', '1'), ('8872', '2861', '4', '2'), ('8873', '2675', '4', '3'), ('8874', '2809', '4', '2'), ('8875', '2824', '4', '1'), ('8876', '2650', '4', '5'), ('8877', '2668', '4', '3'), ('8878', '2713', '4', '4'), ('8879', '2735', '4', '4'), ('8880', '2785', '4', '4'), ('8881', '2813', '4', '3'), ('8882', '2678', '4', '4'), ('8883', '2694', '4', '4'), ('8884', '2716', '4', '4'), ('8885', '2745', '4', '2'), ('8886', '2893', '4', '1'), ('8887', '2645', '4', '3'), ('8888', '2681', '4', '1'), ('8889', '2693', '4', '2'), ('8890', '2766', '4', '4'), ('8891', '2778', '4', '5'), ('8892', '2835', '4', '3'), ('8893', '2871', '4', '1'), ('8894', '2631', '4', '2'), ('8895', '2672', '4', '4'), ('8896', '2810', '4', '2'), ('8897', '2825', '4', '3'), ('8898', '2845', '4', '4'), ('8899', '2877', '4', '2'), ('8900', '2629', '4', '3'), ('8901', '2669', '4', '3'), ('8902', '2705', '4', '2'), ('8903', '2819', '4', '2'), ('8904', '2886', '4', '2'), ('8905', '2913', '4', '3'), ('8906', '2680', '4', '4'), ('8907', '2682', '4', '1'), ('8908', '2724', '4', '2'), ('8909', '2874', '4', '3'), ('8910', '2900', '4', '3'), ('8911', '2673', '4', '3'), ('8912', '2790', '4', '3'), ('8913', '2906', '4', '2'), ('8914', '2665', '4', '2'), ('8915', '2674', '4', '1'), ('8916', '2683', '4', '2'), ('8917', '2708', '4', '3'), ('8918', '2720', '4', '2'), ('8919', '2721', '4', '4'), ('8920', '2799', '4', '2'), ('8921', '2649', '4', '5'), ('8922', '2733', '4', '4'), ('8923', '2764', '4', '3'), ('8924', '2838', '4', '1'), ('8925', '2848', '4', '4'), ('8926', '2854', '4', '2'), ('8927', '2644', '4', '3'), ('8928', '2691', '4', '5'), ('8929', '2776', '4', '5'), ('8930', '2879', '4', '4'), ('8931', '2887', '4', '4'), ('8932', '2634', '4', '5'), ('8933', '2679', '4', '2'), ('8934', '2731', '4', '4'), ('8935', '2788', '4', '2'), ('8936', '2894', '4', '4'), ('8937', '2630', '4', '4'), ('8938', '2696', '4', '4'), ('8939', '2852', '4', '3'), ('8940', '2876', '4', '4'), ('8941', '2684', '4', '1'), ('8942', '2718', '4', '3'), ('8943', '2786', '4', '2'), ('8944', '2868', '4', '3'), ('8945', '2638', '4', '1'), ('8946', '2656', '4', '3'), ('8947', '2695', '4', '5'), ('8948', '2729', '4', '1'), ('8949', '2742', '4', '3'), ('8950', '2762', '4', '3'), ('8951', '2867', '4', '2'), ('8952', '2903', '4', '4'), ('8953', '2722', '4', '1'), ('8954', '2732', '4', '1'), ('8955', '2751', '4', '5'), ('8956', '2789', '4', '4'), ('8957', '2857', '4', '5'), ('8958', '2616', '4', '3'), ('8959', '2626', '4', '4'), ('8960', '2657', '4', '2'), ('8961', '2804', '4', '1'), ('8962', '2651', '4', '4'), ('8963', '2862', '4', '2'), ('8964', '2881', '4', '3'), ('8965', '2885', '4', '4'), ('8966', '2907', '4', '3'), ('8967', '2615', '4', '2'), ('8968', '2643', '4', '3'), ('8969', '2666', '4', '1'), ('8970', '2671', '4', '1'), ('8971', '2839', '4', '2'), ('8972', '2740', '4', '3'), ('8973', '2743', '4', '5'), ('8974', '2807', '4', '2'), ('8975', '2842', '4', '4'), ('8976', '2847', '4', '2'), ('8977', '2869', '4', '4'), ('8978', '2676', '4', '3'), ('8979', '2711', '4', '4'), ('8980', '2738', '4', '4'), ('8981', '2866', '4', '1'), ('8982', '2621', '4', '5'), ('8983', '2635', '4', '3'), ('8984', '2761', '4', '4'), ('8985', '2859', '4', '3'), ('8986', '2654', '4', '2'), ('8987', '2771', '4', '2'), ('8988', '2856', '4', '5'), ('8989', '2685', '4', '3'), ('8990', '2793', '4', '2'), ('8991', '2904', '4', '2'), ('8992', '2639', '4', '5'), ('8993', '2658', '4', '5'), ('8994', '2830', '4', '1'), ('8995', '2834', '4', '1'), ('8996', '2863', '4', '1'), ('8997', '2663', '4', '3'), ('8998', '2803', '4', '4'), ('8999', '2888', '4', '4'), ('9000', '2890', '4', '4'), ('9001', '2715', '4', '2'), ('9002', '2728', '4', '2'), ('9003', '2737', '4', '4'), ('9004', '2853', '4', '4'), ('9005', '2883', '4', '4'), ('9006', '2895', '4', '2'), ('9007', '2901', '4', '5'), ('9008', '2910', '4', '2'), ('9009', '2736', '4', '1'), ('9010', '2808', '4', '2'), ('9011', '2844', '4', '1'), ('9012', '2908', '4', '3'), ('9013', '2670', '4', '3'), ('9014', '2775', '4', '3'), ('9015', '2823', '4', '1'), ('9016', '2851', '4', '5'), ('9017', '2689', '4', '4'), ('9018', '2777', '4', '4'), ('9019', '2791', '4', '3'), ('9020', '2814', '4', '4'), ('9021', '2849', '4', '4'), ('9022', '2734', '4', '2'), ('9023', '2794', '4', '2'), ('9024', '2712', '4', '2'), ('9025', '2768', '4', '1'), ('9026', '2774', '4', '2'), ('9027', '2625', '4', '2'), ('9028', '2648', '4', '4'), ('9029', '2897', '4', '1'), ('9030', '2628', '4', '5'), ('9031', '2637', '4', '2'), ('9032', '2646', '4', '2'), ('9033', '2723', '4', '3'), ('9034', '2806', '4', '1'), ('9035', '2815', '4', '4'), ('9036', '2911', '4', '3'), ('9037', '2697', '4', '4'), ('9038', '2754', '4', '4'), ('9039', '2765', '4', '2'), ('9040', '2767', '4', '3'), ('9041', '2782', '4', '4'), ('9042', '2783', '4', '3'), ('9043', '2850', '4', '1'), ('9044', '2687', '4', '4'), ('9045', '2756', '4', '3'), ('9046', '2770', '4', '2'), ('9047', '2836', '4', '4'), ('9048', '2875', '4', '5'), ('9049', '2623', '4', '4'), ('9050', '2633', '4', '2'), ('9051', '2698', '4', '2'), ('9052', '2700', '4', '2'), ('9053', '2749', '4', '1'), ('9054', '2780', '4', '2'), ('9055', '2796', '4', '5'), ('9056', '2872', '4', '4'), ('9057', '2632', '4', '3'), ('9058', '2677', '4', '3'), ('9059', '2758', '4', '2'), ('9060', '2763', '4', '3'), ('9061', '2726', '4', '3'), ('9062', '2781', '4', '4'), ('9063', '2802', '4', '2'), ('9064', '2833', '4', '2'), ('9065', '2624', '4', '2'), ('9066', '2772', '4', '2'), ('9067', '2891', '4', '1'), ('9068', '2892', '4', '3'), ('9069', '2660', '4', '2'), ('9070', '2702', '4', '4'), ('9071', '2710', '4', '1'), ('9072', '2739', '4', '5'), ('9073', '2755', '4', '4'), ('9074', '2714', '4', '3'), ('9075', '2884', '4', '3'), ('9076', '2899', '4', '2'), ('9077', '2902', '4', '4'), ('9078', '2798', '4', '2'), ('9079', '2800', '4', '3'), ('9080', '2829', '4', '3'), ('9081', '2858', '4', '2'), ('9082', '2896', '4', '4'), ('9083', '2905', '4', '1'), ('9084', '2655', '4', '1'), ('9085', '2795', '4', '2'), ('9086', '2816', '4', '1'), ('9087', '2661', '4', '4'), ('9088', '2664', '4', '3'), ('9089', '2759', '4', '5'), ('9090', '2801', '4', '3'), ('9091', '2840', '4', '2'), ('9092', '2617', '4', '3'), ('9093', '2618', '4', '3'), ('9094', '2688', '4', '5'), ('9095', '2699', '4', '5'), ('9096', '2760', '4', '2'), ('9097', '2846', '4', '5'), ('9098', '2652', '4', '4'), ('9099', '2686', '4', '4'), ('9100', '2784', '4', '1'), ('9101', '2787', '4', '5'), ('9102', '2889', '4', '3'), ('9103', '2707', '4', '4'), ('9104', '2719', '4', '4'), ('9105', '2831', '4', '5'), ('9106', '2878', '4', '3'), ('9107', '2636', '4', '1'), ('9108', '2692', '4', '3'), ('9109', '2730', '4', '4'), ('9110', '2792', '4', '3'), ('9111', '2619', '4', '4'), ('9112', '2750', '4', '3'), ('9113', '2812', '4', '2'), ('9114', '2826', '4', '4'), ('9115', '2909', '4', '4'), ('9116', '2627', '4', '2'), ('9117', '2662', '4', '3'), ('9118', '2753', '4', '5'), ('9119', '2821', '4', '2'), ('9120', '2653', '4', '5'), ('9121', '2912', '4', '5'), ('9122', '2690', '4', '4'), ('9123', '2701', '4', '2'), ('9124', '2747', '4', '3'), ('9125', '2820', '4', '5'), ('9126', '2640', '4', '2'), ('9127', '2703', '4', '2'), ('9128', '2717', '4', '4'), ('9129', '2864', '4', '2'), ('9130', '2622', '4', '2'), ('9131', '2797', '4', '2'), ('9132', '2614', '4', '4'), ('9133', '2860', '4', '5'), ('9134', '2865', '4', '3'), ('9135', '2873', '4', '3'), ('9136', '2746', '4', '3'), ('9137', '2805', '4', '3'), ('9138', '2818', '4', '4'), ('9139', '2828', '4', '2'), ('9140', '2620', '4', '3'), ('9141', '2741', '4', '3'), ('9142', '2837', '4', '3'), ('9143', '2843', '4', '4'), ('9144', '2898', '4', '4'), ('9145', '2641', '4', '3'), ('9146', '2779', '4', '5'), ('9147', '2870', '4', '3'), ('9148', '2880', '4', '2'), ('9149', '2642', '4', '5'), ('9150', '2659', '4', '1'), ('9151', '2706', '4', '4'), ('9152', '2744', '4', '5'), ('9153', '2748', '4', '4'), ('9154', '2827', '4', '2'), ('9155', '2667', '4', '3'), ('9156', '2704', '4', '2'), ('9157', '2725', '4', '2'), ('9158', '2752', '4', '2'), ('9159', '2773', '4', '5'), ('9160', '2811', '4', '5'), ('9161', '2882', '4', '5'), ('9162', '2709', '4', '4'), ('9163', '2727', '4', '5'), ('9164', '2855', '4', '4'), ('9376', '2647', '5', '3'), ('9377', '2757', '5', '3'), ('9378', '2769', '5', '4'), ('9379', '2817', '5', '3'), ('9380', '2822', '5', '5'), ('9381', '2832', '5', '1'), ('9382', '2841', '5', '5'), ('9383', '2861', '5', '2'), ('9384', '2675', '5', '5'), ('9385', '2809', '5', '4'), ('9386', '2824', '5', '2'), ('9387', '2650', '5', '3'), ('9388', '2668', '5', '2'), ('9389', '2713', '5', '1'), ('9390', '2735', '5', '4'), ('9391', '2785', '5', '3'), ('9392', '2813', '5', '3'), ('9393', '2678', '5', '3'), ('9394', '2694', '5', '1'), ('9395', '2716', '5', '1'), ('9396', '2745', '5', '5'), ('9397', '2893', '5', '4'), ('9398', '2645', '5', '1'), ('9399', '2681', '5', '1'), ('9400', '2693', '5', '4'), ('9401', '2766', '5', '4'), ('9402', '2778', '5', '4'), ('9403', '2835', '5', '4'), ('9404', '2871', '5', '2'), ('9405', '2631', '5', '5'), ('9406', '2672', '5', '2'), ('9407', '2810', '5', '1'), ('9408', '2825', '5', '3'), ('9409', '2845', '5', '3'), ('9410', '2877', '5', '3'), ('9411', '2629', '5', '1'), ('9412', '2669', '5', '2'), ('9413', '2705', '5', '4'), ('9414', '2819', '5', '2'), ('9415', '2886', '5', '5'), ('9416', '2913', '5', '1'), ('9417', '2680', '5', '2'), ('9418', '2682', '5', '1'), ('9419', '2724', '5', '3'), ('9420', '2874', '5', '4'), ('9421', '2900', '5', '4'), ('9422', '2673', '5', '2'), ('9423', '2790', '5', '2'), ('9424', '2906', '5', '4'), ('9425', '2665', '5', '1'), ('9426', '2674', '5', '5'), ('9427', '2683', '5', '4'), ('9428', '2708', '5', '1'), ('9429', '2720', '5', '4'), ('9430', '2721', '5', '2'), ('9431', '2799', '5', '1'), ('9432', '2649', '5', '2'), ('9433', '2733', '5', '3'), ('9434', '2764', '5', '4'), ('9435', '2838', '5', '5'), ('9436', '2848', '5', '4'), ('9437', '2854', '5', '3'), ('9438', '2644', '5', '3'), ('9439', '2691', '5', '2'), ('9440', '2776', '5', '1'), ('9441', '2879', '5', '3'), ('9442', '2887', '5', '2'), ('9443', '2634', '5', '2'), ('9444', '2679', '5', '4'), ('9445', '2731', '5', '2'), ('9446', '2788', '5', '5'), ('9447', '2894', '5', '4'), ('9448', '2630', '5', '4'), ('9449', '2696', '5', '5'), ('9450', '2852', '5', '3'), ('9451', '2876', '5', '1'), ('9452', '2684', '5', '2'), ('9453', '2718', '5', '2'), ('9454', '2786', '5', '5'), ('9455', '2868', '5', '1'), ('9456', '2638', '5', '2'), ('9457', '2656', '5', '4'), ('9458', '2695', '5', '3'), ('9459', '2729', '5', '2'), ('9460', '2742', '5', '2'), ('9461', '2762', '5', '4'), ('9462', '2867', '5', '4'), ('9463', '2903', '5', '3'), ('9464', '2722', '5', '2'), ('9465', '2732', '5', '3'), ('9466', '2751', '5', '1'), ('9467', '2789', '5', '5'), ('9468', '2857', '5', '2'), ('9469', '2616', '5', '2'), ('9470', '2626', '5', '3'), ('9471', '2657', '5', '4'), ('9472', '2804', '5', '1'), ('9473', '2651', '5', '1'), ('9474', '2862', '5', '1'), ('9475', '2881', '5', '3'), ('9476', '2885', '5', '4'), ('9477', '2907', '5', '4'), ('9478', '2615', '5', '2'), ('9479', '2643', '5', '2'), ('9480', '2666', '5', '2'), ('9481', '2671', '5', '1'), ('9482', '2839', '5', '5'), ('9483', '2740', '5', '2'), ('9484', '2743', '5', '1'), ('9485', '2807', '5', '3'), ('9486', '2842', '5', '4'), ('9487', '2847', '5', '2'), ('9488', '2869', '5', '2'), ('9489', '2676', '5', '5'), ('9490', '2711', '5', '3'), ('9491', '2738', '5', '1'), ('9492', '2866', '5', '3'), ('9493', '2621', '5', '3'), ('9494', '2635', '5', '3'), ('9495', '2761', '5', '2'), ('9496', '2859', '5', '2'), ('9497', '2654', '5', '1'), ('9498', '2771', '5', '2'), ('9499', '2856', '5', '2'), ('9500', '2685', '5', '4'), ('9501', '2793', '5', '5'), ('9502', '2904', '5', '3'), ('9503', '2639', '5', '2'), ('9504', '2658', '5', '5'), ('9505', '2830', '5', '5'), ('9506', '2834', '5', '1'), ('9507', '2863', '5', '3'), ('9508', '2663', '5', '4'), ('9509', '2803', '5', '3'), ('9510', '2888', '5', '2'), ('9511', '2890', '5', '2'), ('9512', '2715', '5', '3'), ('9513', '2728', '5', '3'), ('9514', '2737', '5', '3'), ('9515', '2853', '5', '3'), ('9516', '2883', '5', '4'), ('9517', '2895', '5', '1'), ('9518', '2901', '5', '2'), ('9519', '2910', '5', '4'), ('9520', '2736', '5', '3'), ('9521', '2808', '5', '2'), ('9522', '2844', '5', '4'), ('9523', '2908', '5', '4'), ('9524', '2670', '5', '2'), ('9525', '2775', '5', '5'), ('9526', '2823', '5', '5'), ('9527', '2851', '5', '4'), ('9528', '2689', '5', '4'), ('9529', '2777', '5', '4'), ('9530', '2791', '5', '2'), ('9531', '2814', '5', '2'), ('9532', '2849', '5', '4'), ('9533', '2734', '5', '4'), ('9534', '2794', '5', '2'), ('9535', '2712', '5', '5'), ('9536', '2768', '5', '2'), ('9537', '2774', '5', '5'), ('9538', '2625', '5', '1'), ('9539', '2648', '5', '4'), ('9540', '2897', '5', '2'), ('9541', '2628', '5', '3'), ('9542', '2637', '5', '3'), ('9543', '2646', '5', '3'), ('9544', '2723', '5', '2'), ('9545', '2806', '5', '5'), ('9546', '2815', '5', '4'), ('9547', '2911', '5', '5'), ('9548', '2697', '5', '4'), ('9549', '2754', '5', '4'), ('9550', '2765', '5', '3'), ('9551', '2767', '5', '2'), ('9552', '2782', '5', '3'), ('9553', '2783', '5', '2'), ('9554', '2850', '5', '4'), ('9555', '2687', '5', '4'), ('9556', '2756', '5', '3'), ('9557', '2770', '5', '2'), ('9558', '2836', '5', '3'), ('9559', '2875', '5', '3'), ('9560', '2623', '5', '2'), ('9561', '2633', '5', '2'), ('9562', '2698', '5', '2'), ('9563', '2700', '5', '5'), ('9564', '2749', '5', '3'), ('9565', '2780', '5', '1'), ('9566', '2796', '5', '4'), ('9567', '2872', '5', '2'), ('9568', '2632', '5', '3'), ('9569', '2677', '5', '2'), ('9570', '2758', '5', '2'), ('9571', '2763', '5', '2'), ('9572', '2726', '5', '1'), ('9573', '2781', '5', '5'), ('9574', '2802', '5', '2'), ('9575', '2833', '5', '1'), ('9576', '2624', '5', '1'), ('9577', '2772', '5', '2'), ('9578', '2891', '5', '5'), ('9579', '2892', '5', '5'), ('9580', '2660', '5', '4'), ('9581', '2702', '5', '2'), ('9582', '2710', '5', '4'), ('9583', '2739', '5', '3'), ('9584', '2755', '5', '5'), ('9585', '2714', '5', '2'), ('9586', '2884', '5', '5'), ('9587', '2899', '5', '1'), ('9588', '2902', '5', '3'), ('9589', '2798', '5', '3'), ('9590', '2800', '5', '3'), ('9591', '2829', '5', '3'), ('9592', '2858', '5', '2'), ('9593', '2896', '5', '4'), ('9594', '2905', '5', '5'), ('9595', '2655', '5', '2'), ('9596', '2795', '5', '1'), ('9597', '2816', '5', '1'), ('9598', '2661', '5', '1'), ('9599', '2664', '5', '3'), ('9600', '2759', '5', '3'), ('9601', '2801', '5', '4'), ('9602', '2840', '5', '2'), ('9603', '2617', '5', '3'), ('9604', '2618', '5', '1'), ('9605', '2688', '5', '3'), ('9606', '2699', '5', '3'), ('9607', '2760', '5', '2'), ('9608', '2846', '5', '5'), ('9609', '2652', '5', '5'), ('9610', '2686', '5', '4'), ('9611', '2784', '5', '3'), ('9612', '2787', '5', '1'), ('9613', '2889', '5', '2'), ('9614', '2707', '5', '2'), ('9615', '2719', '5', '2'), ('9616', '2831', '5', '2'), ('9617', '2878', '5', '3'), ('9618', '2636', '5', '2'), ('9619', '2692', '5', '2'), ('9620', '2730', '5', '4'), ('9621', '2792', '5', '3'), ('9622', '2619', '5', '4'), ('9623', '2750', '5', '1'), ('9624', '2812', '5', '2'), ('9625', '2826', '5', '4'), ('9626', '2909', '5', '1'), ('9627', '2627', '5', '3'), ('9628', '2662', '5', '5'), ('9629', '2753', '5', '2'), ('9630', '2821', '5', '4'), ('9631', '2653', '5', '2'), ('9632', '2912', '5', '1'), ('9633', '2690', '5', '2'), ('9634', '2701', '5', '3'), ('9635', '2747', '5', '5'), ('9636', '2820', '5', '4'), ('9637', '2640', '5', '4'), ('9638', '2703', '5', '1'), ('9639', '2717', '5', '3'), ('9640', '2864', '5', '5'), ('9641', '2622', '5', '3'), ('9642', '2797', '5', '4'), ('9643', '2614', '5', '1'), ('9644', '2860', '5', '1'), ('9645', '2865', '5', '1'), ('9646', '2873', '5', '1'), ('9647', '2746', '5', '1'), ('9648', '2805', '5', '1'), ('9649', '2818', '5', '2'), ('9650', '2828', '5', '3'), ('9651', '2620', '5', '3'), ('9652', '2741', '5', '1'), ('9653', '2837', '5', '4'), ('9654', '2843', '5', '2'), ('9655', '2898', '5', '5'), ('9656', '2641', '5', '3'), ('9657', '2779', '5', '5'), ('9658', '2870', '5', '4'), ('9659', '2880', '5', '4'), ('9660', '2642', '5', '5'), ('9661', '2659', '5', '2'), ('9662', '2706', '5', '2'), ('9663', '2744', '5', '1'), ('9664', '2748', '5', '2'), ('9665', '2827', '5', '3'), ('9666', '2667', '5', '5'), ('9667', '2704', '5', '2'), ('9668', '2725', '5', '4'), ('9669', '2752', '5', '1'), ('9670', '2773', '5', '4'), ('9671', '2811', '5', '4'), ('9672', '2882', '5', '1'), ('9673', '2709', '5', '2'), ('9674', '2727', '5', '3'), ('9675', '2855', '5', '5');
COMMIT;

-- ----------------------------
--  Table structure for `resource_type`
-- ----------------------------
DROP TABLE IF EXISTS `resource_type`;
CREATE TABLE `resource_type` (
  `id` char(1) NOT NULL,
  `name` varchar(100) NOT NULL,
  `summary` varchar(500) DEFAULT NULL,
  `description` varchar(5000) DEFAULT NULL,
  PRIMARY KEY (`id`),
  UNIQUE KEY `id` (`id`)
) ENGINE=InnoDB DEFAULT CHARSET=utf8 ROW_FORMAT=COMPACT;

-- ----------------------------
--  Records of `resource_type`
-- ----------------------------
BEGIN;
INSERT INTO `resource_type` VALUES ('T', 'Template', 'Local HTML template file.', null), ('W', 'Web', 'Web URL.', null);
COMMIT;

-- ----------------------------
--  Table structure for `role`
-- ----------------------------
DROP TABLE IF EXISTS `role`;
CREATE TABLE `role` (
  `id` char(1) NOT NULL,
  `name` varchar(100) NOT NULL,
  `app_role_id` char(1) NOT NULL,
  `summary` varchar(500) DEFAULT NULL,
  `description` varchar(5000) DEFAULT NULL,
  PRIMARY KEY (`id`)
) ENGINE=InnoDB DEFAULT CHARSET=utf8 ROW_FORMAT=COMPACT;

-- ----------------------------
--  Records of `role`
-- ----------------------------
BEGIN;
INSERT INTO `role` VALUES ('A', 'Executive', 'A', null, null), ('M', 'Nurse Manager', 'M', null, null), ('N', 'Nurse', 'P', null, null), ('P', 'Physician\'s Assistant', 'P', null, null), ('S', 'Sysadmin', 'S', null, null);
COMMIT;

-- ----------------------------
--  Procedure structure for `getOrgDescendantIds`
-- ----------------------------
DROP PROCEDURE IF EXISTS `getOrgDescendantIds`;
delimiter ;;
CREATE DEFINER=`root`@`localhost` PROCEDURE `getOrgDescendantIds`(IN pOrgId INT, OUT pDescendantIds TEXT)
BEGIN
    DECLARE vDone INT DEFAULT 0;
    DECLARE vChildId INT DEFAULT NULL;
    DECLARE vDescendantIds TEXT DEFAULT '';
    DECLARE vNumItems INT DEFAULT 0;
    DECLARE vItem TEXT DEFAULT '';
    DECLARE vI INT DEFAULT 0;
    DECLARE curs CURSOR FOR SELECT id FROM organization WHERE parent_id = pOrgId;
    DECLARE CONTINUE HANDLER FOR NOT FOUND SET vDone = 1;

    SET max_sp_recursion_depth = 255;
    IF pDescendantIds IS NULL THEN
      SET pDescendantIds = '';
    END IF;
    OPEN curs;
    REPEAT
      FETCH curs INTO vChildId;
      IF vChildId IS NOT NULL THEN
        IF LENGTH(pDescendantIds) > 0 THEN
          IF FIND_IN_SET(vChildId, pDescendantIds) <= 0 THEN
            SET pDescendantIds = CONCAT(pDescendantIds, ',', vChildId);
          END IF;
        ELSE
          SET pDescendantIds = vChildId;
        END IF;
        CALL getOrgDescendantIds(vChildId, vDescendantIds);
        IF LENGTH(vDescendantIds) > 0 THEN
          SET vNumItems = SubstrCount(',', vDescendantIds);
          IF (vNumItems > 0) THEN
            SET vI = 1;
            REPEAT
              SET vItem = splitStrAt(vDescendantIds, ',', vI);
              SET pDescendantIds = CONCAT(pDescendantIds, ',', vItem);
              SET vI = vI + 1;
            UNTIL vI > vNumItems END REPEAT;
          ELSE
            SET pDescendantIds = pDescendantIds;
          END IF;
        ELSE
          SET pDescendantIds = pDescendantIds;
        END IF;
      END IF;
    UNTIL vDone END REPEAT;
    CLOSE curs;
  END
 ;;
delimiter ;

-- ----------------------------
--  Function structure for `nOrgChildren`
-- ----------------------------
DROP FUNCTION IF EXISTS `nOrgChildren`;
delimiter ;;
CREATE DEFINER=`root`@`localhost` FUNCTION `nOrgChildren`(pOrgId INT) RETURNS int(11)
    DETERMINISTIC
BEGIN
    DECLARE cnt INT DEFAULT 0;
    SELECT COUNT(id) INTO cnt FROM organization WHERE parent_id=pOrgId;
    RETURN cnt;
  END
 ;;
delimiter ;

-- ----------------------------
--  Function structure for `RandomInt`
-- ----------------------------
DROP FUNCTION IF EXISTS `RandomInt`;
delimiter ;;
CREATE DEFINER=`root`@`localhost` FUNCTION `RandomInt`(minVal INT, maxVal INT) RETURNS int(11)
BEGIN
    RETURN (minVal + FLOOR(RAND() * ((maxVal - minVal)+1)));
  END
 ;;
delimiter ;

-- ----------------------------
--  Function structure for `retrieveOrgAncestorIds`
-- ----------------------------
DROP FUNCTION IF EXISTS `retrieveOrgAncestorIds`;
delimiter ;;
CREATE DEFINER=`root`@`localhost` FUNCTION `retrieveOrgAncestorIds`(leafId INT) RETURNS varchar(1000) CHARSET utf8
BEGIN
    DECLARE sTemp VARCHAR(1000);
    DECLARE sTempChd VARCHAR(1000);

    SET sTemp = '';
    SET sTempChd = cast(leafId AS CHAR);

    WHILE sTempChd IS NOT NULL DO
      IF LENGTH(sTemp) > 0
      THEN
        SET sTemp = concat(sTempChd, ',', sTemp);
      ELSE
        SET sTemp = sTempChd;
      END IF;
      SELECT parent_id INTO sTempChd FROM organization WHERE id = sTempChd;
    END WHILE;
    RETURN sTemp;
  END
 ;;
delimiter ;

-- ----------------------------
--  Function structure for `retrieveOrgDescendantIds`
-- ----------------------------
DROP FUNCTION IF EXISTS `retrieveOrgDescendantIds`;
delimiter ;;
CREATE DEFINER=`root`@`localhost` FUNCTION `retrieveOrgDescendantIds`(rootId INT) RETURNS varchar(1000) CHARSET utf8
BEGIN
    DECLARE sTemp VARCHAR(1000);
    DECLARE sTempChd VARCHAR(1000);

    SET sTemp = '';
    SET sTempChd = cast(rootId AS CHAR);

    WHILE sTempChd IS NOT NULL DO
      IF LENGTH(sTemp) > 0
      THEN
        SET sTemp = concat(sTemp, ',', sTempChd);
      ELSE
        SET sTemp = concat(sTemp, sTempChd);
      END IF;
      SELECT group_concat(id) INTO sTempChd FROM organization WHERE FIND_IN_SET(parent_id, sTempChd) > 0;
    END WHILE;
    RETURN sTemp;
  END
 ;;
delimiter ;

-- ----------------------------
--  Function structure for `retrieveOrgSubParentId`
-- ----------------------------
DROP FUNCTION IF EXISTS `retrieveOrgSubParentId`;
delimiter ;;
CREATE DEFINER=`root`@`localhost` FUNCTION `retrieveOrgSubParentId`(pTopId INT, pOrgId INT) RETURNS int(11)
BEGIN
    DECLARE vAncestorIds VARCHAR(1000);
    DECLARE vNumIDs INT;
    DECLARE vIdx INT;
    DECLARE vID VARCHAR(50);
    DECLARE vTopFound BOOL;

    SET vAncestorIds = retrieveOrgAncestorIds(pOrgId);
    SET vNumIDs = substrCount(',', vAncestorIds) + 1;
    SET vIdx = 1;
    SET vTopFound = FALSE;
    WHILE vIdx <= vNumIDs DO
      SET vID = CAST(splitStrAt(vAncestorIds, ',', vIdx) AS UNSIGNED);
      IF vID = pTopId
      THEN
        SET vTopFound = TRUE;
      ELSE
        IF vTopFound
        THEN
          RETURN vID;
        END IF;
      END IF;
      SET vIdx = vIdx + 1;
    END WHILE;
    RETURN 0;
  END
 ;;
delimiter ;

-- ----------------------------
--  Function structure for `retrieveOrgSubParentName`
-- ----------------------------
DROP FUNCTION IF EXISTS `retrieveOrgSubParentName`;
delimiter ;;
CREATE DEFINER=`root`@`localhost` FUNCTION `retrieveOrgSubParentName`(pTopId INT, pOrgId INT) RETURNS text CHARSET utf8
BEGIN
    DECLARE vAncestorIds VARCHAR(1000);
    DECLARE vNumIDs INT;
    DECLARE vIdx INT;
    DECLARE vID VARCHAR(50);
    DECLARE vTopFound BOOL;
    DECLARE vName TEXT;

    SET vAncestorIds = retrieveOrgAncestorIds(pOrgId);
    SET vNumIDs = substrCount(',', vAncestorIds) + 1;
    SET vIdx = 1;
    SET vTopFound = FALSE;
    WHILE vIdx <= vNumIDs DO
      SET vID = CAST(splitStrAt(vAncestorIds, ',', vIdx) AS UNSIGNED);
      IF vID = pTopId
      THEN
        SET vTopFound = TRUE;
      ELSE
        IF vTopFound
        THEN
          SELECT name INTO vName FROM organization WHERE id=vID;
          RETURN vName;
        END IF;
      END IF;
      SET vIdx = vIdx + 1;
    END WHILE;
    RETURN NULL;
  END
 ;;
delimiter ;

-- ----------------------------
--  Function structure for `splitStrAt`
-- ----------------------------
DROP FUNCTION IF EXISTS `splitStrAt`;
delimiter ;;
CREATE DEFINER=`root`@`localhost` FUNCTION `splitStrAt`(x VARCHAR(255), delim VARCHAR(12), pos INT) RETURNS varchar(255) CHARSET utf8
RETURN REPLACE(SUBSTRING(SUBSTRING_INDEX(x, delim, pos), LENGTH(SUBSTRING_INDEX(x, delim, pos - 1)) + 1), delim, '')
 ;;
delimiter ;

-- ----------------------------
--  Function structure for `substrCount`
-- ----------------------------
DROP FUNCTION IF EXISTS `substrCount`;
delimiter ;;
CREATE DEFINER=`root`@`localhost` FUNCTION `substrCount`(ch CHAR, str TEXT) RETURNS int(11)
    DETERMINISTIC
BEGIN
    RETURN (LENGTH(str) - LENGTH(REPLACE(str, ch, '')));
  END
 ;;
delimiter ;

SET FOREIGN_KEY_CHECKS = 1;
