/*
 Navicat MySQL Data Transfer

 Source Server         : localhost
 Source Server Type    : MySQL
 Source Server Version : 50713
 Source Host           : localhost
 Source Database       : cogentqi_v1_hospitality

 Target Server Type    : MySQL
 Target Server Version : 50713
 File Encoding         : utf-8

 Date: 07/29/2016 21:23:35 PM
*/

SET NAMES utf8mb4;
SET FOREIGN_KEY_CHECKS = 0;

-- ----------------------------
--  Table structure for `_db_update`
-- ----------------------------
DROP TABLE IF EXISTS `_db_update`;
CREATE TABLE `_db_update` (
  `script_name` varchar(100) NOT NULL,
  `runOn` timestamp NOT NULL DEFAULT CURRENT_TIMESTAMP,
  PRIMARY KEY (`script_name`),
  UNIQUE KEY `script_name` (`script_name`)
) ENGINE=InnoDB DEFAULT CHARSET=utf8 ROW_FORMAT=COMPACT;

-- ----------------------------
--  Records of `_db_update`
-- ----------------------------
BEGIN;
INSERT INTO `_db_update` VALUES ('0001-RecommendationFields.sql', '2015-11-25 10:58:58'), ('0002-AppRole.sql', '2015-11-26 15:22:16'), ('0003-RoleAgain.sql', '2015-11-28 21:31:22'), ('0004-Events.sql', '2015-12-10 13:29:40'), ('0006-Badges.sql', '2015-12-16 17:16:02'), ('0008-ResponseTimestamp.sql', '2016-01-03 19:28:12'), ('0009-EventOutcomeRecommendations.sql', '2016-01-30 13:57:50'), ('0010-ChangeLevelType.sql', '2016-02-01 19:39:04');
COMMIT;

-- ----------------------------
--  Table structure for `algorithm_usage`
-- ----------------------------
DROP TABLE IF EXISTS `algorithm_usage`;
CREATE TABLE `algorithm_usage` (
  `id` char(1) NOT NULL,
  `name` varchar(100) NOT NULL,
  `description` varchar(5000) DEFAULT NULL,
  `summary` varchar(500) DEFAULT NULL,
  PRIMARY KEY (`id`)
) ENGINE=InnoDB DEFAULT CHARSET=utf8 ROW_FORMAT=COMPACT;

-- ----------------------------
--  Records of `algorithm_usage`
-- ----------------------------
BEGIN;
INSERT INTO `algorithm_usage` VALUES ('N', 'None', null, null), ('R', 'Recommendations', null, null);
COMMIT;

-- ----------------------------
--  Table structure for `assessment`
-- ----------------------------
DROP TABLE IF EXISTS `assessment`;
CREATE TABLE `assessment` (
  `id` int(11) NOT NULL AUTO_INCREMENT,
  `instrument_id` int(11) NOT NULL,
  `member_id` int(11) NOT NULL,
  `assessor_id` int(11) DEFAULT NULL,
  `last_saved` datetime NOT NULL DEFAULT CURRENT_TIMESTAMP,
  `last_modified` timestamp NOT NULL DEFAULT CURRENT_TIMESTAMP,
  `assessor_comments` longtext,
  `member_comments` text,
  `score` double DEFAULT NULL,
  `rank` int(11) DEFAULT NULL,
  `edit_status` char(1) DEFAULT 'A',
  `view_status` char(1) DEFAULT 'A',
  `instrument_schedule_id` int(11) NOT NULL,
  PRIMARY KEY (`id`),
  KEY `instrument_id_index` (`instrument_id`),
  KEY `member_id_index` (`member_id`),
  KEY `by_member_id_index` (`assessor_id`),
  KEY `instrument_schedule_id` (`instrument_schedule_id`),
  CONSTRAINT `assessment_ibfk_1` FOREIGN KEY (`member_id`) REFERENCES `member` (`id`),
  CONSTRAINT `assessment_ibfk_2` FOREIGN KEY (`assessor_id`) REFERENCES `member` (`id`),
  CONSTRAINT `assessment_ibfk_3` FOREIGN KEY (`instrument_id`) REFERENCES `instrument` (`id`),
  CONSTRAINT `assessment_ibfk_4` FOREIGN KEY (`instrument_schedule_id`) REFERENCES `instrument_schedule` (`id`),
  CONSTRAINT `assessment_ibfk_5` FOREIGN KEY (`instrument_schedule_id`) REFERENCES `instrument_schedule` (`id`),
  CONSTRAINT `assessment_ibfk_6` FOREIGN KEY (`instrument_schedule_id`) REFERENCES `instrument_schedule` (`id`)
) ENGINE=InnoDB AUTO_INCREMENT=939 DEFAULT CHARSET=utf8 ROW_FORMAT=COMPACT;

-- ----------------------------
--  Records of `assessment`
-- ----------------------------
BEGIN;
INSERT INTO `assessment` VALUES ('718', '1', '7', '33', '2015-03-16 11:57:50', '2015-03-16 11:57:50', 'We are seeing significant improvement since the last evaluation.', 'I feel as though I am on track.', null, null, 'A', 'A', '1'), ('719', '1', '9', '33', '2015-03-31 11:57:50', '2015-03-31 11:57:50', 'We are seeing significant improvement since the last evaluation.', 'I feel as though I am on track.', null, null, 'A', 'A', '1'), ('720', '1', '10', '33', '2015-01-26 11:57:50', '2015-01-26 11:57:50', 'We are seeing significant improvement since the last evaluation.', 'I feel as though I am on track.', null, null, 'A', 'A', '1'), ('721', '1', '11', '33', '2015-02-28 11:57:50', '2015-02-28 11:57:50', 'We are seeing significant improvement since the last evaluation.', 'I feel as though I am on track.', null, null, 'A', 'A', '1'), ('722', '1', '12', '4', '2015-01-18 11:57:50', '2015-01-18 11:57:50', 'We are seeing significant improvement since the last evaluation.', 'I feel as though I am on track.', null, null, 'A', 'A', '1'), ('723', '1', '13', '5', '2015-01-13 11:57:50', '2015-01-13 11:57:50', 'We are seeing significant improvement since the last evaluation.', 'I feel as though I am on track.', null, null, 'A', 'A', '1'), ('724', '1', '17', '33', '2015-01-12 11:57:50', '2015-01-12 11:57:50', 'We are seeing significant improvement since the last evaluation.', 'I feel as though I am on track.', null, null, 'A', 'A', '1'), ('725', '1', '18', '31', '2015-01-21 11:57:50', '2015-01-21 11:57:50', 'We are seeing significant improvement since the last evaluation.', 'I feel as though I am on track.', null, null, 'A', 'A', '1'), ('726', '1', '20', '32', '2015-03-11 11:57:50', '2015-03-11 11:57:50', 'We are seeing significant improvement since the last evaluation.', 'I feel as though I am on track.', null, null, 'A', 'A', '1'), ('727', '1', '21', '33', '2015-03-30 11:57:50', '2015-03-30 11:57:50', 'We are seeing significant improvement since the last evaluation.', 'I feel as though I am on track.', null, null, 'A', 'A', '1'), ('728', '1', '22', '31', '2015-02-03 11:57:50', '2015-02-03 11:57:50', 'We are seeing significant improvement since the last evaluation.', 'I feel as though I am on track.', null, null, 'A', 'A', '1'), ('729', '1', '23', '33', '2015-01-03 11:57:50', '2015-01-03 11:57:50', 'We are seeing significant improvement since the last evaluation.', 'I feel as though I am on track.', null, null, 'A', 'A', '1'), ('730', '1', '24', '32', '2015-01-12 11:57:50', '2015-01-12 11:57:50', 'We are seeing significant improvement since the last evaluation.', 'I feel as though I am on track.', null, null, 'A', 'A', '1'), ('731', '1', '25', '5', '2015-02-24 11:57:50', '2015-02-24 11:57:50', 'We are seeing significant improvement since the last evaluation.', 'I feel as though I am on track.', null, null, 'A', 'A', '1'), ('732', '1', '26', '31', '2015-02-07 11:57:50', '2015-02-07 11:57:50', 'We are seeing significant improvement since the last evaluation.', 'I feel as though I am on track.', null, null, 'A', 'A', '1'), ('733', '1', '27', '5', '2015-01-25 11:57:50', '2015-01-25 11:57:50', 'We are seeing significant improvement since the last evaluation.', 'I feel as though I am on track.', null, null, 'A', 'A', '1'), ('734', '1', '28', '33', '2015-01-10 11:57:50', '2015-01-10 11:57:50', 'We are seeing significant improvement since the last evaluation.', 'I feel as though I am on track.', null, null, 'A', 'A', '1'), ('735', '1', '29', '33', '2015-03-19 11:57:50', '2015-03-19 11:57:50', 'We are seeing significant improvement since the last evaluation.', 'I feel as though I am on track.', null, null, 'A', 'A', '1'), ('736', '1', '30', '4', '2015-03-02 11:57:50', '2015-03-02 11:57:50', 'We are seeing significant improvement since the last evaluation.', 'I feel as though I am on track.', null, null, 'A', 'A', '1'), ('749', '1', '7', '33', '2015-06-18 11:57:50', '2015-06-18 11:57:50', 'We are seeing significant improvement since the last evaluation.', 'I feel as though I am on track.', null, null, 'A', 'A', '1'), ('750', '1', '9', '5', '2015-06-11 11:57:50', '2015-06-11 11:57:50', 'We are seeing significant improvement since the last evaluation.', 'I feel as though I am on track.', null, null, 'A', 'A', '1'), ('751', '1', '10', '33', '2015-04-14 11:57:50', '2015-04-14 11:57:50', 'We are seeing significant improvement since the last evaluation.', 'I feel as though I am on track.', null, null, 'A', 'A', '1'), ('752', '1', '11', '31', '2015-05-15 11:57:50', '2015-05-15 11:57:50', 'We are seeing significant improvement since the last evaluation.', 'I feel as though I am on track.', null, null, 'A', 'A', '1'), ('753', '1', '12', '5', '2015-06-12 11:57:50', '2015-06-12 11:57:50', 'We are seeing significant improvement since the last evaluation.', 'I feel as though I am on track.', null, null, 'A', 'A', '1'), ('754', '1', '13', '5', '2015-04-17 11:57:50', '2015-04-17 11:57:50', 'We are seeing significant improvement since the last evaluation.', 'I feel as though I am on track.', null, null, 'A', 'A', '1'), ('755', '1', '17', '4', '2015-05-30 11:57:50', '2015-05-30 11:57:50', 'We are seeing significant improvement since the last evaluation.', 'I feel as though I am on track.', null, null, 'A', 'A', '1'), ('756', '1', '18', '32', '2015-05-06 11:57:50', '2015-05-06 11:57:50', 'We are seeing significant improvement since the last evaluation.', 'I feel as though I am on track.', null, null, 'A', 'A', '1'), ('757', '1', '20', '31', '2015-06-30 11:57:50', '2015-06-30 11:57:50', 'We are seeing significant improvement since the last evaluation.', 'I feel as though I am on track.', null, null, 'A', 'A', '1'), ('758', '1', '21', '32', '2015-05-05 11:57:50', '2015-05-05 11:57:50', 'We are seeing significant improvement since the last evaluation.', 'I feel as though I am on track.', null, null, 'A', 'A', '1'), ('759', '1', '22', '32', '2015-07-02 11:57:50', '2015-07-02 11:57:50', 'We are seeing significant improvement since the last evaluation.', 'I feel as though I am on track.', null, null, 'A', 'A', '1'), ('760', '1', '23', '5', '2015-05-19 11:57:50', '2015-05-19 11:57:50', 'We are seeing significant improvement since the last evaluation.', 'I feel as though I am on track.', null, null, 'A', 'A', '1'), ('761', '1', '24', '4', '2015-05-26 11:57:50', '2015-05-26 11:57:50', 'We are seeing significant improvement since the last evaluation.', 'I feel as though I am on track.', null, null, 'A', 'A', '1'), ('762', '1', '25', '4', '2015-04-25 11:57:50', '2015-04-25 11:57:50', 'We are seeing significant improvement since the last evaluation.', 'I feel as though I am on track.', null, null, 'A', 'A', '1'), ('763', '1', '26', '33', '2015-05-15 11:57:50', '2015-05-15 11:57:50', 'We are seeing significant improvement since the last evaluation.', 'I feel as though I am on track.', null, null, 'A', 'A', '1'), ('764', '1', '27', '32', '2015-05-13 11:57:50', '2015-05-13 11:57:50', 'We are seeing significant improvement since the last evaluation.', 'I feel as though I am on track.', null, null, 'A', 'A', '1'), ('765', '1', '28', '32', '2015-06-08 11:57:50', '2015-06-08 11:57:50', 'We are seeing significant improvement since the last evaluation.', 'I feel as though I am on track.', null, null, 'A', 'A', '1'), ('766', '1', '29', '4', '2015-07-17 11:57:50', '2015-07-17 11:57:50', 'We are seeing significant improvement since the last evaluation.', 'I feel as though I am on track.', null, null, 'A', 'A', '1'), ('767', '1', '30', '5', '2015-04-17 11:57:50', '2015-04-17 11:57:50', 'We are seeing significant improvement since the last evaluation.', 'I feel as though I am on track.', null, null, 'A', 'A', '1'), ('780', '1', '7', '4', '2015-09-04 11:57:50', '2015-09-04 11:57:50', 'We are seeing significant improvement since the last evaluation.', 'I feel as though I am on track.', null, null, 'A', 'A', '1'), ('781', '1', '9', '33', '2015-08-03 11:57:50', '2015-08-03 11:57:50', 'We are seeing significant improvement since the last evaluation.', 'I feel as though I am on track.', null, null, 'A', 'A', '1'), ('782', '1', '10', '4', '2015-08-23 11:57:50', '2015-08-23 11:57:50', 'We are seeing significant improvement since the last evaluation.', 'I feel as though I am on track.', null, null, 'A', 'A', '1'), ('783', '1', '11', '33', '2015-08-19 11:57:50', '2015-08-19 11:57:50', 'We are seeing significant improvement since the last evaluation.', 'I feel as though I am on track.', null, null, 'A', 'A', '1'), ('784', '1', '12', '32', '2015-09-07 11:57:50', '2015-09-07 11:57:50', 'We are seeing significant improvement since the last evaluation.', 'I feel as though I am on track.', null, null, 'A', 'A', '1'), ('785', '1', '13', '32', '2015-09-14 11:57:50', '2015-09-14 11:57:50', 'We are seeing significant improvement since the last evaluation.', 'I feel as though I am on track.', null, null, 'A', 'A', '1'), ('786', '1', '17', '5', '2015-08-24 11:57:50', '2015-08-24 11:57:50', 'We are seeing significant improvement since the last evaluation.', 'I feel as though I am on track.', null, null, 'A', 'A', '1'), ('787', '1', '18', '5', '2015-07-30 11:57:50', '2015-07-30 11:57:50', 'We are seeing significant improvement since the last evaluation.', 'I feel as though I am on track.', null, null, 'A', 'A', '1'), ('788', '1', '20', '31', '2015-09-04 11:57:50', '2015-09-04 11:57:50', 'We are seeing significant improvement since the last evaluation.', 'I feel as though I am on track.', null, null, 'A', 'A', '1'), ('789', '1', '21', '5', '2015-07-19 11:57:50', '2015-07-19 11:57:50', 'We are seeing significant improvement since the last evaluation.', 'I feel as though I am on track.', null, null, 'A', 'A', '1'), ('790', '1', '22', '32', '2015-09-20 11:57:50', '2015-09-20 11:57:50', 'We are seeing significant improvement since the last evaluation.', 'I feel as though I am on track.', null, null, 'A', 'A', '1'), ('791', '1', '23', '5', '2015-08-01 11:57:50', '2015-08-01 11:57:50', 'We are seeing significant improvement since the last evaluation.', 'I feel as though I am on track.', null, null, 'A', 'A', '1'), ('792', '1', '24', '31', '2015-10-06 11:57:50', '2015-10-06 11:57:50', 'We are seeing significant improvement since the last evaluation.', 'I feel as though I am on track.', null, null, 'A', 'A', '1'), ('793', '1', '25', '32', '2015-09-11 11:57:50', '2015-09-11 11:57:50', 'We are seeing significant improvement since the last evaluation.', 'I feel as though I am on track.', null, null, 'A', 'A', '1'), ('794', '1', '26', '4', '2015-08-23 11:57:50', '2015-08-23 11:57:50', 'We are seeing significant improvement since the last evaluation.', 'I feel as though I am on track.', null, null, 'A', 'A', '1'), ('795', '1', '27', '32', '2015-08-03 11:57:50', '2015-08-03 11:57:50', 'We are seeing significant improvement since the last evaluation.', 'I feel as though I am on track.', null, null, 'A', 'A', '1'), ('796', '1', '28', '31', '2015-09-24 11:57:50', '2015-09-24 11:57:50', 'We are seeing significant improvement since the last evaluation.', 'I feel as though I am on track.', null, null, 'A', 'A', '1'), ('797', '1', '29', '4', '2015-10-21 11:57:50', '2015-10-21 11:57:50', 'We are seeing significant improvement since the last evaluation.', 'I feel as though I am on track.', null, null, 'A', 'A', '1'), ('798', '1', '30', '33', '2015-09-23 11:57:50', '2015-09-23 11:57:50', 'We are seeing significant improvement since the last evaluation.', 'I feel as though I am on track.', null, null, 'A', 'A', '1'), ('811', '1', '29', '31', '2015-11-02 11:57:50', '2015-11-02 11:57:50', 'We are seeing significant improvement since the last evaluation.', 'I feel as though I am on track.', null, null, 'A', 'A', '1'), ('812', '1', '28', '32', '2015-11-23 11:57:50', '2015-11-23 11:57:50', 'We are seeing significant improvement since the last evaluation.', 'I feel as though I am on track.', null, null, 'A', 'A', '1'), ('813', '1', '30', '4', '2015-11-27 11:57:50', '2015-11-27 11:57:50', 'We are seeing significant improvement since the last evaluation.', 'I feel as though I am on track.', null, null, 'A', 'A', '1'), ('814', '1', '11', '31', '2015-12-03 11:57:50', '2015-12-03 11:57:50', 'We are seeing significant improvement since the last evaluation.', 'I feel as though I am on track.', null, null, 'A', 'A', '1'), ('815', '1', '24', '31', '2015-12-01 11:57:50', '2015-12-01 11:57:50', 'We are seeing significant improvement since the last evaluation.', 'I feel as though I am on track.', null, null, 'A', 'A', '1'), ('816', '1', '12', '5', '2015-12-09 11:57:50', '2015-12-09 11:57:50', 'We are seeing significant improvement since the last evaluation.', 'I feel as though I am on track.', null, null, 'A', 'A', '1'), ('817', '1', '25', '32', '2015-12-05 11:57:50', '2015-12-05 11:57:50', 'We are seeing significant improvement since the last evaluation.', 'I feel as though I am on track.', null, null, 'A', 'A', '1'), ('818', '1', '7', '32', '2015-11-25 11:57:50', '2015-11-25 11:57:50', 'We are seeing significant improvement since the last evaluation.', 'I feel as though I am on track.', null, null, 'A', 'A', '1'), ('819', '1', '21', '33', '2015-12-02 11:57:50', '2015-12-02 11:57:50', 'We are seeing significant improvement since the last evaluation.', 'I feel as though I am on track.', null, null, 'A', 'A', '1'), ('820', '1', '27', '5', '2015-12-01 11:57:50', '2015-12-01 11:57:50', 'We are seeing significant improvement since the last evaluation.', 'I feel as though I am on track.', null, null, 'A', 'A', '1'), ('826', '2', '6', '25', '2015-03-30 11:57:51', '2015-03-30 11:57:51', 'We are seeing significant improvement since the last evaluation.', 'I feel as though I am on track.', null, null, 'A', 'A', '2'), ('827', '2', '8', '11', '2015-01-23 11:57:51', '2015-01-23 11:57:51', 'We are seeing significant improvement since the last evaluation.', 'I feel as though I am on track.', null, null, 'A', 'A', '2'), ('828', '2', '14', '26', '2015-02-15 11:57:51', '2015-02-15 11:57:51', 'We are seeing significant improvement since the last evaluation.', 'I feel as though I am on track.', null, null, 'A', 'A', '2'), ('829', '2', '15', '26', '2015-03-05 11:57:51', '2015-03-05 11:57:51', 'We are seeing significant improvement since the last evaluation.', 'I feel as though I am on track.', null, null, 'A', 'A', '2'), ('830', '2', '16', '20', '2015-03-24 11:57:51', '2015-03-24 11:57:51', 'We are seeing significant improvement since the last evaluation.', 'I feel as though I am on track.', null, null, 'A', 'A', '2'), ('833', '2', '6', '17', '2015-04-30 11:57:51', '2015-04-30 11:57:51', 'We are seeing significant improvement since the last evaluation.', 'I feel as though I am on track.', null, null, 'A', 'A', '2'), ('834', '2', '8', '20', '2015-06-03 11:57:51', '2015-06-03 11:57:51', 'We are seeing significant improvement since the last evaluation.', 'I feel as though I am on track.', null, null, 'A', 'A', '2'), ('835', '2', '14', '28', '2015-04-22 11:57:51', '2015-04-22 11:57:51', 'We are seeing significant improvement since the last evaluation.', 'I feel as though I am on track.', null, null, 'A', 'A', '2'), ('836', '2', '15', '7', '2015-07-14 11:57:51', '2015-07-14 11:57:51', 'We are seeing significant improvement since the last evaluation.', 'I feel as though I am on track.', null, null, 'A', 'A', '2'), ('837', '2', '16', '26', '2015-05-21 11:57:51', '2015-05-21 11:57:51', 'We are seeing significant improvement since the last evaluation.', 'I feel as though I am on track.', null, null, 'A', 'A', '2'), ('840', '2', '6', '11', '2015-08-08 11:57:51', '2015-08-08 11:57:51', 'We are seeing significant improvement since the last evaluation.', 'I feel as though I am on track.', null, null, 'A', 'A', '2'), ('841', '2', '8', '11', '2015-10-04 11:57:51', '2015-10-04 11:57:51', 'We are seeing significant improvement since the last evaluation.', 'I feel as though I am on track.', null, null, 'A', 'A', '2'), ('842', '2', '14', '25', '2015-08-15 11:57:51', '2015-08-15 11:57:51', 'We are seeing significant improvement since the last evaluation.', 'I feel as though I am on track.', null, null, 'A', 'A', '2'), ('843', '2', '15', '22', '2015-07-22 11:57:51', '2015-07-22 11:57:51', 'We are seeing significant improvement since the last evaluation.', 'I feel as though I am on track.', null, null, 'A', 'A', '2'), ('844', '2', '16', '11', '2015-08-24 11:57:51', '2015-08-24 11:57:51', 'We are seeing significant improvement since the last evaluation.', 'I feel as though I am on track.', null, null, 'A', 'A', '2'), ('847', '2', '8', '10', '2015-11-21 11:57:51', '2015-11-21 11:57:51', 'We are seeing significant improvement since the last evaluation.', 'I feel as though I am on track.', null, null, 'A', 'A', '2'), ('848', '2', '6', '25', '2015-11-16 11:57:51', '2015-11-16 11:57:51', 'We are seeing significant improvement since the last evaluation.', 'I feel as though I am on track.', null, null, 'A', 'A', '2'), ('849', '2', '14', '26', '2015-12-09 11:57:51', '2015-12-09 11:57:51', 'We are seeing significant improvement since the last evaluation.', 'I feel as though I am on track.', null, null, 'A', 'A', '2'), ('850', '2', '16', '11', '2015-11-10 11:57:51', '2015-11-10 11:57:51', 'We are seeing significant improvement since the last evaluation.', 'I feel as though I am on track.', null, null, 'A', 'A', '2'), ('851', '2', '15', '13', '2015-11-30 11:57:51', '2015-11-30 11:57:51', 'We are seeing significant improvement since the last evaluation.', 'I feel as though I am on track.', null, null, 'A', 'A', '2'), ('854', '1', '7', '32', '2015-03-19 18:57:44', '2015-03-19 18:57:44', 'This is a first, baseline assessment.', 'I am excited about this new system and look forward to improving my knowledge.', null, null, 'A', 'A', '1'), ('855', '1', '10', '33', '2015-02-17 18:57:44', '2015-02-17 18:57:44', 'This is a first, baseline assessment.', 'I am excited about this new system and look forward to improving my knowledge.', null, null, 'A', 'A', '1'), ('856', '1', '11', '32', '2015-01-04 18:57:44', '2015-01-04 18:57:44', 'This is a first, baseline assessment.', 'I am excited about this new system and look forward to improving my knowledge.', null, null, 'A', 'A', '1'), ('857', '1', '13', '33', '2015-03-18 18:57:44', '2015-03-18 18:57:44', 'This is a first, baseline assessment.', 'I am excited about this new system and look forward to improving my knowledge.', null, null, 'A', 'A', '1'), ('858', '1', '17', '32', '2015-03-11 18:57:44', '2015-03-11 18:57:44', 'This is a first, baseline assessment.', 'I am excited about this new system and look forward to improving my knowledge.', null, null, 'A', 'A', '1'), ('859', '1', '20', '33', '2015-01-18 18:57:44', '2015-01-18 18:57:44', 'This is a first, baseline assessment.', 'I am excited about this new system and look forward to improving my knowledge.', null, null, 'A', 'A', '1'), ('860', '1', '22', '4', '2015-03-19 18:57:44', '2015-03-19 18:57:44', 'This is a first, baseline assessment.', 'I am excited about this new system and look forward to improving my knowledge.', null, null, 'A', 'A', '1'), ('861', '1', '23', '31', '2015-02-03 18:57:44', '2015-02-03 18:57:44', 'This is a first, baseline assessment.', 'I am excited about this new system and look forward to improving my knowledge.', null, null, 'A', 'A', '1'), ('862', '1', '25', '31', '2015-02-06 18:57:44', '2015-02-06 18:57:44', 'This is a first, baseline assessment.', 'I am excited about this new system and look forward to improving my knowledge.', null, null, 'A', 'A', '1'), ('863', '1', '26', '5', '2015-03-19 18:57:44', '2015-03-19 18:57:44', 'This is a first, baseline assessment.', 'I am excited about this new system and look forward to improving my knowledge.', null, null, 'A', 'A', '1'), ('864', '1', '28', '32', '2015-03-21 18:57:44', '2015-03-21 18:57:44', 'This is a first, baseline assessment.', 'I am excited about this new system and look forward to improving my knowledge.', null, null, 'A', 'A', '1'), ('865', '1', '29', '32', '2015-03-03 18:57:44', '2015-03-03 18:57:44', 'This is a first, baseline assessment.', 'I am excited about this new system and look forward to improving my knowledge.', null, null, 'A', 'A', '1'), ('869', '1', '7', '33', '2015-06-21 18:57:44', '2015-06-21 18:57:44', 'We are seeing significant improvement since the last evaluation.', 'I feel as though I am on track.', null, null, 'A', 'A', '1'), ('870', '1', '10', '33', '2015-06-17 18:57:44', '2015-06-17 18:57:44', 'We are seeing significant improvement since the last evaluation.', 'I feel as though I am on track.', null, null, 'A', 'A', '1'), ('871', '1', '11', '4', '2015-05-03 18:57:44', '2015-05-03 18:57:44', 'We are seeing significant improvement since the last evaluation.', 'I feel as though I am on track.', null, null, 'A', 'A', '1'), ('872', '1', '13', '33', '2015-04-21 18:57:44', '2015-04-21 18:57:44', 'We are seeing significant improvement since the last evaluation.', 'I feel as though I am on track.', null, null, 'A', 'A', '1'), ('873', '1', '17', '4', '2015-07-02 18:57:44', '2015-07-02 18:57:44', 'We are seeing significant improvement since the last evaluation.', 'I feel as though I am on track.', null, null, 'A', 'A', '1'), ('874', '1', '20', '4', '2015-06-27 18:57:44', '2015-06-27 18:57:44', 'We are seeing significant improvement since the last evaluation.', 'I feel as though I am on track.', null, null, 'A', 'A', '1'), ('875', '1', '22', '31', '2015-05-17 18:57:44', '2015-05-17 18:57:44', 'We are seeing significant improvement since the last evaluation.', 'I feel as though I am on track.', null, null, 'A', 'A', '1'), ('876', '1', '23', '32', '2015-06-02 18:57:44', '2015-06-02 18:57:44', 'We are seeing significant improvement since the last evaluation.', 'I feel as though I am on track.', null, null, 'A', 'A', '1'), ('877', '1', '25', '4', '2015-06-01 18:57:44', '2015-06-01 18:57:44', 'We are seeing significant improvement since the last evaluation.', 'I feel as though I am on track.', null, null, 'A', 'A', '1'), ('878', '1', '26', '4', '2015-07-16 18:57:44', '2015-07-16 18:57:44', 'We are seeing significant improvement since the last evaluation.', 'I feel as though I am on track.', null, null, 'A', 'A', '1'), ('879', '1', '28', '4', '2015-05-05 18:57:44', '2015-05-05 18:57:44', 'We are seeing significant improvement since the last evaluation.', 'I feel as though I am on track.', null, null, 'A', 'A', '1'), ('880', '1', '29', '31', '2015-05-15 18:57:44', '2015-05-15 18:57:44', 'We are seeing significant improvement since the last evaluation.', 'I feel as though I am on track.', null, null, 'A', 'A', '1'), ('884', '1', '7', '4', '2015-12-04 18:57:44', '2015-12-04 18:57:44', 'A solid performance.', 'I feel good about my performance.', null, null, 'A', 'A', '1'), ('885', '1', '13', '33', '2015-12-11 18:57:44', '2015-12-11 18:57:44', 'A solid performance.', 'I feel good about my performance.', null, null, 'A', 'A', '1'), ('886', '1', '10', '31', '2015-12-10 18:57:44', '2015-12-10 18:57:44', 'A solid performance.', 'I feel good about my performance.', null, null, 'A', 'A', '1'), ('887', '1', '11', '33', '2015-11-09 18:57:44', '2015-11-09 18:57:44', 'A solid performance.', 'I feel good about my performance.', null, null, 'A', 'A', '1'), ('888', '1', '22', '4', '2015-12-02 18:57:44', '2015-12-02 18:57:44', 'A solid performance.', 'I feel good about my performance.', null, null, 'A', 'A', '1'), ('889', '1', '17', '4', '2015-11-09 18:57:44', '2015-11-09 18:57:44', 'A solid performance.', 'I feel good about my performance.', null, null, 'A', 'A', '1'), ('890', '1', '26', '4', '2015-11-13 18:57:44', '2015-11-13 18:57:44', 'A solid performance.', 'I feel good about my performance.', null, null, 'A', 'A', '1'), ('891', '1', '20', '4', '2015-11-29 18:57:44', '2015-11-29 18:57:44', 'A solid performance.', 'I feel good about my performance.', null, null, 'A', 'A', '1'), ('892', '1', '29', '32', '2015-12-15 18:57:44', '2015-12-15 18:57:44', 'A solid performance.', 'I feel good about my performance.', null, null, 'A', 'A', '1'), ('893', '1', '23', '33', '2015-11-05 18:57:44', '2015-11-05 18:57:44', 'A solid performance.', 'I feel good about my performance.', null, null, 'A', 'A', '1'), ('899', '2', '7', '5', '2015-02-13 20:38:45', '2015-02-13 20:38:45', 'This is a first, baseline assessment.', 'I am excited about this new system and look forward to improving my knowledge.', null, null, 'A', 'A', '2'), ('900', '2', '10', '4', '2015-04-03 20:38:45', '2015-04-03 20:38:45', 'This is a first, baseline assessment.', 'I am excited about this new system and look forward to improving my knowledge.', null, null, 'A', 'A', '2'), ('901', '2', '11', '33', '2015-02-01 20:38:45', '2015-02-01 20:38:45', 'This is a first, baseline assessment.', 'I am excited about this new system and look forward to improving my knowledge.', null, null, 'A', 'A', '2'), ('902', '2', '13', '31', '2015-03-20 20:38:45', '2015-03-20 20:38:45', 'This is a first, baseline assessment.', 'I am excited about this new system and look forward to improving my knowledge.', null, null, 'A', 'A', '2'), ('903', '2', '17', '5', '2015-04-06 20:38:45', '2015-04-06 20:38:45', 'This is a first, baseline assessment.', 'I am excited about this new system and look forward to improving my knowledge.', null, null, 'A', 'A', '2'), ('904', '2', '20', '4', '2015-02-13 20:38:45', '2015-02-13 20:38:45', 'This is a first, baseline assessment.', 'I am excited about this new system and look forward to improving my knowledge.', null, null, 'A', 'A', '2'), ('905', '2', '22', '5', '2015-02-01 20:38:45', '2015-02-01 20:38:45', 'This is a first, baseline assessment.', 'I am excited about this new system and look forward to improving my knowledge.', null, null, 'A', 'A', '2'), ('906', '2', '23', '4', '2015-01-24 20:38:45', '2015-01-24 20:38:45', 'This is a first, baseline assessment.', 'I am excited about this new system and look forward to improving my knowledge.', null, null, 'A', 'A', '2'), ('907', '2', '25', '33', '2015-01-22 20:38:45', '2015-01-22 20:38:45', 'This is a first, baseline assessment.', 'I am excited about this new system and look forward to improving my knowledge.', null, null, 'A', 'A', '2'), ('908', '2', '26', '5', '2015-02-06 20:38:45', '2015-02-06 20:38:45', 'This is a first, baseline assessment.', 'I am excited about this new system and look forward to improving my knowledge.', null, null, 'A', 'A', '2'), ('909', '2', '28', '5', '2015-01-19 20:38:45', '2015-01-19 20:38:45', 'This is a first, baseline assessment.', 'I am excited about this new system and look forward to improving my knowledge.', null, null, 'A', 'A', '2'), ('910', '2', '29', '4', '2015-03-23 20:38:45', '2015-03-23 20:38:45', 'This is a first, baseline assessment.', 'I am excited about this new system and look forward to improving my knowledge.', null, null, 'A', 'A', '2'), ('914', '2', '7', '31', '2015-06-01 20:38:45', '2015-06-01 20:38:45', 'We are seeing significant improvement since the last evaluation.', 'I feel as though I am on track.', null, null, 'A', 'A', '2'), ('915', '2', '10', '32', '2015-04-19 20:38:45', '2015-04-19 20:38:45', 'We are seeing significant improvement since the last evaluation.', 'I feel as though I am on track.', null, null, 'A', 'A', '2'), ('916', '2', '11', '32', '2015-07-09 20:38:45', '2015-07-09 20:38:45', 'We are seeing significant improvement since the last evaluation.', 'I feel as though I am on track.', null, null, 'A', 'A', '2'), ('917', '2', '13', '33', '2015-04-26 20:38:45', '2015-04-26 20:38:45', 'We are seeing significant improvement since the last evaluation.', 'I feel as though I am on track.', null, null, 'A', 'A', '2'), ('918', '2', '17', '32', '2015-04-21 20:38:45', '2015-04-21 20:38:45', 'We are seeing significant improvement since the last evaluation.', 'I feel as though I am on track.', null, null, 'A', 'A', '2'), ('919', '2', '20', '4', '2015-04-17 20:38:45', '2015-04-17 20:38:45', 'We are seeing significant improvement since the last evaluation.', 'I feel as though I am on track.', null, null, 'A', 'A', '2'), ('920', '2', '22', '4', '2015-07-21 20:38:45', '2015-07-21 20:38:45', 'We are seeing significant improvement since the last evaluation.', 'I feel as though I am on track.', null, null, 'A', 'A', '2'), ('921', '2', '23', '5', '2015-06-30 20:38:45', '2015-06-30 20:38:45', 'We are seeing significant improvement since the last evaluation.', 'I feel as though I am on track.', null, null, 'A', 'A', '2'), ('922', '2', '25', '32', '2015-07-17 20:38:45', '2015-07-17 20:38:45', 'We are seeing significant improvement since the last evaluation.', 'I feel as though I am on track.', null, null, 'A', 'A', '2'), ('923', '2', '26', '5', '2015-05-22 20:38:45', '2015-05-22 20:38:45', 'We are seeing significant improvement since the last evaluation.', 'I feel as though I am on track.', null, null, 'A', 'A', '2'), ('924', '2', '28', '5', '2015-04-27 20:38:45', '2015-04-27 20:38:45', 'We are seeing significant improvement since the last evaluation.', 'I feel as though I am on track.', null, null, 'A', 'A', '2'), ('925', '2', '29', '33', '2015-06-09 20:38:45', '2015-06-09 20:38:45', 'We are seeing significant improvement since the last evaluation.', 'I feel as though I am on track.', null, null, 'A', 'A', '2'), ('929', '2', '13', '33', '2015-11-21 20:38:45', '2015-11-21 20:38:45', 'A solid performance.', 'I feel good about my performance.', null, null, 'A', 'A', '2'), ('930', '2', '10', '32', '2015-11-14 20:38:45', '2015-11-14 20:38:45', 'A solid performance.', 'I feel good about my performance.', null, null, 'A', 'A', '2'), ('931', '2', '28', '4', '2015-11-09 20:38:45', '2015-11-09 20:38:45', 'A solid performance.', 'I feel good about my performance.', null, null, 'A', 'A', '2'), ('932', '2', '11', '32', '2015-11-01 20:38:45', '2015-11-01 20:38:45', 'A solid performance.', 'I feel good about my performance.', null, null, 'A', 'A', '2'), ('933', '2', '26', '31', '2015-10-31 20:38:45', '2015-10-31 20:38:45', 'A solid performance.', 'I feel good about my performance.', null, null, 'A', 'A', '2'), ('934', '2', '23', '31', '2015-11-06 20:38:45', '2015-11-06 20:38:45', 'A solid performance.', 'I feel good about my performance.', null, null, 'A', 'A', '2'), ('935', '2', '25', '4', '2015-12-17 20:38:45', '2015-12-17 20:38:45', 'A solid performance.', 'I feel good about my performance.', null, null, 'A', 'A', '2'), ('936', '2', '22', '32', '2015-11-22 20:38:45', '2015-11-22 20:38:45', 'A solid performance.', 'I feel good about my performance.', null, null, 'A', 'A', '2'), ('937', '2', '17', '32', '2015-11-06 20:38:45', '2015-11-06 20:38:45', 'A solid performance.', 'I feel good about my performance.', null, null, 'A', 'A', '2'), ('938', '2', '29', '31', '2015-11-29 20:38:45', '2015-11-29 20:38:45', 'A solid performance.', 'I feel good about my performance.', null, null, 'A', 'A', '2');
COMMIT;

-- ----------------------------
--  Table structure for `assessment_response`
-- ----------------------------
DROP TABLE IF EXISTS `assessment_response`;
CREATE TABLE `assessment_response` (
  `id` int(11) NOT NULL AUTO_INCREMENT,
  `assessment_id` int(11) DEFAULT NULL,
  `question_id` int(11) NOT NULL,
  `response` varchar(500) DEFAULT NULL,
  `assessor_comments` longtext,
  `member_comments` text,
  `response_index` int(11) DEFAULT NULL,
  `recommended_resource_id` int(11) DEFAULT NULL,
  `time_stamp` timestamp NOT NULL DEFAULT CURRENT_TIMESTAMP,
  PRIMARY KEY (`id`),
  UNIQUE KEY `unique_evaluation_responses` (`assessment_id`,`question_id`),
  KEY `evaluation_id_index` (`assessment_id`),
  KEY `question_id_index` (`question_id`),
  KEY `assessment_response_resource__fk` (`recommended_resource_id`),
  CONSTRAINT `assessment_response_ibfk_1` FOREIGN KEY (`assessment_id`) REFERENCES `assessment` (`id`),
  CONSTRAINT `assessment_response_ibfk_2` FOREIGN KEY (`question_id`) REFERENCES `question` (`id`),
  CONSTRAINT `assessment_response_resource__fk` FOREIGN KEY (`recommended_resource_id`) REFERENCES `resource` (`id`)
) ENGINE=InnoDB AUTO_INCREMENT=20345 DEFAULT CHARSET=utf8 ROW_FORMAT=COMPACT;

-- ----------------------------
--  Records of `assessment_response`
-- ----------------------------
BEGIN;
INSERT INTO `assessment_response` VALUES ('17704', '718', '67', '3', null, null, '3', null, '2015-03-16 11:57:50'), ('17705', '719', '67', '5', null, null, '5', null, '2015-03-31 11:57:50'), ('17706', '720', '67', '3', null, null, '3', null, '2015-01-26 11:57:50'), ('17707', '721', '67', '4', null, null, '4', null, '2015-02-28 11:57:50'), ('17708', '722', '67', '5', null, null, '5', null, '2015-01-18 11:57:50'), ('17709', '723', '67', '2', null, null, '2', null, '2015-01-13 11:57:50'), ('17710', '724', '67', '4', null, null, '4', null, '2015-01-12 11:57:50'), ('17711', '725', '67', '1', null, null, '1', null, '2015-01-21 11:57:50'), ('17712', '726', '67', '1', null, null, '1', null, '2015-03-11 11:57:50'), ('17713', '727', '67', '5', null, null, '5', null, '2015-03-30 11:57:50'), ('17714', '728', '67', '3', null, null, '3', null, '2015-02-03 11:57:50'), ('17715', '729', '67', '5', null, null, '5', null, '2015-01-03 11:57:50'), ('17716', '730', '67', '2', null, null, '2', null, '2015-01-12 11:57:50'), ('17717', '731', '67', '1', null, null, '1', null, '2015-02-24 11:57:50'), ('17718', '732', '67', '1', null, null, '1', null, '2015-02-07 11:57:50'), ('17719', '733', '67', '4', null, null, '4', null, '2015-01-25 11:57:50'), ('17720', '734', '67', '2', null, null, '2', null, '2015-01-10 11:57:50'), ('17721', '735', '67', '1', null, null, '1', null, '2015-03-19 11:57:50'), ('17722', '736', '67', '1', null, null, '1', null, '2015-03-02 11:57:50'), ('17723', '749', '67', '1', null, null, '1', null, '2015-06-18 11:57:50'), ('17724', '750', '67', '2', null, null, '2', null, '2015-06-11 11:57:50'), ('17725', '751', '67', '5', null, null, '5', null, '2015-04-14 11:57:50'), ('17726', '752', '67', '5', null, null, '5', null, '2015-05-15 11:57:50'), ('17727', '753', '67', '5', null, null, '5', null, '2015-06-12 11:57:50'), ('17728', '754', '67', '4', null, null, '4', null, '2015-04-17 11:57:50'), ('17729', '755', '67', '1', null, null, '1', null, '2015-05-30 11:57:50'), ('17730', '756', '67', '5', null, null, '5', null, '2015-05-06 11:57:50'), ('17731', '757', '67', '3', null, null, '3', null, '2015-06-30 11:57:50'), ('17732', '758', '67', '4', null, null, '4', null, '2015-05-05 11:57:50'), ('17733', '759', '67', '1', null, null, '1', null, '2015-07-02 11:57:50'), ('17734', '760', '67', '4', null, null, '4', null, '2015-05-19 11:57:50'), ('17735', '761', '67', '1', null, null, '1', null, '2015-05-26 11:57:50'), ('17736', '762', '67', '4', null, null, '4', null, '2015-04-25 11:57:50'), ('17737', '763', '67', '4', null, null, '4', null, '2015-05-15 11:57:50'), ('17738', '764', '67', '1', null, null, '1', null, '2015-05-13 11:57:50'), ('17739', '765', '67', '5', null, null, '5', null, '2015-06-08 11:57:50'), ('17740', '766', '67', '1', null, null, '1', null, '2015-07-17 11:57:50'), ('17741', '767', '67', '4', null, null, '4', null, '2015-04-17 11:57:50'), ('17742', '780', '67', '2', null, null, '2', null, '2015-09-04 11:57:50'), ('17743', '781', '67', '4', null, null, '4', null, '2015-08-03 11:57:50'), ('17744', '782', '67', '2', null, null, '2', null, '2015-08-23 11:57:50'), ('17745', '783', '67', '1', null, null, '1', null, '2015-08-19 11:57:50'), ('17746', '784', '67', '1', null, null, '1', null, '2015-09-07 11:57:50'), ('17747', '785', '67', '3', null, null, '3', null, '2015-09-14 11:57:50'), ('17748', '786', '67', '3', null, null, '3', null, '2015-08-24 11:57:50'), ('17749', '787', '67', '2', null, null, '2', null, '2015-07-30 11:57:50'), ('17750', '788', '67', '4', null, null, '4', null, '2015-09-04 11:57:50'), ('17751', '789', '67', '1', null, null, '1', null, '2015-07-19 11:57:50'), ('17752', '790', '67', '4', null, null, '4', null, '2015-09-20 11:57:50'), ('17753', '791', '67', '5', null, null, '5', null, '2015-08-01 11:57:50'), ('17754', '792', '67', '5', null, null, '5', null, '2015-10-06 11:57:50'), ('17755', '793', '67', '2', null, null, '2', null, '2015-09-11 11:57:50'), ('17756', '794', '67', '3', null, null, '3', null, '2015-08-23 11:57:50'), ('17757', '795', '67', '5', null, null, '5', null, '2015-08-03 11:57:50'), ('17758', '796', '67', '1', null, null, '1', null, '2015-09-24 11:57:50'), ('17759', '797', '67', '4', null, null, '4', null, '2015-10-21 11:57:50'), ('17760', '798', '67', '1', null, null, '1', null, '2015-09-23 11:57:50'), ('17761', '811', '67', '2', null, null, '2', null, '2015-11-02 11:57:50'), ('17762', '812', '67', '1', null, null, '1', null, '2015-11-23 11:57:50'), ('17763', '813', '67', '5', null, null, '5', null, '2015-11-27 11:57:50'), ('17764', '814', '67', '2', null, null, '2', null, '2015-12-03 11:57:50'), ('17765', '815', '67', '3', null, null, '3', null, '2015-12-01 11:57:50'), ('17766', '816', '67', '5', null, null, '5', null, '2015-12-09 11:57:50'), ('17767', '817', '67', '3', null, null, '3', null, '2015-12-05 11:57:50'), ('17768', '818', '67', '3', null, null, '3', null, '2015-11-25 11:57:50'), ('17769', '819', '67', '3', null, null, '3', null, '2015-12-02 11:57:50'), ('17770', '820', '67', '3', null, null, '3', null, '2015-12-01 11:57:50'), ('17771', '854', '67', '4', null, null, '4', null, '2015-03-19 18:57:44'), ('17772', '855', '67', '3', null, null, '3', null, '2015-02-17 18:57:44'), ('17773', '856', '67', '4', null, null, '4', null, '2015-01-04 18:57:44'), ('17774', '857', '67', '3', null, null, '3', null, '2015-03-18 18:57:44'), ('17775', '858', '67', '3', null, null, '3', null, '2015-03-11 18:57:44'), ('17776', '859', '67', '4', null, null, '4', null, '2015-01-18 18:57:44'), ('17777', '860', '67', '1', null, null, '1', null, '2015-03-19 18:57:44'), ('17778', '861', '67', '4', null, null, '4', null, '2015-02-03 18:57:44'), ('17779', '862', '67', '5', null, null, '5', null, '2015-02-06 18:57:44'), ('17780', '863', '67', '3', null, null, '3', null, '2015-03-19 18:57:44'), ('17781', '864', '67', '4', null, null, '4', null, '2015-03-21 18:57:44'), ('17782', '865', '67', '5', null, null, '5', null, '2015-03-03 18:57:44'), ('17783', '869', '67', '3', null, null, '3', null, '2015-06-21 18:57:44'), ('17784', '870', '67', '3', null, null, '3', null, '2015-06-17 18:57:44'), ('17785', '871', '67', '3', null, null, '3', null, '2015-05-03 18:57:44'), ('17786', '872', '67', '4', null, null, '4', null, '2015-04-21 18:57:44'), ('17787', '873', '67', '4', null, null, '4', null, '2015-07-02 18:57:44'), ('17788', '874', '67', '4', null, null, '4', null, '2015-06-27 18:57:44'), ('17789', '875', '67', '1', null, null, '1', null, '2015-05-17 18:57:44'), ('17790', '876', '67', '2', null, null, '2', null, '2015-06-02 18:57:44'), ('17791', '877', '67', '2', null, null, '2', null, '2015-06-01 18:57:44'), ('17792', '878', '67', '2', null, null, '2', null, '2015-07-16 18:57:44'), ('17793', '879', '67', '1', null, null, '1', null, '2015-05-05 18:57:44'), ('17794', '880', '67', '1', null, null, '1', null, '2015-05-15 18:57:44'), ('17795', '884', '67', '1', null, null, '1', null, '2015-12-04 18:57:44'), ('17796', '885', '67', '1', null, null, '1', null, '2015-12-11 18:57:44'), ('17797', '886', '67', '5', null, null, '5', null, '2015-12-10 18:57:44'), ('17798', '887', '67', '4', null, null, '4', null, '2015-11-09 18:57:44'), ('17799', '888', '67', '5', null, null, '5', null, '2015-12-02 18:57:44'), ('17800', '889', '67', '3', null, null, '3', null, '2015-11-09 18:57:44'), ('17801', '890', '67', '3', null, null, '3', null, '2015-11-13 18:57:44'), ('17802', '891', '67', '5', null, null, '5', null, '2015-11-29 18:57:44'), ('17803', '892', '67', '2', null, null, '2', null, '2015-12-15 18:57:44'), ('17804', '893', '67', '5', null, null, '5', null, '2015-11-05 18:57:44'), ('17805', '718', '68', '2', null, null, '2', null, '2015-03-16 11:57:50'), ('17806', '719', '68', '4', null, null, '4', null, '2015-03-31 11:57:50'), ('17807', '720', '68', '4', null, null, '4', null, '2015-01-26 11:57:50'), ('17808', '721', '68', '2', null, null, '2', null, '2015-02-28 11:57:50'), ('17809', '722', '68', '3', null, null, '3', null, '2015-01-18 11:57:50'), ('17810', '723', '68', '2', null, null, '2', null, '2015-01-13 11:57:50'), ('17811', '724', '68', '3', null, null, '3', null, '2015-01-12 11:57:50'), ('17812', '725', '68', '3', null, null, '3', null, '2015-01-21 11:57:50'), ('17813', '726', '68', '3', null, null, '3', null, '2015-03-11 11:57:50'), ('17814', '727', '68', '3', null, null, '3', null, '2015-03-30 11:57:50'), ('17815', '728', '68', '4', null, null, '4', null, '2015-02-03 11:57:50'), ('17816', '729', '68', '4', null, null, '4', null, '2015-01-03 11:57:50'), ('17817', '730', '68', '5', null, null, '5', null, '2015-01-12 11:57:50'), ('17818', '731', '68', '3', null, null, '3', null, '2015-02-24 11:57:50'), ('17819', '732', '68', '2', null, null, '2', null, '2015-02-07 11:57:50'), ('17820', '733', '68', '5', null, null, '5', null, '2015-01-25 11:57:50'), ('17821', '734', '68', '1', null, null, '1', null, '2015-01-10 11:57:50'), ('17822', '735', '68', '5', null, null, '5', null, '2015-03-19 11:57:50'), ('17823', '736', '68', '3', null, null, '3', null, '2015-03-02 11:57:50'), ('17824', '749', '68', '1', null, null, '1', null, '2015-06-18 11:57:50'), ('17825', '750', '68', '2', null, null, '2', null, '2015-06-11 11:57:50'), ('17826', '751', '68', '2', null, null, '2', null, '2015-04-14 11:57:50'), ('17827', '752', '68', '3', null, null, '3', null, '2015-05-15 11:57:50'), ('17828', '753', '68', '3', null, null, '3', null, '2015-06-12 11:57:50'), ('17829', '754', '68', '1', null, null, '1', null, '2015-04-17 11:57:50'), ('17830', '755', '68', '4', null, null, '4', null, '2015-05-30 11:57:50'), ('17831', '756', '68', '2', null, null, '2', null, '2015-05-06 11:57:50'), ('17832', '757', '68', '3', null, null, '3', null, '2015-06-30 11:57:50'), ('17833', '758', '68', '5', null, null, '5', null, '2015-05-05 11:57:50'), ('17834', '759', '68', '2', null, null, '2', null, '2015-07-02 11:57:50'), ('17835', '760', '68', '1', null, null, '1', null, '2015-05-19 11:57:50'), ('17836', '761', '68', '3', null, null, '3', null, '2015-05-26 11:57:50'), ('17837', '762', '68', '2', null, null, '2', null, '2015-04-25 11:57:50'), ('17838', '763', '68', '1', null, null, '1', null, '2015-05-15 11:57:50'), ('17839', '764', '68', '3', null, null, '3', null, '2015-05-13 11:57:50'), ('17840', '765', '68', '4', null, null, '4', null, '2015-06-08 11:57:50'), ('17841', '766', '68', '2', null, null, '2', null, '2015-07-17 11:57:50'), ('17842', '767', '68', '5', null, null, '5', null, '2015-04-17 11:57:50'), ('17843', '780', '68', '4', null, null, '4', null, '2015-09-04 11:57:50'), ('17844', '781', '68', '2', null, null, '2', null, '2015-08-03 11:57:50'), ('17845', '782', '68', '2', null, null, '2', null, '2015-08-23 11:57:50'), ('17846', '783', '68', '3', null, null, '3', null, '2015-08-19 11:57:50'), ('17847', '784', '68', '4', null, null, '4', null, '2015-09-07 11:57:50'), ('17848', '785', '68', '1', null, null, '1', null, '2015-09-14 11:57:50'), ('17849', '786', '68', '1', null, null, '1', null, '2015-08-24 11:57:50'), ('17850', '787', '68', '4', null, null, '4', null, '2015-07-30 11:57:50'), ('17851', '788', '68', '5', null, null, '5', null, '2015-09-04 11:57:50'), ('17852', '789', '68', '4', null, null, '4', null, '2015-07-19 11:57:50'), ('17853', '790', '68', '1', null, null, '1', null, '2015-09-20 11:57:50'), ('17854', '791', '68', '5', null, null, '5', null, '2015-08-01 11:57:50'), ('17855', '792', '68', '1', null, null, '1', null, '2015-10-06 11:57:50'), ('17856', '793', '68', '5', null, null, '5', null, '2015-09-11 11:57:50'), ('17857', '794', '68', '4', null, null, '4', null, '2015-08-23 11:57:50'), ('17858', '795', '68', '2', null, null, '2', null, '2015-08-03 11:57:50'), ('17859', '796', '68', '1', null, null, '1', null, '2015-09-24 11:57:50'), ('17860', '797', '68', '5', null, null, '5', null, '2015-10-21 11:57:50'), ('17861', '798', '68', '2', null, null, '2', null, '2015-09-23 11:57:50'), ('17862', '811', '68', '3', null, null, '3', null, '2015-11-02 11:57:50'), ('17863', '812', '68', '2', null, null, '2', null, '2015-11-23 11:57:50'), ('17864', '813', '68', '4', null, null, '4', null, '2015-11-27 11:57:50'), ('17865', '814', '68', '2', null, null, '2', null, '2015-12-03 11:57:50'), ('17866', '815', '68', '1', null, null, '1', null, '2015-12-01 11:57:50'), ('17867', '816', '68', '3', null, null, '3', null, '2015-12-09 11:57:50'), ('17868', '817', '68', '4', null, null, '4', null, '2015-12-05 11:57:50'), ('17869', '818', '68', '1', null, null, '1', null, '2015-11-25 11:57:50'), ('17870', '819', '68', '4', null, null, '4', null, '2015-12-02 11:57:50'), ('17871', '820', '68', '5', null, null, '5', null, '2015-12-01 11:57:50'), ('17872', '854', '68', '3', null, null, '3', null, '2015-03-19 18:57:44'), ('17873', '855', '68', '3', null, null, '3', null, '2015-02-17 18:57:44'), ('17874', '856', '68', '1', null, null, '1', null, '2015-01-04 18:57:44'), ('17875', '857', '68', '4', null, null, '4', null, '2015-03-18 18:57:44'), ('17876', '858', '68', '1', null, null, '1', null, '2015-03-11 18:57:44'), ('17877', '859', '68', '1', null, null, '1', null, '2015-01-18 18:57:44'), ('17878', '860', '68', '5', null, null, '5', null, '2015-03-19 18:57:44'), ('17879', '861', '68', '4', null, null, '4', null, '2015-02-03 18:57:44'), ('17880', '862', '68', '4', null, null, '4', null, '2015-02-06 18:57:44'), ('17881', '863', '68', '5', null, null, '5', null, '2015-03-19 18:57:44'), ('17882', '864', '68', '2', null, null, '2', null, '2015-03-21 18:57:44'), ('17883', '865', '68', '4', null, null, '4', null, '2015-03-03 18:57:44'), ('17884', '869', '68', '5', null, null, '5', null, '2015-06-21 18:57:44'), ('17885', '870', '68', '3', null, null, '3', null, '2015-06-17 18:57:44'), ('17886', '871', '68', '3', null, null, '3', null, '2015-05-03 18:57:44'), ('17887', '872', '68', '5', null, null, '5', null, '2015-04-21 18:57:44'), ('17888', '873', '68', '3', null, null, '3', null, '2015-07-02 18:57:44'), ('17889', '874', '68', '3', null, null, '3', null, '2015-06-27 18:57:44'), ('17890', '875', '68', '2', null, null, '2', null, '2015-05-17 18:57:44'), ('17891', '876', '68', '3', null, null, '3', null, '2015-06-02 18:57:44'), ('17892', '877', '68', '1', null, null, '1', null, '2015-06-01 18:57:44'), ('17893', '878', '68', '3', null, null, '3', null, '2015-07-16 18:57:44'), ('17894', '879', '68', '4', null, null, '4', null, '2015-05-05 18:57:44'), ('17895', '880', '68', '1', null, null, '1', null, '2015-05-15 18:57:44'), ('17896', '884', '68', '3', null, null, '3', null, '2015-12-04 18:57:44'), ('17897', '885', '68', '1', null, null, '1', null, '2015-12-11 18:57:44'), ('17898', '886', '68', '2', null, null, '2', null, '2015-12-10 18:57:44'), ('17899', '887', '68', '3', null, null, '3', null, '2015-11-09 18:57:44'), ('17900', '888', '68', '1', null, null, '1', null, '2015-12-02 18:57:44'), ('17901', '889', '68', '1', null, null, '1', null, '2015-11-09 18:57:44'), ('17902', '890', '68', '4', null, null, '4', null, '2015-11-13 18:57:44'), ('17903', '891', '68', '2', null, null, '2', null, '2015-11-29 18:57:44'), ('17904', '892', '68', '4', null, null, '4', null, '2015-12-15 18:57:44'), ('17905', '893', '68', '2', null, null, '2', null, '2015-11-05 18:57:44'), ('17906', '718', '69', '3', null, null, '3', null, '2015-03-16 11:57:50'), ('17907', '719', '69', '3', null, null, '3', null, '2015-03-31 11:57:50'), ('17908', '720', '69', '5', null, null, '5', null, '2015-01-26 11:57:50'), ('17909', '721', '69', '1', null, null, '1', null, '2015-02-28 11:57:50'), ('17910', '722', '69', '5', null, null, '5', null, '2015-01-18 11:57:50'), ('17911', '723', '69', '2', null, null, '2', null, '2015-01-13 11:57:50'), ('17912', '724', '69', '2', null, null, '2', null, '2015-01-12 11:57:50'), ('17913', '725', '69', '1', null, null, '1', null, '2015-01-21 11:57:50'), ('17914', '726', '69', '3', null, null, '3', null, '2015-03-11 11:57:50'), ('17915', '727', '69', '3', null, null, '3', null, '2015-03-30 11:57:50'), ('17916', '728', '69', '5', null, null, '5', null, '2015-02-03 11:57:50'), ('17917', '729', '69', '5', null, null, '5', null, '2015-01-03 11:57:50'), ('17918', '730', '69', '4', null, null, '4', null, '2015-01-12 11:57:50'), ('17919', '731', '69', '5', null, null, '5', null, '2015-02-24 11:57:50'), ('17920', '732', '69', '5', null, null, '5', null, '2015-02-07 11:57:50'), ('17921', '733', '69', '3', null, null, '3', null, '2015-01-25 11:57:50'), ('17922', '734', '69', '1', null, null, '1', null, '2015-01-10 11:57:50'), ('17923', '735', '69', '4', null, null, '4', null, '2015-03-19 11:57:50'), ('17924', '736', '69', '1', null, null, '1', null, '2015-03-02 11:57:50'), ('17925', '749', '69', '5', null, null, '5', null, '2015-06-18 11:57:50'), ('17926', '750', '69', '3', null, null, '3', null, '2015-06-11 11:57:50'), ('17927', '751', '69', '3', null, null, '3', null, '2015-04-14 11:57:50'), ('17928', '752', '69', '5', null, null, '5', null, '2015-05-15 11:57:50'), ('17929', '753', '69', '2', null, null, '2', null, '2015-06-12 11:57:50'), ('17930', '754', '69', '5', null, null, '5', null, '2015-04-17 11:57:50'), ('17931', '755', '69', '4', null, null, '4', null, '2015-05-30 11:57:50'), ('17932', '756', '69', '5', null, null, '5', null, '2015-05-06 11:57:50'), ('17933', '757', '69', '3', null, null, '3', null, '2015-06-30 11:57:50'), ('17934', '758', '69', '4', null, null, '4', null, '2015-05-05 11:57:50'), ('17935', '759', '69', '4', null, null, '4', null, '2015-07-02 11:57:50'), ('17936', '760', '69', '1', null, null, '1', null, '2015-05-19 11:57:50'), ('17937', '761', '69', '1', null, null, '1', null, '2015-05-26 11:57:50'), ('17938', '762', '69', '1', null, null, '1', null, '2015-04-25 11:57:50'), ('17939', '763', '69', '5', null, null, '5', null, '2015-05-15 11:57:50'), ('17940', '764', '69', '3', null, null, '3', null, '2015-05-13 11:57:50'), ('17941', '765', '69', '4', null, null, '4', null, '2015-06-08 11:57:50'), ('17942', '766', '69', '2', null, null, '2', null, '2015-07-17 11:57:50'), ('17943', '767', '69', '4', null, null, '4', null, '2015-04-17 11:57:50'), ('17944', '780', '69', '2', null, null, '2', null, '2015-09-04 11:57:50'), ('17945', '781', '69', '4', null, null, '4', null, '2015-08-03 11:57:50'), ('17946', '782', '69', '1', null, null, '1', null, '2015-08-23 11:57:50'), ('17947', '783', '69', '1', null, null, '1', null, '2015-08-19 11:57:50'), ('17948', '784', '69', '3', null, null, '3', null, '2015-09-07 11:57:50'), ('17949', '785', '69', '4', null, null, '4', null, '2015-09-14 11:57:50'), ('17950', '786', '69', '3', null, null, '3', null, '2015-08-24 11:57:50'), ('17951', '787', '69', '5', null, null, '5', null, '2015-07-30 11:57:50'), ('17952', '788', '69', '1', null, null, '1', null, '2015-09-04 11:57:50'), ('17953', '789', '69', '1', null, null, '1', null, '2015-07-19 11:57:50'), ('17954', '790', '69', '2', null, null, '2', null, '2015-09-20 11:57:50'), ('17955', '791', '69', '2', null, null, '2', null, '2015-08-01 11:57:50'), ('17956', '792', '69', '2', null, null, '2', null, '2015-10-06 11:57:50'), ('17957', '793', '69', '3', null, null, '3', null, '2015-09-11 11:57:50'), ('17958', '794', '69', '3', null, null, '3', null, '2015-08-23 11:57:50'), ('17959', '795', '69', '5', null, null, '5', null, '2015-08-03 11:57:50'), ('17960', '796', '69', '3', null, null, '3', null, '2015-09-24 11:57:50'), ('17961', '797', '69', '4', null, null, '4', null, '2015-10-21 11:57:50'), ('17962', '798', '69', '3', null, null, '3', null, '2015-09-23 11:57:50'), ('17963', '811', '69', '4', null, null, '4', null, '2015-11-02 11:57:50'), ('17964', '812', '69', '4', null, null, '4', null, '2015-11-23 11:57:50'), ('17965', '813', '69', '5', null, null, '5', null, '2015-11-27 11:57:50'), ('17966', '814', '69', '1', null, null, '1', null, '2015-12-03 11:57:50'), ('17967', '815', '69', '5', null, null, '5', null, '2015-12-01 11:57:50'), ('17968', '816', '69', '4', null, null, '4', null, '2015-12-09 11:57:50'), ('17969', '817', '69', '3', null, null, '3', null, '2015-12-05 11:57:50'), ('17970', '818', '69', '5', null, null, '5', null, '2015-11-25 11:57:50'), ('17971', '819', '69', '5', null, null, '5', null, '2015-12-02 11:57:50'), ('17972', '820', '69', '4', null, null, '4', null, '2015-12-01 11:57:50'), ('17973', '854', '69', '1', null, null, '1', null, '2015-03-19 18:57:44'), ('17974', '855', '69', '1', null, null, '1', null, '2015-02-17 18:57:44'), ('17975', '856', '69', '4', null, null, '4', null, '2015-01-04 18:57:44'), ('17976', '857', '69', '4', null, null, '4', null, '2015-03-18 18:57:44'), ('17977', '858', '69', '2', null, null, '2', null, '2015-03-11 18:57:44'), ('17978', '859', '69', '4', null, null, '4', null, '2015-01-18 18:57:44'), ('17979', '860', '69', '4', null, null, '4', null, '2015-03-19 18:57:44'), ('17980', '861', '69', '1', null, null, '1', null, '2015-02-03 18:57:44'), ('17981', '862', '69', '5', null, null, '5', null, '2015-02-06 18:57:44'), ('17982', '863', '69', '4', null, null, '4', null, '2015-03-19 18:57:44'), ('17983', '864', '69', '5', null, null, '5', null, '2015-03-21 18:57:44'), ('17984', '865', '69', '1', null, null, '1', null, '2015-03-03 18:57:44'), ('17985', '869', '69', '2', null, null, '2', null, '2015-06-21 18:57:44'), ('17986', '870', '69', '1', null, null, '1', null, '2015-06-17 18:57:44'), ('17987', '871', '69', '4', null, null, '4', null, '2015-05-03 18:57:44'), ('17988', '872', '69', '1', null, null, '1', null, '2015-04-21 18:57:44'), ('17989', '873', '69', '4', null, null, '4', null, '2015-07-02 18:57:44'), ('17990', '874', '69', '4', null, null, '4', null, '2015-06-27 18:57:44'), ('17991', '875', '69', '2', null, null, '2', null, '2015-05-17 18:57:44'), ('17992', '876', '69', '4', null, null, '4', null, '2015-06-02 18:57:44'), ('17993', '877', '69', '3', null, null, '3', null, '2015-06-01 18:57:44'), ('17994', '878', '69', '4', null, null, '4', null, '2015-07-16 18:57:44'), ('17995', '879', '69', '2', null, null, '2', null, '2015-05-05 18:57:44'), ('17996', '880', '69', '4', null, null, '4', null, '2015-05-15 18:57:44'), ('17997', '884', '69', '1', null, null, '1', null, '2015-12-04 18:57:44'), ('17998', '885', '69', '1', null, null, '1', null, '2015-12-11 18:57:44'), ('17999', '886', '69', '3', null, null, '3', null, '2015-12-10 18:57:44'), ('18000', '887', '69', '1', null, null, '1', null, '2015-11-09 18:57:44'), ('18001', '888', '69', '1', null, null, '1', null, '2015-12-02 18:57:44'), ('18002', '889', '69', '2', null, null, '2', null, '2015-11-09 18:57:44'), ('18003', '890', '69', '5', null, null, '5', null, '2015-11-13 18:57:44'), ('18004', '891', '69', '2', null, null, '2', null, '2015-11-29 18:57:44'), ('18005', '892', '69', '2', null, null, '2', null, '2015-12-15 18:57:44'), ('18006', '893', '69', '2', null, null, '2', null, '2015-11-05 18:57:44'), ('18007', '718', '70', '5', null, null, '5', null, '2015-03-16 11:57:50'), ('18008', '719', '70', '2', null, null, '2', null, '2015-03-31 11:57:50'), ('18009', '720', '70', '1', null, null, '1', null, '2015-01-26 11:57:50'), ('18010', '721', '70', '4', null, null, '4', null, '2015-02-28 11:57:50'), ('18011', '722', '70', '1', null, null, '1', null, '2015-01-18 11:57:50'), ('18012', '723', '70', '5', null, null, '5', null, '2015-01-13 11:57:50'), ('18013', '724', '70', '5', null, null, '5', null, '2015-01-12 11:57:50'), ('18014', '725', '70', '4', null, null, '4', null, '2015-01-21 11:57:50'), ('18015', '726', '70', '5', null, null, '5', null, '2015-03-11 11:57:50'), ('18016', '727', '70', '1', null, null, '1', null, '2015-03-30 11:57:50'), ('18017', '728', '70', '4', null, null, '4', null, '2015-02-03 11:57:50'), ('18018', '729', '70', '1', null, null, '1', null, '2015-01-03 11:57:50'), ('18019', '730', '70', '4', null, null, '4', null, '2015-01-12 11:57:50'), ('18020', '731', '70', '1', null, null, '1', null, '2015-02-24 11:57:50'), ('18021', '732', '70', '2', null, null, '2', null, '2015-02-07 11:57:50'), ('18022', '733', '70', '1', null, null, '1', null, '2015-01-25 11:57:50'), ('18023', '734', '70', '4', null, null, '4', null, '2015-01-10 11:57:50'), ('18024', '735', '70', '2', null, null, '2', null, '2015-03-19 11:57:50'), ('18025', '736', '70', '3', null, null, '3', null, '2015-03-02 11:57:50'), ('18026', '749', '70', '5', null, null, '5', null, '2015-06-18 11:57:50'), ('18027', '750', '70', '4', null, null, '4', null, '2015-06-11 11:57:50'), ('18028', '751', '70', '3', null, null, '3', null, '2015-04-14 11:57:50'), ('18029', '752', '70', '1', null, null, '1', null, '2015-05-15 11:57:50'), ('18030', '753', '70', '4', null, null, '4', null, '2015-06-12 11:57:50'), ('18031', '754', '70', '2', null, null, '2', null, '2015-04-17 11:57:50'), ('18032', '755', '70', '5', null, null, '5', null, '2015-05-30 11:57:50'), ('18033', '756', '70', '4', null, null, '4', null, '2015-05-06 11:57:50'), ('18034', '757', '70', '3', null, null, '3', null, '2015-06-30 11:57:50'), ('18035', '758', '70', '4', null, null, '4', null, '2015-05-05 11:57:50'), ('18036', '759', '70', '3', null, null, '3', null, '2015-07-02 11:57:50'), ('18037', '760', '70', '5', null, null, '5', null, '2015-05-19 11:57:50'), ('18038', '761', '70', '2', null, null, '2', null, '2015-05-26 11:57:50'), ('18039', '762', '70', '2', null, null, '2', null, '2015-04-25 11:57:50'), ('18040', '763', '70', '3', null, null, '3', null, '2015-05-15 11:57:50'), ('18041', '764', '70', '5', null, null, '5', null, '2015-05-13 11:57:50'), ('18042', '765', '70', '1', null, null, '1', null, '2015-06-08 11:57:50'), ('18043', '766', '70', '4', null, null, '4', null, '2015-07-17 11:57:50'), ('18044', '767', '70', '5', null, null, '5', null, '2015-04-17 11:57:50'), ('18045', '780', '70', '4', null, null, '4', null, '2015-09-04 11:57:50'), ('18046', '781', '70', '4', null, null, '4', null, '2015-08-03 11:57:50'), ('18047', '782', '70', '2', null, null, '2', null, '2015-08-23 11:57:50'), ('18048', '783', '70', '5', null, null, '5', null, '2015-08-19 11:57:50'), ('18049', '784', '70', '5', null, null, '5', null, '2015-09-07 11:57:50'), ('18050', '785', '70', '2', null, null, '2', null, '2015-09-14 11:57:50'), ('18051', '786', '70', '2', null, null, '2', null, '2015-08-24 11:57:50'), ('18052', '787', '70', '3', null, null, '3', null, '2015-07-30 11:57:50'), ('18053', '788', '70', '1', null, null, '1', null, '2015-09-04 11:57:50'), ('18054', '789', '70', '5', null, null, '5', null, '2015-07-19 11:57:50'), ('18055', '790', '70', '5', null, null, '5', null, '2015-09-20 11:57:50'), ('18056', '791', '70', '4', null, null, '4', null, '2015-08-01 11:57:50'), ('18057', '792', '70', '1', null, null, '1', null, '2015-10-06 11:57:50'), ('18058', '793', '70', '1', null, null, '1', null, '2015-09-11 11:57:50'), ('18059', '794', '70', '3', null, null, '3', null, '2015-08-23 11:57:50'), ('18060', '795', '70', '2', null, null, '2', null, '2015-08-03 11:57:50'), ('18061', '796', '70', '3', null, null, '3', null, '2015-09-24 11:57:50'), ('18062', '797', '70', '3', null, null, '3', null, '2015-10-21 11:57:50'), ('18063', '798', '70', '4', null, null, '4', null, '2015-09-23 11:57:50'), ('18064', '811', '70', '2', null, null, '2', null, '2015-11-02 11:57:50'), ('18065', '812', '70', '5', null, null, '5', null, '2015-11-23 11:57:50'), ('18066', '813', '70', '2', null, null, '2', null, '2015-11-27 11:57:50'), ('18067', '814', '70', '3', null, null, '3', null, '2015-12-03 11:57:50'), ('18068', '815', '70', '5', null, null, '5', null, '2015-12-01 11:57:50'), ('18069', '816', '70', '2', null, null, '2', null, '2015-12-09 11:57:50'), ('18070', '817', '70', '5', null, null, '5', null, '2015-12-05 11:57:50'), ('18071', '818', '70', '5', null, null, '5', null, '2015-11-25 11:57:50'), ('18072', '819', '70', '2', null, null, '2', null, '2015-12-02 11:57:50'), ('18073', '820', '70', '5', null, null, '5', null, '2015-12-01 11:57:50'), ('18074', '854', '70', '3', null, null, '3', null, '2015-03-19 18:57:44'), ('18075', '855', '70', '2', null, null, '2', null, '2015-02-17 18:57:44'), ('18076', '856', '70', '4', null, null, '4', null, '2015-01-04 18:57:44'), ('18077', '857', '70', '1', null, null, '1', null, '2015-03-18 18:57:44'), ('18078', '858', '70', '5', null, null, '5', null, '2015-03-11 18:57:44'), ('18079', '859', '70', '4', null, null, '4', null, '2015-01-18 18:57:44'), ('18080', '860', '70', '1', null, null, '1', null, '2015-03-19 18:57:44'), ('18081', '861', '70', '4', null, null, '4', null, '2015-02-03 18:57:44'), ('18082', '862', '70', '5', null, null, '5', null, '2015-02-06 18:57:44'), ('18083', '863', '70', '2', null, null, '2', null, '2015-03-19 18:57:44'), ('18084', '864', '70', '3', null, null, '3', null, '2015-03-21 18:57:44'), ('18085', '865', '70', '4', null, null, '4', null, '2015-03-03 18:57:44'), ('18086', '869', '70', '2', null, null, '2', null, '2015-06-21 18:57:44'), ('18087', '870', '70', '2', null, null, '2', null, '2015-06-17 18:57:44'), ('18088', '871', '70', '5', null, null, '5', null, '2015-05-03 18:57:44'), ('18089', '872', '70', '4', null, null, '4', null, '2015-04-21 18:57:44'), ('18090', '873', '70', '4', null, null, '4', null, '2015-07-02 18:57:44'), ('18091', '874', '70', '3', null, null, '3', null, '2015-06-27 18:57:44'), ('18092', '875', '70', '1', null, null, '1', null, '2015-05-17 18:57:44'), ('18093', '876', '70', '5', null, null, '5', null, '2015-06-02 18:57:44'), ('18094', '877', '70', '3', null, null, '3', null, '2015-06-01 18:57:44'), ('18095', '878', '70', '4', null, null, '4', null, '2015-07-16 18:57:44'), ('18096', '879', '70', '5', null, null, '5', null, '2015-05-05 18:57:44'), ('18097', '880', '70', '4', null, null, '4', null, '2015-05-15 18:57:44'), ('18098', '884', '70', '3', null, null, '3', null, '2015-12-04 18:57:44'), ('18099', '885', '70', '3', null, null, '3', null, '2015-12-11 18:57:44'), ('18100', '886', '70', '2', null, null, '2', null, '2015-12-10 18:57:44'), ('18101', '887', '70', '3', null, null, '3', null, '2015-11-09 18:57:44'), ('18102', '888', '70', '3', null, null, '3', null, '2015-12-02 18:57:44'), ('18103', '889', '70', '5', null, null, '5', null, '2015-11-09 18:57:44'), ('18104', '890', '70', '1', null, null, '1', null, '2015-11-13 18:57:44'), ('18105', '891', '70', '2', null, null, '2', null, '2015-11-29 18:57:44'), ('18106', '892', '70', '5', null, null, '5', null, '2015-12-15 18:57:44'), ('18107', '893', '70', '3', null, null, '3', null, '2015-11-05 18:57:44'), ('18108', '718', '71', '5', null, null, '5', null, '2015-03-16 11:57:50'), ('18109', '719', '71', '2', null, null, '2', null, '2015-03-31 11:57:50'), ('18110', '720', '71', '3', null, null, '3', null, '2015-01-26 11:57:50'), ('18111', '721', '71', '2', null, null, '2', null, '2015-02-28 11:57:50'), ('18112', '722', '71', '2', null, null, '2', null, '2015-01-18 11:57:50'), ('18113', '723', '71', '5', null, null, '5', null, '2015-01-13 11:57:50'), ('18114', '724', '71', '2', null, null, '2', null, '2015-01-12 11:57:50'), ('18115', '725', '71', '1', null, null, '1', null, '2015-01-21 11:57:50'), ('18116', '726', '71', '4', null, null, '4', null, '2015-03-11 11:57:50'), ('18117', '727', '71', '4', null, null, '4', null, '2015-03-30 11:57:50'), ('18118', '728', '71', '5', null, null, '5', null, '2015-02-03 11:57:50'), ('18119', '729', '71', '3', null, null, '3', null, '2015-01-03 11:57:50'), ('18120', '730', '71', '2', null, null, '2', null, '2015-01-12 11:57:50'), ('18121', '731', '71', '3', null, null, '3', null, '2015-02-24 11:57:50'), ('18122', '732', '71', '2', null, null, '2', null, '2015-02-07 11:57:50'), ('18123', '733', '71', '2', null, null, '2', null, '2015-01-25 11:57:50'), ('18124', '734', '71', '3', null, null, '3', null, '2015-01-10 11:57:50'), ('18125', '735', '71', '2', null, null, '2', null, '2015-03-19 11:57:50'), ('18126', '736', '71', '1', null, null, '1', null, '2015-03-02 11:57:50'), ('18127', '749', '71', '3', null, null, '3', null, '2015-06-18 11:57:50'), ('18128', '750', '71', '3', null, null, '3', null, '2015-06-11 11:57:50'), ('18129', '751', '71', '4', null, null, '4', null, '2015-04-14 11:57:50'), ('18130', '752', '71', '4', null, null, '4', null, '2015-05-15 11:57:50'), ('18131', '753', '71', '4', null, null, '4', null, '2015-06-12 11:57:50'), ('18132', '754', '71', '4', null, null, '4', null, '2015-04-17 11:57:50'), ('18133', '755', '71', '2', null, null, '2', null, '2015-05-30 11:57:50'), ('18134', '756', '71', '3', null, null, '3', null, '2015-05-06 11:57:50'), ('18135', '757', '71', '1', null, null, '1', null, '2015-06-30 11:57:50'), ('18136', '758', '71', '2', null, null, '2', null, '2015-05-05 11:57:50'), ('18137', '759', '71', '2', null, null, '2', null, '2015-07-02 11:57:50'), ('18138', '760', '71', '4', null, null, '4', null, '2015-05-19 11:57:50'), ('18139', '761', '71', '5', null, null, '5', null, '2015-05-26 11:57:50'), ('18140', '762', '71', '4', null, null, '4', null, '2015-04-25 11:57:50'), ('18141', '763', '71', '2', null, null, '2', null, '2015-05-15 11:57:50'), ('18142', '764', '71', '1', null, null, '1', null, '2015-05-13 11:57:50'), ('18143', '765', '71', '4', null, null, '4', null, '2015-06-08 11:57:50'), ('18144', '766', '71', '1', null, null, '1', null, '2015-07-17 11:57:50'), ('18145', '767', '71', '4', null, null, '4', null, '2015-04-17 11:57:50'), ('18146', '780', '71', '2', null, null, '2', null, '2015-09-04 11:57:50'), ('18147', '781', '71', '5', null, null, '5', null, '2015-08-03 11:57:50'), ('18148', '782', '71', '1', null, null, '1', null, '2015-08-23 11:57:50'), ('18149', '783', '71', '3', null, null, '3', null, '2015-08-19 11:57:50'), ('18150', '784', '71', '2', null, null, '2', null, '2015-09-07 11:57:50'), ('18151', '785', '71', '3', null, null, '3', null, '2015-09-14 11:57:50'), ('18152', '786', '71', '2', null, null, '2', null, '2015-08-24 11:57:50'), ('18153', '787', '71', '4', null, null, '4', null, '2015-07-30 11:57:50'), ('18154', '788', '71', '3', null, null, '3', null, '2015-09-04 11:57:50'), ('18155', '789', '71', '3', null, null, '3', null, '2015-07-19 11:57:50'), ('18156', '790', '71', '4', null, null, '4', null, '2015-09-20 11:57:50'), ('18157', '791', '71', '1', null, null, '1', null, '2015-08-01 11:57:50'), ('18158', '792', '71', '4', null, null, '4', null, '2015-10-06 11:57:50'), ('18159', '793', '71', '1', null, null, '1', null, '2015-09-11 11:57:50'), ('18160', '794', '71', '5', null, null, '5', null, '2015-08-23 11:57:50'), ('18161', '795', '71', '5', null, null, '5', null, '2015-08-03 11:57:50'), ('18162', '796', '71', '4', null, null, '4', null, '2015-09-24 11:57:50'), ('18163', '797', '71', '3', null, null, '3', null, '2015-10-21 11:57:50'), ('18164', '798', '71', '1', null, null, '1', null, '2015-09-23 11:57:50'), ('18165', '811', '71', '3', null, null, '3', null, '2015-11-02 11:57:50'), ('18166', '812', '71', '2', null, null, '2', null, '2015-11-23 11:57:50'), ('18167', '813', '71', '1', null, null, '1', null, '2015-11-27 11:57:50'), ('18168', '814', '71', '1', null, null, '1', null, '2015-12-03 11:57:50'), ('18169', '815', '71', '4', null, null, '4', null, '2015-12-01 11:57:50'), ('18170', '816', '71', '4', null, null, '4', null, '2015-12-09 11:57:50'), ('18171', '817', '71', '2', null, null, '2', null, '2015-12-05 11:57:50'), ('18172', '818', '71', '5', null, null, '5', null, '2015-11-25 11:57:50'), ('18173', '819', '71', '3', null, null, '3', null, '2015-12-02 11:57:50'), ('18174', '820', '71', '5', null, null, '5', null, '2015-12-01 11:57:50'), ('18175', '854', '71', '4', null, null, '4', null, '2015-03-19 18:57:44'), ('18176', '855', '71', '1', null, null, '1', null, '2015-02-17 18:57:44'), ('18177', '856', '71', '1', null, null, '1', null, '2015-01-04 18:57:44'), ('18178', '857', '71', '1', null, null, '1', null, '2015-03-18 18:57:44'), ('18179', '858', '71', '3', null, null, '3', null, '2015-03-11 18:57:44'), ('18180', '859', '71', '5', null, null, '5', null, '2015-01-18 18:57:44'), ('18181', '860', '71', '5', null, null, '5', null, '2015-03-19 18:57:44'), ('18182', '861', '71', '2', null, null, '2', null, '2015-02-03 18:57:44'), ('18183', '862', '71', '4', null, null, '4', null, '2015-02-06 18:57:44'), ('18184', '863', '71', '2', null, null, '2', null, '2015-03-19 18:57:44'), ('18185', '864', '71', '4', null, null, '4', null, '2015-03-21 18:57:44'), ('18186', '865', '71', '5', null, null, '5', null, '2015-03-03 18:57:44'), ('18187', '869', '71', '1', null, null, '1', null, '2015-06-21 18:57:44'), ('18188', '870', '71', '1', null, null, '1', null, '2015-06-17 18:57:44'), ('18189', '871', '71', '4', null, null, '4', null, '2015-05-03 18:57:44'), ('18190', '872', '71', '4', null, null, '4', null, '2015-04-21 18:57:44'), ('18191', '873', '71', '5', null, null, '5', null, '2015-07-02 18:57:44'), ('18192', '874', '71', '4', null, null, '4', null, '2015-06-27 18:57:44'), ('18193', '875', '71', '3', null, null, '3', null, '2015-05-17 18:57:44'), ('18194', '876', '71', '5', null, null, '5', null, '2015-06-02 18:57:44'), ('18195', '877', '71', '3', null, null, '3', null, '2015-06-01 18:57:44'), ('18196', '878', '71', '2', null, null, '2', null, '2015-07-16 18:57:44'), ('18197', '879', '71', '5', null, null, '5', null, '2015-05-05 18:57:44'), ('18198', '880', '71', '2', null, null, '2', null, '2015-05-15 18:57:44'), ('18199', '884', '71', '5', null, null, '5', null, '2015-12-04 18:57:44'), ('18200', '885', '71', '4', null, null, '4', null, '2015-12-11 18:57:44'), ('18201', '886', '71', '4', null, null, '4', null, '2015-12-10 18:57:44'), ('18202', '887', '71', '3', null, null, '3', null, '2015-11-09 18:57:44'), ('18203', '888', '71', '2', null, null, '2', null, '2015-12-02 18:57:44'), ('18204', '889', '71', '4', null, null, '4', null, '2015-11-09 18:57:44'), ('18205', '890', '71', '1', null, null, '1', null, '2015-11-13 18:57:44'), ('18206', '891', '71', '3', null, null, '3', null, '2015-11-29 18:57:44'), ('18207', '892', '71', '4', null, null, '4', null, '2015-12-15 18:57:44'), ('18208', '893', '71', '5', null, null, '5', null, '2015-11-05 18:57:44'), ('18209', '718', '72', '5', null, null, '5', null, '2015-03-16 11:57:50'), ('18210', '719', '72', '3', null, null, '3', null, '2015-03-31 11:57:50'), ('18211', '720', '72', '5', null, null, '5', null, '2015-01-26 11:57:50'), ('18212', '721', '72', '5', null, null, '5', null, '2015-02-28 11:57:50'), ('18213', '722', '72', '5', null, null, '5', null, '2015-01-18 11:57:50'), ('18214', '723', '72', '1', null, null, '1', null, '2015-01-13 11:57:50'), ('18215', '724', '72', '3', null, null, '3', null, '2015-01-12 11:57:50'), ('18216', '725', '72', '3', null, null, '3', null, '2015-01-21 11:57:50'), ('18217', '726', '72', '3', null, null, '3', null, '2015-03-11 11:57:50'), ('18218', '727', '72', '2', null, null, '2', null, '2015-03-30 11:57:50'), ('18219', '728', '72', '4', null, null, '4', null, '2015-02-03 11:57:50'), ('18220', '729', '72', '4', null, null, '4', null, '2015-01-03 11:57:50'), ('18221', '730', '72', '5', null, null, '5', null, '2015-01-12 11:57:50'), ('18222', '731', '72', '4', null, null, '4', null, '2015-02-24 11:57:50'), ('18223', '732', '72', '1', null, null, '1', null, '2015-02-07 11:57:50'), ('18224', '733', '72', '4', null, null, '4', null, '2015-01-25 11:57:50'), ('18225', '734', '72', '2', null, null, '2', null, '2015-01-10 11:57:50'), ('18226', '735', '72', '3', null, null, '3', null, '2015-03-19 11:57:50'), ('18227', '736', '72', '1', null, null, '1', null, '2015-03-02 11:57:50'), ('18228', '749', '72', '5', null, null, '5', null, '2015-06-18 11:57:50'), ('18229', '750', '72', '4', null, null, '4', null, '2015-06-11 11:57:50'), ('18230', '751', '72', '4', null, null, '4', null, '2015-04-14 11:57:50'), ('18231', '752', '72', '3', null, null, '3', null, '2015-05-15 11:57:50'), ('18232', '753', '72', '2', null, null, '2', null, '2015-06-12 11:57:50'), ('18233', '754', '72', '5', null, null, '5', null, '2015-04-17 11:57:50'), ('18234', '755', '72', '3', null, null, '3', null, '2015-05-30 11:57:50'), ('18235', '756', '72', '4', null, null, '4', null, '2015-05-06 11:57:50'), ('18236', '757', '72', '2', null, null, '2', null, '2015-06-30 11:57:50'), ('18237', '758', '72', '3', null, null, '3', null, '2015-05-05 11:57:50'), ('18238', '759', '72', '3', null, null, '3', null, '2015-07-02 11:57:50'), ('18239', '760', '72', '5', null, null, '5', null, '2015-05-19 11:57:50'), ('18240', '761', '72', '1', null, null, '1', null, '2015-05-26 11:57:50'), ('18241', '762', '72', '1', null, null, '1', null, '2015-04-25 11:57:50'), ('18242', '763', '72', '3', null, null, '3', null, '2015-05-15 11:57:50'), ('18243', '764', '72', '5', null, null, '5', null, '2015-05-13 11:57:50'), ('18244', '765', '72', '2', null, null, '2', null, '2015-06-08 11:57:50'), ('18245', '766', '72', '3', null, null, '3', null, '2015-07-17 11:57:50'), ('18246', '767', '72', '2', null, null, '2', null, '2015-04-17 11:57:50'), ('18247', '780', '72', '4', null, null, '4', null, '2015-09-04 11:57:50'), ('18248', '781', '72', '4', null, null, '4', null, '2015-08-03 11:57:50'), ('18249', '782', '72', '4', null, null, '4', null, '2015-08-23 11:57:50'), ('18250', '783', '72', '5', null, null, '5', null, '2015-08-19 11:57:50'), ('18251', '784', '72', '5', null, null, '5', null, '2015-09-07 11:57:50'), ('18252', '785', '72', '2', null, null, '2', null, '2015-09-14 11:57:50'), ('18253', '786', '72', '4', null, null, '4', null, '2015-08-24 11:57:50'), ('18254', '787', '72', '1', null, null, '1', null, '2015-07-30 11:57:50'), ('18255', '788', '72', '1', null, null, '1', null, '2015-09-04 11:57:50'), ('18256', '789', '72', '1', null, null, '1', null, '2015-07-19 11:57:50'), ('18257', '790', '72', '5', null, null, '5', null, '2015-09-20 11:57:50'), ('18258', '791', '72', '3', null, null, '3', null, '2015-08-01 11:57:50'), ('18259', '792', '72', '4', null, null, '4', null, '2015-10-06 11:57:50'), ('18260', '793', '72', '5', null, null, '5', null, '2015-09-11 11:57:50'), ('18261', '794', '72', '2', null, null, '2', null, '2015-08-23 11:57:50'), ('18262', '795', '72', '5', null, null, '5', null, '2015-08-03 11:57:50'), ('18263', '796', '72', '1', null, null, '1', null, '2015-09-24 11:57:50'), ('18264', '797', '72', '2', null, null, '2', null, '2015-10-21 11:57:50'), ('18265', '798', '72', '1', null, null, '1', null, '2015-09-23 11:57:50'), ('18266', '811', '72', '1', null, null, '1', null, '2015-11-02 11:57:50'), ('18267', '812', '72', '4', null, null, '4', null, '2015-11-23 11:57:50'), ('18268', '813', '72', '3', null, null, '3', null, '2015-11-27 11:57:50'), ('18269', '814', '72', '5', null, null, '5', null, '2015-12-03 11:57:50'), ('18270', '815', '72', '2', null, null, '2', null, '2015-12-01 11:57:50'), ('18271', '816', '72', '1', null, null, '1', null, '2015-12-09 11:57:50'), ('18272', '817', '72', '1', null, null, '1', null, '2015-12-05 11:57:50'), ('18273', '818', '72', '5', null, null, '5', null, '2015-11-25 11:57:50'), ('18274', '819', '72', '3', null, null, '3', null, '2015-12-02 11:57:50'), ('18275', '820', '72', '5', null, null, '5', null, '2015-12-01 11:57:50'), ('18276', '854', '72', '1', null, null, '1', null, '2015-03-19 18:57:44'), ('18277', '855', '72', '5', null, null, '5', null, '2015-02-17 18:57:44'), ('18278', '856', '72', '2', null, null, '2', null, '2015-01-04 18:57:44'), ('18279', '857', '72', '1', null, null, '1', null, '2015-03-18 18:57:44'), ('18280', '858', '72', '5', null, null, '5', null, '2015-03-11 18:57:44'), ('18281', '859', '72', '3', null, null, '3', null, '2015-01-18 18:57:44'), ('18282', '860', '72', '5', null, null, '5', null, '2015-03-19 18:57:44'), ('18283', '861', '72', '1', null, null, '1', null, '2015-02-03 18:57:44'), ('18284', '862', '72', '5', null, null, '5', null, '2015-02-06 18:57:44'), ('18285', '863', '72', '1', null, null, '1', null, '2015-03-19 18:57:44'), ('18286', '864', '72', '3', null, null, '3', null, '2015-03-21 18:57:44'), ('18287', '865', '72', '1', null, null, '1', null, '2015-03-03 18:57:44'), ('18288', '869', '72', '1', null, null, '1', null, '2015-06-21 18:57:44'), ('18289', '870', '72', '5', null, null, '5', null, '2015-06-17 18:57:44'), ('18290', '871', '72', '3', null, null, '3', null, '2015-05-03 18:57:44'), ('18291', '872', '72', '3', null, null, '3', null, '2015-04-21 18:57:44'), ('18292', '873', '72', '1', null, null, '1', null, '2015-07-02 18:57:44'), ('18293', '874', '72', '2', null, null, '2', null, '2015-06-27 18:57:44'), ('18294', '875', '72', '3', null, null, '3', null, '2015-05-17 18:57:44'), ('18295', '876', '72', '1', null, null, '1', null, '2015-06-02 18:57:44'), ('18296', '877', '72', '4', null, null, '4', null, '2015-06-01 18:57:44'), ('18297', '878', '72', '4', null, null, '4', null, '2015-07-16 18:57:44'), ('18298', '879', '72', '1', null, null, '1', null, '2015-05-05 18:57:44'), ('18299', '880', '72', '4', null, null, '4', null, '2015-05-15 18:57:44'), ('18300', '884', '72', '3', null, null, '3', null, '2015-12-04 18:57:44'), ('18301', '885', '72', '1', null, null, '1', null, '2015-12-11 18:57:44'), ('18302', '886', '72', '5', null, null, '5', null, '2015-12-10 18:57:44'), ('18303', '887', '72', '2', null, null, '2', null, '2015-11-09 18:57:44'), ('18304', '888', '72', '4', null, null, '4', null, '2015-12-02 18:57:44'), ('18305', '889', '72', '2', null, null, '2', null, '2015-11-09 18:57:44'), ('18306', '890', '72', '3', null, null, '3', null, '2015-11-13 18:57:44'), ('18307', '891', '72', '2', null, null, '2', null, '2015-11-29 18:57:44'), ('18308', '892', '72', '4', null, null, '4', null, '2015-12-15 18:57:44'), ('18309', '893', '72', '1', null, null, '1', null, '2015-11-05 18:57:44'), ('18310', '718', '73', '5', null, null, '5', null, '2015-03-16 11:57:50'), ('18311', '719', '73', '1', null, null, '1', null, '2015-03-31 11:57:50'), ('18312', '720', '73', '3', null, null, '3', null, '2015-01-26 11:57:50'), ('18313', '721', '73', '3', null, null, '3', null, '2015-02-28 11:57:50'), ('18314', '722', '73', '2', null, null, '2', null, '2015-01-18 11:57:50'), ('18315', '723', '73', '3', null, null, '3', null, '2015-01-13 11:57:50'), ('18316', '724', '73', '5', null, null, '5', null, '2015-01-12 11:57:50'), ('18317', '725', '73', '2', null, null, '2', null, '2015-01-21 11:57:50'), ('18318', '726', '73', '2', null, null, '2', null, '2015-03-11 11:57:50'), ('18319', '727', '73', '4', null, null, '4', null, '2015-03-30 11:57:50'), ('18320', '728', '73', '2', null, null, '2', null, '2015-02-03 11:57:50'), ('18321', '729', '73', '5', null, null, '5', null, '2015-01-03 11:57:50'), ('18322', '730', '73', '3', null, null, '3', null, '2015-01-12 11:57:50'), ('18323', '731', '73', '1', null, null, '1', null, '2015-02-24 11:57:50'), ('18324', '732', '73', '3', null, null, '3', null, '2015-02-07 11:57:50'), ('18325', '733', '73', '3', null, null, '3', null, '2015-01-25 11:57:50'), ('18326', '734', '73', '4', null, null, '4', null, '2015-01-10 11:57:50'), ('18327', '735', '73', '5', null, null, '5', null, '2015-03-19 11:57:50'), ('18328', '736', '73', '3', null, null, '3', null, '2015-03-02 11:57:50'), ('18329', '749', '73', '2', null, null, '2', null, '2015-06-18 11:57:50'), ('18330', '750', '73', '2', null, null, '2', null, '2015-06-11 11:57:50'), ('18331', '751', '73', '4', null, null, '4', null, '2015-04-14 11:57:50'), ('18332', '752', '73', '1', null, null, '1', null, '2015-05-15 11:57:50'), ('18333', '753', '73', '1', null, null, '1', null, '2015-06-12 11:57:50'), ('18334', '754', '73', '1', null, null, '1', null, '2015-04-17 11:57:50'), ('18335', '755', '73', '1', null, null, '1', null, '2015-05-30 11:57:50'), ('18336', '756', '73', '3', null, null, '3', null, '2015-05-06 11:57:50'), ('18337', '757', '73', '1', null, null, '1', null, '2015-06-30 11:57:50'), ('18338', '758', '73', '4', null, null, '4', null, '2015-05-05 11:57:50'), ('18339', '759', '73', '1', null, null, '1', null, '2015-07-02 11:57:50'), ('18340', '760', '73', '4', null, null, '4', null, '2015-05-19 11:57:50'), ('18341', '761', '73', '1', null, null, '1', null, '2015-05-26 11:57:50'), ('18342', '762', '73', '1', null, null, '1', null, '2015-04-25 11:57:50'), ('18343', '763', '73', '3', null, null, '3', null, '2015-05-15 11:57:50'), ('18344', '764', '73', '2', null, null, '2', null, '2015-05-13 11:57:50'), ('18345', '765', '73', '1', null, null, '1', null, '2015-06-08 11:57:50'), ('18346', '766', '73', '4', null, null, '4', null, '2015-07-17 11:57:50'), ('18347', '767', '73', '1', null, null, '1', null, '2015-04-17 11:57:50'), ('18348', '780', '73', '2', null, null, '2', null, '2015-09-04 11:57:50'), ('18349', '781', '73', '1', null, null, '1', null, '2015-08-03 11:57:50'), ('18350', '782', '73', '5', null, null, '5', null, '2015-08-23 11:57:50'), ('18351', '783', '73', '1', null, null, '1', null, '2015-08-19 11:57:50'), ('18352', '784', '73', '4', null, null, '4', null, '2015-09-07 11:57:50'), ('18353', '785', '73', '3', null, null, '3', null, '2015-09-14 11:57:50'), ('18354', '786', '73', '3', null, null, '3', null, '2015-08-24 11:57:50'), ('18355', '787', '73', '4', null, null, '4', null, '2015-07-30 11:57:50'), ('18356', '788', '73', '4', null, null, '4', null, '2015-09-04 11:57:50'), ('18357', '789', '73', '4', null, null, '4', null, '2015-07-19 11:57:50'), ('18358', '790', '73', '1', null, null, '1', null, '2015-09-20 11:57:50'), ('18359', '791', '73', '3', null, null, '3', null, '2015-08-01 11:57:50'), ('18360', '792', '73', '2', null, null, '2', null, '2015-10-06 11:57:50'), ('18361', '793', '73', '5', null, null, '5', null, '2015-09-11 11:57:50'), ('18362', '794', '73', '3', null, null, '3', null, '2015-08-23 11:57:50'), ('18363', '795', '73', '4', null, null, '4', null, '2015-08-03 11:57:50'), ('18364', '796', '73', '5', null, null, '5', null, '2015-09-24 11:57:50'), ('18365', '797', '73', '5', null, null, '5', null, '2015-10-21 11:57:50'), ('18366', '798', '73', '5', null, null, '5', null, '2015-09-23 11:57:50'), ('18367', '811', '73', '4', null, null, '4', null, '2015-11-02 11:57:50'), ('18368', '812', '73', '1', null, null, '1', null, '2015-11-23 11:57:50'), ('18369', '813', '73', '4', null, null, '4', null, '2015-11-27 11:57:50'), ('18370', '814', '73', '5', null, null, '5', null, '2015-12-03 11:57:50'), ('18371', '815', '73', '5', null, null, '5', null, '2015-12-01 11:57:50'), ('18372', '816', '73', '4', null, null, '4', null, '2015-12-09 11:57:50'), ('18373', '817', '73', '2', null, null, '2', null, '2015-12-05 11:57:50'), ('18374', '818', '73', '2', null, null, '2', null, '2015-11-25 11:57:50'), ('18375', '819', '73', '3', null, null, '3', null, '2015-12-02 11:57:50'), ('18376', '820', '73', '3', null, null, '3', null, '2015-12-01 11:57:50'), ('18377', '854', '73', '4', null, null, '4', null, '2015-03-19 18:57:44'), ('18378', '855', '73', '2', null, null, '2', null, '2015-02-17 18:57:44'), ('18379', '856', '73', '2', null, null, '2', null, '2015-01-04 18:57:44'), ('18380', '857', '73', '2', null, null, '2', null, '2015-03-18 18:57:44'), ('18381', '858', '73', '1', null, null, '1', null, '2015-03-11 18:57:44'), ('18382', '859', '73', '1', null, null, '1', null, '2015-01-18 18:57:44'), ('18383', '860', '73', '3', null, null, '3', null, '2015-03-19 18:57:44'), ('18384', '861', '73', '1', null, null, '1', null, '2015-02-03 18:57:44'), ('18385', '862', '73', '4', null, null, '4', null, '2015-02-06 18:57:44'), ('18386', '863', '73', '4', null, null, '4', null, '2015-03-19 18:57:44'), ('18387', '864', '73', '1', null, null, '1', null, '2015-03-21 18:57:44'), ('18388', '865', '73', '2', null, null, '2', null, '2015-03-03 18:57:44'), ('18389', '869', '73', '4', null, null, '4', null, '2015-06-21 18:57:44'), ('18390', '870', '73', '5', null, null, '5', null, '2015-06-17 18:57:44'), ('18391', '871', '73', '5', null, null, '5', null, '2015-05-03 18:57:44'), ('18392', '872', '73', '4', null, null, '4', null, '2015-04-21 18:57:44'), ('18393', '873', '73', '3', null, null, '3', null, '2015-07-02 18:57:44'), ('18394', '874', '73', '4', null, null, '4', null, '2015-06-27 18:57:44'), ('18395', '875', '73', '4', null, null, '4', null, '2015-05-17 18:57:44'), ('18396', '876', '73', '5', null, null, '5', null, '2015-06-02 18:57:44'), ('18397', '877', '73', '3', null, null, '3', null, '2015-06-01 18:57:44'), ('18398', '878', '73', '2', null, null, '2', null, '2015-07-16 18:57:44'), ('18399', '879', '73', '5', null, null, '5', null, '2015-05-05 18:57:44'), ('18400', '880', '73', '3', null, null, '3', null, '2015-05-15 18:57:44'), ('18401', '884', '73', '4', null, null, '4', null, '2015-12-04 18:57:44'), ('18402', '885', '73', '2', null, null, '2', null, '2015-12-11 18:57:44'), ('18403', '886', '73', '4', null, null, '4', null, '2015-12-10 18:57:44'), ('18404', '887', '73', '2', null, null, '2', null, '2015-11-09 18:57:44'), ('18405', '888', '73', '1', null, null, '1', null, '2015-12-02 18:57:44'), ('18406', '889', '73', '4', null, null, '4', null, '2015-11-09 18:57:44'), ('18407', '890', '73', '3', null, null, '3', null, '2015-11-13 18:57:44'), ('18408', '891', '73', '2', null, null, '2', null, '2015-11-29 18:57:44'), ('18409', '892', '73', '3', null, null, '3', null, '2015-12-15 18:57:44'), ('18410', '893', '73', '2', null, null, '2', null, '2015-11-05 18:57:44'), ('18411', '718', '74', '5', null, null, '5', null, '2015-03-16 11:57:50'), ('18412', '719', '74', '2', null, null, '2', null, '2015-03-31 11:57:50'), ('18413', '720', '74', '2', null, null, '2', null, '2015-01-26 11:57:50'), ('18414', '721', '74', '3', null, null, '3', null, '2015-02-28 11:57:50'), ('18415', '722', '74', '3', null, null, '3', null, '2015-01-18 11:57:50'), ('18416', '723', '74', '5', null, null, '5', null, '2015-01-13 11:57:50'), ('18417', '724', '74', '2', null, null, '2', null, '2015-01-12 11:57:50'), ('18418', '725', '74', '2', null, null, '2', null, '2015-01-21 11:57:50'), ('18419', '726', '74', '4', null, null, '4', null, '2015-03-11 11:57:50'), ('18420', '727', '74', '5', null, null, '5', null, '2015-03-30 11:57:50'), ('18421', '728', '74', '2', null, null, '2', null, '2015-02-03 11:57:50'), ('18422', '729', '74', '3', null, null, '3', null, '2015-01-03 11:57:50'), ('18423', '730', '74', '5', null, null, '5', null, '2015-01-12 11:57:50'), ('18424', '731', '74', '2', null, null, '2', null, '2015-02-24 11:57:50'), ('18425', '732', '74', '2', null, null, '2', null, '2015-02-07 11:57:50'), ('18426', '733', '74', '4', null, null, '4', null, '2015-01-25 11:57:50'), ('18427', '734', '74', '2', null, null, '2', null, '2015-01-10 11:57:50'), ('18428', '735', '74', '3', null, null, '3', null, '2015-03-19 11:57:50'), ('18429', '736', '74', '1', null, null, '1', null, '2015-03-02 11:57:50'), ('18430', '749', '74', '4', null, null, '4', null, '2015-06-18 11:57:50'), ('18431', '750', '74', '2', null, null, '2', null, '2015-06-11 11:57:50'), ('18432', '751', '74', '4', null, null, '4', null, '2015-04-14 11:57:50'), ('18433', '752', '74', '1', null, null, '1', null, '2015-05-15 11:57:50'), ('18434', '753', '74', '3', null, null, '3', null, '2015-06-12 11:57:50'), ('18435', '754', '74', '5', null, null, '5', null, '2015-04-17 11:57:50'), ('18436', '755', '74', '2', null, null, '2', null, '2015-05-30 11:57:50'), ('18437', '756', '74', '1', null, null, '1', null, '2015-05-06 11:57:50'), ('18438', '757', '74', '1', null, null, '1', null, '2015-06-30 11:57:50'), ('18439', '758', '74', '3', null, null, '3', null, '2015-05-05 11:57:50'), ('18440', '759', '74', '4', null, null, '4', null, '2015-07-02 11:57:50'), ('18441', '760', '74', '4', null, null, '4', null, '2015-05-19 11:57:50'), ('18442', '761', '74', '1', null, null, '1', null, '2015-05-26 11:57:50'), ('18443', '762', '74', '3', null, null, '3', null, '2015-04-25 11:57:50'), ('18444', '763', '74', '2', null, null, '2', null, '2015-05-15 11:57:50'), ('18445', '764', '74', '1', null, null, '1', null, '2015-05-13 11:57:50'), ('18446', '765', '74', '1', null, null, '1', null, '2015-06-08 11:57:50'), ('18447', '766', '74', '4', null, null, '4', null, '2015-07-17 11:57:50'), ('18448', '767', '74', '4', null, null, '4', null, '2015-04-17 11:57:50'), ('18449', '780', '74', '3', null, null, '3', null, '2015-09-04 11:57:50'), ('18450', '781', '74', '1', null, null, '1', null, '2015-08-03 11:57:50'), ('18451', '782', '74', '2', null, null, '2', null, '2015-08-23 11:57:50'), ('18452', '783', '74', '2', null, null, '2', null, '2015-08-19 11:57:50'), ('18453', '784', '74', '1', null, null, '1', null, '2015-09-07 11:57:50'), ('18454', '785', '74', '1', null, null, '1', null, '2015-09-14 11:57:50'), ('18455', '786', '74', '5', null, null, '5', null, '2015-08-24 11:57:50'), ('18456', '787', '74', '1', null, null, '1', null, '2015-07-30 11:57:50'), ('18457', '788', '74', '2', null, null, '2', null, '2015-09-04 11:57:50'), ('18458', '789', '74', '4', null, null, '4', null, '2015-07-19 11:57:50'), ('18459', '790', '74', '1', null, null, '1', null, '2015-09-20 11:57:50'), ('18460', '791', '74', '2', null, null, '2', null, '2015-08-01 11:57:50'), ('18461', '792', '74', '5', null, null, '5', null, '2015-10-06 11:57:50'), ('18462', '793', '74', '3', null, null, '3', null, '2015-09-11 11:57:50'), ('18463', '794', '74', '4', null, null, '4', null, '2015-08-23 11:57:50'), ('18464', '795', '74', '4', null, null, '4', null, '2015-08-03 11:57:50'), ('18465', '796', '74', '4', null, null, '4', null, '2015-09-24 11:57:50'), ('18466', '797', '74', '2', null, null, '2', null, '2015-10-21 11:57:50'), ('18467', '798', '74', '4', null, null, '4', null, '2015-09-23 11:57:50'), ('18468', '811', '74', '2', null, null, '2', null, '2015-11-02 11:57:50'), ('18469', '812', '74', '4', null, null, '4', null, '2015-11-23 11:57:50'), ('18470', '813', '74', '1', null, null, '1', null, '2015-11-27 11:57:50'), ('18471', '814', '74', '5', null, null, '5', null, '2015-12-03 11:57:50'), ('18472', '815', '74', '2', null, null, '2', null, '2015-12-01 11:57:50'), ('18473', '816', '74', '3', null, null, '3', null, '2015-12-09 11:57:50'), ('18474', '817', '74', '3', null, null, '3', null, '2015-12-05 11:57:50'), ('18475', '818', '74', '4', null, null, '4', null, '2015-11-25 11:57:50'), ('18476', '819', '74', '2', null, null, '2', null, '2015-12-02 11:57:50'), ('18477', '820', '74', '5', null, null, '5', null, '2015-12-01 11:57:50'), ('18478', '854', '74', '5', null, null, '5', null, '2015-03-19 18:57:44'), ('18479', '855', '74', '2', null, null, '2', null, '2015-02-17 18:57:44'), ('18480', '856', '74', '2', null, null, '2', null, '2015-01-04 18:57:44'), ('18481', '857', '74', '5', null, null, '5', null, '2015-03-18 18:57:44'), ('18482', '858', '74', '4', null, null, '4', null, '2015-03-11 18:57:44'), ('18483', '859', '74', '4', null, null, '4', null, '2015-01-18 18:57:44'), ('18484', '860', '74', '3', null, null, '3', null, '2015-03-19 18:57:44'), ('18485', '861', '74', '4', null, null, '4', null, '2015-02-03 18:57:44'), ('18486', '862', '74', '4', null, null, '4', null, '2015-02-06 18:57:44'), ('18487', '863', '74', '3', null, null, '3', null, '2015-03-19 18:57:44'), ('18488', '864', '74', '5', null, null, '5', null, '2015-03-21 18:57:44'), ('18489', '865', '74', '4', null, null, '4', null, '2015-03-03 18:57:44'), ('18490', '869', '74', '2', null, null, '2', null, '2015-06-21 18:57:44'), ('18491', '870', '74', '2', null, null, '2', null, '2015-06-17 18:57:44'), ('18492', '871', '74', '5', null, null, '5', null, '2015-05-03 18:57:44'), ('18493', '872', '74', '4', null, null, '4', null, '2015-04-21 18:57:44'), ('18494', '873', '74', '3', null, null, '3', null, '2015-07-02 18:57:44'), ('18495', '874', '74', '4', null, null, '4', null, '2015-06-27 18:57:44'), ('18496', '875', '74', '3', null, null, '3', null, '2015-05-17 18:57:44'), ('18497', '876', '74', '5', null, null, '5', null, '2015-06-02 18:57:44'), ('18498', '877', '74', '3', null, null, '3', null, '2015-06-01 18:57:44'), ('18499', '878', '74', '5', null, null, '5', null, '2015-07-16 18:57:44'), ('18500', '879', '74', '3', null, null, '3', null, '2015-05-05 18:57:44'), ('18501', '880', '74', '3', null, null, '3', null, '2015-05-15 18:57:44'), ('18502', '884', '74', '2', null, null, '2', null, '2015-12-04 18:57:44'), ('18503', '885', '74', '1', null, null, '1', null, '2015-12-11 18:57:44'), ('18504', '886', '74', '3', null, null, '3', null, '2015-12-10 18:57:44'), ('18505', '887', '74', '5', null, null, '5', null, '2015-11-09 18:57:44'), ('18506', '888', '74', '3', null, null, '3', null, '2015-12-02 18:57:44'), ('18507', '889', '74', '3', null, null, '3', null, '2015-11-09 18:57:44'), ('18508', '890', '74', '3', null, null, '3', null, '2015-11-13 18:57:44'), ('18509', '891', '74', '2', null, null, '2', null, '2015-11-29 18:57:44'), ('18510', '892', '74', '2', null, null, '2', null, '2015-12-15 18:57:44'), ('18511', '893', '74', '3', null, null, '3', null, '2015-11-05 18:57:44'), ('18512', '718', '75', '2', null, null, '2', null, '2015-03-16 11:57:50'), ('18513', '719', '75', '3', null, null, '3', null, '2015-03-31 11:57:50'), ('18514', '720', '75', '3', null, null, '3', null, '2015-01-26 11:57:50'), ('18515', '721', '75', '5', null, null, '5', null, '2015-02-28 11:57:50'), ('18516', '722', '75', '4', null, null, '4', null, '2015-01-18 11:57:50'), ('18517', '723', '75', '4', null, null, '4', null, '2015-01-13 11:57:50'), ('18518', '724', '75', '5', null, null, '5', null, '2015-01-12 11:57:50'), ('18519', '725', '75', '2', null, null, '2', null, '2015-01-21 11:57:50'), ('18520', '726', '75', '5', null, null, '5', null, '2015-03-11 11:57:50'), ('18521', '727', '75', '2', null, null, '2', null, '2015-03-30 11:57:50'), ('18522', '728', '75', '2', null, null, '2', null, '2015-02-03 11:57:50'), ('18523', '729', '75', '2', null, null, '2', null, '2015-01-03 11:57:50'), ('18524', '730', '75', '5', null, null, '5', null, '2015-01-12 11:57:50'), ('18525', '731', '75', '3', null, null, '3', null, '2015-02-24 11:57:50'), ('18526', '732', '75', '1', null, null, '1', null, '2015-02-07 11:57:50'), ('18527', '733', '75', '5', null, null, '5', null, '2015-01-25 11:57:50'), ('18528', '734', '75', '5', null, null, '5', null, '2015-01-10 11:57:50'), ('18529', '735', '75', '5', null, null, '5', null, '2015-03-19 11:57:50'), ('18530', '736', '75', '3', null, null, '3', null, '2015-03-02 11:57:50'), ('18531', '749', '75', '5', null, null, '5', null, '2015-06-18 11:57:50'), ('18532', '750', '75', '4', null, null, '4', null, '2015-06-11 11:57:50'), ('18533', '751', '75', '1', null, null, '1', null, '2015-04-14 11:57:50'), ('18534', '752', '75', '4', null, null, '4', null, '2015-05-15 11:57:50'), ('18535', '753', '75', '4', null, null, '4', null, '2015-06-12 11:57:50'), ('18536', '754', '75', '2', null, null, '2', null, '2015-04-17 11:57:50'), ('18537', '755', '75', '5', null, null, '5', null, '2015-05-30 11:57:50'), ('18538', '756', '75', '2', null, null, '2', null, '2015-05-06 11:57:50'), ('18539', '757', '75', '5', null, null, '5', null, '2015-06-30 11:57:50'), ('18540', '758', '75', '5', null, null, '5', null, '2015-05-05 11:57:50'), ('18541', '759', '75', '3', null, null, '3', null, '2015-07-02 11:57:50'), ('18542', '760', '75', '5', null, null, '5', null, '2015-05-19 11:57:50'), ('18543', '761', '75', '4', null, null, '4', null, '2015-05-26 11:57:50'), ('18544', '762', '75', '4', null, null, '4', null, '2015-04-25 11:57:50'), ('18545', '763', '75', '4', null, null, '4', null, '2015-05-15 11:57:50'), ('18546', '764', '75', '1', null, null, '1', null, '2015-05-13 11:57:50'), ('18547', '765', '75', '5', null, null, '5', null, '2015-06-08 11:57:50'), ('18548', '766', '75', '1', null, null, '1', null, '2015-07-17 11:57:50'), ('18549', '767', '75', '5', null, null, '5', null, '2015-04-17 11:57:50'), ('18550', '780', '75', '5', null, null, '5', null, '2015-09-04 11:57:50'), ('18551', '781', '75', '4', null, null, '4', null, '2015-08-03 11:57:50'), ('18552', '782', '75', '1', null, null, '1', null, '2015-08-23 11:57:50'), ('18553', '783', '75', '2', null, null, '2', null, '2015-08-19 11:57:50'), ('18554', '784', '75', '2', null, null, '2', null, '2015-09-07 11:57:50'), ('18555', '785', '75', '5', null, null, '5', null, '2015-09-14 11:57:50'), ('18556', '786', '75', '3', null, null, '3', null, '2015-08-24 11:57:50'), ('18557', '787', '75', '2', null, null, '2', null, '2015-07-30 11:57:50'), ('18558', '788', '75', '3', null, null, '3', null, '2015-09-04 11:57:50'), ('18559', '789', '75', '4', null, null, '4', null, '2015-07-19 11:57:50'), ('18560', '790', '75', '4', null, null, '4', null, '2015-09-20 11:57:50'), ('18561', '791', '75', '3', null, null, '3', null, '2015-08-01 11:57:50'), ('18562', '792', '75', '4', null, null, '4', null, '2015-10-06 11:57:50'), ('18563', '793', '75', '4', null, null, '4', null, '2015-09-11 11:57:50'), ('18564', '794', '75', '2', null, null, '2', null, '2015-08-23 11:57:50'), ('18565', '795', '75', '2', null, null, '2', null, '2015-08-03 11:57:50'), ('18566', '796', '75', '3', null, null, '3', null, '2015-09-24 11:57:50'), ('18567', '797', '75', '4', null, null, '4', null, '2015-10-21 11:57:50'), ('18568', '798', '75', '4', null, null, '4', null, '2015-09-23 11:57:50'), ('18569', '811', '75', '4', null, null, '4', null, '2015-11-02 11:57:50'), ('18570', '812', '75', '1', null, null, '1', null, '2015-11-23 11:57:50'), ('18571', '813', '75', '3', null, null, '3', null, '2015-11-27 11:57:50'), ('18572', '814', '75', '3', null, null, '3', null, '2015-12-03 11:57:50'), ('18573', '815', '75', '4', null, null, '4', null, '2015-12-01 11:57:50'), ('18574', '816', '75', '1', null, null, '1', null, '2015-12-09 11:57:50'), ('18575', '817', '75', '2', null, null, '2', null, '2015-12-05 11:57:50'), ('18576', '818', '75', '5', null, null, '5', null, '2015-11-25 11:57:50'), ('18577', '819', '75', '1', null, null, '1', null, '2015-12-02 11:57:50');
INSERT INTO `assessment_response` VALUES ('18578', '820', '75', '4', null, null, '4', null, '2015-12-01 11:57:50'), ('18579', '854', '75', '1', null, null, '1', null, '2015-03-19 18:57:44'), ('18580', '855', '75', '4', null, null, '4', null, '2015-02-17 18:57:44'), ('18581', '856', '75', '1', null, null, '1', null, '2015-01-04 18:57:44'), ('18582', '857', '75', '4', null, null, '4', null, '2015-03-18 18:57:44'), ('18583', '858', '75', '2', null, null, '2', null, '2015-03-11 18:57:44'), ('18584', '859', '75', '4', null, null, '4', null, '2015-01-18 18:57:44'), ('18585', '860', '75', '1', null, null, '1', null, '2015-03-19 18:57:44'), ('18586', '861', '75', '3', null, null, '3', null, '2015-02-03 18:57:44'), ('18587', '862', '75', '2', null, null, '2', null, '2015-02-06 18:57:44'), ('18588', '863', '75', '1', null, null, '1', null, '2015-03-19 18:57:44'), ('18589', '864', '75', '2', null, null, '2', null, '2015-03-21 18:57:44'), ('18590', '865', '75', '1', null, null, '1', null, '2015-03-03 18:57:44'), ('18591', '869', '75', '4', null, null, '4', null, '2015-06-21 18:57:44'), ('18592', '870', '75', '4', null, null, '4', null, '2015-06-17 18:57:44'), ('18593', '871', '75', '4', null, null, '4', null, '2015-05-03 18:57:44'), ('18594', '872', '75', '5', null, null, '5', null, '2015-04-21 18:57:44'), ('18595', '873', '75', '3', null, null, '3', null, '2015-07-02 18:57:44'), ('18596', '874', '75', '1', null, null, '1', null, '2015-06-27 18:57:44'), ('18597', '875', '75', '4', null, null, '4', null, '2015-05-17 18:57:44'), ('18598', '876', '75', '5', null, null, '5', null, '2015-06-02 18:57:44'), ('18599', '877', '75', '4', null, null, '4', null, '2015-06-01 18:57:44'), ('18600', '878', '75', '4', null, null, '4', null, '2015-07-16 18:57:44'), ('18601', '879', '75', '3', null, null, '3', null, '2015-05-05 18:57:44'), ('18602', '880', '75', '1', null, null, '1', null, '2015-05-15 18:57:44'), ('18603', '884', '75', '1', null, null, '1', null, '2015-12-04 18:57:44'), ('18604', '885', '75', '3', null, null, '3', null, '2015-12-11 18:57:44'), ('18605', '886', '75', '5', null, null, '5', null, '2015-12-10 18:57:44'), ('18606', '887', '75', '3', null, null, '3', null, '2015-11-09 18:57:44'), ('18607', '888', '75', '2', null, null, '2', null, '2015-12-02 18:57:44'), ('18608', '889', '75', '5', null, null, '5', null, '2015-11-09 18:57:44'), ('18609', '890', '75', '5', null, null, '5', null, '2015-11-13 18:57:44'), ('18610', '891', '75', '5', null, null, '5', null, '2015-11-29 18:57:44'), ('18611', '892', '75', '5', null, null, '5', null, '2015-12-15 18:57:44'), ('18612', '893', '75', '3', null, null, '3', null, '2015-11-05 18:57:44'), ('18613', '718', '76', '4', null, null, '4', null, '2015-03-16 11:57:50'), ('18614', '719', '76', '5', null, null, '5', null, '2015-03-31 11:57:50'), ('18615', '720', '76', '3', null, null, '3', null, '2015-01-26 11:57:50'), ('18616', '721', '76', '1', null, null, '1', null, '2015-02-28 11:57:50'), ('18617', '722', '76', '1', null, null, '1', null, '2015-01-18 11:57:50'), ('18618', '723', '76', '3', null, null, '3', null, '2015-01-13 11:57:50'), ('18619', '724', '76', '3', null, null, '3', null, '2015-01-12 11:57:50'), ('18620', '725', '76', '1', null, null, '1', null, '2015-01-21 11:57:50'), ('18621', '726', '76', '3', null, null, '3', null, '2015-03-11 11:57:50'), ('18622', '727', '76', '5', null, null, '5', null, '2015-03-30 11:57:50'), ('18623', '728', '76', '4', null, null, '4', null, '2015-02-03 11:57:50'), ('18624', '729', '76', '5', null, null, '5', null, '2015-01-03 11:57:50'), ('18625', '730', '76', '2', null, null, '2', null, '2015-01-12 11:57:50'), ('18626', '731', '76', '5', null, null, '5', null, '2015-02-24 11:57:50'), ('18627', '732', '76', '4', null, null, '4', null, '2015-02-07 11:57:50'), ('18628', '733', '76', '3', null, null, '3', null, '2015-01-25 11:57:50'), ('18629', '734', '76', '2', null, null, '2', null, '2015-01-10 11:57:50'), ('18630', '735', '76', '3', null, null, '3', null, '2015-03-19 11:57:50'), ('18631', '736', '76', '4', null, null, '4', null, '2015-03-02 11:57:50'), ('18632', '749', '76', '1', null, null, '1', null, '2015-06-18 11:57:50'), ('18633', '750', '76', '1', null, null, '1', null, '2015-06-11 11:57:50'), ('18634', '751', '76', '1', null, null, '1', null, '2015-04-14 11:57:50'), ('18635', '752', '76', '5', null, null, '5', null, '2015-05-15 11:57:50'), ('18636', '753', '76', '5', null, null, '5', null, '2015-06-12 11:57:50'), ('18637', '754', '76', '2', null, null, '2', null, '2015-04-17 11:57:50'), ('18638', '755', '76', '2', null, null, '2', null, '2015-05-30 11:57:50'), ('18639', '756', '76', '2', null, null, '2', null, '2015-05-06 11:57:50'), ('18640', '757', '76', '4', null, null, '4', null, '2015-06-30 11:57:50'), ('18641', '758', '76', '2', null, null, '2', null, '2015-05-05 11:57:50'), ('18642', '759', '76', '4', null, null, '4', null, '2015-07-02 11:57:50'), ('18643', '760', '76', '4', null, null, '4', null, '2015-05-19 11:57:50'), ('18644', '761', '76', '3', null, null, '3', null, '2015-05-26 11:57:50'), ('18645', '762', '76', '2', null, null, '2', null, '2015-04-25 11:57:50'), ('18646', '763', '76', '1', null, null, '1', null, '2015-05-15 11:57:50'), ('18647', '764', '76', '5', null, null, '5', null, '2015-05-13 11:57:50'), ('18648', '765', '76', '1', null, null, '1', null, '2015-06-08 11:57:50'), ('18649', '766', '76', '3', null, null, '3', null, '2015-07-17 11:57:50'), ('18650', '767', '76', '2', null, null, '2', null, '2015-04-17 11:57:50'), ('18651', '780', '76', '5', null, null, '5', null, '2015-09-04 11:57:50'), ('18652', '781', '76', '3', null, null, '3', null, '2015-08-03 11:57:50'), ('18653', '782', '76', '3', null, null, '3', null, '2015-08-23 11:57:50'), ('18654', '783', '76', '2', null, null, '2', null, '2015-08-19 11:57:50'), ('18655', '784', '76', '1', null, null, '1', null, '2015-09-07 11:57:50'), ('18656', '785', '76', '3', null, null, '3', null, '2015-09-14 11:57:50'), ('18657', '786', '76', '5', null, null, '5', null, '2015-08-24 11:57:50'), ('18658', '787', '76', '3', null, null, '3', null, '2015-07-30 11:57:50'), ('18659', '788', '76', '4', null, null, '4', null, '2015-09-04 11:57:50'), ('18660', '789', '76', '1', null, null, '1', null, '2015-07-19 11:57:50'), ('18661', '790', '76', '4', null, null, '4', null, '2015-09-20 11:57:50'), ('18662', '791', '76', '5', null, null, '5', null, '2015-08-01 11:57:50'), ('18663', '792', '76', '3', null, null, '3', null, '2015-10-06 11:57:50'), ('18664', '793', '76', '3', null, null, '3', null, '2015-09-11 11:57:50'), ('18665', '794', '76', '5', null, null, '5', null, '2015-08-23 11:57:50'), ('18666', '795', '76', '5', null, null, '5', null, '2015-08-03 11:57:50'), ('18667', '796', '76', '2', null, null, '2', null, '2015-09-24 11:57:50'), ('18668', '797', '76', '4', null, null, '4', null, '2015-10-21 11:57:50'), ('18669', '798', '76', '4', null, null, '4', null, '2015-09-23 11:57:50'), ('18670', '811', '76', '3', null, null, '3', null, '2015-11-02 11:57:50'), ('18671', '812', '76', '1', null, null, '1', null, '2015-11-23 11:57:50'), ('18672', '813', '76', '1', null, null, '1', null, '2015-11-27 11:57:50'), ('18673', '814', '76', '1', null, null, '1', null, '2015-12-03 11:57:50'), ('18674', '815', '76', '1', null, null, '1', null, '2015-12-01 11:57:50'), ('18675', '816', '76', '3', null, null, '3', null, '2015-12-09 11:57:50'), ('18676', '817', '76', '1', null, null, '1', null, '2015-12-05 11:57:50'), ('18677', '818', '76', '4', null, null, '4', null, '2015-11-25 11:57:50'), ('18678', '819', '76', '4', null, null, '4', null, '2015-12-02 11:57:50'), ('18679', '820', '76', '5', null, null, '5', null, '2015-12-01 11:57:50'), ('18680', '854', '76', '4', null, null, '4', null, '2015-03-19 18:57:44'), ('18681', '855', '76', '2', null, null, '2', null, '2015-02-17 18:57:44'), ('18682', '856', '76', '5', null, null, '5', null, '2015-01-04 18:57:44'), ('18683', '857', '76', '2', null, null, '2', null, '2015-03-18 18:57:44'), ('18684', '858', '76', '3', null, null, '3', null, '2015-03-11 18:57:44'), ('18685', '859', '76', '1', null, null, '1', null, '2015-01-18 18:57:44'), ('18686', '860', '76', '5', null, null, '5', null, '2015-03-19 18:57:44'), ('18687', '861', '76', '2', null, null, '2', null, '2015-02-03 18:57:44'), ('18688', '862', '76', '5', null, null, '5', null, '2015-02-06 18:57:44'), ('18689', '863', '76', '3', null, null, '3', null, '2015-03-19 18:57:44'), ('18690', '864', '76', '1', null, null, '1', null, '2015-03-21 18:57:44'), ('18691', '865', '76', '1', null, null, '1', null, '2015-03-03 18:57:44'), ('18692', '869', '76', '5', null, null, '5', null, '2015-06-21 18:57:44'), ('18693', '870', '76', '5', null, null, '5', null, '2015-06-17 18:57:44'), ('18694', '871', '76', '3', null, null, '3', null, '2015-05-03 18:57:44'), ('18695', '872', '76', '1', null, null, '1', null, '2015-04-21 18:57:44'), ('18696', '873', '76', '3', null, null, '3', null, '2015-07-02 18:57:44'), ('18697', '874', '76', '5', null, null, '5', null, '2015-06-27 18:57:44'), ('18698', '875', '76', '3', null, null, '3', null, '2015-05-17 18:57:44'), ('18699', '876', '76', '4', null, null, '4', null, '2015-06-02 18:57:44'), ('18700', '877', '76', '3', null, null, '3', null, '2015-06-01 18:57:44'), ('18701', '878', '76', '5', null, null, '5', null, '2015-07-16 18:57:44'), ('18702', '879', '76', '5', null, null, '5', null, '2015-05-05 18:57:44'), ('18703', '880', '76', '4', null, null, '4', null, '2015-05-15 18:57:44'), ('18704', '884', '76', '1', null, null, '1', null, '2015-12-04 18:57:44'), ('18705', '885', '76', '2', null, null, '2', null, '2015-12-11 18:57:44'), ('18706', '886', '76', '2', null, null, '2', null, '2015-12-10 18:57:44'), ('18707', '887', '76', '1', null, null, '1', null, '2015-11-09 18:57:44'), ('18708', '888', '76', '4', null, null, '4', null, '2015-12-02 18:57:44'), ('18709', '889', '76', '4', null, null, '4', null, '2015-11-09 18:57:44'), ('18710', '890', '76', '2', null, null, '2', null, '2015-11-13 18:57:44'), ('18711', '891', '76', '1', null, null, '1', null, '2015-11-29 18:57:44'), ('18712', '892', '76', '3', null, null, '3', null, '2015-12-15 18:57:44'), ('18713', '893', '76', '2', null, null, '2', null, '2015-11-05 18:57:44'), ('18714', '718', '77', '5', null, null, '5', null, '2015-03-16 11:57:50'), ('18715', '719', '77', '5', null, null, '5', null, '2015-03-31 11:57:50'), ('18716', '720', '77', '2', null, null, '2', null, '2015-01-26 11:57:50'), ('18717', '721', '77', '2', null, null, '2', null, '2015-02-28 11:57:50'), ('18718', '722', '77', '2', null, null, '2', null, '2015-01-18 11:57:50'), ('18719', '723', '77', '2', null, null, '2', null, '2015-01-13 11:57:50'), ('18720', '724', '77', '2', null, null, '2', null, '2015-01-12 11:57:50'), ('18721', '725', '77', '1', null, null, '1', null, '2015-01-21 11:57:50'), ('18722', '726', '77', '5', null, null, '5', null, '2015-03-11 11:57:50'), ('18723', '727', '77', '1', null, null, '1', null, '2015-03-30 11:57:50'), ('18724', '728', '77', '1', null, null, '1', null, '2015-02-03 11:57:50'), ('18725', '729', '77', '5', null, null, '5', null, '2015-01-03 11:57:50'), ('18726', '730', '77', '4', null, null, '4', null, '2015-01-12 11:57:50'), ('18727', '731', '77', '2', null, null, '2', null, '2015-02-24 11:57:50'), ('18728', '732', '77', '3', null, null, '3', null, '2015-02-07 11:57:50'), ('18729', '733', '77', '4', null, null, '4', null, '2015-01-25 11:57:50'), ('18730', '734', '77', '4', null, null, '4', null, '2015-01-10 11:57:50'), ('18731', '735', '77', '5', null, null, '5', null, '2015-03-19 11:57:50'), ('18732', '736', '77', '5', null, null, '5', null, '2015-03-02 11:57:50'), ('18733', '749', '77', '4', null, null, '4', null, '2015-06-18 11:57:50'), ('18734', '750', '77', '1', null, null, '1', null, '2015-06-11 11:57:50'), ('18735', '751', '77', '1', null, null, '1', null, '2015-04-14 11:57:50'), ('18736', '752', '77', '3', null, null, '3', null, '2015-05-15 11:57:50'), ('18737', '753', '77', '5', null, null, '5', null, '2015-06-12 11:57:50'), ('18738', '754', '77', '4', null, null, '4', null, '2015-04-17 11:57:50'), ('18739', '755', '77', '2', null, null, '2', null, '2015-05-30 11:57:50'), ('18740', '756', '77', '1', null, null, '1', null, '2015-05-06 11:57:50'), ('18741', '757', '77', '4', null, null, '4', null, '2015-06-30 11:57:50'), ('18742', '758', '77', '1', null, null, '1', null, '2015-05-05 11:57:50'), ('18743', '759', '77', '3', null, null, '3', null, '2015-07-02 11:57:50'), ('18744', '760', '77', '4', null, null, '4', null, '2015-05-19 11:57:50'), ('18745', '761', '77', '4', null, null, '4', null, '2015-05-26 11:57:50'), ('18746', '762', '77', '2', null, null, '2', null, '2015-04-25 11:57:50'), ('18747', '763', '77', '5', null, null, '5', null, '2015-05-15 11:57:50'), ('18748', '764', '77', '5', null, null, '5', null, '2015-05-13 11:57:50'), ('18749', '765', '77', '1', null, null, '1', null, '2015-06-08 11:57:50'), ('18750', '766', '77', '3', null, null, '3', null, '2015-07-17 11:57:50'), ('18751', '767', '77', '1', null, null, '1', null, '2015-04-17 11:57:50'), ('18752', '780', '77', '5', null, null, '5', null, '2015-09-04 11:57:50'), ('18753', '781', '77', '4', null, null, '4', null, '2015-08-03 11:57:50'), ('18754', '782', '77', '3', null, null, '3', null, '2015-08-23 11:57:50'), ('18755', '783', '77', '2', null, null, '2', null, '2015-08-19 11:57:50'), ('18756', '784', '77', '1', null, null, '1', null, '2015-09-07 11:57:50'), ('18757', '785', '77', '4', null, null, '4', null, '2015-09-14 11:57:50'), ('18758', '786', '77', '4', null, null, '4', null, '2015-08-24 11:57:50'), ('18759', '787', '77', '1', null, null, '1', null, '2015-07-30 11:57:50'), ('18760', '788', '77', '1', null, null, '1', null, '2015-09-04 11:57:50'), ('18761', '789', '77', '3', null, null, '3', null, '2015-07-19 11:57:50'), ('18762', '790', '77', '4', null, null, '4', null, '2015-09-20 11:57:50'), ('18763', '791', '77', '3', null, null, '3', null, '2015-08-01 11:57:50'), ('18764', '792', '77', '5', null, null, '5', null, '2015-10-06 11:57:50'), ('18765', '793', '77', '5', null, null, '5', null, '2015-09-11 11:57:50'), ('18766', '794', '77', '4', null, null, '4', null, '2015-08-23 11:57:50'), ('18767', '795', '77', '2', null, null, '2', null, '2015-08-03 11:57:50'), ('18768', '796', '77', '4', null, null, '4', null, '2015-09-24 11:57:50'), ('18769', '797', '77', '5', null, null, '5', null, '2015-10-21 11:57:50'), ('18770', '798', '77', '5', null, null, '5', null, '2015-09-23 11:57:50'), ('18771', '811', '77', '2', null, null, '2', null, '2015-11-02 11:57:50'), ('18772', '812', '77', '4', null, null, '4', null, '2015-11-23 11:57:50'), ('18773', '813', '77', '4', null, null, '4', null, '2015-11-27 11:57:50'), ('18774', '814', '77', '5', null, null, '5', null, '2015-12-03 11:57:50'), ('18775', '815', '77', '4', null, null, '4', null, '2015-12-01 11:57:50'), ('18776', '816', '77', '2', null, null, '2', null, '2015-12-09 11:57:50'), ('18777', '817', '77', '5', null, null, '5', null, '2015-12-05 11:57:50'), ('18778', '818', '77', '5', null, null, '5', null, '2015-11-25 11:57:50'), ('18779', '819', '77', '4', null, null, '4', null, '2015-12-02 11:57:50'), ('18780', '820', '77', '4', null, null, '4', null, '2015-12-01 11:57:50'), ('18781', '854', '77', '4', null, null, '4', null, '2015-03-19 18:57:44'), ('18782', '855', '77', '5', null, null, '5', null, '2015-02-17 18:57:44'), ('18783', '856', '77', '5', null, null, '5', null, '2015-01-04 18:57:44'), ('18784', '857', '77', '5', null, null, '5', null, '2015-03-18 18:57:44'), ('18785', '858', '77', '1', null, null, '1', null, '2015-03-11 18:57:44'), ('18786', '859', '77', '3', null, null, '3', null, '2015-01-18 18:57:44'), ('18787', '860', '77', '2', null, null, '2', null, '2015-03-19 18:57:44'), ('18788', '861', '77', '4', null, null, '4', null, '2015-02-03 18:57:44'), ('18789', '862', '77', '1', null, null, '1', null, '2015-02-06 18:57:44'), ('18790', '863', '77', '5', null, null, '5', null, '2015-03-19 18:57:44'), ('18791', '864', '77', '3', null, null, '3', null, '2015-03-21 18:57:44'), ('18792', '865', '77', '1', null, null, '1', null, '2015-03-03 18:57:44'), ('18793', '869', '77', '2', null, null, '2', null, '2015-06-21 18:57:44'), ('18794', '870', '77', '4', null, null, '4', null, '2015-06-17 18:57:44'), ('18795', '871', '77', '2', null, null, '2', null, '2015-05-03 18:57:44'), ('18796', '872', '77', '5', null, null, '5', null, '2015-04-21 18:57:44'), ('18797', '873', '77', '1', null, null, '1', null, '2015-07-02 18:57:44'), ('18798', '874', '77', '2', null, null, '2', null, '2015-06-27 18:57:44'), ('18799', '875', '77', '2', null, null, '2', null, '2015-05-17 18:57:44'), ('18800', '876', '77', '3', null, null, '3', null, '2015-06-02 18:57:44'), ('18801', '877', '77', '2', null, null, '2', null, '2015-06-01 18:57:44'), ('18802', '878', '77', '1', null, null, '1', null, '2015-07-16 18:57:44'), ('18803', '879', '77', '3', null, null, '3', null, '2015-05-05 18:57:44'), ('18804', '880', '77', '2', null, null, '2', null, '2015-05-15 18:57:44'), ('18805', '884', '77', '1', null, null, '1', null, '2015-12-04 18:57:44'), ('18806', '885', '77', '5', null, null, '5', null, '2015-12-11 18:57:44'), ('18807', '886', '77', '4', null, null, '4', null, '2015-12-10 18:57:44'), ('18808', '887', '77', '4', null, null, '4', null, '2015-11-09 18:57:44'), ('18809', '888', '77', '5', null, null, '5', null, '2015-12-02 18:57:44'), ('18810', '889', '77', '5', null, null, '5', null, '2015-11-09 18:57:44'), ('18811', '890', '77', '5', null, null, '5', null, '2015-11-13 18:57:44'), ('18812', '891', '77', '4', null, null, '4', null, '2015-11-29 18:57:44'), ('18813', '892', '77', '5', null, null, '5', null, '2015-12-15 18:57:44'), ('18814', '893', '77', '3', null, null, '3', null, '2015-11-05 18:57:44'), ('18815', '718', '78', '1', null, null, '1', null, '2015-03-16 11:57:50'), ('18816', '719', '78', '4', null, null, '4', null, '2015-03-31 11:57:50'), ('18817', '720', '78', '5', null, null, '5', null, '2015-01-26 11:57:50'), ('18818', '721', '78', '4', null, null, '4', null, '2015-02-28 11:57:50'), ('18819', '722', '78', '1', null, null, '1', null, '2015-01-18 11:57:50'), ('18820', '723', '78', '2', null, null, '2', null, '2015-01-13 11:57:50'), ('18821', '724', '78', '1', null, null, '1', null, '2015-01-12 11:57:50'), ('18822', '725', '78', '2', null, null, '2', null, '2015-01-21 11:57:50'), ('18823', '726', '78', '4', null, null, '4', null, '2015-03-11 11:57:50'), ('18824', '727', '78', '2', null, null, '2', null, '2015-03-30 11:57:50'), ('18825', '728', '78', '2', null, null, '2', null, '2015-02-03 11:57:50'), ('18826', '729', '78', '1', null, null, '1', null, '2015-01-03 11:57:50'), ('18827', '730', '78', '2', null, null, '2', null, '2015-01-12 11:57:50'), ('18828', '731', '78', '1', null, null, '1', null, '2015-02-24 11:57:50'), ('18829', '732', '78', '5', null, null, '5', null, '2015-02-07 11:57:50'), ('18830', '733', '78', '5', null, null, '5', null, '2015-01-25 11:57:50'), ('18831', '734', '78', '4', null, null, '4', null, '2015-01-10 11:57:50'), ('18832', '735', '78', '3', null, null, '3', null, '2015-03-19 11:57:50'), ('18833', '736', '78', '4', null, null, '4', null, '2015-03-02 11:57:50'), ('18834', '749', '78', '3', null, null, '3', null, '2015-06-18 11:57:50'), ('18835', '750', '78', '4', null, null, '4', null, '2015-06-11 11:57:50'), ('18836', '751', '78', '2', null, null, '2', null, '2015-04-14 11:57:50'), ('18837', '752', '78', '3', null, null, '3', null, '2015-05-15 11:57:50'), ('18838', '753', '78', '4', null, null, '4', null, '2015-06-12 11:57:50'), ('18839', '754', '78', '1', null, null, '1', null, '2015-04-17 11:57:50'), ('18840', '755', '78', '3', null, null, '3', null, '2015-05-30 11:57:50'), ('18841', '756', '78', '5', null, null, '5', null, '2015-05-06 11:57:50'), ('18842', '757', '78', '2', null, null, '2', null, '2015-06-30 11:57:50'), ('18843', '758', '78', '5', null, null, '5', null, '2015-05-05 11:57:50'), ('18844', '759', '78', '3', null, null, '3', null, '2015-07-02 11:57:50'), ('18845', '760', '78', '2', null, null, '2', null, '2015-05-19 11:57:50'), ('18846', '761', '78', '3', null, null, '3', null, '2015-05-26 11:57:50'), ('18847', '762', '78', '4', null, null, '4', null, '2015-04-25 11:57:50'), ('18848', '763', '78', '3', null, null, '3', null, '2015-05-15 11:57:50'), ('18849', '764', '78', '5', null, null, '5', null, '2015-05-13 11:57:50'), ('18850', '765', '78', '5', null, null, '5', null, '2015-06-08 11:57:50'), ('18851', '766', '78', '1', null, null, '1', null, '2015-07-17 11:57:50'), ('18852', '767', '78', '4', null, null, '4', null, '2015-04-17 11:57:50'), ('18853', '780', '78', '1', null, null, '1', null, '2015-09-04 11:57:50'), ('18854', '781', '78', '5', null, null, '5', null, '2015-08-03 11:57:50'), ('18855', '782', '78', '5', null, null, '5', null, '2015-08-23 11:57:50'), ('18856', '783', '78', '2', null, null, '2', null, '2015-08-19 11:57:50'), ('18857', '784', '78', '1', null, null, '1', null, '2015-09-07 11:57:50'), ('18858', '785', '78', '2', null, null, '2', null, '2015-09-14 11:57:50'), ('18859', '786', '78', '2', null, null, '2', null, '2015-08-24 11:57:50'), ('18860', '787', '78', '2', null, null, '2', null, '2015-07-30 11:57:50'), ('18861', '788', '78', '5', null, null, '5', null, '2015-09-04 11:57:50'), ('18862', '789', '78', '2', null, null, '2', null, '2015-07-19 11:57:50'), ('18863', '790', '78', '2', null, null, '2', null, '2015-09-20 11:57:50'), ('18864', '791', '78', '4', null, null, '4', null, '2015-08-01 11:57:50'), ('18865', '792', '78', '1', null, null, '1', null, '2015-10-06 11:57:50'), ('18866', '793', '78', '4', null, null, '4', null, '2015-09-11 11:57:50'), ('18867', '794', '78', '5', null, null, '5', null, '2015-08-23 11:57:50'), ('18868', '795', '78', '3', null, null, '3', null, '2015-08-03 11:57:50'), ('18869', '796', '78', '2', null, null, '2', null, '2015-09-24 11:57:50'), ('18870', '797', '78', '2', null, null, '2', null, '2015-10-21 11:57:50'), ('18871', '798', '78', '5', null, null, '5', null, '2015-09-23 11:57:50'), ('18872', '811', '78', '2', null, null, '2', null, '2015-11-02 11:57:50'), ('18873', '812', '78', '2', null, null, '2', null, '2015-11-23 11:57:50'), ('18874', '813', '78', '1', null, null, '1', null, '2015-11-27 11:57:50'), ('18875', '814', '78', '5', null, null, '5', null, '2015-12-03 11:57:50'), ('18876', '815', '78', '3', null, null, '3', null, '2015-12-01 11:57:50'), ('18877', '816', '78', '4', null, null, '4', null, '2015-12-09 11:57:50'), ('18878', '817', '78', '2', null, null, '2', null, '2015-12-05 11:57:50'), ('18879', '818', '78', '4', null, null, '4', null, '2015-11-25 11:57:50'), ('18880', '819', '78', '5', null, null, '5', null, '2015-12-02 11:57:50'), ('18881', '820', '78', '2', null, null, '2', null, '2015-12-01 11:57:50'), ('18882', '854', '78', '3', null, null, '3', null, '2015-03-19 18:57:44'), ('18883', '855', '78', '5', null, null, '5', null, '2015-02-17 18:57:44'), ('18884', '856', '78', '4', null, null, '4', null, '2015-01-04 18:57:44'), ('18885', '857', '78', '4', null, null, '4', null, '2015-03-18 18:57:44'), ('18886', '858', '78', '4', null, null, '4', null, '2015-03-11 18:57:44'), ('18887', '859', '78', '3', null, null, '3', null, '2015-01-18 18:57:44'), ('18888', '860', '78', '1', null, null, '1', null, '2015-03-19 18:57:44'), ('18889', '861', '78', '3', null, null, '3', null, '2015-02-03 18:57:44'), ('18890', '862', '78', '5', null, null, '5', null, '2015-02-06 18:57:44'), ('18891', '863', '78', '5', null, null, '5', null, '2015-03-19 18:57:44'), ('18892', '864', '78', '4', null, null, '4', null, '2015-03-21 18:57:44'), ('18893', '865', '78', '5', null, null, '5', null, '2015-03-03 18:57:44'), ('18894', '869', '78', '3', null, null, '3', null, '2015-06-21 18:57:44'), ('18895', '870', '78', '4', null, null, '4', null, '2015-06-17 18:57:44'), ('18896', '871', '78', '1', null, null, '1', null, '2015-05-03 18:57:44'), ('18897', '872', '78', '5', null, null, '5', null, '2015-04-21 18:57:44'), ('18898', '873', '78', '4', null, null, '4', null, '2015-07-02 18:57:44'), ('18899', '874', '78', '2', null, null, '2', null, '2015-06-27 18:57:44'), ('18900', '875', '78', '5', null, null, '5', null, '2015-05-17 18:57:44'), ('18901', '876', '78', '5', null, null, '5', null, '2015-06-02 18:57:44'), ('18902', '877', '78', '1', null, null, '1', null, '2015-06-01 18:57:44'), ('18903', '878', '78', '2', null, null, '2', null, '2015-07-16 18:57:44'), ('18904', '879', '78', '1', null, null, '1', null, '2015-05-05 18:57:44'), ('18905', '880', '78', '2', null, null, '2', null, '2015-05-15 18:57:44'), ('18906', '884', '78', '1', null, null, '1', null, '2015-12-04 18:57:44'), ('18907', '885', '78', '3', null, null, '3', null, '2015-12-11 18:57:44'), ('18908', '886', '78', '4', null, null, '4', null, '2015-12-10 18:57:44'), ('18909', '887', '78', '1', null, null, '1', null, '2015-11-09 18:57:44'), ('18910', '888', '78', '1', null, null, '1', null, '2015-12-02 18:57:44'), ('18911', '889', '78', '3', null, null, '3', null, '2015-11-09 18:57:44'), ('18912', '890', '78', '1', null, null, '1', null, '2015-11-13 18:57:44'), ('18913', '891', '78', '2', null, null, '2', null, '2015-11-29 18:57:44'), ('18914', '892', '78', '4', null, null, '4', null, '2015-12-15 18:57:44'), ('18915', '893', '78', '5', null, null, '5', null, '2015-11-05 18:57:44'), ('18916', '718', '79', '2', null, null, '2', null, '2015-03-16 11:57:50'), ('18917', '719', '79', '5', null, null, '5', null, '2015-03-31 11:57:50'), ('18918', '720', '79', '4', null, null, '4', null, '2015-01-26 11:57:50'), ('18919', '721', '79', '5', null, null, '5', null, '2015-02-28 11:57:50'), ('18920', '722', '79', '4', null, null, '4', null, '2015-01-18 11:57:50'), ('18921', '723', '79', '1', null, null, '1', null, '2015-01-13 11:57:50'), ('18922', '724', '79', '1', null, null, '1', null, '2015-01-12 11:57:50'), ('18923', '725', '79', '3', null, null, '3', null, '2015-01-21 11:57:50'), ('18924', '726', '79', '3', null, null, '3', null, '2015-03-11 11:57:50'), ('18925', '727', '79', '5', null, null, '5', null, '2015-03-30 11:57:50'), ('18926', '728', '79', '5', null, null, '5', null, '2015-02-03 11:57:50'), ('18927', '729', '79', '4', null, null, '4', null, '2015-01-03 11:57:50'), ('18928', '730', '79', '4', null, null, '4', null, '2015-01-12 11:57:50'), ('18929', '731', '79', '4', null, null, '4', null, '2015-02-24 11:57:50'), ('18930', '732', '79', '4', null, null, '4', null, '2015-02-07 11:57:50'), ('18931', '733', '79', '5', null, null, '5', null, '2015-01-25 11:57:50'), ('18932', '734', '79', '5', null, null, '5', null, '2015-01-10 11:57:50'), ('18933', '735', '79', '3', null, null, '3', null, '2015-03-19 11:57:50'), ('18934', '736', '79', '3', null, null, '3', null, '2015-03-02 11:57:50'), ('18935', '749', '79', '5', null, null, '5', null, '2015-06-18 11:57:50'), ('18936', '750', '79', '2', null, null, '2', null, '2015-06-11 11:57:50'), ('18937', '751', '79', '1', null, null, '1', null, '2015-04-14 11:57:50'), ('18938', '752', '79', '4', null, null, '4', null, '2015-05-15 11:57:50'), ('18939', '753', '79', '1', null, null, '1', null, '2015-06-12 11:57:50'), ('18940', '754', '79', '5', null, null, '5', null, '2015-04-17 11:57:50'), ('18941', '755', '79', '3', null, null, '3', null, '2015-05-30 11:57:50'), ('18942', '756', '79', '3', null, null, '3', null, '2015-05-06 11:57:50'), ('18943', '757', '79', '1', null, null, '1', null, '2015-06-30 11:57:50'), ('18944', '758', '79', '5', null, null, '5', null, '2015-05-05 11:57:50'), ('18945', '759', '79', '1', null, null, '1', null, '2015-07-02 11:57:50'), ('18946', '760', '79', '2', null, null, '2', null, '2015-05-19 11:57:50'), ('18947', '761', '79', '4', null, null, '4', null, '2015-05-26 11:57:50'), ('18948', '762', '79', '5', null, null, '5', null, '2015-04-25 11:57:50'), ('18949', '763', '79', '5', null, null, '5', null, '2015-05-15 11:57:50'), ('18950', '764', '79', '2', null, null, '2', null, '2015-05-13 11:57:50'), ('18951', '765', '79', '4', null, null, '4', null, '2015-06-08 11:57:50'), ('18952', '766', '79', '4', null, null, '4', null, '2015-07-17 11:57:50'), ('18953', '767', '79', '3', null, null, '3', null, '2015-04-17 11:57:50'), ('18954', '780', '79', '5', null, null, '5', null, '2015-09-04 11:57:50'), ('18955', '781', '79', '4', null, null, '4', null, '2015-08-03 11:57:50'), ('18956', '782', '79', '3', null, null, '3', null, '2015-08-23 11:57:50'), ('18957', '783', '79', '1', null, null, '1', null, '2015-08-19 11:57:50'), ('18958', '784', '79', '5', null, null, '5', null, '2015-09-07 11:57:50'), ('18959', '785', '79', '4', null, null, '4', null, '2015-09-14 11:57:50'), ('18960', '786', '79', '4', null, null, '4', null, '2015-08-24 11:57:50'), ('18961', '787', '79', '4', null, null, '4', null, '2015-07-30 11:57:50'), ('18962', '788', '79', '1', null, null, '1', null, '2015-09-04 11:57:50'), ('18963', '789', '79', '3', null, null, '3', null, '2015-07-19 11:57:50'), ('18964', '790', '79', '3', null, null, '3', null, '2015-09-20 11:57:50'), ('18965', '791', '79', '5', null, null, '5', null, '2015-08-01 11:57:50'), ('18966', '792', '79', '1', null, null, '1', null, '2015-10-06 11:57:50'), ('18967', '793', '79', '3', null, null, '3', null, '2015-09-11 11:57:50'), ('18968', '794', '79', '3', null, null, '3', null, '2015-08-23 11:57:50'), ('18969', '795', '79', '2', null, null, '2', null, '2015-08-03 11:57:50'), ('18970', '796', '79', '3', null, null, '3', null, '2015-09-24 11:57:50'), ('18971', '797', '79', '5', null, null, '5', null, '2015-10-21 11:57:50'), ('18972', '798', '79', '5', null, null, '5', null, '2015-09-23 11:57:50'), ('18973', '811', '79', '2', null, null, '2', null, '2015-11-02 11:57:50'), ('18974', '812', '79', '3', null, null, '3', null, '2015-11-23 11:57:50'), ('18975', '813', '79', '3', null, null, '3', null, '2015-11-27 11:57:50'), ('18976', '814', '79', '5', null, null, '5', null, '2015-12-03 11:57:50'), ('18977', '815', '79', '1', null, null, '1', null, '2015-12-01 11:57:50'), ('18978', '816', '79', '1', null, null, '1', null, '2015-12-09 11:57:50'), ('18979', '817', '79', '5', null, null, '5', null, '2015-12-05 11:57:50'), ('18980', '818', '79', '1', null, null, '1', null, '2015-11-25 11:57:50'), ('18981', '819', '79', '3', null, null, '3', null, '2015-12-02 11:57:50'), ('18982', '820', '79', '5', null, null, '5', null, '2015-12-01 11:57:50'), ('18983', '854', '79', '3', null, null, '3', null, '2015-03-19 18:57:44'), ('18984', '855', '79', '1', null, null, '1', null, '2015-02-17 18:57:44'), ('18985', '856', '79', '4', null, null, '4', null, '2015-01-04 18:57:44'), ('18986', '857', '79', '2', null, null, '2', null, '2015-03-18 18:57:44'), ('18987', '858', '79', '2', null, null, '2', null, '2015-03-11 18:57:44'), ('18988', '859', '79', '4', null, null, '4', null, '2015-01-18 18:57:44'), ('18989', '860', '79', '2', null, null, '2', null, '2015-03-19 18:57:44'), ('18990', '861', '79', '4', null, null, '4', null, '2015-02-03 18:57:44'), ('18991', '862', '79', '3', null, null, '3', null, '2015-02-06 18:57:44'), ('18992', '863', '79', '4', null, null, '4', null, '2015-03-19 18:57:44'), ('18993', '864', '79', '4', null, null, '4', null, '2015-03-21 18:57:44'), ('18994', '865', '79', '2', null, null, '2', null, '2015-03-03 18:57:44'), ('18995', '869', '79', '2', null, null, '2', null, '2015-06-21 18:57:44'), ('18996', '870', '79', '5', null, null, '5', null, '2015-06-17 18:57:44'), ('18997', '871', '79', '1', null, null, '1', null, '2015-05-03 18:57:44'), ('18998', '872', '79', '3', null, null, '3', null, '2015-04-21 18:57:44'), ('18999', '873', '79', '4', null, null, '4', null, '2015-07-02 18:57:44'), ('19000', '874', '79', '2', null, null, '2', null, '2015-06-27 18:57:44'), ('19001', '875', '79', '3', null, null, '3', null, '2015-05-17 18:57:44'), ('19002', '876', '79', '5', null, null, '5', null, '2015-06-02 18:57:44'), ('19003', '877', '79', '3', null, null, '3', null, '2015-06-01 18:57:44'), ('19004', '878', '79', '4', null, null, '4', null, '2015-07-16 18:57:44'), ('19005', '879', '79', '3', null, null, '3', null, '2015-05-05 18:57:44'), ('19006', '880', '79', '5', null, null, '5', null, '2015-05-15 18:57:44'), ('19007', '884', '79', '2', null, null, '2', null, '2015-12-04 18:57:44'), ('19008', '885', '79', '3', null, null, '3', null, '2015-12-11 18:57:44'), ('19009', '886', '79', '5', null, null, '5', null, '2015-12-10 18:57:44'), ('19010', '887', '79', '3', null, null, '3', null, '2015-11-09 18:57:44'), ('19011', '888', '79', '1', null, null, '1', null, '2015-12-02 18:57:44'), ('19012', '889', '79', '5', null, null, '5', null, '2015-11-09 18:57:44'), ('19013', '890', '79', '1', null, null, '1', null, '2015-11-13 18:57:44'), ('19014', '891', '79', '5', null, null, '5', null, '2015-11-29 18:57:44'), ('19015', '892', '79', '5', null, null, '5', null, '2015-12-15 18:57:44'), ('19016', '893', '79', '5', null, null, '5', null, '2015-11-05 18:57:44'), ('19017', '718', '80', '2', null, null, '2', null, '2015-03-16 11:57:50'), ('19018', '719', '80', '3', null, null, '3', null, '2015-03-31 11:57:50'), ('19019', '720', '80', '4', null, null, '4', null, '2015-01-26 11:57:50'), ('19020', '721', '80', '5', null, null, '5', null, '2015-02-28 11:57:50'), ('19021', '722', '80', '1', null, null, '1', null, '2015-01-18 11:57:50'), ('19022', '723', '80', '4', null, null, '4', null, '2015-01-13 11:57:50'), ('19023', '724', '80', '1', null, null, '1', null, '2015-01-12 11:57:50'), ('19024', '725', '80', '4', null, null, '4', null, '2015-01-21 11:57:50'), ('19025', '726', '80', '2', null, null, '2', null, '2015-03-11 11:57:50'), ('19026', '727', '80', '5', null, null, '5', null, '2015-03-30 11:57:50'), ('19027', '728', '80', '2', null, null, '2', null, '2015-02-03 11:57:50'), ('19028', '729', '80', '3', null, null, '3', null, '2015-01-03 11:57:50'), ('19029', '730', '80', '4', null, null, '4', null, '2015-01-12 11:57:50'), ('19030', '731', '80', '5', null, null, '5', null, '2015-02-24 11:57:50'), ('19031', '732', '80', '4', null, null, '4', null, '2015-02-07 11:57:50'), ('19032', '733', '80', '4', null, null, '4', null, '2015-01-25 11:57:50'), ('19033', '734', '80', '5', null, null, '5', null, '2015-01-10 11:57:50'), ('19034', '735', '80', '1', null, null, '1', null, '2015-03-19 11:57:50'), ('19035', '736', '80', '2', null, null, '2', null, '2015-03-02 11:57:50'), ('19036', '749', '80', '4', null, null, '4', null, '2015-06-18 11:57:50'), ('19037', '750', '80', '1', null, null, '1', null, '2015-06-11 11:57:50'), ('19038', '751', '80', '3', null, null, '3', null, '2015-04-14 11:57:50'), ('19039', '752', '80', '1', null, null, '1', null, '2015-05-15 11:57:50'), ('19040', '753', '80', '5', null, null, '5', null, '2015-06-12 11:57:50'), ('19041', '754', '80', '2', null, null, '2', null, '2015-04-17 11:57:50'), ('19042', '755', '80', '1', null, null, '1', null, '2015-05-30 11:57:50'), ('19043', '756', '80', '3', null, null, '3', null, '2015-05-06 11:57:50'), ('19044', '757', '80', '1', null, null, '1', null, '2015-06-30 11:57:50'), ('19045', '758', '80', '5', null, null, '5', null, '2015-05-05 11:57:50'), ('19046', '759', '80', '5', null, null, '5', null, '2015-07-02 11:57:50'), ('19047', '760', '80', '1', null, null, '1', null, '2015-05-19 11:57:50'), ('19048', '761', '80', '4', null, null, '4', null, '2015-05-26 11:57:50'), ('19049', '762', '80', '2', null, null, '2', null, '2015-04-25 11:57:50'), ('19050', '763', '80', '3', null, null, '3', null, '2015-05-15 11:57:50'), ('19051', '764', '80', '4', null, null, '4', null, '2015-05-13 11:57:50'), ('19052', '765', '80', '2', null, null, '2', null, '2015-06-08 11:57:50'), ('19053', '766', '80', '4', null, null, '4', null, '2015-07-17 11:57:50'), ('19054', '767', '80', '5', null, null, '5', null, '2015-04-17 11:57:50'), ('19055', '780', '80', '4', null, null, '4', null, '2015-09-04 11:57:50'), ('19056', '781', '80', '3', null, null, '3', null, '2015-08-03 11:57:50'), ('19057', '782', '80', '2', null, null, '2', null, '2015-08-23 11:57:50'), ('19058', '783', '80', '4', null, null, '4', null, '2015-08-19 11:57:50'), ('19059', '784', '80', '2', null, null, '2', null, '2015-09-07 11:57:50'), ('19060', '785', '80', '4', null, null, '4', null, '2015-09-14 11:57:50'), ('19061', '786', '80', '2', null, null, '2', null, '2015-08-24 11:57:50'), ('19062', '787', '80', '5', null, null, '5', null, '2015-07-30 11:57:50'), ('19063', '788', '80', '1', null, null, '1', null, '2015-09-04 11:57:50'), ('19064', '789', '80', '1', null, null, '1', null, '2015-07-19 11:57:50'), ('19065', '790', '80', '4', null, null, '4', null, '2015-09-20 11:57:50'), ('19066', '791', '80', '3', null, null, '3', null, '2015-08-01 11:57:50'), ('19067', '792', '80', '4', null, null, '4', null, '2015-10-06 11:57:50'), ('19068', '793', '80', '4', null, null, '4', null, '2015-09-11 11:57:50'), ('19069', '794', '80', '4', null, null, '4', null, '2015-08-23 11:57:50'), ('19070', '795', '80', '5', null, null, '5', null, '2015-08-03 11:57:50'), ('19071', '796', '80', '2', null, null, '2', null, '2015-09-24 11:57:50'), ('19072', '797', '80', '1', null, null, '1', null, '2015-10-21 11:57:50'), ('19073', '798', '80', '1', null, null, '1', null, '2015-09-23 11:57:50'), ('19074', '811', '80', '4', null, null, '4', null, '2015-11-02 11:57:50'), ('19075', '812', '80', '1', null, null, '1', null, '2015-11-23 11:57:50'), ('19076', '813', '80', '1', null, null, '1', null, '2015-11-27 11:57:50'), ('19077', '814', '80', '4', null, null, '4', null, '2015-12-03 11:57:50'), ('19078', '815', '80', '5', null, null, '5', null, '2015-12-01 11:57:50'), ('19079', '816', '80', '1', null, null, '1', null, '2015-12-09 11:57:50'), ('19080', '817', '80', '1', null, null, '1', null, '2015-12-05 11:57:50'), ('19081', '818', '80', '5', null, null, '5', null, '2015-11-25 11:57:50'), ('19082', '819', '80', '2', null, null, '2', null, '2015-12-02 11:57:50'), ('19083', '820', '80', '4', null, null, '4', null, '2015-12-01 11:57:50'), ('19084', '854', '80', '2', null, null, '2', null, '2015-03-19 18:57:44'), ('19085', '855', '80', '4', null, null, '4', null, '2015-02-17 18:57:44'), ('19086', '856', '80', '3', null, null, '3', null, '2015-01-04 18:57:44'), ('19087', '857', '80', '4', null, null, '4', null, '2015-03-18 18:57:44'), ('19088', '858', '80', '1', null, null, '1', null, '2015-03-11 18:57:44'), ('19089', '859', '80', '5', null, null, '5', null, '2015-01-18 18:57:44'), ('19090', '860', '80', '2', null, null, '2', null, '2015-03-19 18:57:44'), ('19091', '861', '80', '5', null, null, '5', null, '2015-02-03 18:57:44'), ('19092', '862', '80', '3', null, null, '3', null, '2015-02-06 18:57:44'), ('19093', '863', '80', '1', null, null, '1', null, '2015-03-19 18:57:44'), ('19094', '864', '80', '5', null, null, '5', null, '2015-03-21 18:57:44'), ('19095', '865', '80', '1', null, null, '1', null, '2015-03-03 18:57:44'), ('19096', '869', '80', '4', null, null, '4', null, '2015-06-21 18:57:44'), ('19097', '870', '80', '1', null, null, '1', null, '2015-06-17 18:57:44'), ('19098', '871', '80', '5', null, null, '5', null, '2015-05-03 18:57:44'), ('19099', '872', '80', '4', null, null, '4', null, '2015-04-21 18:57:44'), ('19100', '873', '80', '2', null, null, '2', null, '2015-07-02 18:57:44'), ('19101', '874', '80', '5', null, null, '5', null, '2015-06-27 18:57:44'), ('19102', '875', '80', '3', null, null, '3', null, '2015-05-17 18:57:44'), ('19103', '876', '80', '5', null, null, '5', null, '2015-06-02 18:57:44'), ('19104', '877', '80', '2', null, null, '2', null, '2015-06-01 18:57:44'), ('19105', '878', '80', '2', null, null, '2', null, '2015-07-16 18:57:44'), ('19106', '879', '80', '4', null, null, '4', null, '2015-05-05 18:57:44'), ('19107', '880', '80', '4', null, null, '4', null, '2015-05-15 18:57:44'), ('19108', '884', '80', '3', null, null, '3', null, '2015-12-04 18:57:44'), ('19109', '885', '80', '4', null, null, '4', null, '2015-12-11 18:57:44'), ('19110', '886', '80', '5', null, null, '5', null, '2015-12-10 18:57:44'), ('19111', '887', '80', '2', null, null, '2', null, '2015-11-09 18:57:44'), ('19112', '888', '80', '1', null, null, '1', null, '2015-12-02 18:57:44'), ('19113', '889', '80', '2', null, null, '2', null, '2015-11-09 18:57:44'), ('19114', '890', '80', '5', null, null, '5', null, '2015-11-13 18:57:44'), ('19115', '891', '80', '3', null, null, '3', null, '2015-11-29 18:57:44'), ('19116', '892', '80', '3', null, null, '3', null, '2015-12-15 18:57:44'), ('19117', '893', '80', '3', null, null, '3', null, '2015-11-05 18:57:44'), ('19751', '826', '81', '2', null, null, '2', null, '2015-03-30 11:57:51'), ('19752', '827', '81', '2', null, null, '2', null, '2015-01-23 11:57:51'), ('19753', '828', '81', '1', null, null, '1', null, '2015-02-15 11:57:51'), ('19754', '829', '81', '2', null, null, '2', null, '2015-03-05 11:57:51'), ('19755', '830', '81', '1', null, null, '1', null, '2015-03-24 11:57:51'), ('19756', '833', '81', '3', null, null, '3', null, '2015-04-30 11:57:51'), ('19757', '834', '81', '1', null, null, '1', null, '2015-06-03 11:57:51'), ('19758', '835', '81', '2', null, null, '2', null, '2015-04-22 11:57:51'), ('19759', '836', '81', '3', null, null, '3', null, '2015-07-14 11:57:51'), ('19760', '837', '81', '3', null, null, '3', null, '2015-05-21 11:57:51'), ('19761', '840', '81', '2', null, null, '2', null, '2015-08-08 11:57:51'), ('19762', '841', '81', '3', null, null, '3', null, '2015-10-04 11:57:51'), ('19763', '842', '81', '1', null, null, '1', null, '2015-08-15 11:57:51'), ('19764', '843', '81', '2', null, null, '2', null, '2015-07-22 11:57:51'), ('19765', '844', '81', '3', null, null, '3', null, '2015-08-24 11:57:51'), ('19766', '847', '81', '2', null, null, '2', null, '2015-11-21 11:57:51'), ('19767', '848', '81', '2', null, null, '2', null, '2015-11-16 11:57:51'), ('19768', '849', '81', '1', null, null, '1', null, '2015-12-09 11:57:51'), ('19769', '850', '81', '1', null, null, '1', null, '2015-11-10 11:57:51'), ('19770', '851', '81', '3', null, null, '3', null, '2015-11-30 11:57:51'), ('19771', '899', '81', '1', null, null, '1', null, '2015-02-13 20:38:45'), ('19772', '900', '81', '2', null, null, '2', null, '2015-04-03 20:38:45'), ('19773', '901', '81', '3', null, null, '3', null, '2015-02-01 20:38:45'), ('19774', '902', '81', '3', null, null, '3', null, '2015-03-20 20:38:45'), ('19775', '903', '81', '1', null, null, '1', null, '2015-04-06 20:38:45'), ('19776', '904', '81', '3', null, null, '3', null, '2015-02-13 20:38:45'), ('19777', '905', '81', '2', null, null, '2', null, '2015-02-01 20:38:45'), ('19778', '906', '81', '1', null, null, '1', null, '2015-01-24 20:38:45'), ('19779', '907', '81', '3', null, null, '3', null, '2015-01-22 20:38:45'), ('19780', '908', '81', '3', null, null, '3', null, '2015-02-06 20:38:45'), ('19781', '909', '81', '1', null, null, '1', null, '2015-01-19 20:38:45'), ('19782', '910', '81', '3', null, null, '3', null, '2015-03-23 20:38:45'), ('19783', '914', '81', '3', null, null, '3', null, '2015-06-01 20:38:45'), ('19784', '915', '81', '1', null, null, '1', null, '2015-04-19 20:38:45'), ('19785', '916', '81', '2', null, null, '2', null, '2015-07-09 20:38:45'), ('19786', '917', '81', '2', null, null, '2', null, '2015-04-26 20:38:45'), ('19787', '918', '81', '1', null, null, '1', null, '2015-04-21 20:38:45'), ('19788', '919', '81', '1', null, null, '1', null, '2015-04-17 20:38:45'), ('19789', '920', '81', '2', null, null, '2', null, '2015-07-21 20:38:45'), ('19790', '921', '81', '1', null, null, '1', null, '2015-06-30 20:38:45'), ('19791', '922', '81', '1', null, null, '1', null, '2015-07-17 20:38:45'), ('19792', '923', '81', '3', null, null, '3', null, '2015-05-22 20:38:45'), ('19793', '924', '81', '3', null, null, '3', null, '2015-04-27 20:38:45'), ('19794', '925', '81', '3', null, null, '3', null, '2015-06-09 20:38:45'), ('19795', '929', '81', '1', null, null, '1', null, '2015-11-21 20:38:45'), ('19796', '930', '81', '3', null, null, '3', null, '2015-11-14 20:38:45'), ('19797', '931', '81', '2', null, null, '2', null, '2015-11-09 20:38:45'), ('19798', '932', '81', '3', null, null, '3', null, '2015-11-01 20:38:45'), ('19799', '933', '81', '3', null, null, '3', null, '2015-10-31 20:38:45'), ('19800', '934', '81', '1', null, null, '1', null, '2015-11-06 20:38:45'), ('19801', '935', '81', '2', null, null, '2', null, '2015-12-17 20:38:45'), ('19802', '936', '81', '3', null, null, '3', null, '2015-11-22 20:38:45'), ('19803', '937', '81', '1', null, null, '1', null, '2015-11-06 20:38:45'), ('19804', '938', '81', '2', null, null, '2', null, '2015-11-29 20:38:45'), ('19805', '826', '82', '3', null, null, '3', null, '2015-03-30 11:57:51'), ('19806', '827', '82', '3', null, null, '3', null, '2015-01-23 11:57:51'), ('19807', '828', '82', '3', null, null, '3', null, '2015-02-15 11:57:51'), ('19808', '829', '82', '2', null, null, '2', null, '2015-03-05 11:57:51'), ('19809', '830', '82', '1', null, null, '1', null, '2015-03-24 11:57:51'), ('19810', '833', '82', '3', null, null, '3', null, '2015-04-30 11:57:51'), ('19811', '834', '82', '2', null, null, '2', null, '2015-06-03 11:57:51'), ('19812', '835', '82', '2', null, null, '2', null, '2015-04-22 11:57:51'), ('19813', '836', '82', '2', null, null, '2', null, '2015-07-14 11:57:51'), ('19814', '837', '82', '1', null, null, '1', null, '2015-05-21 11:57:51'), ('19815', '840', '82', '1', null, null, '1', null, '2015-08-08 11:57:51'), ('19816', '841', '82', '3', null, null, '3', null, '2015-10-04 11:57:51'), ('19817', '842', '82', '1', null, null, '1', null, '2015-08-15 11:57:51'), ('19818', '843', '82', '3', null, null, '3', null, '2015-07-22 11:57:51'), ('19819', '844', '82', '3', null, null, '3', null, '2015-08-24 11:57:51'), ('19820', '847', '82', '2', null, null, '2', null, '2015-11-21 11:57:51'), ('19821', '848', '82', '2', null, null, '2', null, '2015-11-16 11:57:51'), ('19822', '849', '82', '3', null, null, '3', null, '2015-12-09 11:57:51'), ('19823', '850', '82', '2', null, null, '2', null, '2015-11-10 11:57:51'), ('19824', '851', '82', '1', null, null, '1', null, '2015-11-30 11:57:51'), ('19825', '899', '82', '3', null, null, '3', null, '2015-02-13 20:38:45'), ('19826', '900', '82', '2', null, null, '2', null, '2015-04-03 20:38:45'), ('19827', '901', '82', '2', null, null, '2', null, '2015-02-01 20:38:45'), ('19828', '902', '82', '3', null, null, '3', null, '2015-03-20 20:38:45'), ('19829', '903', '82', '3', null, null, '3', null, '2015-04-06 20:38:45'), ('19830', '904', '82', '1', null, null, '1', null, '2015-02-13 20:38:45'), ('19831', '905', '82', '3', null, null, '3', null, '2015-02-01 20:38:45'), ('19832', '906', '82', '3', null, null, '3', null, '2015-01-24 20:38:45'), ('19833', '907', '82', '3', null, null, '3', null, '2015-01-22 20:38:45'), ('19834', '908', '82', '3', null, null, '3', null, '2015-02-06 20:38:45'), ('19835', '909', '82', '1', null, null, '1', null, '2015-01-19 20:38:45'), ('19836', '910', '82', '2', null, null, '2', null, '2015-03-23 20:38:45'), ('19837', '914', '82', '1', null, null, '1', null, '2015-06-01 20:38:45'), ('19838', '915', '82', '2', null, null, '2', null, '2015-04-19 20:38:45'), ('19839', '916', '82', '1', null, null, '1', null, '2015-07-09 20:38:45'), ('19840', '917', '82', '2', null, null, '2', null, '2015-04-26 20:38:45'), ('19841', '918', '82', '1', null, null, '1', null, '2015-04-21 20:38:45'), ('19842', '919', '82', '2', null, null, '2', null, '2015-04-17 20:38:45'), ('19843', '920', '82', '1', null, null, '1', null, '2015-07-21 20:38:45'), ('19844', '921', '82', '3', null, null, '3', null, '2015-06-30 20:38:45'), ('19845', '922', '82', '1', null, null, '1', null, '2015-07-17 20:38:45'), ('19846', '923', '82', '3', null, null, '3', null, '2015-05-22 20:38:45'), ('19847', '924', '82', '3', null, null, '3', null, '2015-04-27 20:38:45'), ('19848', '925', '82', '2', null, null, '2', null, '2015-06-09 20:38:45'), ('19849', '929', '82', '1', null, null, '1', null, '2015-11-21 20:38:45'), ('19850', '930', '82', '3', null, null, '3', null, '2015-11-14 20:38:45'), ('19851', '931', '82', '1', null, null, '1', null, '2015-11-09 20:38:45'), ('19852', '932', '82', '1', null, null, '1', null, '2015-11-01 20:38:45'), ('19853', '933', '82', '1', null, null, '1', null, '2015-10-31 20:38:45'), ('19854', '934', '82', '1', null, null, '1', null, '2015-11-06 20:38:45'), ('19855', '935', '82', '1', null, null, '1', null, '2015-12-17 20:38:45'), ('19856', '936', '82', '3', null, null, '3', null, '2015-11-22 20:38:45'), ('19857', '937', '82', '1', null, null, '1', null, '2015-11-06 20:38:45'), ('19858', '938', '82', '1', null, null, '1', null, '2015-11-29 20:38:45'), ('19859', '826', '83', '3', null, null, '3', null, '2015-03-30 11:57:51'), ('19860', '827', '83', '1', null, null, '1', null, '2015-01-23 11:57:51'), ('19861', '828', '83', '2', null, null, '2', null, '2015-02-15 11:57:51'), ('19862', '829', '83', '2', null, null, '2', null, '2015-03-05 11:57:51'), ('19863', '830', '83', '2', null, null, '2', null, '2015-03-24 11:57:51'), ('19864', '833', '83', '3', null, null, '3', null, '2015-04-30 11:57:51'), ('19865', '834', '83', '2', null, null, '2', null, '2015-06-03 11:57:51'), ('19866', '835', '83', '3', null, null, '3', null, '2015-04-22 11:57:51'), ('19867', '836', '83', '1', null, null, '1', null, '2015-07-14 11:57:51'), ('19868', '837', '83', '2', null, null, '2', null, '2015-05-21 11:57:51'), ('19869', '840', '83', '2', null, null, '2', null, '2015-08-08 11:57:51'), ('19870', '841', '83', '3', null, null, '3', null, '2015-10-04 11:57:51'), ('19871', '842', '83', '3', null, null, '3', null, '2015-08-15 11:57:51'), ('19872', '843', '83', '2', null, null, '2', null, '2015-07-22 11:57:51'), ('19873', '844', '83', '1', null, null, '1', null, '2015-08-24 11:57:51'), ('19874', '847', '83', '1', null, null, '1', null, '2015-11-21 11:57:51'), ('19875', '848', '83', '3', null, null, '3', null, '2015-11-16 11:57:51'), ('19876', '849', '83', '1', null, null, '1', null, '2015-12-09 11:57:51'), ('19877', '850', '83', '3', null, null, '3', null, '2015-11-10 11:57:51'), ('19878', '851', '83', '2', null, null, '2', null, '2015-11-30 11:57:51'), ('19879', '899', '83', '3', null, null, '3', null, '2015-02-13 20:38:45'), ('19880', '900', '83', '1', null, null, '1', null, '2015-04-03 20:38:45'), ('19881', '901', '83', '2', null, null, '2', null, '2015-02-01 20:38:45'), ('19882', '902', '83', '3', null, null, '3', null, '2015-03-20 20:38:45'), ('19883', '903', '83', '3', null, null, '3', null, '2015-04-06 20:38:45'), ('19884', '904', '83', '3', null, null, '3', null, '2015-02-13 20:38:45'), ('19885', '905', '83', '2', null, null, '2', null, '2015-02-01 20:38:45'), ('19886', '906', '83', '1', null, null, '1', null, '2015-01-24 20:38:45'), ('19887', '907', '83', '2', null, null, '2', null, '2015-01-22 20:38:45'), ('19888', '908', '83', '3', null, null, '3', null, '2015-02-06 20:38:45'), ('19889', '909', '83', '2', null, null, '2', null, '2015-01-19 20:38:45'), ('19890', '910', '83', '1', null, null, '1', null, '2015-03-23 20:38:45'), ('19891', '914', '83', '1', null, null, '1', null, '2015-06-01 20:38:45'), ('19892', '915', '83', '1', null, null, '1', null, '2015-04-19 20:38:45'), ('19893', '916', '83', '3', null, null, '3', null, '2015-07-09 20:38:45'), ('19894', '917', '83', '3', null, null, '3', null, '2015-04-26 20:38:45'), ('19895', '918', '83', '3', null, null, '3', null, '2015-04-21 20:38:45'), ('19896', '919', '83', '2', null, null, '2', null, '2015-04-17 20:38:45'), ('19897', '920', '83', '1', null, null, '1', null, '2015-07-21 20:38:45'), ('19898', '921', '83', '3', null, null, '3', null, '2015-06-30 20:38:45'), ('19899', '922', '83', '3', null, null, '3', null, '2015-07-17 20:38:45'), ('19900', '923', '83', '2', null, null, '2', null, '2015-05-22 20:38:45'), ('19901', '924', '83', '2', null, null, '2', null, '2015-04-27 20:38:45'), ('19902', '925', '83', '2', null, null, '2', null, '2015-06-09 20:38:45'), ('19903', '929', '83', '1', null, null, '1', null, '2015-11-21 20:38:45'), ('19904', '930', '83', '2', null, null, '2', null, '2015-11-14 20:38:45'), ('19905', '931', '83', '2', null, null, '2', null, '2015-11-09 20:38:45'), ('19906', '932', '83', '1', null, null, '1', null, '2015-11-01 20:38:45'), ('19907', '933', '83', '1', null, null, '1', null, '2015-10-31 20:38:45'), ('19908', '934', '83', '2', null, null, '2', null, '2015-11-06 20:38:45'), ('19909', '935', '83', '3', null, null, '3', null, '2015-12-17 20:38:45'), ('19910', '936', '83', '1', null, null, '1', null, '2015-11-22 20:38:45'), ('19911', '937', '83', '3', null, null, '3', null, '2015-11-06 20:38:45'), ('19912', '938', '83', '2', null, null, '2', null, '2015-11-29 20:38:45'), ('19913', '826', '84', '2', null, null, '2', null, '2015-03-30 11:57:51'), ('19914', '827', '84', '3', null, null, '3', null, '2015-01-23 11:57:51'), ('19915', '828', '84', '2', null, null, '2', null, '2015-02-15 11:57:51'), ('19916', '829', '84', '2', null, null, '2', null, '2015-03-05 11:57:51'), ('19917', '830', '84', '2', null, null, '2', null, '2015-03-24 11:57:51'), ('19918', '833', '84', '1', null, null, '1', null, '2015-04-30 11:57:51'), ('19919', '834', '84', '2', null, null, '2', null, '2015-06-03 11:57:51'), ('19920', '835', '84', '2', null, null, '2', null, '2015-04-22 11:57:51'), ('19921', '836', '84', '1', null, null, '1', null, '2015-07-14 11:57:51'), ('19922', '837', '84', '2', null, null, '2', null, '2015-05-21 11:57:51'), ('19923', '840', '84', '1', null, null, '1', null, '2015-08-08 11:57:51'), ('19924', '841', '84', '2', null, null, '2', null, '2015-10-04 11:57:51'), ('19925', '842', '84', '1', null, null, '1', null, '2015-08-15 11:57:51'), ('19926', '843', '84', '3', null, null, '3', null, '2015-07-22 11:57:51'), ('19927', '844', '84', '3', null, null, '3', null, '2015-08-24 11:57:51'), ('19928', '847', '84', '2', null, null, '2', null, '2015-11-21 11:57:51'), ('19929', '848', '84', '1', null, null, '1', null, '2015-11-16 11:57:51'), ('19930', '849', '84', '3', null, null, '3', null, '2015-12-09 11:57:51'), ('19931', '850', '84', '1', null, null, '1', null, '2015-11-10 11:57:51'), ('19932', '851', '84', '3', null, null, '3', null, '2015-11-30 11:57:51'), ('19933', '899', '84', '1', null, null, '1', null, '2015-02-13 20:38:45'), ('19934', '900', '84', '3', null, null, '3', null, '2015-04-03 20:38:45'), ('19935', '901', '84', '2', null, null, '2', null, '2015-02-01 20:38:45'), ('19936', '902', '84', '2', null, null, '2', null, '2015-03-20 20:38:45'), ('19937', '903', '84', '3', null, null, '3', null, '2015-04-06 20:38:45'), ('19938', '904', '84', '3', null, null, '3', null, '2015-02-13 20:38:45'), ('19939', '905', '84', '3', null, null, '3', null, '2015-02-01 20:38:45'), ('19940', '906', '84', '3', null, null, '3', null, '2015-01-24 20:38:45'), ('19941', '907', '84', '1', null, null, '1', null, '2015-01-22 20:38:45'), ('19942', '908', '84', '1', null, null, '1', null, '2015-02-06 20:38:45'), ('19943', '909', '84', '3', null, null, '3', null, '2015-01-19 20:38:45'), ('19944', '910', '84', '2', null, null, '2', null, '2015-03-23 20:38:45'), ('19945', '914', '84', '3', null, null, '3', null, '2015-06-01 20:38:45'), ('19946', '915', '84', '2', null, null, '2', null, '2015-04-19 20:38:45'), ('19947', '916', '84', '1', null, null, '1', null, '2015-07-09 20:38:45'), ('19948', '917', '84', '1', null, null, '1', null, '2015-04-26 20:38:45'), ('19949', '918', '84', '1', null, null, '1', null, '2015-04-21 20:38:45'), ('19950', '919', '84', '1', null, null, '1', null, '2015-04-17 20:38:45'), ('19951', '920', '84', '2', null, null, '2', null, '2015-07-21 20:38:45'), ('19952', '921', '84', '2', null, null, '2', null, '2015-06-30 20:38:45'), ('19953', '922', '84', '1', null, null, '1', null, '2015-07-17 20:38:45'), ('19954', '923', '84', '2', null, null, '2', null, '2015-05-22 20:38:45'), ('19955', '924', '84', '2', null, null, '2', null, '2015-04-27 20:38:45'), ('19956', '925', '84', '3', null, null, '3', null, '2015-06-09 20:38:45'), ('19957', '929', '84', '1', null, null, '1', null, '2015-11-21 20:38:45'), ('19958', '930', '84', '2', null, null, '2', null, '2015-11-14 20:38:45'), ('19959', '931', '84', '1', null, null, '1', null, '2015-11-09 20:38:45'), ('19960', '932', '84', '1', null, null, '1', null, '2015-11-01 20:38:45'), ('19961', '933', '84', '3', null, null, '3', null, '2015-10-31 20:38:45'), ('19962', '934', '84', '2', null, null, '2', null, '2015-11-06 20:38:45'), ('19963', '935', '84', '1', null, null, '1', null, '2015-12-17 20:38:45'), ('19964', '936', '84', '3', null, null, '3', null, '2015-11-22 20:38:45'), ('19965', '937', '84', '1', null, null, '1', null, '2015-11-06 20:38:45'), ('19966', '938', '84', '3', null, null, '3', null, '2015-11-29 20:38:45'), ('19967', '826', '85', '2', null, null, '2', null, '2015-03-30 11:57:51'), ('19968', '827', '85', '1', null, null, '1', null, '2015-01-23 11:57:51'), ('19969', '828', '85', '3', null, null, '3', null, '2015-02-15 11:57:51'), ('19970', '829', '85', '1', null, null, '1', null, '2015-03-05 11:57:51'), ('19971', '830', '85', '3', null, null, '3', null, '2015-03-24 11:57:51'), ('19972', '833', '85', '3', null, null, '3', null, '2015-04-30 11:57:51'), ('19973', '834', '85', '3', null, null, '3', null, '2015-06-03 11:57:51'), ('19974', '835', '85', '3', null, null, '3', null, '2015-04-22 11:57:51'), ('19975', '836', '85', '1', null, null, '1', null, '2015-07-14 11:57:51'), ('19976', '837', '85', '1', null, null, '1', null, '2015-05-21 11:57:51'), ('19977', '840', '85', '1', null, null, '1', null, '2015-08-08 11:57:51'), ('19978', '841', '85', '1', null, null, '1', null, '2015-10-04 11:57:51'), ('19979', '842', '85', '2', null, null, '2', null, '2015-08-15 11:57:51'), ('19980', '843', '85', '1', null, null, '1', null, '2015-07-22 11:57:51'), ('19981', '844', '85', '2', null, null, '2', null, '2015-08-24 11:57:51'), ('19982', '847', '85', '2', null, null, '2', null, '2015-11-21 11:57:51'), ('19983', '848', '85', '3', null, null, '3', null, '2015-11-16 11:57:51'), ('19984', '849', '85', '3', null, null, '3', null, '2015-12-09 11:57:51'), ('19985', '850', '85', '3', null, null, '3', null, '2015-11-10 11:57:51'), ('19986', '851', '85', '1', null, null, '1', null, '2015-11-30 11:57:51'), ('19987', '899', '85', '1', null, null, '1', null, '2015-02-13 20:38:45'), ('19988', '900', '85', '3', null, null, '3', null, '2015-04-03 20:38:45'), ('19989', '901', '85', '3', null, null, '3', null, '2015-02-01 20:38:45'), ('19990', '902', '85', '2', null, null, '2', null, '2015-03-20 20:38:45'), ('19991', '903', '85', '3', null, null, '3', null, '2015-04-06 20:38:45'), ('19992', '904', '85', '2', null, null, '2', null, '2015-02-13 20:38:45'), ('19993', '905', '85', '2', null, null, '2', null, '2015-02-01 20:38:45'), ('19994', '906', '85', '1', null, null, '1', null, '2015-01-24 20:38:45'), ('19995', '907', '85', '1', null, null, '1', null, '2015-01-22 20:38:45'), ('19996', '908', '85', '1', null, null, '1', null, '2015-02-06 20:38:45'), ('19997', '909', '85', '3', null, null, '3', null, '2015-01-19 20:38:45'), ('19998', '910', '85', '2', null, null, '2', null, '2015-03-23 20:38:45'), ('19999', '914', '85', '2', null, null, '2', null, '2015-06-01 20:38:45'), ('20000', '915', '85', '3', null, null, '3', null, '2015-04-19 20:38:45'), ('20001', '916', '85', '3', null, null, '3', null, '2015-07-09 20:38:45'), ('20002', '917', '85', '1', null, null, '1', null, '2015-04-26 20:38:45'), ('20003', '918', '85', '2', null, null, '2', null, '2015-04-21 20:38:45'), ('20004', '919', '85', '1', null, null, '1', null, '2015-04-17 20:38:45'), ('20005', '920', '85', '1', null, null, '1', null, '2015-07-21 20:38:45'), ('20006', '921', '85', '3', null, null, '3', null, '2015-06-30 20:38:45'), ('20007', '922', '85', '1', null, null, '1', null, '2015-07-17 20:38:45'), ('20008', '923', '85', '3', null, null, '3', null, '2015-05-22 20:38:45'), ('20009', '924', '85', '1', null, null, '1', null, '2015-04-27 20:38:45'), ('20010', '925', '85', '3', null, null, '3', null, '2015-06-09 20:38:45'), ('20011', '929', '85', '3', null, null, '3', null, '2015-11-21 20:38:45'), ('20012', '930', '85', '1', null, null, '1', null, '2015-11-14 20:38:45'), ('20013', '931', '85', '3', null, null, '3', null, '2015-11-09 20:38:45'), ('20014', '932', '85', '2', null, null, '2', null, '2015-11-01 20:38:45'), ('20015', '933', '85', '2', null, null, '2', null, '2015-10-31 20:38:45'), ('20016', '934', '85', '1', null, null, '1', null, '2015-11-06 20:38:45'), ('20017', '935', '85', '3', null, null, '3', null, '2015-12-17 20:38:45'), ('20018', '936', '85', '2', null, null, '2', null, '2015-11-22 20:38:45'), ('20019', '937', '85', '1', null, null, '1', null, '2015-11-06 20:38:45'), ('20020', '938', '85', '3', null, null, '3', null, '2015-11-29 20:38:45'), ('20021', '826', '86', '3', null, null, '3', null, '2015-03-30 11:57:51'), ('20022', '827', '86', '3', null, null, '3', null, '2015-01-23 11:57:51'), ('20023', '828', '86', '2', null, null, '2', null, '2015-02-15 11:57:51'), ('20024', '829', '86', '1', null, null, '1', null, '2015-03-05 11:57:51'), ('20025', '830', '86', '3', null, null, '3', null, '2015-03-24 11:57:51'), ('20026', '833', '86', '2', null, null, '2', null, '2015-04-30 11:57:51'), ('20027', '834', '86', '1', null, null, '1', null, '2015-06-03 11:57:51'), ('20028', '835', '86', '3', null, null, '3', null, '2015-04-22 11:57:51'), ('20029', '836', '86', '1', null, null, '1', null, '2015-07-14 11:57:51'), ('20030', '837', '86', '2', null, null, '2', null, '2015-05-21 11:57:51'), ('20031', '840', '86', '3', null, null, '3', null, '2015-08-08 11:57:51'), ('20032', '841', '86', '1', null, null, '1', null, '2015-10-04 11:57:51'), ('20033', '842', '86', '2', null, null, '2', null, '2015-08-15 11:57:51'), ('20034', '843', '86', '2', null, null, '2', null, '2015-07-22 11:57:51'), ('20035', '844', '86', '1', null, null, '1', null, '2015-08-24 11:57:51'), ('20036', '847', '86', '2', null, null, '2', null, '2015-11-21 11:57:51'), ('20037', '848', '86', '3', null, null, '3', null, '2015-11-16 11:57:51'), ('20038', '849', '86', '2', null, null, '2', null, '2015-12-09 11:57:51'), ('20039', '850', '86', '2', null, null, '2', null, '2015-11-10 11:57:51'), ('20040', '851', '86', '1', null, null, '1', null, '2015-11-30 11:57:51'), ('20041', '899', '86', '2', null, null, '2', null, '2015-02-13 20:38:45'), ('20042', '900', '86', '2', null, null, '2', null, '2015-04-03 20:38:45'), ('20043', '901', '86', '1', null, null, '1', null, '2015-02-01 20:38:45'), ('20044', '902', '86', '1', null, null, '1', null, '2015-03-20 20:38:45'), ('20045', '903', '86', '2', null, null, '2', null, '2015-04-06 20:38:45'), ('20046', '904', '86', '1', null, null, '1', null, '2015-02-13 20:38:45'), ('20047', '905', '86', '3', null, null, '3', null, '2015-02-01 20:38:45'), ('20048', '906', '86', '3', null, null, '3', null, '2015-01-24 20:38:45'), ('20049', '907', '86', '3', null, null, '3', null, '2015-01-22 20:38:45'), ('20050', '908', '86', '3', null, null, '3', null, '2015-02-06 20:38:45'), ('20051', '909', '86', '3', null, null, '3', null, '2015-01-19 20:38:45'), ('20052', '910', '86', '2', null, null, '2', null, '2015-03-23 20:38:45'), ('20053', '914', '86', '2', null, null, '2', null, '2015-06-01 20:38:45'), ('20054', '915', '86', '2', null, null, '2', null, '2015-04-19 20:38:45'), ('20055', '916', '86', '1', null, null, '1', null, '2015-07-09 20:38:45'), ('20056', '917', '86', '3', null, null, '3', null, '2015-04-26 20:38:45'), ('20057', '918', '86', '1', null, null, '1', null, '2015-04-21 20:38:45'), ('20058', '919', '86', '2', null, null, '2', null, '2015-04-17 20:38:45'), ('20059', '920', '86', '1', null, null, '1', null, '2015-07-21 20:38:45'), ('20060', '921', '86', '1', null, null, '1', null, '2015-06-30 20:38:45'), ('20061', '922', '86', '3', null, null, '3', null, '2015-07-17 20:38:45'), ('20062', '923', '86', '2', null, null, '2', null, '2015-05-22 20:38:45'), ('20063', '924', '86', '3', null, null, '3', null, '2015-04-27 20:38:45'), ('20064', '925', '86', '3', null, null, '3', null, '2015-06-09 20:38:45'), ('20065', '929', '86', '1', null, null, '1', null, '2015-11-21 20:38:45'), ('20066', '930', '86', '3', null, null, '3', null, '2015-11-14 20:38:45'), ('20067', '931', '86', '1', null, null, '1', null, '2015-11-09 20:38:45'), ('20068', '932', '86', '3', null, null, '3', null, '2015-11-01 20:38:45'), ('20069', '933', '86', '2', null, null, '2', null, '2015-10-31 20:38:45'), ('20070', '934', '86', '3', null, null, '3', null, '2015-11-06 20:38:45'), ('20071', '935', '86', '1', null, null, '1', null, '2015-12-17 20:38:45'), ('20072', '936', '86', '3', null, null, '3', null, '2015-11-22 20:38:45'), ('20073', '937', '86', '2', null, null, '2', null, '2015-11-06 20:38:45'), ('20074', '938', '86', '2', null, null, '2', null, '2015-11-29 20:38:45'), ('20075', '826', '87', '3', null, null, '3', null, '2015-03-30 11:57:51'), ('20076', '827', '87', '2', null, null, '2', null, '2015-01-23 11:57:51'), ('20077', '828', '87', '1', null, null, '1', null, '2015-02-15 11:57:51'), ('20078', '829', '87', '1', null, null, '1', null, '2015-03-05 11:57:51'), ('20079', '830', '87', '1', null, null, '1', null, '2015-03-24 11:57:51'), ('20080', '833', '87', '1', null, null, '1', null, '2015-04-30 11:57:51'), ('20081', '834', '87', '1', null, null, '1', null, '2015-06-03 11:57:51'), ('20082', '835', '87', '1', null, null, '1', null, '2015-04-22 11:57:51'), ('20083', '836', '87', '1', null, null, '1', null, '2015-07-14 11:57:51'), ('20084', '837', '87', '2', null, null, '2', null, '2015-05-21 11:57:51');
INSERT INTO `assessment_response` VALUES ('20085', '840', '87', '2', null, null, '2', null, '2015-08-08 11:57:51'), ('20086', '841', '87', '2', null, null, '2', null, '2015-10-04 11:57:51'), ('20087', '842', '87', '2', null, null, '2', null, '2015-08-15 11:57:51'), ('20088', '843', '87', '2', null, null, '2', null, '2015-07-22 11:57:51'), ('20089', '844', '87', '1', null, null, '1', null, '2015-08-24 11:57:51'), ('20090', '847', '87', '3', null, null, '3', null, '2015-11-21 11:57:51'), ('20091', '848', '87', '1', null, null, '1', null, '2015-11-16 11:57:51'), ('20092', '849', '87', '2', null, null, '2', null, '2015-12-09 11:57:51'), ('20093', '850', '87', '3', null, null, '3', null, '2015-11-10 11:57:51'), ('20094', '851', '87', '3', null, null, '3', null, '2015-11-30 11:57:51'), ('20095', '899', '87', '2', null, null, '2', null, '2015-02-13 20:38:45'), ('20096', '900', '87', '1', null, null, '1', null, '2015-04-03 20:38:45'), ('20097', '901', '87', '1', null, null, '1', null, '2015-02-01 20:38:45'), ('20098', '902', '87', '2', null, null, '2', null, '2015-03-20 20:38:45'), ('20099', '903', '87', '2', null, null, '2', null, '2015-04-06 20:38:45'), ('20100', '904', '87', '3', null, null, '3', null, '2015-02-13 20:38:45'), ('20101', '905', '87', '3', null, null, '3', null, '2015-02-01 20:38:45'), ('20102', '906', '87', '1', null, null, '1', null, '2015-01-24 20:38:45'), ('20103', '907', '87', '2', null, null, '2', null, '2015-01-22 20:38:45'), ('20104', '908', '87', '1', null, null, '1', null, '2015-02-06 20:38:45'), ('20105', '909', '87', '2', null, null, '2', null, '2015-01-19 20:38:45'), ('20106', '910', '87', '3', null, null, '3', null, '2015-03-23 20:38:45'), ('20107', '914', '87', '1', null, null, '1', null, '2015-06-01 20:38:45'), ('20108', '915', '87', '3', null, null, '3', null, '2015-04-19 20:38:45'), ('20109', '916', '87', '3', null, null, '3', null, '2015-07-09 20:38:45'), ('20110', '917', '87', '3', null, null, '3', null, '2015-04-26 20:38:45'), ('20111', '918', '87', '3', null, null, '3', null, '2015-04-21 20:38:45'), ('20112', '919', '87', '1', null, null, '1', null, '2015-04-17 20:38:45'), ('20113', '920', '87', '3', null, null, '3', null, '2015-07-21 20:38:45'), ('20114', '921', '87', '3', null, null, '3', null, '2015-06-30 20:38:45'), ('20115', '922', '87', '1', null, null, '1', null, '2015-07-17 20:38:45'), ('20116', '923', '87', '1', null, null, '1', null, '2015-05-22 20:38:45'), ('20117', '924', '87', '1', null, null, '1', null, '2015-04-27 20:38:45'), ('20118', '925', '87', '3', null, null, '3', null, '2015-06-09 20:38:45'), ('20119', '929', '87', '3', null, null, '3', null, '2015-11-21 20:38:45'), ('20120', '930', '87', '1', null, null, '1', null, '2015-11-14 20:38:45'), ('20121', '931', '87', '1', null, null, '1', null, '2015-11-09 20:38:45'), ('20122', '932', '87', '3', null, null, '3', null, '2015-11-01 20:38:45'), ('20123', '933', '87', '1', null, null, '1', null, '2015-10-31 20:38:45'), ('20124', '934', '87', '2', null, null, '2', null, '2015-11-06 20:38:45'), ('20125', '935', '87', '3', null, null, '3', null, '2015-12-17 20:38:45'), ('20126', '936', '87', '1', null, null, '1', null, '2015-11-22 20:38:45'), ('20127', '937', '87', '2', null, null, '2', null, '2015-11-06 20:38:45'), ('20128', '938', '87', '1', null, null, '1', null, '2015-11-29 20:38:45'), ('20129', '826', '88', '1', null, null, '1', null, '2015-03-30 11:57:51'), ('20130', '827', '88', '1', null, null, '1', null, '2015-01-23 11:57:51'), ('20131', '828', '88', '2', null, null, '2', null, '2015-02-15 11:57:51'), ('20132', '829', '88', '2', null, null, '2', null, '2015-03-05 11:57:51'), ('20133', '830', '88', '1', null, null, '1', null, '2015-03-24 11:57:51'), ('20134', '833', '88', '1', null, null, '1', null, '2015-04-30 11:57:51'), ('20135', '834', '88', '2', null, null, '2', null, '2015-06-03 11:57:51'), ('20136', '835', '88', '3', null, null, '3', null, '2015-04-22 11:57:51'), ('20137', '836', '88', '3', null, null, '3', null, '2015-07-14 11:57:51'), ('20138', '837', '88', '1', null, null, '1', null, '2015-05-21 11:57:51'), ('20139', '840', '88', '2', null, null, '2', null, '2015-08-08 11:57:51'), ('20140', '841', '88', '1', null, null, '1', null, '2015-10-04 11:57:51'), ('20141', '842', '88', '1', null, null, '1', null, '2015-08-15 11:57:51'), ('20142', '843', '88', '1', null, null, '1', null, '2015-07-22 11:57:51'), ('20143', '844', '88', '3', null, null, '3', null, '2015-08-24 11:57:51'), ('20144', '847', '88', '2', null, null, '2', null, '2015-11-21 11:57:51'), ('20145', '848', '88', '3', null, null, '3', null, '2015-11-16 11:57:51'), ('20146', '849', '88', '3', null, null, '3', null, '2015-12-09 11:57:51'), ('20147', '850', '88', '2', null, null, '2', null, '2015-11-10 11:57:51'), ('20148', '851', '88', '1', null, null, '1', null, '2015-11-30 11:57:51'), ('20149', '899', '88', '3', null, null, '3', null, '2015-02-13 20:38:45'), ('20150', '900', '88', '1', null, null, '1', null, '2015-04-03 20:38:45'), ('20151', '901', '88', '3', null, null, '3', null, '2015-02-01 20:38:45'), ('20152', '902', '88', '2', null, null, '2', null, '2015-03-20 20:38:45'), ('20153', '903', '88', '1', null, null, '1', null, '2015-04-06 20:38:45'), ('20154', '904', '88', '2', null, null, '2', null, '2015-02-13 20:38:45'), ('20155', '905', '88', '2', null, null, '2', null, '2015-02-01 20:38:45'), ('20156', '906', '88', '2', null, null, '2', null, '2015-01-24 20:38:45'), ('20157', '907', '88', '3', null, null, '3', null, '2015-01-22 20:38:45'), ('20158', '908', '88', '3', null, null, '3', null, '2015-02-06 20:38:45'), ('20159', '909', '88', '1', null, null, '1', null, '2015-01-19 20:38:45'), ('20160', '910', '88', '1', null, null, '1', null, '2015-03-23 20:38:45'), ('20161', '914', '88', '2', null, null, '2', null, '2015-06-01 20:38:45'), ('20162', '915', '88', '2', null, null, '2', null, '2015-04-19 20:38:45'), ('20163', '916', '88', '3', null, null, '3', null, '2015-07-09 20:38:45'), ('20164', '917', '88', '1', null, null, '1', null, '2015-04-26 20:38:45'), ('20165', '918', '88', '1', null, null, '1', null, '2015-04-21 20:38:45'), ('20166', '919', '88', '1', null, null, '1', null, '2015-04-17 20:38:45'), ('20167', '920', '88', '2', null, null, '2', null, '2015-07-21 20:38:45'), ('20168', '921', '88', '2', null, null, '2', null, '2015-06-30 20:38:45'), ('20169', '922', '88', '1', null, null, '1', null, '2015-07-17 20:38:45'), ('20170', '923', '88', '2', null, null, '2', null, '2015-05-22 20:38:45'), ('20171', '924', '88', '3', null, null, '3', null, '2015-04-27 20:38:45'), ('20172', '925', '88', '1', null, null, '1', null, '2015-06-09 20:38:45'), ('20173', '929', '88', '3', null, null, '3', null, '2015-11-21 20:38:45'), ('20174', '930', '88', '2', null, null, '2', null, '2015-11-14 20:38:45'), ('20175', '931', '88', '3', null, null, '3', null, '2015-11-09 20:38:45'), ('20176', '932', '88', '1', null, null, '1', null, '2015-11-01 20:38:45'), ('20177', '933', '88', '3', null, null, '3', null, '2015-10-31 20:38:45'), ('20178', '934', '88', '2', null, null, '2', null, '2015-11-06 20:38:45'), ('20179', '935', '88', '2', null, null, '2', null, '2015-12-17 20:38:45'), ('20180', '936', '88', '1', null, null, '1', null, '2015-11-22 20:38:45'), ('20181', '937', '88', '1', null, null, '1', null, '2015-11-06 20:38:45'), ('20182', '938', '88', '1', null, null, '1', null, '2015-11-29 20:38:45'), ('20183', '826', '89', '1', null, null, '1', null, '2015-03-30 11:57:51'), ('20184', '827', '89', '1', null, null, '1', null, '2015-01-23 11:57:51'), ('20185', '828', '89', '2', null, null, '2', null, '2015-02-15 11:57:51'), ('20186', '829', '89', '3', null, null, '3', null, '2015-03-05 11:57:51'), ('20187', '830', '89', '3', null, null, '3', null, '2015-03-24 11:57:51'), ('20188', '833', '89', '1', null, null, '1', null, '2015-04-30 11:57:51'), ('20189', '834', '89', '3', null, null, '3', null, '2015-06-03 11:57:51'), ('20190', '835', '89', '2', null, null, '2', null, '2015-04-22 11:57:51'), ('20191', '836', '89', '1', null, null, '1', null, '2015-07-14 11:57:51'), ('20192', '837', '89', '1', null, null, '1', null, '2015-05-21 11:57:51'), ('20193', '840', '89', '2', null, null, '2', null, '2015-08-08 11:57:51'), ('20194', '841', '89', '2', null, null, '2', null, '2015-10-04 11:57:51'), ('20195', '842', '89', '2', null, null, '2', null, '2015-08-15 11:57:51'), ('20196', '843', '89', '3', null, null, '3', null, '2015-07-22 11:57:51'), ('20197', '844', '89', '3', null, null, '3', null, '2015-08-24 11:57:51'), ('20198', '847', '89', '2', null, null, '2', null, '2015-11-21 11:57:51'), ('20199', '848', '89', '1', null, null, '1', null, '2015-11-16 11:57:51'), ('20200', '849', '89', '3', null, null, '3', null, '2015-12-09 11:57:51'), ('20201', '850', '89', '2', null, null, '2', null, '2015-11-10 11:57:51'), ('20202', '851', '89', '2', null, null, '2', null, '2015-11-30 11:57:51'), ('20203', '899', '89', '3', null, null, '3', null, '2015-02-13 20:38:45'), ('20204', '900', '89', '1', null, null, '1', null, '2015-04-03 20:38:45'), ('20205', '901', '89', '3', null, null, '3', null, '2015-02-01 20:38:45'), ('20206', '902', '89', '3', null, null, '3', null, '2015-03-20 20:38:45'), ('20207', '903', '89', '1', null, null, '1', null, '2015-04-06 20:38:45'), ('20208', '904', '89', '3', null, null, '3', null, '2015-02-13 20:38:45'), ('20209', '905', '89', '2', null, null, '2', null, '2015-02-01 20:38:45'), ('20210', '906', '89', '1', null, null, '1', null, '2015-01-24 20:38:45'), ('20211', '907', '89', '3', null, null, '3', null, '2015-01-22 20:38:45'), ('20212', '908', '89', '2', null, null, '2', null, '2015-02-06 20:38:45'), ('20213', '909', '89', '1', null, null, '1', null, '2015-01-19 20:38:45'), ('20214', '910', '89', '1', null, null, '1', null, '2015-03-23 20:38:45'), ('20215', '914', '89', '3', null, null, '3', null, '2015-06-01 20:38:45'), ('20216', '915', '89', '2', null, null, '2', null, '2015-04-19 20:38:45'), ('20217', '916', '89', '2', null, null, '2', null, '2015-07-09 20:38:45'), ('20218', '917', '89', '1', null, null, '1', null, '2015-04-26 20:38:45'), ('20219', '918', '89', '1', null, null, '1', null, '2015-04-21 20:38:45'), ('20220', '919', '89', '1', null, null, '1', null, '2015-04-17 20:38:45'), ('20221', '920', '89', '2', null, null, '2', null, '2015-07-21 20:38:45'), ('20222', '921', '89', '3', null, null, '3', null, '2015-06-30 20:38:45'), ('20223', '922', '89', '3', null, null, '3', null, '2015-07-17 20:38:45'), ('20224', '923', '89', '2', null, null, '2', null, '2015-05-22 20:38:45'), ('20225', '924', '89', '2', null, null, '2', null, '2015-04-27 20:38:45'), ('20226', '925', '89', '2', null, null, '2', null, '2015-06-09 20:38:45'), ('20227', '929', '89', '1', null, null, '1', null, '2015-11-21 20:38:45'), ('20228', '930', '89', '2', null, null, '2', null, '2015-11-14 20:38:45'), ('20229', '931', '89', '3', null, null, '3', null, '2015-11-09 20:38:45'), ('20230', '932', '89', '2', null, null, '2', null, '2015-11-01 20:38:45'), ('20231', '933', '89', '2', null, null, '2', null, '2015-10-31 20:38:45'), ('20232', '934', '89', '1', null, null, '1', null, '2015-11-06 20:38:45'), ('20233', '935', '89', '3', null, null, '3', null, '2015-12-17 20:38:45'), ('20234', '936', '89', '2', null, null, '2', null, '2015-11-22 20:38:45'), ('20235', '937', '89', '1', null, null, '1', null, '2015-11-06 20:38:45'), ('20236', '938', '89', '2', null, null, '2', null, '2015-11-29 20:38:45'), ('20237', '826', '90', '1', null, null, '1', null, '2015-03-30 11:57:51'), ('20238', '827', '90', '3', null, null, '3', null, '2015-01-23 11:57:51'), ('20239', '828', '90', '1', null, null, '1', null, '2015-02-15 11:57:51'), ('20240', '829', '90', '3', null, null, '3', null, '2015-03-05 11:57:51'), ('20241', '830', '90', '3', null, null, '3', null, '2015-03-24 11:57:51'), ('20242', '833', '90', '1', null, null, '1', null, '2015-04-30 11:57:51'), ('20243', '834', '90', '2', null, null, '2', null, '2015-06-03 11:57:51'), ('20244', '835', '90', '3', null, null, '3', null, '2015-04-22 11:57:51'), ('20245', '836', '90', '2', null, null, '2', null, '2015-07-14 11:57:51'), ('20246', '837', '90', '2', null, null, '2', null, '2015-05-21 11:57:51'), ('20247', '840', '90', '3', null, null, '3', null, '2015-08-08 11:57:51'), ('20248', '841', '90', '3', null, null, '3', null, '2015-10-04 11:57:51'), ('20249', '842', '90', '2', null, null, '2', null, '2015-08-15 11:57:51'), ('20250', '843', '90', '2', null, null, '2', null, '2015-07-22 11:57:51'), ('20251', '844', '90', '1', null, null, '1', null, '2015-08-24 11:57:51'), ('20252', '847', '90', '3', null, null, '3', null, '2015-11-21 11:57:51'), ('20253', '848', '90', '1', null, null, '1', null, '2015-11-16 11:57:51'), ('20254', '849', '90', '1', null, null, '1', null, '2015-12-09 11:57:51'), ('20255', '850', '90', '2', null, null, '2', null, '2015-11-10 11:57:51'), ('20256', '851', '90', '3', null, null, '3', null, '2015-11-30 11:57:51'), ('20257', '899', '90', '1', null, null, '1', null, '2015-02-13 20:38:45'), ('20258', '900', '90', '1', null, null, '1', null, '2015-04-03 20:38:45'), ('20259', '901', '90', '2', null, null, '2', null, '2015-02-01 20:38:45'), ('20260', '902', '90', '2', null, null, '2', null, '2015-03-20 20:38:45'), ('20261', '903', '90', '3', null, null, '3', null, '2015-04-06 20:38:45'), ('20262', '904', '90', '3', null, null, '3', null, '2015-02-13 20:38:45'), ('20263', '905', '90', '1', null, null, '1', null, '2015-02-01 20:38:45'), ('20264', '906', '90', '3', null, null, '3', null, '2015-01-24 20:38:45'), ('20265', '907', '90', '1', null, null, '1', null, '2015-01-22 20:38:45'), ('20266', '908', '90', '2', null, null, '2', null, '2015-02-06 20:38:45'), ('20267', '909', '90', '2', null, null, '2', null, '2015-01-19 20:38:45'), ('20268', '910', '90', '3', null, null, '3', null, '2015-03-23 20:38:45'), ('20269', '914', '90', '3', null, null, '3', null, '2015-06-01 20:38:45'), ('20270', '915', '90', '2', null, null, '2', null, '2015-04-19 20:38:45'), ('20271', '916', '90', '3', null, null, '3', null, '2015-07-09 20:38:45'), ('20272', '917', '90', '1', null, null, '1', null, '2015-04-26 20:38:45'), ('20273', '918', '90', '2', null, null, '2', null, '2015-04-21 20:38:45'), ('20274', '919', '90', '3', null, null, '3', null, '2015-04-17 20:38:45'), ('20275', '920', '90', '2', null, null, '2', null, '2015-07-21 20:38:45'), ('20276', '921', '90', '1', null, null, '1', null, '2015-06-30 20:38:45'), ('20277', '922', '90', '2', null, null, '2', null, '2015-07-17 20:38:45'), ('20278', '923', '90', '3', null, null, '3', null, '2015-05-22 20:38:45'), ('20279', '924', '90', '3', null, null, '3', null, '2015-04-27 20:38:45'), ('20280', '925', '90', '2', null, null, '2', null, '2015-06-09 20:38:45'), ('20281', '929', '90', '3', null, null, '3', null, '2015-11-21 20:38:45'), ('20282', '930', '90', '2', null, null, '2', null, '2015-11-14 20:38:45'), ('20283', '931', '90', '1', null, null, '1', null, '2015-11-09 20:38:45'), ('20284', '932', '90', '3', null, null, '3', null, '2015-11-01 20:38:45'), ('20285', '933', '90', '1', null, null, '1', null, '2015-10-31 20:38:45'), ('20286', '934', '90', '2', null, null, '2', null, '2015-11-06 20:38:45'), ('20287', '935', '90', '3', null, null, '3', null, '2015-12-17 20:38:45'), ('20288', '936', '90', '2', null, null, '2', null, '2015-11-22 20:38:45'), ('20289', '937', '90', '3', null, null, '3', null, '2015-11-06 20:38:45'), ('20290', '938', '90', '1', null, null, '1', null, '2015-11-29 20:38:45'), ('20291', '826', '91', '2', null, null, '2', null, '2015-03-30 11:57:51'), ('20292', '827', '91', '2', null, null, '2', null, '2015-01-23 11:57:51'), ('20293', '828', '91', '2', null, null, '2', null, '2015-02-15 11:57:51'), ('20294', '829', '91', '2', null, null, '2', null, '2015-03-05 11:57:51'), ('20295', '830', '91', '1', null, null, '1', null, '2015-03-24 11:57:51'), ('20296', '833', '91', '1', null, null, '1', null, '2015-04-30 11:57:51'), ('20297', '834', '91', '2', null, null, '2', null, '2015-06-03 11:57:51'), ('20298', '835', '91', '2', null, null, '2', null, '2015-04-22 11:57:51'), ('20299', '836', '91', '1', null, null, '1', null, '2015-07-14 11:57:51'), ('20300', '837', '91', '2', null, null, '2', null, '2015-05-21 11:57:51'), ('20301', '840', '91', '2', null, null, '2', null, '2015-08-08 11:57:51'), ('20302', '841', '91', '3', null, null, '3', null, '2015-10-04 11:57:51'), ('20303', '842', '91', '2', null, null, '2', null, '2015-08-15 11:57:51'), ('20304', '843', '91', '2', null, null, '2', null, '2015-07-22 11:57:51'), ('20305', '844', '91', '1', null, null, '1', null, '2015-08-24 11:57:51'), ('20306', '847', '91', '2', null, null, '2', null, '2015-11-21 11:57:51'), ('20307', '848', '91', '1', null, null, '1', null, '2015-11-16 11:57:51'), ('20308', '849', '91', '1', null, null, '1', null, '2015-12-09 11:57:51'), ('20309', '850', '91', '3', null, null, '3', null, '2015-11-10 11:57:51'), ('20310', '851', '91', '1', null, null, '1', null, '2015-11-30 11:57:51'), ('20311', '899', '91', '2', null, null, '2', null, '2015-02-13 20:38:45'), ('20312', '900', '91', '1', null, null, '1', null, '2015-04-03 20:38:45'), ('20313', '901', '91', '3', null, null, '3', null, '2015-02-01 20:38:45'), ('20314', '902', '91', '2', null, null, '2', null, '2015-03-20 20:38:45'), ('20315', '903', '91', '1', null, null, '1', null, '2015-04-06 20:38:45'), ('20316', '904', '91', '3', null, null, '3', null, '2015-02-13 20:38:45'), ('20317', '905', '91', '3', null, null, '3', null, '2015-02-01 20:38:45'), ('20318', '906', '91', '1', null, null, '1', null, '2015-01-24 20:38:45'), ('20319', '907', '91', '3', null, null, '3', null, '2015-01-22 20:38:45'), ('20320', '908', '91', '2', null, null, '2', null, '2015-02-06 20:38:45'), ('20321', '909', '91', '2', null, null, '2', null, '2015-01-19 20:38:45'), ('20322', '910', '91', '2', null, null, '2', null, '2015-03-23 20:38:45'), ('20323', '914', '91', '3', null, null, '3', null, '2015-06-01 20:38:45'), ('20324', '915', '91', '3', null, null, '3', null, '2015-04-19 20:38:45'), ('20325', '916', '91', '1', null, null, '1', null, '2015-07-09 20:38:45'), ('20326', '917', '91', '3', null, null, '3', null, '2015-04-26 20:38:45'), ('20327', '918', '91', '3', null, null, '3', null, '2015-04-21 20:38:45'), ('20328', '919', '91', '2', null, null, '2', null, '2015-04-17 20:38:45'), ('20329', '920', '91', '3', null, null, '3', null, '2015-07-21 20:38:45'), ('20330', '921', '91', '1', null, null, '1', null, '2015-06-30 20:38:45'), ('20331', '922', '91', '2', null, null, '2', null, '2015-07-17 20:38:45'), ('20332', '923', '91', '1', null, null, '1', null, '2015-05-22 20:38:45'), ('20333', '924', '91', '3', null, null, '3', null, '2015-04-27 20:38:45'), ('20334', '925', '91', '1', null, null, '1', null, '2015-06-09 20:38:45'), ('20335', '929', '91', '3', null, null, '3', null, '2015-11-21 20:38:45'), ('20336', '930', '91', '3', null, null, '3', null, '2015-11-14 20:38:45'), ('20337', '931', '91', '3', null, null, '3', null, '2015-11-09 20:38:45'), ('20338', '932', '91', '3', null, null, '3', null, '2015-11-01 20:38:45'), ('20339', '933', '91', '2', null, null, '2', null, '2015-10-31 20:38:45'), ('20340', '934', '91', '2', null, null, '2', null, '2015-11-06 20:38:45'), ('20341', '935', '91', '1', null, null, '1', null, '2015-12-17 20:38:45'), ('20342', '936', '91', '1', null, null, '1', null, '2015-11-22 20:38:45'), ('20343', '937', '91', '1', null, null, '1', null, '2015-11-06 20:38:45'), ('20344', '938', '91', '3', null, null, '3', null, '2015-11-29 20:38:45');
COMMIT;

-- ----------------------------
--  Table structure for `badge`
-- ----------------------------
DROP TABLE IF EXISTS `badge`;
CREATE TABLE `badge` (
  `id` int(11) NOT NULL AUTO_INCREMENT,
  `name` varchar(255) COLLATE utf8_bin DEFAULT NULL,
  `description` varchar(4000) COLLATE utf8_bin DEFAULT NULL,
  `image` varchar(500) COLLATE utf8_bin DEFAULT NULL,
  `issuer` varchar(500) COLLATE utf8_bin DEFAULT NULL,
  `tags` varchar(500) COLLATE utf8_bin DEFAULT NULL,
  PRIMARY KEY (`id`),
  UNIQUE KEY `id` (`id`)
) ENGINE=InnoDB AUTO_INCREMENT=42 DEFAULT CHARSET=utf8 COLLATE=utf8_bin ROW_FORMAT=COMPACT;

-- ----------------------------
--  Records of `badge`
-- ----------------------------
BEGIN;
INSERT INTO `badge` VALUES ('32', 'CSS3', 'CSS3 mastery module.', '/site/default/badges/css3.png', 'CogentQI.com', null), ('33', 'Caring Workplace', 'Developing a caring workplace environment.', '/site/default/badges/cup.png', 'CogentQI.com', null), ('34', 'Legal Issues', 'Legal issues in our profession.', '/site/default/badges/gavel.png', 'CogentQI.com', null), ('35', 'Internet Technology', 'How the Internet affects our workplace.', '/site/default/badges/ipv6.png', 'CogentQI.com', null), ('36', 'Team Participation', 'Working as a member of a professional team.', '/site/default/badges/participation.png', 'CogentQI.com', null), ('37', 'Prescription Management', 'Managing prescriptions safely, optimally and accurately.', '/site/default/badges/prescriptions.png', 'CogentQI.com', null), ('38', 'Security 101', 'Security awareness in the workplace.', '/site/default/badges/security.png', 'CogentQI.com', null), ('39', 'Support Technologies', 'Technologies that can help you do your job better.', '/site/default/badges/technology.png', 'CogentQI.com', null), ('40', 'Communication', 'Basic communications skills.', '/site/default/badges/telegraph.png', 'CogentQI.com', null), ('41', 'Planning', 'Wise planning and time management.', '/site/default/badges/wisdom.png', 'CogentQI.com', null);
COMMIT;

-- ----------------------------
--  Table structure for `configuration`
-- ----------------------------
DROP TABLE IF EXISTS `configuration`;
CREATE TABLE `configuration` (
  `id` int(11) NOT NULL,
  `assessment_weight` int(11) NOT NULL DEFAULT '5',
  `outcome_weight` int(11) NOT NULL DEFAULT '5',
  PRIMARY KEY (`id`),
  UNIQUE KEY `configuration_id_uindex` (`id`)
) ENGINE=InnoDB DEFAULT CHARSET=utf8 COLLATE=utf8_bin ROW_FORMAT=COMPACT;

-- ----------------------------
--  Records of `configuration`
-- ----------------------------
BEGIN;
INSERT INTO `configuration` VALUES ('0', '3', '7');
COMMIT;

-- ----------------------------
--  Table structure for `event`
-- ----------------------------
DROP TABLE IF EXISTS `event`;
CREATE TABLE `event` (
  `id` int(11) NOT NULL AUTO_INCREMENT,
  `name` varchar(100) COLLATE utf8_bin NOT NULL,
  `description` text COLLATE utf8_bin NOT NULL,
  `category` varchar(100) COLLATE utf8_bin NOT NULL DEFAULT 'Generic',
  `threshold` int(11) NOT NULL DEFAULT '1',
  PRIMARY KEY (`id`)
) ENGINE=InnoDB AUTO_INCREMENT=40 DEFAULT CHARSET=utf8 COLLATE=utf8_bin ROW_FORMAT=COMPACT;

-- ----------------------------
--  Records of `event`
-- ----------------------------
BEGIN;
INSERT INTO `event` VALUES ('27', 'Tardiness', 'Tardy for one or more shifts without sufficient explanation.', 'Work Habits', '1'), ('28', 'Failure to Follow Safety Procedure', 'Failed to follow required safety procedure.', 'Protocol', '1'), ('29', 'Customer Complaint', 'A complaint was submitted by a patient or customer.', 'Customer Relations', '1'), ('30', 'Loss Due to Theft', 'Unattended resources were stolen from the premises by guests or others.', 'Work Ethic', '1'), ('31', 'Failure to Notify', 'The employee failed to communicate important information about a customer/patient.', 'Communication', '1'), ('32', 'Improper Attire', 'The employee arrived for work dressed inappropriately for professional work.', 'Work Ethic', '1'), ('33', 'Failure to Check In-Stock', 'Failure to ensure that stocks of resources anticipated future needs.', 'Medication', '1'), ('34', 'Data Entry Error', 'Data entered into the system regarding guests was incorrect.', 'Medication', '1'), ('35', 'Failure to Complete Routine Maintenance Task', 'A regular maintenance task was not performed as scheduled/required.', 'Medication', '1'), ('36', 'Incorrect Supplies Used in Rooms', 'Rooms were supplied using incorrect stocks.', 'Medication', '1'), ('37', 'Failure to Complete 7 Point Check', 'No attempt to complete the required 7 point check before delivering a medication.', 'Medication', '1'), ('38', 'Failure to Check Screening Notes', 'Guests screening notes were not checked prior to room assignment.', 'Medication', '1'), ('39', 'Failure to Check if Assistance Required', 'The guest was not asked if baggage assistance was desired.', 'Customer Relations', '1');
COMMIT;

-- ----------------------------
--  Table structure for `event_alignment`
-- ----------------------------
DROP TABLE IF EXISTS `event_alignment`;
CREATE TABLE `event_alignment` (
  `id` int(11) NOT NULL AUTO_INCREMENT,
  `increment` int(11) NOT NULL DEFAULT '1',
  `event_id` int(11) NOT NULL,
  `question_id` int(11) NOT NULL,
  `weight` int(11) NOT NULL DEFAULT '1',
  PRIMARY KEY (`id`),
  KEY `event_key` (`event_id`),
  KEY `question_key` (`question_id`),
  CONSTRAINT `event_alignment_ibfk_1` FOREIGN KEY (`event_id`) REFERENCES `event` (`id`),
  CONSTRAINT `event_alignment_ibfk_2` FOREIGN KEY (`question_id`) REFERENCES `question` (`id`)
) ENGINE=InnoDB DEFAULT CHARSET=utf8 COLLATE=utf8_bin ROW_FORMAT=COMPACT;

-- ----------------------------
--  Table structure for `homepage`
-- ----------------------------
DROP TABLE IF EXISTS `homepage`;
CREATE TABLE `homepage` (
  `id` int(11) NOT NULL AUTO_INCREMENT,
  `title` varchar(255) DEFAULT 'Home Page',
  `description` longtext,
  PRIMARY KEY (`id`),
  UNIQUE KEY `id` (`id`)
) ENGINE=InnoDB DEFAULT CHARSET=utf8 ROW_FORMAT=COMPACT;

-- ----------------------------
--  Table structure for `instrument`
-- ----------------------------
DROP TABLE IF EXISTS `instrument`;
CREATE TABLE `instrument` (
  `id` int(11) NOT NULL AUTO_INCREMENT,
  `name` varchar(100) DEFAULT NULL,
  `role_id` char(1) NOT NULL DEFAULT 'P',
  `usage_id` char(1) NOT NULL DEFAULT 'R',
  `description` varchar(5000) DEFAULT NULL,
  `summary` varchar(500) DEFAULT NULL,
  `is_uniform` tinyint(1) DEFAULT '1',
  `question_type_id` int(11) DEFAULT NULL,
  `max_range` int(11) NOT NULL DEFAULT '0',
  `min_range` int(11) NOT NULL DEFAULT '5',
  `sort_order` int(11) NOT NULL DEFAULT '0',
  `status` char(1) NOT NULL DEFAULT 'A',
  PRIMARY KEY (`id`),
  KEY `role_id` (`role_id`),
  KEY `usage_id` (`usage_id`),
  CONSTRAINT `instrument_ibfk_1` FOREIGN KEY (`role_id`) REFERENCES `role` (`id`),
  CONSTRAINT `instrument_ibfk_2` FOREIGN KEY (`usage_id`) REFERENCES `algorithm_usage` (`id`)
) ENGINE=InnoDB AUTO_INCREMENT=3 DEFAULT CHARSET=utf8 ROW_FORMAT=COMPACT;

-- ----------------------------
--  Records of `instrument`
-- ----------------------------
BEGIN;
INSERT INTO `instrument` VALUES ('1', 'Hospitality Skills', 'D', 'R', null, 'Assessment of Guest Service Attendant staff.', '1', '1', '5', '0', '1', 'A'), ('2', 'Housekeeping Management', 'R', 'R', null, 'This tool is used to gain an understanding of potential team member, process and/or system opportunities.', '1', '3', '3', '0', '2', 'A');
COMMIT;

-- ----------------------------
--  Table structure for `instrument_schedule`
-- ----------------------------
DROP TABLE IF EXISTS `instrument_schedule`;
CREATE TABLE `instrument_schedule` (
  `id` int(11) NOT NULL AUTO_INCREMENT,
  `instrument_id` int(11) NOT NULL,
  `starts` date DEFAULT NULL,
  `ends` date DEFAULT NULL,
  `locked_on` datetime DEFAULT NULL,
  `nag_window_start` int(11) DEFAULT '0',
  `nag_window_end` int(11) DEFAULT '0',
  `is_shared` tinyint(4) NOT NULL DEFAULT '1',
  `status_id` char(1) DEFAULT 'A',
  `name` varchar(255) NOT NULL DEFAULT 'Schedule',
  PRIMARY KEY (`id`),
  UNIQUE KEY `unique_id` (`id`),
  KEY `instrument_id` (`instrument_id`),
  CONSTRAINT `instrument_schedule_ibfk_1` FOREIGN KEY (`instrument_id`) REFERENCES `instrument` (`id`),
  CONSTRAINT `instrument_schedule_ibfk_2` FOREIGN KEY (`instrument_id`) REFERENCES `instrument` (`id`)
) ENGINE=InnoDB AUTO_INCREMENT=3 DEFAULT CHARSET=utf8 ROW_FORMAT=COMPACT;

-- ----------------------------
--  Records of `instrument_schedule`
-- ----------------------------
BEGIN;
INSERT INTO `instrument_schedule` VALUES ('1', '1', '2015-10-01', '2016-07-31', null, '0', '0', '1', 'A', '2015 Q3'), ('2', '2', '2015-10-01', '2016-07-31', null, '0', '0', '1', 'A', '2015 Q3');
COMMIT;

-- ----------------------------
--  Table structure for `instrument_schedule_operation`
-- ----------------------------
DROP TABLE IF EXISTS `instrument_schedule_operation`;
CREATE TABLE `instrument_schedule_operation` (
  `id` int(11) NOT NULL AUTO_INCREMENT,
  `instrument_schedule_id` int(11) NOT NULL,
  `role_id` char(1) NOT NULL,
  `operation_id` char(1) NOT NULL DEFAULT 'R',
  PRIMARY KEY (`id`),
  UNIQUE KEY `id` (`id`),
  KEY `instrument_schedule_id` (`instrument_schedule_id`),
  KEY `role_id` (`role_id`),
  KEY `operation_id` (`operation_id`),
  CONSTRAINT `instrument_schedule_operation_ibfk_1` FOREIGN KEY (`instrument_schedule_id`) REFERENCES `instrument_schedule` (`id`),
  CONSTRAINT `instrument_schedule_operation_ibfk_2` FOREIGN KEY (`role_id`) REFERENCES `role` (`id`),
  CONSTRAINT `instrument_schedule_operation_ibfk_3` FOREIGN KEY (`operation_id`) REFERENCES `operation` (`id`)
) ENGINE=InnoDB AUTO_INCREMENT=22 DEFAULT CHARSET=utf8 ROW_FORMAT=COMPACT;

-- ----------------------------
--  Records of `instrument_schedule_operation`
-- ----------------------------
BEGIN;
INSERT INTO `instrument_schedule_operation` VALUES ('1', '1', 'T', 'X'), ('2', '1', 'T', 'C'), ('3', '1', 'T', 'R'), ('4', '1', 'T', 'U'), ('5', '1', 'T', 'D'), ('6', '1', 'A', 'R'), ('7', '1', 'A', 'U'), ('8', '1', 'A', 'D'), ('9', '1', 'M', 'R'), ('10', '1', 'M', 'U'), ('11', '1', 'P', 'R'), ('12', '2', 'P', 'X'), ('13', '2', 'P', 'C'), ('14', '2', 'P', 'R'), ('15', '2', 'P', 'U'), ('16', '2', 'P', 'D'), ('17', '2', 'A', 'R'), ('18', '2', 'A', 'U'), ('19', '2', 'A', 'D'), ('20', '2', 'M', 'R'), ('21', '2', 'M', 'U');
COMMIT;

-- ----------------------------
--  Table structure for `member`
-- ----------------------------
DROP TABLE IF EXISTS `member`;
CREATE TABLE `member` (
  `id` int(11) NOT NULL AUTO_INCREMENT,
  `organization_id` int(11) NOT NULL,
  `role_id` char(1) NOT NULL DEFAULT 'P',
  `first_name` varchar(50) NOT NULL,
  `last_name` varchar(50) NOT NULL,
  `job_title` varchar(50) DEFAULT NULL,
  `email` varchar(100) DEFAULT NULL,
  `username` varchar(100) NOT NULL,
  `password` varchar(50) DEFAULT NULL,
  `avatar` varchar(200) DEFAULT NULL,
  `level` int(11) DEFAULT NULL,
  `is_assessable` tinyint(4) DEFAULT '1',
  `phone` varchar(20) NOT NULL,
  `mobile` varchar(20) NOT NULL,
  `address` varchar(500) NOT NULL,
  `city` varchar(100) DEFAULT NULL,
  `state` char(2) DEFAULT NULL,
  `postal` varchar(20) DEFAULT NULL,
  `message_format` varchar(50) DEFAULT NULL,
  `active_start` datetime DEFAULT CURRENT_TIMESTAMP,
  `active_end` datetime DEFAULT NULL,
  PRIMARY KEY (`id`),
  UNIQUE KEY `username_index` (`username`),
  UNIQUE KEY `unique_email` (`email`),
  KEY `organization_id_index` (`organization_id`),
  KEY `message_provder_name` (`message_format`),
  KEY `member_ibfk_2` (`role_id`),
  CONSTRAINT `member_ibfk_1` FOREIGN KEY (`organization_id`) REFERENCES `organization` (`id`),
  CONSTRAINT `member_ibfk_2` FOREIGN KEY (`role_id`) REFERENCES `role` (`id`)
) ENGINE=InnoDB AUTO_INCREMENT=34 DEFAULT CHARSET=utf8 ROW_FORMAT=COMPACT;

-- ----------------------------
--  Records of `member`
-- ----------------------------
BEGIN;
INSERT INTO `member` VALUES ('1', '1', 'S', 'David', 'Quinn-Jacobs', 'CTO', 'dqj@cogentqi.com', 'dqj', 'd7da283e8c6f9506b9e96b45a7582a07', '/site/pharmacy/avatars/1.png', '0', '1', '3335711480', '7391522670', '888 Any St.\nAnytown, ZA 12345', 'Anytown', 'NY', '12345-6789', '{n}@messaging.sprintpcs.com', '2015-10-01 00:00:00', null), ('3', '2', 'A', 'Melissa', 'Barbache', '', 'admin1@cogentqi.com', 'admin1', 'd7da283e8c6f9506b9e96b45a7582a07', '/site/pharmacy/avatars/3.png', '0', '0', '3871126890', '5831418880', '657 Any St.\nAnytown, ZA 12345', 'Anytown', 'NY', '12345-6789', '{n}@messaging.sprintpcs.com', '2015-10-01 00:00:00', null), ('4', '3', 'M', 'Benjamin', 'Foreman', null, 'manager1@cogentqi.com', 'manager1', 'd7da283e8c6f9506b9e96b45a7582a07', '/site/pharmacy/avatars/4.png', '0', '0', '2313237760', '8432954612', '798 Any St', 'Anytown', 'NY', '12345-6789', '{n}@messaging.sprintpcs.com', '2015-10-01 00:00:00', null), ('5', '3', 'M', 'Andrea', 'Franklin', null, 'manager2@cogentqi.com', 'manager2', 'd7da283e8c6f9506b9e96b45a7582a07', '/site/pharmacy/avatars/5.png', '1', '0', '2675454340', '1119846590', '341 Any St.\nAnytown, ZA 12345', 'Anytown', 'NY', '12345-6789', '{n}@tmomail.net', '2015-10-01 00:00:00', '2015-10-24 19:00:56'), ('6', '3', 'R', 'Regina', 'Shipmans', null, 'attendant1@cogentqi.com', 'attendant1', 'd7da283e8c6f9506b9e96b45a7582a07', '/site/pharmacy/avatars/6.png', '1', '1', '5865537760', '1272472880', '293 Any St.\nAnytown, ZA 12345', 'Anytown', 'NY', '12345-6789', '{n}@myboostmobile.com', '2015-10-01 00:00:00', null), ('7', '4', 'D', 'Maggie', 'Westover', null, 'waiter1@cogentqi.com', 'gsa1', 'd7da283e8c6f9506b9e96b45a7582a07', '/site/pharmacy/avatars/7.png', '4', '1', '4683129990', '2747323640', '677 Any St.\nAnytown, ZA 12345', 'Anytown', 'NY', '12345-6789', '{n}@messaging.nextel.com', '2015-10-01 00:00:00', null), ('8', '4', 'R', 'Perry', 'Constable', null, 'attendant2@cogentqi.com', 'attendant2', 'd7da283e8c6f9506b9e96b45a7582a07', '/site/pharmacy/avatars/8.png', '2', '1', '4893426750', '5238434110', '113 Any St.\nAnytown, ZA 12345', 'Anytown', 'NY', '12345-6789', '{n}@vtext.com', '2015-10-01 00:00:00', null), ('9', '4', 'W', 'Jim', 'Harris', null, 'waiter2@cogentqi.com', 'gsa2', 'd7da283e8c6f9506b9e96b45a7582a07', '/site/pharmacy/avatars/9.png', '4', '1', '4342838310', '5572712730', '126 Any St.\nAnytown, ZA 12345', 'Anytown', 'NY', '12345-6789', '{n}@message.alltel.com', '2015-10-01 00:00:00', null), ('10', '4', 'D', 'Marion', 'Wight', null, 'waiter3@cogentqi.com', 'gsa3', 'd7da283e8c6f9506b9e96b45a7582a07', '/site/pharmacy/avatars/10.png', '4', '1', '5245312140', '8888472540', '865 Any St.\nAnytown, ZA 12345', 'Anytown', 'NY', '12345-6789', '{n}@message.alltel.com', '2015-10-01 00:00:00', null), ('11', '3', 'D', 'Roger', 'Bitworth', null, 'waiter4@cogentqi.com', 'gsa4', 'd7da283e8c6f9506b9e96b45a7582a07', '/site/pharmacy/avatars/11.png', '4', '1', '1336342660', '3627539820', '494 Any St.\nAnytown, ZA 12345', 'Anytown', 'NY', '12345-6789', '{n}@myboostmobile.com', '2015-10-01 00:00:00', null), ('12', '3', 'W', 'Greg', 'Abernathy', null, 'waiter5@cogentqi.com', 'gsa5', 'd7da283e8c6f9506b9e96b45a7582a07', '/site/pharmacy/avatars/12.png', '5', '1', '4329148360', '4944721560', '529 Any St.\nAnytown, ZA 12345', 'Anytown', 'NY', '12345-6789', '{n}@email.uscc.net', '2015-10-01 00:00:00', null), ('13', '3', 'D', 'Sarah', 'Zinkowksi', null, 'waiter6@cogentqi.com', 'gsa6', 'd7da283e8c6f9506b9e96b45a7582a07', '/site/pharmacy/avatars/13.png', '2', '1', '2156548870', '1336912140', '583 Any St.\nAnytown, ZA 12345', 'Anytown', 'NY', '12345-6789', '{n}@message.alltel.com', '2015-10-01 00:00:00', null), ('14', '3', 'R', 'Rachael', 'Creighton', null, 'attendant3@cogentqi.com', 'attendant3', 'd7da283e8c6f9506b9e96b45a7582a07', '/site/pharmacy/avatars/14.png', '1', '1', '9634267940', '9648968470', '111 Any St.\nAnytown, ZA 12345', 'Anytown', 'NY', '12345-6789', '{n}@vmobl.com', '2015-10-01 00:00:00', null), ('15', '3', 'R', 'Bob', 'Waters', null, 'attendant4@cogentqi.com', 'attendant4', 'd7da283e8c6f9506b9e96b45a7582a07', '/site/pharmacy/avatars/15.png', '1', '1', '1579622250', '7127266350', '455 Any St.\nAnytown, ZA 12345', 'Anytown', 'NY', '12345-6789', '{n}@message.alltel.com', '2015-10-01 00:00:00', null), ('16', '4', 'R', 'Jerry', 'Rinehart', null, 'attendant5@cogentqi.com', 'attendant5', 'd7da283e8c6f9506b9e96b45a7582a07', '/site/pharmacy/avatars/16.png', '2', '1', '4184353990', '1334272510', '859 Any St.\nAnytown, ZA 12345', 'Anytown', 'NY', '12345-6789', '{n}@vmobl.com', '2015-10-01 00:00:00', null), ('17', '4', 'D', 'Karim', 'Shahir', null, 'waiter7@cogentqi.com', 'gsa7', 'd7da283e8c6f9506b9e96b45a7582a07', '/site/pharmacy/avatars/17.png', '4', '1', '3825915370', '1133364830', '938 Any St.\nAnytown, ZA 12345', 'Anytown', 'NY', '12345-6789', '{n}@txt.att.net', '2015-10-01 00:00:00', null), ('18', '4', 'W', 'Elizabeth', 'Ainsley', null, 'waiter8@cogentqi.com', 'gsa8', 'd7da283e8c6f9506b9e96b45a7582a07', '/site/pharmacy/avatars/18.png', '1', '1', '5428511890', '2225933960', '112 Any St.\nAnytown, ZA 12345', 'Anytown', 'NY', '12345-6789', '{n}@messaging.sprintpcs.com', '2015-10-01 00:00:00', null), ('20', '5', 'D', 'Becky', 'Jackson', null, 'waiter9@cogentqi.com', 'gsa9', 'd7da283e8c6f9506b9e96b45a7582a07', '/site/pharmacy/avatars/20.png', '1', '1', '5885188910', '5315567880', '356 Any St.\nAnytown, ZA 12345', 'Anytown', 'NY', '12345-6789', '{n}@messaging.sprintpcs.com', '2015-10-01 00:00:00', null), ('21', '5', 'W', 'Roxanne', 'Babcock', null, 'waiter10@cogentqi.com', 'gsa10', 'd7da283e8c6f9506b9e96b45a7582a07', '/site/pharmacy/avatars/21.png', '2', '1', '8314767880', '6761476630', '739 Any St.\nAnytown, ZA 12345', 'Anytown', 'NY', '12345-6789', '{n}@email.uscc.net', '2015-10-01 00:00:00', null), ('22', '5', 'D', 'Judy', 'Parsons', null, 'waiter11@cogentqi.com', 'gsa11', 'd7da283e8c6f9506b9e96b45a7582a07', '/site/pharmacy/avatars/22.png', '2', '1', '5399789230', '7955195850', '754 Any St.\nAnytown, ZA 12345', 'Anytown', 'NY', '12345-6789', '{n}@messaging.nextel.com', '2015-10-01 00:00:00', null), ('23', '5', 'D', 'Ralph', 'Simpson', null, 'waiter12@cogentqi.com', 'gsa12', 'd7da283e8c6f9506b9e96b45a7582a07', '/site/pharmacy/avatars/23.png', '2', '1', '9288489290', '2899287380', '225 Any St.\nAnytown, ZA 12345', 'Anytown', 'NY', '12345-6789', '{n}@vmobl.com', '2015-10-01 00:00:00', null), ('24', '5', 'W', 'Jacob', 'Smith', null, 'waiter13@cogentqi.com', 'gsa13', 'd7da283e8c6f9506b9e96b45a7582a07', '/site/pharmacy/avatars/24.png', '1', '1', '3356621620', '9927596970', '777 Any St.\nAnytown, ZA 12345', 'Anytown', 'NY', '12345-6789', '{n}@txt.att.net', '2015-10-01 00:00:00', null), ('25', '6', 'D', 'Jerry', 'Coleman', null, 'waiter14@cogentqi.com', 'gsa14', 'd7da283e8c6f9506b9e96b45a7582a07', '/site/pharmacy/avatars/25.png', '3', '1', '4489494330', '6916983780', '126 Any St.\nAnytown, ZA 12345', 'Anytown', 'NY', '12345-6789', '{n}@myboostmobile.com', '2015-10-01 00:00:00', null), ('26', '6', 'D', 'Blake', 'Whitman', null, 'waiter15@cogentqi.com', 'gsa15', 'd7da283e8c6f9506b9e96b45a7582a07', '/site/pharmacy/avatars/26.png', '2', '1', '8541334190', '9951613550', '225 Any St.\nAnytown, ZA 12345', 'Anytown', 'NY', '12345-6789', '{n}@vmobl.com', '2015-10-01 00:00:00', null), ('27', '6', 'W', 'Marcia', 'Simonson', null, 'waiter16@cogentqi.com', 'gsa16', 'd7da283e8c6f9506b9e96b45a7582a07', '/site/pharmacy/avatars/27.png', '2', '1', '6419769830', '8372486570', '923 Any St.\nAnytown, ZA 12345', 'Anytown', 'NY', '12345-6789', '{n}@email.uscc.net', '2015-10-01 00:00:00', null), ('28', '6', 'D', 'Bob', 'Mason', null, 'waiter17@cogentqi.com', 'gsa17', 'd7da283e8c6f9506b9e96b45a7582a07', '/site/pharmacy/avatars/28.png', '2', '1', '1145328590', '4839999840', '964 Any St.\nAnytown, ZA 12345', 'Anytown', 'NY', '12345-6789', '{n}@txt.att.net', '2015-10-01 00:00:00', null), ('29', '6', 'D', 'Connie', 'Sung', null, 'waiter18@cogentqi.com', 'gsa18', 'd7da283e8c6f9506b9e96b45a7582a07', '/site/pharmacy/avatars/29.png', '1', '1', '1934542910', '5246126620', '518 Any St.\nAnytown, ZA 12345', 'Anytown', 'NY', '12345-6789', '{n}@tmomail.net', '2015-10-01 00:00:00', null), ('30', '4', 'W', 'Bill', 'Hart', null, 'waiter19@cogentqi.com', 'gsa19', 'd7da283e8c6f9506b9e96b45a7582a07', '/site/pharmacy/avatars/30.png', '2', '1', '4322465670', '7662365780', '956 Any St.\nAnytown, ZA 12345', 'Anytown', 'NY', '12345-6789', '{n}@messaging.nextel.com', '2015-10-01 00:00:00', null), ('31', '4', 'M', 'Sharon', 'Myers', null, 'manager30@cogentqi.com', 'manager3', 'd7da283e8c6f9506b9e96b45a7582a07', '/site/pharmacy/avatars/31.png', '0', '0', '1824294880', '1558884360', '381 Any St.\nAnytown, ZA 12345', 'Anytown', 'NY', '12345-6789', '{n}@txt.att.net', '2015-10-01 00:00:00', null), ('32', '5', 'M', 'Wade', 'Hitchens', null, 'manager4@cogentqi.com', 'manager4', 'd7da283e8c6f9506b9e96b45a7582a07', '/site/pharmacy/avatars/32.png', '0', '0', '1677734950', '7995865720', '289 Any St.\nAnytown, ZA 12345', 'Anytown', 'NY', '12345-6789', '{n}@messaging.sprintpcs.com', '2015-10-01 00:00:00', null), ('33', '6', 'M', 'Makesh', 'Patel', null, 'manager5@cogentqi.com', 'manager5', 'd7da283e8c6f9506b9e96b45a7582a07', '/site/pharmacy/avatars/33.png', '0', '0', '6775432210', '1842664380', '658 Any St.\nAnytown, ZA 12345', 'Anytown', 'NY', '12345-6789', '{n}@email.uscc.net', '2015-10-01 00:00:00', null);
COMMIT;

-- ----------------------------
--  Table structure for `member_badge`
-- ----------------------------
DROP TABLE IF EXISTS `member_badge`;
CREATE TABLE `member_badge` (
  `id` int(11) NOT NULL AUTO_INCREMENT,
  `title` varchar(100) NOT NULL,
  `member_id` int(11) NOT NULL,
  `earned` datetime NOT NULL DEFAULT CURRENT_TIMESTAMP,
  `badge_id` int(11) DEFAULT NULL,
  PRIMARY KEY (`id`),
  UNIQUE KEY `unique_id` (`id`),
  KEY `member_id_index` (`member_id`),
  KEY `member_badge_badge__fk` (`badge_id`),
  CONSTRAINT `member_badge_badge__fk` FOREIGN KEY (`badge_id`) REFERENCES `badge` (`id`)
) ENGINE=InnoDB AUTO_INCREMENT=92 DEFAULT CHARSET=utf8 ROW_FORMAT=COMPACT;

-- ----------------------------
--  Records of `member_badge`
-- ----------------------------
BEGIN;
INSERT INTO `member_badge` VALUES ('1', 'Internet Technology', '14', '2015-03-21 21:12:39', '35'), ('2', 'Communication', '14', '2015-03-21 21:13:08', '40'), ('3', 'Legal Issues', '8', '2015-03-21 21:13:46', '34'), ('4', 'Caring Workplace', '15', '2015-03-21 21:13:59', '33'), ('5', 'Security 101', '8', '2015-03-21 21:14:15', '38'), ('6', 'Support Technologies', '8', '2015-03-21 21:14:49', '39'), ('7', 'Security 101', '14', '2015-03-21 21:15:03', '38'), ('8', 'Planning', '16', '2015-03-21 21:15:22', '41'), ('9', 'Prescription Management', '26', '2015-10-22 09:51:26', '37'), ('10', 'Team Participation', '21', '2015-10-22 09:51:26', '36'), ('11', 'Security 101', '12', '2015-10-22 09:51:26', '38'), ('12', 'Security 101', '17', '2015-10-22 09:51:26', '38'), ('13', 'Planning', '24', '2015-10-22 09:51:26', '41'), ('14', 'Team Participation', '29', '2015-10-22 09:51:26', '36'), ('15', 'CSS3', '25', '2015-10-22 09:51:26', '32'), ('16', 'Caring Workplace', '6', '2015-10-22 09:51:26', '33'), ('17', 'Team Participation', '23', '2015-10-22 09:51:26', '36'), ('18', 'Internet Technology', '30', '2015-10-22 09:51:26', '35'), ('19', 'CSS3', '8', '2015-10-22 09:51:26', '32'), ('20', 'Security 101', '21', '2015-10-22 09:51:26', '38'), ('21', 'Team Participation', '8', '2015-10-22 09:51:26', '36'), ('22', 'Legal Issues', '29', '2015-10-22 09:51:26', '34'), ('23', 'Caring Workplace', '25', '2015-10-22 09:51:26', '33'), ('24', 'Legal Issues', '30', '2015-10-22 09:51:26', '34'), ('25', 'Internet Technology', '18', '2015-10-22 09:51:26', '35'), ('26', 'Team Participation', '20', '2015-10-22 09:51:26', '36'), ('27', 'Communication', '10', '2015-10-22 09:51:26', '40'), ('28', 'Planning', '18', '2015-10-22 09:51:26', '41'), ('29', 'Legal Issues', '13', '2015-10-22 09:51:26', '34'), ('30', 'Support Technologies', '7', '2015-10-22 09:51:26', '39'), ('31', 'Internet Technology', '11', '2015-10-22 09:51:26', '35'), ('32', 'Internet Technology', '23', '2015-10-22 09:51:26', '35'), ('33', 'Internet Technology', '9', '2015-10-22 09:51:26', '35'), ('34', 'Prescription Management', '8', '2015-10-22 09:51:26', '37'), ('35', 'Prescription Management', '21', '2015-10-22 09:51:26', '37'), ('36', 'Communication', '22', '2015-10-22 09:51:26', '40'), ('37', 'Planning', '11', '2015-10-22 09:51:26', '41'), ('38', 'Planning', '7', '2015-10-22 09:51:26', '41'), ('39', 'Planning', '13', '2015-10-22 09:51:26', '41'), ('40', 'CSS3', '16', '2015-10-22 09:51:26', '32'), ('41', 'Internet Technology', '23', '2015-10-22 09:51:26', '35'), ('42', 'Prescription Management', '9', '2015-10-22 09:51:26', '37'), ('43', 'Communication', '28', '2015-10-22 09:51:26', '40'), ('44', 'Security 101', '12', '2015-10-22 09:51:26', '38'), ('45', 'Planning', '17', '2015-10-22 09:51:26', '41'), ('46', 'Team Participation', '27', '2015-10-22 09:51:26', '36'), ('47', 'Internet Technology', '26', '2015-10-22 09:51:26', '35'), ('48', 'Team Participation', '14', '2015-10-22 09:51:26', '36'), ('72', 'Legal Issues', '20', '2015-10-22 09:54:18', '34'), ('73', 'Team Participation', '18', '2015-10-22 09:54:18', '36'), ('74', 'Prescription Management', '6', '2015-10-22 09:54:18', '37'), ('75', 'Security 101', '11', '2015-10-22 09:54:18', '38'), ('76', 'Team Participation', '23', '2015-10-22 09:54:18', '36'), ('77', 'CSS3', '27', '2015-10-22 09:54:18', '32'), ('78', 'Security 101', '15', '2015-10-22 09:54:18', '38'), ('79', 'Support Technologies', '12', '2015-10-22 09:54:18', '39'), ('80', 'Security 101', '29', '2015-10-22 09:54:18', '38'), ('81', 'Internet Technology', '8', '2015-10-22 09:54:18', '35'), ('82', 'Planning', '22', '2015-10-22 09:54:18', '41'), ('83', 'Support Technologies', '29', '2015-10-22 09:54:18', '39'), ('84', 'Internet Technology', '13', '2015-10-22 09:54:18', '35'), ('85', 'Support Technologies', '9', '2015-10-22 09:54:18', '39'), ('86', 'Planning', '8', '2015-10-22 09:54:18', '41'), ('87', 'Support Technologies', '24', '2015-10-22 09:54:18', '39'), ('88', 'Security 101', '21', '2015-10-22 09:54:18', '38'), ('89', 'CSS3', '22', '2015-10-22 09:54:18', '32'), ('90', 'Communication', '6', '2015-10-22 09:54:18', '40'), ('91', 'Support Technologies', '13', '2015-10-22 09:54:18', '39');
COMMIT;

-- ----------------------------
--  Table structure for `member_event`
-- ----------------------------
DROP TABLE IF EXISTS `member_event`;
CREATE TABLE `member_event` (
  `id` int(11) NOT NULL AUTO_INCREMENT,
  `member_id` int(11) NOT NULL,
  `event_id` int(11) NOT NULL,
  `comments` text COLLATE utf8_bin,
  `occurred` datetime NOT NULL DEFAULT CURRENT_TIMESTAMP,
  PRIMARY KEY (`id`),
  KEY `event_key` (`event_id`),
  KEY `member_key` (`member_id`),
  CONSTRAINT `member_event_ibfk_1` FOREIGN KEY (`event_id`) REFERENCES `event` (`id`),
  CONSTRAINT `member_event_ibfk_2` FOREIGN KEY (`member_id`) REFERENCES `member` (`id`)
) ENGINE=InnoDB AUTO_INCREMENT=91 DEFAULT CHARSET=utf8 COLLATE=utf8_bin ROW_FORMAT=COMPACT;

-- ----------------------------
--  Records of `member_event`
-- ----------------------------
BEGIN;
INSERT INTO `member_event` VALUES ('1', '17', '37', null, '2015-09-28 13:22:53'), ('2', '31', '35', null, '2015-06-04 13:22:53'), ('3', '4', '29', null, '2015-07-26 13:22:53'), ('4', '25', '32', null, '2015-08-31 13:22:53'), ('5', '17', '29', null, '2015-07-20 13:22:53'), ('6', '17', '36', null, '2015-11-02 13:22:53'), ('7', '26', '39', null, '2015-08-23 13:22:53'), ('8', '20', '36', null, '2015-08-31 13:22:53'), ('9', '20', '30', null, '2015-09-18 13:22:53'), ('10', '24', '35', null, '2015-06-27 13:22:53'), ('11', '31', '27', null, '2015-11-09 13:22:53'), ('12', '3', '30', null, '2015-11-17 13:22:53'), ('13', '23', '35', null, '2015-10-30 13:22:53'), ('14', '9', '36', null, '2015-08-27 13:22:53'), ('15', '1', '27', null, '2015-07-24 13:22:53'), ('16', '24', '27', null, '2015-08-07 13:22:53'), ('17', '17', '39', null, '2015-10-19 13:22:53'), ('18', '17', '27', null, '2015-08-31 13:22:53'), ('19', '10', '38', null, '2015-08-21 13:22:53'), ('20', '22', '31', null, '2015-06-08 13:22:53'), ('21', '28', '32', null, '2015-10-20 13:22:53'), ('22', '25', '31', null, '2015-06-27 13:22:53'), ('23', '29', '27', null, '2015-11-16 13:22:53'), ('24', '10', '37', null, '2015-10-22 13:22:53'), ('25', '15', '28', null, '2015-10-27 13:22:53'), ('26', '4', '38', null, '2015-10-13 13:22:53'), ('27', '12', '32', null, '2015-06-07 13:22:53'), ('28', '33', '33', null, '2015-07-18 13:22:53'), ('29', '7', '27', null, '2015-08-25 13:22:53'), ('30', '16', '27', null, '2015-07-25 13:22:53'), ('31', '11', '33', null, '2015-09-17 13:22:53'), ('32', '15', '30', null, '2015-08-31 13:22:53'), ('33', '7', '36', null, '2015-10-07 13:22:53'), ('34', '30', '31', null, '2015-08-05 13:22:53'), ('35', '26', '37', null, '2015-10-30 13:22:53'), ('36', '20', '31', null, '2015-11-09 13:22:53'), ('37', '1', '32', null, '2015-10-15 13:22:53'), ('38', '8', '39', null, '2015-10-25 13:22:53'), ('39', '30', '39', null, '2015-10-02 13:22:53'), ('40', '24', '36', null, '2015-12-13 13:22:53'), ('41', '25', '36', null, '2015-11-25 13:22:53'), ('42', '8', '37', null, '2015-11-22 13:22:53'), ('43', '24', '39', null, '2015-08-03 13:22:53'), ('44', '1', '38', null, '2015-05-31 13:22:53'), ('45', '11', '31', null, '2015-11-13 13:22:53'), ('46', '24', '30', null, '2015-08-07 13:22:53'), ('47', '10', '35', null, '2015-10-09 13:22:53'), ('48', '6', '30', null, '2015-06-01 13:22:53'), ('49', '14', '28', null, '2015-08-12 13:22:53'), ('50', '15', '38', null, '2015-10-14 13:22:53'), ('51', '18', '33', null, '2015-11-20 13:22:53'), ('52', '24', '38', null, '2015-10-16 13:22:53'), ('53', '10', '29', null, '2015-11-22 13:22:53'), ('54', '12', '27', null, '2015-08-04 13:22:53'), ('55', '31', '33', null, '2015-07-03 13:22:53'), ('56', '21', '39', null, '2015-10-19 13:22:53'), ('57', '10', '30', null, '2015-10-03 13:22:53'), ('58', '28', '27', null, '2015-11-15 13:22:53'), ('59', '28', '34', null, '2015-06-06 13:22:53'), ('60', '4', '37', null, '2015-07-26 13:22:53'), ('61', '21', '32', null, '2015-05-29 13:22:53'), ('62', '25', '37', null, '2015-09-16 13:22:53'), ('63', '8', '28', null, '2015-10-01 13:22:53'), ('64', '28', '33', null, '2015-06-13 13:22:53'), ('65', '5', '36', null, '2015-06-29 13:22:53'), ('66', '8', '27', null, '2015-11-19 13:22:53'), ('67', '3', '35', null, '2015-09-17 13:22:53'), ('68', '18', '31', null, '2015-08-19 13:22:53'), ('69', '12', '34', null, '2015-10-26 13:22:53'), ('70', '31', '31', null, '2015-09-10 13:22:53'), ('71', '33', '28', null, '2015-09-30 13:22:53'), ('72', '9', '35', null, '2015-06-15 13:22:53'), ('73', '29', '38', null, '2015-07-03 13:22:53'), ('74', '15', '39', null, '2015-06-13 13:22:53'), ('75', '27', '29', null, '2015-09-10 13:22:53'), ('76', '30', '37', null, '2015-10-29 13:22:53'), ('77', '26', '35', null, '2015-10-23 13:22:53'), ('78', '29', '33', null, '2015-10-29 13:22:53'), ('79', '1', '33', null, '2015-12-03 13:22:53'), ('80', '18', '27', null, '2015-11-23 13:22:53'), ('81', '33', '27', null, '2015-11-14 13:22:53'), ('82', '10', '33', null, '2015-06-18 13:22:53'), ('83', '27', '36', null, '2015-09-15 13:22:53'), ('84', '4', '32', null, '2015-08-10 13:22:53'), ('85', '15', '35', null, '2015-06-02 13:22:53'), ('86', '10', '32', null, '2015-10-03 13:22:53'), ('87', '26', '28', null, '2015-07-11 13:22:53'), ('88', '20', '27', null, '2015-07-12 13:22:53'), ('89', '8', '38', null, '2015-07-17 13:22:53'), ('90', '29', '32', null, '2015-08-22 13:22:53');
COMMIT;

-- ----------------------------
--  Table structure for `member_note`
-- ----------------------------
DROP TABLE IF EXISTS `member_note`;
CREATE TABLE `member_note` (
  `id` int(11) NOT NULL AUTO_INCREMENT,
  `member_id` int(11) NOT NULL,
  `creator_id` int(11) DEFAULT NULL,
  `is_private` tinyint(4) NOT NULL DEFAULT '1',
  `content` longtext NOT NULL,
  `last_modified` timestamp NOT NULL DEFAULT CURRENT_TIMESTAMP ON UPDATE CURRENT_TIMESTAMP,
  `flag` int(11) DEFAULT '0',
  PRIMARY KEY (`id`),
  UNIQUE KEY `unique_id` (`id`),
  KEY `creatorId_index` (`creator_id`),
  KEY `memberId_index` (`member_id`),
  CONSTRAINT `member_note_ibfk_1` FOREIGN KEY (`member_id`) REFERENCES `member` (`id`),
  CONSTRAINT `member_note_ibfk_2` FOREIGN KEY (`creator_id`) REFERENCES `member` (`id`),
  CONSTRAINT `member_note_ibfk_3` FOREIGN KEY (`member_id`) REFERENCES `member` (`id`),
  CONSTRAINT `member_note_ibfk_4` FOREIGN KEY (`creator_id`) REFERENCES `member` (`id`)
) ENGINE=InnoDB AUTO_INCREMENT=54 DEFAULT CHARSET=utf8 ROW_FORMAT=COMPACT;

-- ----------------------------
--  Records of `member_note`
-- ----------------------------
BEGIN;
INSERT INTO `member_note` VALUES ('2', '5', '10', '1', 'asdfasdf', '2015-10-07 18:20:20', '0'), ('3', '4', '4', '0', 'Welcome to the Professional Development app.', '2015-09-10 18:20:20', '0'), ('4', '5', '4', '0', 'Welcome to the Professional Development app.', '2015-09-19 18:20:20', '0'), ('5', '6', '4', '0', 'Welcome to the Professional Development app.', '2015-07-29 18:20:20', '0'), ('6', '11', '4', '0', 'Welcome to the Professional Development app.', '2015-10-11 18:20:20', '0'), ('7', '12', '4', '0', 'Welcome to the Professional Development app.', '2015-12-15 23:00:39', '0'), ('8', '13', '4', '0', 'Welcome to the Professional Development app.', '2015-12-05 18:20:20', '0'), ('9', '14', '4', '0', 'Welcome to the Professional Development app.', '2015-07-01 18:20:20', '0'), ('10', '15', '4', '0', 'Welcome to the Professional Development app.', '2015-09-29 18:20:20', '0'), ('18', '7', '31', '0', 'Welcome to the Professional Development app.', '2015-10-23 18:20:20', '0'), ('19', '8', '31', '0', 'Welcome to the Professional Development app.', '2015-11-18 18:20:20', '0'), ('20', '9', '31', '0', 'Welcome to the Professional Development app.', '2015-07-22 18:20:20', '0'), ('21', '10', '31', '0', 'Welcome to the Professional Development app.', '2015-09-03 18:20:20', '0'), ('22', '16', '31', '0', 'Welcome to the Professional Development app.', '2015-10-10 18:20:20', '0'), ('23', '17', '31', '0', 'Welcome to the Professional Development app.', '2015-12-01 18:20:20', '0'), ('24', '18', '31', '0', 'Welcome to the Professional Development app.', '2015-11-02 18:20:20', '0'), ('25', '30', '31', '0', 'Welcome to the Professional Development app.', '2015-07-02 18:20:20', '0'), ('26', '31', '31', '0', 'Welcome to the Professional Development app.', '2015-07-15 18:20:20', '0'), ('33', '20', '32', '0', 'Welcome to the Professional Development app.', '2015-09-27 18:20:20', '0'), ('34', '21', '32', '0', 'Welcome to the Professional Development app.', '2015-08-30 18:20:20', '0'), ('35', '22', '32', '0', 'Welcome to the Professional Development app.', '2015-08-27 18:20:20', '0'), ('36', '23', '32', '0', 'Welcome to the Professional Development app.', '2015-11-07 18:20:20', '0'), ('37', '24', '32', '0', 'Welcome to the Professional Development app.', '2015-11-13 18:20:20', '0'), ('38', '32', '32', '0', 'Welcome to the Professional Development app.', '2015-11-08 18:20:20', '0'), ('40', '25', '33', '0', 'Welcome to the Professional Development app.', '2015-09-25 18:20:20', '0'), ('41', '26', '33', '0', 'Welcome to the Professional Development app.', '2015-08-31 18:20:20', '0'), ('42', '27', '33', '0', 'Welcome to the Professional Development app.', '2015-09-10 18:20:20', '0'), ('52', '12', '4', '1', 'a sdf asdfsadfsadf', '2015-12-16 22:42:42', '2'), ('53', '12', '4', '0', 'asdfsaf', '2015-12-16 22:42:34', '1');
COMMIT;

-- ----------------------------
--  Table structure for `message`
-- ----------------------------
DROP TABLE IF EXISTS `message`;
CREATE TABLE `message` (
  `id` int(11) NOT NULL AUTO_INCREMENT,
  `address` varchar(255) NOT NULL,
  `content` longtext NOT NULL,
  `sent` datetime NOT NULL,
  PRIMARY KEY (`id`),
  UNIQUE KEY `unique_id` (`id`)
) ENGINE=InnoDB DEFAULT CHARSET=utf8 ROW_FORMAT=COMPACT;

-- ----------------------------
--  Table structure for `message_provider`
-- ----------------------------
DROP TABLE IF EXISTS `message_provider`;
CREATE TABLE `message_provider` (
  `name` varchar(50) NOT NULL,
  `format` varchar(255) NOT NULL,
  PRIMARY KEY (`name`),
  UNIQUE KEY `unique_name` (`name`)
) ENGINE=InnoDB DEFAULT CHARSET=utf8 ROW_FORMAT=COMPACT;

-- ----------------------------
--  Table structure for `module`
-- ----------------------------
DROP TABLE IF EXISTS `module`;
CREATE TABLE `module` (
  `id` int(11) NOT NULL AUTO_INCREMENT,
  `resource_id` int(11) NOT NULL,
  `ends` datetime NOT NULL,
  `sched_type` char(1) NOT NULL,
  `starts` datetime NOT NULL,
  PRIMARY KEY (`id`),
  UNIQUE KEY `unique_id` (`id`),
  KEY `resource_id_index` (`resource_id`),
  CONSTRAINT `module_ibfk_1` FOREIGN KEY (`resource_id`) REFERENCES `resource` (`id`)
) ENGINE=InnoDB AUTO_INCREMENT=66 DEFAULT CHARSET=utf8 ROW_FORMAT=COMPACT;

-- ----------------------------
--  Records of `module`
-- ----------------------------
BEGIN;
INSERT INTO `module` VALUES ('43', '1', '2016-03-15 13:03:53', 'C', '2016-02-04 13:03:53'), ('44', '2', '2016-02-03 13:03:53', 'C', '2015-12-24 13:03:53'), ('45', '3', '2016-09-02 13:03:53', 'C', '2016-06-08 13:03:53'), ('46', '4', '2016-10-02 13:03:53', 'C', '2016-08-30 13:03:53'), ('47', '5', '2016-06-13 13:03:53', 'C', '2016-06-12 13:03:53'), ('48', '6', '2016-07-03 13:03:53', 'C', '2016-04-06 13:03:53'), ('49', '7', '2016-03-14 13:03:53', 'C', '2015-12-30 13:03:53'), ('50', '8', '2016-01-25 13:03:53', 'C', '2016-01-06 13:03:53'), ('51', '9', '2016-04-01 13:03:53', 'C', '2016-02-07 13:03:53'), ('52', '10', '2016-07-29 13:03:53', 'C', '2016-06-28 13:03:53'), ('53', '11', '2016-10-20 13:03:53', 'C', '2016-07-28 13:03:53'), ('54', '12', '2016-10-06 13:03:53', 'C', '2016-08-14 13:03:53'), ('58', '9', '2016-01-09 13:03:53', 'C', '2015-12-24 13:03:53'), ('59', '8', '2016-06-07 13:03:53', 'C', '2016-05-25 13:03:53'), ('60', '4', '2016-09-28 13:03:53', 'C', '2016-09-13 13:03:53'), ('61', '11', '2016-10-26 13:03:53', 'C', '2016-09-18 13:03:53'), ('62', '2', '2016-03-30 13:03:53', 'C', '2016-02-04 13:03:53'), ('63', '12', '2016-05-14 13:03:53', 'C', '2016-03-06 13:03:53'), ('64', '10', '2016-03-08 13:03:53', 'C', '2016-03-08 13:03:53'), ('65', '3', '2016-11-03 13:03:53', 'C', '2016-08-28 13:03:53');
COMMIT;

-- ----------------------------
--  Table structure for `module_badge`
-- ----------------------------
DROP TABLE IF EXISTS `module_badge`;
CREATE TABLE `module_badge` (
  `id` int(11) NOT NULL AUTO_INCREMENT,
  `module_id` int(11) DEFAULT NULL,
  `badge_id` int(11) DEFAULT NULL,
  PRIMARY KEY (`id`),
  UNIQUE KEY `id` (`id`),
  KEY `module_id` (`module_id`),
  KEY `badge_id` (`badge_id`),
  CONSTRAINT `module_badge_ibfk_1` FOREIGN KEY (`module_id`) REFERENCES `module` (`id`),
  CONSTRAINT `module_badge_ibfk_2` FOREIGN KEY (`badge_id`) REFERENCES `badge` (`id`)
) ENGINE=InnoDB AUTO_INCREMENT=308 DEFAULT CHARSET=utf8 COLLATE=utf8_bin ROW_FORMAT=COMPACT;

-- ----------------------------
--  Records of `module_badge`
-- ----------------------------
BEGIN;
INSERT INTO `module_badge` VALUES ('288', '43', '39'), ('289', '44', '39'), ('290', '45', '35'), ('291', '46', '37'), ('292', '47', '35'), ('293', '48', '37'), ('294', '49', '39'), ('295', '50', '35'), ('296', '51', '39'), ('297', '52', '40'), ('298', '53', '40'), ('299', '54', '36'), ('300', '58', '40'), ('301', '59', '37'), ('302', '60', '34'), ('303', '61', '34'), ('304', '62', '35'), ('305', '63', '32'), ('306', '64', '36'), ('307', '65', '32');
COMMIT;

-- ----------------------------
--  Table structure for `operation`
-- ----------------------------
DROP TABLE IF EXISTS `operation`;
CREATE TABLE `operation` (
  `id` char(1) NOT NULL,
  `name` varchar(50) DEFAULT NULL,
  PRIMARY KEY (`id`),
  UNIQUE KEY `id` (`id`)
) ENGINE=InnoDB DEFAULT CHARSET=utf8 ROW_FORMAT=COMPACT;

-- ----------------------------
--  Records of `operation`
-- ----------------------------
BEGIN;
INSERT INTO `operation` VALUES ('C', 'CREATE'), ('D', 'DELETE'), ('R', 'READ'), ('U', 'UPDATE'), ('X', 'EXECUTE');
COMMIT;

-- ----------------------------
--  Table structure for `organization`
-- ----------------------------
DROP TABLE IF EXISTS `organization`;
CREATE TABLE `organization` (
  `id` int(11) NOT NULL AUTO_INCREMENT,
  `parent_id` int(11) DEFAULT NULL,
  `name` varchar(100) NOT NULL,
  `summary` varchar(5000) DEFAULT NULL,
  `description` text,
  `address` varchar(4000) DEFAULT NULL,
  `phone` varchar(50) DEFAULT NULL,
  `fax` varchar(50) NOT NULL,
  `city` varchar(50) DEFAULT NULL,
  `state` varchar(50) NOT NULL,
  `postal` varchar(20) DEFAULT NULL,
  `is_department` tinyint(4) NOT NULL DEFAULT '0',
  PRIMARY KEY (`id`),
  KEY `parent_id` (`parent_id`),
  CONSTRAINT `organization_ibfk_1` FOREIGN KEY (`parent_id`) REFERENCES `organization` (`id`)
) ENGINE=InnoDB AUTO_INCREMENT=7 DEFAULT CHARSET=utf8 ROW_FORMAT=COMPACT;

-- ----------------------------
--  Records of `organization`
-- ----------------------------
BEGIN;
INSERT INTO `organization` VALUES ('1', null, 'CogentQI', null, null, '123 Any St.', '(123) 456-7890', '(123) 456-7890', 'Anytown', 'ST', '012345', '0'), ('2', '1', 'Pharmacy Management', null, null, '123 Any St.', '(123) 456-7890', '(123) 456-7890', 'Anytown', 'ST', '012345', '0'), ('3', '2', 'Store 001 - Basil, NM', null, null, '123 Any St.', '(123) 456-7890', '(123) 456-7890', 'Anytown', 'ST', '012345', '0'), ('4', '2', 'Store 002 - Frankfurt, IN', null, null, '123 Any St.', '(123) 456-7890', '(123) 456-7890', 'Anytown', 'ST', '012345', '0'), ('5', '2', 'Store 003 - Evansburg, OH', null, null, '123 Any St.', '(123) 456-7890', '(123) 456-7890', 'Anytown', 'ST', '012345', '0'), ('6', '2', 'Store 004 - Charlottesville, PA', null, null, '123 Any St.', '(123) 456-7890', '(123) 456-7890', 'Anytown', 'ST', '012345', '0');
COMMIT;

-- ----------------------------
--  Table structure for `organization_outcome`
-- ----------------------------
DROP TABLE IF EXISTS `organization_outcome`;
CREATE TABLE `organization_outcome` (
  `id` int(11) NOT NULL AUTO_INCREMENT,
  `organization_id` int(11) NOT NULL,
  `outcome_id` int(11) NOT NULL,
  `evaluated` datetime NOT NULL DEFAULT CURRENT_TIMESTAMP,
  `evaluator_id` int(11) DEFAULT NULL,
  `evaluator_comments` varchar(5000) DEFAULT NULL,
  `level` float NOT NULL DEFAULT '0',
  PRIMARY KEY (`id`),
  UNIQUE KEY `unique_id` (`id`),
  KEY `organization_id_index` (`organization_id`),
  KEY `outcome_id_index` (`outcome_id`),
  KEY `evaluator_id_index` (`evaluator_id`),
  CONSTRAINT `organization_outcome_ibfk_1` FOREIGN KEY (`organization_id`) REFERENCES `organization` (`id`),
  CONSTRAINT `organization_outcome_ibfk_2` FOREIGN KEY (`outcome_id`) REFERENCES `outcome` (`id`),
  CONSTRAINT `organization_outcome_ibfk_3` FOREIGN KEY (`evaluator_id`) REFERENCES `member` (`id`)
) ENGINE=InnoDB AUTO_INCREMENT=289 DEFAULT CHARSET=utf8 ROW_FORMAT=COMPACT;

-- ----------------------------
--  Records of `organization_outcome`
-- ----------------------------
BEGIN;
INSERT INTO `organization_outcome` VALUES ('32', '3', '1', '2015-12-18 14:49:46', '3', null, '0.0607297'), ('33', '4', '1', '2015-03-28 15:48:12', null, null, '0.911527'), ('34', '5', '1', '2015-03-28 15:48:12', null, null, '0.375446'), ('35', '6', '1', '2015-12-18 14:45:25', '3', null, '0.14265'), ('36', '3', '2', '2015-12-18 14:49:46', '3', null, '0.58691'), ('37', '4', '2', '2015-03-28 15:48:12', null, null, '0.5066'), ('38', '5', '2', '2015-03-28 15:48:12', null, null, '0.772273'), ('39', '6', '2', '2015-12-18 14:45:25', '3', null, '0.341562'), ('40', '3', '3', '2015-12-18 14:49:46', '3', null, '0.390991'), ('41', '4', '3', '2015-03-28 15:48:12', null, null, '0.930268'), ('42', '5', '3', '2015-03-28 15:48:12', null, null, '0.478369'), ('43', '6', '3', '2015-12-18 14:45:25', '3', null, '0.601039'), ('44', '3', '4', '2015-12-18 14:49:46', '3', null, '0.570088'), ('45', '4', '4', '2015-03-28 15:48:12', null, null, '0.0473231'), ('46', '5', '4', '2015-03-28 15:48:12', null, null, '0.526352'), ('47', '6', '4', '2015-12-18 14:45:25', '3', null, '0.489792'), ('48', '3', '5', '2015-12-18 14:49:46', '3', null, '0.869902'), ('49', '4', '5', '2015-03-28 15:48:12', null, null, '0.880134'), ('50', '5', '5', '2015-03-28 15:48:12', null, null, '0.790965'), ('51', '6', '5', '2015-12-18 14:45:25', '3', null, '0.314422'), ('52', '3', '6', '2015-12-18 14:49:46', '3', null, '0.199215'), ('53', '4', '6', '2015-03-28 15:48:12', null, null, '0.0528078'), ('54', '5', '6', '2015-03-28 15:48:12', null, null, '0.666395'), ('55', '6', '6', '2015-12-18 14:45:25', '3', null, '0.173552'), ('56', '3', '1', '2014-12-01 00:00:00', '1', null, '0.868576'), ('57', '4', '1', '2014-12-01 00:00:00', '1', null, '0.822223'), ('58', '5', '1', '2014-12-01 00:00:00', '1', null, '0.505386'), ('59', '6', '1', '2014-12-01 00:00:00', '1', null, '0.0602618'), ('60', '3', '2', '2014-12-01 00:00:00', '1', null, '0.785151'), ('61', '4', '2', '2014-12-01 00:00:00', '1', null, '0.744971'), ('62', '5', '2', '2014-12-01 00:00:00', '1', null, '0.369401'), ('63', '6', '2', '2014-12-01 00:00:00', '1', null, '0.612091'), ('64', '3', '3', '2014-12-01 00:00:00', '1', null, '0.952253'), ('65', '4', '3', '2014-12-01 00:00:00', '1', null, '0.92499'), ('66', '5', '3', '2014-12-01 00:00:00', '1', null, '0.768194'), ('67', '6', '3', '2014-12-01 00:00:00', '1', null, '0.0659968'), ('68', '3', '4', '2014-12-01 00:00:00', '1', null, '0.0254034'), ('69', '4', '4', '2014-12-01 00:00:00', '1', null, '0.929027'), ('70', '5', '4', '2014-12-01 00:00:00', '1', null, '0.568924'), ('71', '6', '4', '2014-12-01 00:00:00', '1', null, '0.0575392'), ('72', '3', '5', '2014-12-01 00:00:00', '1', null, '0.580924'), ('73', '4', '5', '2014-12-01 00:00:00', '1', null, '0.732004'), ('74', '5', '5', '2014-12-01 00:00:00', '1', null, '0.917245'), ('75', '6', '5', '2014-12-01 00:00:00', '1', null, '0.390216'), ('76', '3', '6', '2014-12-01 00:00:00', '1', null, '0.199343'), ('77', '4', '6', '2014-12-01 00:00:00', '1', null, '0.826067'), ('78', '5', '6', '2014-12-01 00:00:00', '1', null, '0.532307'), ('79', '6', '6', '2014-12-01 00:00:00', '1', null, '0.183336'), ('80', '3', '7', '2015-12-18 14:49:46', '3', null, '0.319756'), ('81', '4', '7', '2014-12-01 00:00:00', '1', null, '0.048772'), ('82', '5', '7', '2014-12-01 00:00:00', '1', null, '0.284593'), ('83', '6', '7', '2014-12-01 00:00:00', '1', null, '0.276648'), ('84', '3', '8', '2015-12-18 14:49:46', '3', null, '0.529459'), ('85', '4', '8', '2014-12-01 00:00:00', '1', null, '0.817355'), ('86', '5', '8', '2014-12-01 00:00:00', '1', null, '0.498396'), ('87', '6', '8', '2014-12-01 00:00:00', '1', null, '0.0399168'), ('88', '3', '9', '2015-12-18 14:49:46', '3', null, '0.704395'), ('89', '4', '9', '2014-12-01 00:00:00', '1', null, '0.402225'), ('90', '5', '9', '2014-12-01 00:00:00', '1', null, '0.897938'), ('91', '6', '9', '2014-12-01 00:00:00', '1', null, '0.283017'), ('92', '3', '10', '2015-12-18 14:49:46', '3', null, '0.721269'), ('93', '4', '10', '2014-12-01 00:00:00', '1', null, '0.757297'), ('94', '5', '10', '2014-12-01 00:00:00', '1', null, '0.622677'), ('95', '6', '10', '2014-12-01 00:00:00', '1', null, '0.841495'), ('96', '3', '11', '2015-12-18 14:49:46', '3', null, '0.339441'), ('97', '4', '11', '2014-12-01 00:00:00', '1', null, '0.172722'), ('98', '5', '11', '2014-12-01 00:00:00', '1', null, '0.845285'), ('99', '6', '11', '2014-12-01 00:00:00', '1', null, '0.70826'), ('119', '3', '1', '2015-01-01 00:00:00', '1', null, '0.00544521'), ('120', '4', '1', '2015-01-01 00:00:00', '1', null, '0.902446'), ('121', '5', '1', '2015-01-01 00:00:00', '1', null, '0.495895'), ('122', '6', '1', '2015-01-01 00:00:00', '1', null, '0.772136'), ('123', '3', '2', '2015-01-01 00:00:00', '1', null, '0.372994'), ('124', '4', '2', '2015-01-01 00:00:00', '1', null, '0.548564'), ('125', '5', '2', '2015-01-01 00:00:00', '1', null, '0.623838'), ('126', '6', '2', '2015-01-01 00:00:00', '1', null, '0.473497'), ('127', '3', '3', '2015-01-01 00:00:00', '1', null, '0.495973'), ('128', '4', '3', '2015-01-01 00:00:00', '1', null, '0.0593717'), ('129', '5', '3', '2015-01-01 00:00:00', '1', null, '0.808941'), ('130', '6', '3', '2015-01-01 00:00:00', '1', null, '0.866588'), ('131', '3', '4', '2015-01-01 00:00:00', '1', null, '0.906116'), ('132', '4', '4', '2015-01-01 00:00:00', '1', null, '0.930818'), ('133', '5', '4', '2015-01-01 00:00:00', '1', null, '0.935742'), ('134', '6', '4', '2015-01-01 00:00:00', '1', null, '0.886257'), ('135', '3', '5', '2015-01-01 00:00:00', '1', null, '0.624056'), ('136', '4', '5', '2015-01-01 00:00:00', '1', null, '0.461511'), ('137', '5', '5', '2015-01-01 00:00:00', '1', null, '0.435388'), ('138', '6', '5', '2015-01-01 00:00:00', '1', null, '0.792404'), ('139', '3', '6', '2015-01-01 00:00:00', '1', null, '0.655858'), ('140', '4', '6', '2015-01-01 00:00:00', '1', null, '0.902076'), ('141', '5', '6', '2015-01-01 00:00:00', '1', null, '0.542808'), ('142', '6', '6', '2015-01-01 00:00:00', '1', null, '0.00781073'), ('143', '3', '7', '2015-01-01 00:00:00', '1', null, '0.41063'), ('144', '4', '7', '2015-01-01 00:00:00', '1', null, '0.0297189'), ('145', '5', '7', '2015-01-01 00:00:00', '1', null, '0.916704'), ('146', '6', '7', '2015-01-01 00:00:00', '1', null, '0.494363'), ('147', '3', '8', '2015-01-01 00:00:00', '1', null, '0.721704'), ('148', '4', '8', '2015-01-01 00:00:00', '1', null, '0.125428'), ('149', '5', '8', '2015-01-01 00:00:00', '1', null, '0.462031'), ('150', '6', '8', '2015-01-01 00:00:00', '1', null, '0.933872'), ('151', '3', '9', '2015-01-01 00:00:00', '1', null, '0.283266'), ('152', '4', '9', '2015-01-01 00:00:00', '1', null, '0.614713'), ('153', '5', '9', '2015-01-01 00:00:00', '1', null, '0.223769'), ('154', '6', '9', '2015-01-01 00:00:00', '1', null, '0.274705'), ('155', '3', '10', '2015-01-01 00:00:00', '1', null, '0.702218'), ('156', '4', '10', '2015-01-01 00:00:00', '1', null, '0.686974'), ('157', '5', '10', '2015-01-01 00:00:00', '1', null, '0.328219'), ('158', '6', '10', '2015-01-01 00:00:00', '1', null, '0.58017'), ('159', '3', '11', '2015-01-01 00:00:00', '1', null, '0.916196'), ('160', '4', '11', '2015-01-01 00:00:00', '1', null, '0.840467'), ('161', '5', '11', '2015-01-01 00:00:00', '1', null, '0.45375'), ('162', '6', '11', '2015-01-01 00:00:00', '1', null, '0.747346'), ('182', '3', '1', '2015-02-01 00:00:00', '1', null, '0.37548'), ('183', '4', '1', '2015-02-01 00:00:00', '1', null, '0.635362'), ('184', '5', '1', '2015-02-01 00:00:00', '1', null, '0.0503687'), ('185', '6', '1', '2015-02-01 00:00:00', '1', null, '0.345759'), ('186', '3', '2', '2015-02-01 00:00:00', '1', null, '0.577689'), ('187', '4', '2', '2015-02-01 00:00:00', '1', null, '0.851169'), ('188', '5', '2', '2015-02-01 00:00:00', '1', null, '0.522777'), ('189', '6', '2', '2015-02-01 00:00:00', '1', null, '0.0603783'), ('190', '3', '3', '2015-02-01 00:00:00', '1', null, '0.733561'), ('191', '4', '3', '2015-02-01 00:00:00', '1', null, '0.486668'), ('192', '5', '3', '2015-02-01 00:00:00', '1', null, '0.232658'), ('193', '6', '3', '2015-02-01 00:00:00', '1', null, '0.703287'), ('194', '3', '4', '2015-02-01 00:00:00', '1', null, '0.818462'), ('195', '4', '4', '2015-02-01 00:00:00', '1', null, '0.982447'), ('196', '5', '4', '2015-02-01 00:00:00', '1', null, '0.456851'), ('197', '6', '4', '2015-02-01 00:00:00', '1', null, '0.336912'), ('198', '3', '5', '2015-02-01 00:00:00', '1', null, '0.314009'), ('199', '4', '5', '2015-02-01 00:00:00', '1', null, '0.559308'), ('200', '5', '5', '2015-02-01 00:00:00', '1', null, '0.854513'), ('201', '6', '5', '2015-02-01 00:00:00', '1', null, '0.594639'), ('202', '3', '6', '2015-02-01 00:00:00', '1', null, '0.409658'), ('203', '4', '6', '2015-02-01 00:00:00', '1', null, '0.264373'), ('204', '5', '6', '2015-02-01 00:00:00', '1', null, '0.092892'), ('205', '6', '6', '2015-02-01 00:00:00', '1', null, '0.67134'), ('206', '3', '7', '2015-02-01 00:00:00', '1', null, '0.0780255'), ('207', '4', '7', '2015-02-01 00:00:00', '1', null, '0.376107'), ('208', '5', '7', '2015-02-01 00:00:00', '1', null, '0.646457'), ('209', '6', '7', '2015-02-01 00:00:00', '1', null, '0.103964'), ('210', '3', '8', '2015-02-01 00:00:00', '1', null, '0.580449'), ('211', '4', '8', '2015-02-01 00:00:00', '1', null, '0.590355'), ('212', '5', '8', '2015-02-01 00:00:00', '1', null, '0.210427'), ('213', '6', '8', '2015-02-01 00:00:00', '1', null, '0.28107'), ('214', '3', '9', '2015-02-01 00:00:00', '1', null, '0.774069'), ('215', '4', '9', '2015-02-01 00:00:00', '1', null, '0.0271363'), ('216', '5', '9', '2015-02-01 00:00:00', '1', null, '0.813473'), ('217', '6', '9', '2015-02-01 00:00:00', '1', null, '0.985959'), ('218', '3', '10', '2015-02-01 00:00:00', '1', null, '0.489373'), ('219', '4', '10', '2015-02-01 00:00:00', '1', null, '0.488989'), ('220', '5', '10', '2015-02-01 00:00:00', '1', null, '0.976826'), ('221', '6', '10', '2015-02-01 00:00:00', '1', null, '0.417162'), ('222', '3', '11', '2015-02-01 00:00:00', '1', null, '0.155333'), ('223', '4', '11', '2015-02-01 00:00:00', '1', null, '0.525177'), ('224', '5', '11', '2015-02-01 00:00:00', '1', null, '0.159887'), ('225', '6', '11', '2015-02-01 00:00:00', '1', null, '0.223905'), ('245', '3', '1', '2015-03-01 00:00:00', '1', null, '0.639863'), ('246', '4', '1', '2015-03-01 00:00:00', '1', null, '0.527601'), ('247', '5', '1', '2015-03-01 00:00:00', '1', null, '0.718415'), ('248', '6', '1', '2015-03-01 00:00:00', '1', null, '0.0092722'), ('249', '3', '2', '2015-03-01 00:00:00', '1', null, '0.891116'), ('250', '4', '2', '2015-03-01 00:00:00', '1', null, '0.427764'), ('251', '5', '2', '2015-03-01 00:00:00', '1', null, '0.465474'), ('252', '6', '2', '2015-03-01 00:00:00', '1', null, '0.0440756'), ('253', '3', '3', '2015-03-01 00:00:00', '1', null, '0.823957'), ('254', '4', '3', '2015-03-01 00:00:00', '1', null, '0.987557'), ('255', '5', '3', '2015-03-01 00:00:00', '1', null, '0.465916'), ('256', '6', '3', '2015-03-01 00:00:00', '1', null, '0.366907'), ('257', '3', '4', '2015-03-01 00:00:00', '1', null, '0.436788'), ('258', '4', '4', '2015-03-01 00:00:00', '1', null, '0.0832204'), ('259', '5', '4', '2015-03-01 00:00:00', '1', null, '0.105737'), ('260', '6', '4', '2015-03-01 00:00:00', '1', null, '0.279023'), ('261', '3', '5', '2015-03-01 00:00:00', '1', null, '0.077906'), ('262', '4', '5', '2015-03-01 00:00:00', '1', null, '0.55246'), ('263', '5', '5', '2015-03-01 00:00:00', '1', null, '0.528583'), ('264', '6', '5', '2015-03-01 00:00:00', '1', null, '0.985536'), ('265', '3', '6', '2015-03-01 00:00:00', '1', null, '0.341928'), ('266', '4', '6', '2015-03-01 00:00:00', '1', null, '0.753034'), ('267', '5', '6', '2015-03-01 00:00:00', '1', null, '0.739383'), ('268', '6', '6', '2015-03-01 00:00:00', '1', null, '0.437817'), ('269', '3', '7', '2015-03-01 00:00:00', '1', null, '0.970932'), ('270', '4', '7', '2015-03-01 00:00:00', '1', null, '0.541212'), ('271', '5', '7', '2015-03-01 00:00:00', '1', null, '0.793265'), ('272', '6', '7', '2015-12-18 14:45:25', '3', null, '0.342686'), ('273', '3', '8', '2015-03-01 00:00:00', '1', null, '0.333636'), ('274', '4', '8', '2015-03-01 00:00:00', '1', null, '0.640121'), ('275', '5', '8', '2015-03-01 00:00:00', '1', null, '0.199697'), ('276', '6', '8', '2015-12-18 14:45:25', '3', null, '0.078122'), ('277', '3', '9', '2015-03-01 00:00:00', '1', null, '0.79152'), ('278', '4', '9', '2015-03-01 00:00:00', '1', null, '0.723232'), ('279', '5', '9', '2015-03-01 00:00:00', '1', null, '0.241601'), ('280', '6', '9', '2015-12-18 14:45:25', '3', null, '0.038308'), ('281', '3', '10', '2015-03-01 00:00:00', '1', null, '0.466738'), ('282', '4', '10', '2015-03-01 00:00:00', '1', null, '0.218765'), ('283', '5', '10', '2015-03-01 00:00:00', '1', null, '0.693614'), ('284', '6', '10', '2015-12-18 14:45:25', '3', null, '0.811772'), ('285', '3', '11', '2015-03-01 00:00:00', '1', null, '0.978017'), ('286', '4', '11', '2015-03-01 00:00:00', '1', null, '0.454771'), ('287', '5', '11', '2015-03-01 00:00:00', '1', null, '0.339803'), ('288', '6', '11', '2015-12-18 14:45:25', '3', null, '0.334702');
COMMIT;

-- ----------------------------
--  Table structure for `outcome`
-- ----------------------------
DROP TABLE IF EXISTS `outcome`;
CREATE TABLE `outcome` (
  `id` int(11) NOT NULL AUTO_INCREMENT,
  `number` varchar(40) DEFAULT NULL,
  `name` varchar(500) NOT NULL,
  `summary` varchar(5000) DEFAULT NULL,
  `calc_method_id` char(1) DEFAULT NULL,
  `method` char(1) NOT NULL DEFAULT 'M',
  `sort_order` int(11) NOT NULL DEFAULT '0',
  PRIMARY KEY (`id`),
  UNIQUE KEY `unique_id` (`id`)
) ENGINE=InnoDB AUTO_INCREMENT=12 DEFAULT CHARSET=utf8 ROW_FORMAT=COMPACT;

-- ----------------------------
--  Records of `outcome`
-- ----------------------------
BEGIN;
INSERT INTO `outcome` VALUES ('1', '1.1', 'Incorrect Drug Events', 'The frequency of incorrect medication events.', null, 'D', '1'), ('2', '1.2', 'Incorrect DAW Events', 'How well we are doing with respect to the frequency of mis-labeled medication events.', null, 'D', '2'), ('3', '1.3', 'Customer Complaints about Staff', 'How well we are doing with respect to the frequency of customer complaints about staff behavior or treatment.', null, 'M', '3'), ('4', '1.4', 'Missed Drug Interactions', 'The frequency of missed drug interaction events.', null, 'D', '4'), ('5', '1.5', 'Preventive Care Opportunities Missed', 'How well we are doing in identifying and acting on preventive care opportunities.', null, 'M', '5'), ('6', '1.6', 'Time-to Fill for Prescriptions', 'The timelieness of prescription fills.', null, 'M', '6'), ('7', '1.7', 'Incorrect Directions Events', 'How often we have incorrect directions events.', null, 'D', '7'), ('8', '1.8', 'Incorrect Dosage Form Events', 'The frequency of incorrect dosage form events.', null, 'D', '8'), ('9', '1.9', 'Incorrect Release Form Events', 'The frequency of incorrect release form events.', null, 'D', '9'), ('10', '1.10', 'Timeliness Complaint Events', 'The frequency of customer complaints about timeliness of prescription fills.', null, 'M', '10'), ('11', '1.11', 'Customer Service Complaint Events', 'The frequency of customer complaints about service.', null, 'M', '11');
COMMIT;

-- ----------------------------
--  Table structure for `outcome_alignment`
-- ----------------------------
DROP TABLE IF EXISTS `outcome_alignment`;
CREATE TABLE `outcome_alignment` (
  `id` int(11) NOT NULL AUTO_INCREMENT,
  `outcome_id` int(11) NOT NULL,
  `question_id` int(11) NOT NULL,
  `weight` int(11) NOT NULL DEFAULT '1',
  `rel_wt` double DEFAULT '0.5',
  PRIMARY KEY (`id`),
  KEY `outcome_id_index` (`outcome_id`),
  KEY `question_id_index` (`question_id`),
  CONSTRAINT `outcome_alignment_ibfk_1` FOREIGN KEY (`outcome_id`) REFERENCES `outcome` (`id`),
  CONSTRAINT `outcome_alignment_ibfk_2` FOREIGN KEY (`question_id`) REFERENCES `question` (`id`)
) ENGINE=InnoDB AUTO_INCREMENT=359 DEFAULT CHARSET=utf8 ROW_FORMAT=COMPACT;

-- ----------------------------
--  Records of `outcome_alignment`
-- ----------------------------
BEGIN;
INSERT INTO `outcome_alignment` VALUES ('84', '1', '67', '2', '1'), ('85', '2', '67', '0', '1'), ('86', '3', '67', '1', '1'), ('87', '4', '67', '0', '1'), ('88', '5', '67', '2', '1'), ('89', '6', '67', '1', '1'), ('90', '7', '67', '1', '1'), ('91', '8', '67', '2', '1'), ('92', '9', '67', '2', '1'), ('93', '10', '67', '0', '1'), ('94', '11', '67', '0', '1'), ('95', '1', '68', '2', '1'), ('96', '2', '68', '1', '1'), ('97', '3', '68', '2', '1'), ('98', '4', '68', '2', '1'), ('99', '5', '68', '0', '1'), ('100', '6', '68', '0', '1'), ('101', '7', '68', '0', '1'), ('102', '8', '68', '2', '1'), ('103', '9', '68', '1', '1'), ('104', '10', '68', '1', '1'), ('105', '11', '68', '0', '1'), ('106', '1', '69', '2', '1'), ('107', '2', '69', '2', '1'), ('108', '3', '69', '2', '1'), ('109', '4', '69', '2', '1'), ('110', '5', '69', '2', '1'), ('111', '6', '69', '1', '1'), ('112', '7', '69', '0', '1'), ('113', '8', '69', '1', '1'), ('114', '9', '69', '1', '1'), ('115', '10', '69', '1', '1'), ('116', '11', '69', '2', '1'), ('117', '1', '70', '0', '1'), ('118', '2', '70', '1', '1'), ('119', '3', '70', '1', '1'), ('120', '4', '70', '2', '1'), ('121', '5', '70', '2', '1'), ('122', '6', '70', '2', '1'), ('123', '7', '70', '2', '1'), ('124', '8', '70', '0', '1'), ('125', '9', '70', '0', '1'), ('126', '10', '70', '0', '1'), ('127', '11', '70', '2', '1'), ('128', '1', '71', '1', '1'), ('129', '2', '71', '2', '1'), ('130', '3', '71', '0', '1'), ('131', '4', '71', '2', '1'), ('132', '5', '71', '2', '1'), ('133', '6', '71', '1', '1'), ('134', '7', '71', '1', '1'), ('135', '8', '71', '1', '1'), ('136', '9', '71', '2', '1'), ('137', '10', '71', '1', '1'), ('138', '11', '71', '0', '1'), ('139', '1', '72', '2', '1'), ('140', '2', '72', '2', '1'), ('141', '3', '72', '1', '1'), ('142', '4', '72', '2', '1'), ('143', '5', '72', '2', '1'), ('144', '6', '72', '2', '1'), ('145', '7', '72', '1', '1'), ('146', '8', '72', '2', '1'), ('147', '9', '72', '0', '1'), ('148', '10', '72', '2', '1'), ('149', '11', '72', '1', '1'), ('150', '1', '73', '1', '1'), ('151', '2', '73', '2', '1'), ('152', '3', '73', '0', '1'), ('153', '4', '73', '1', '1'), ('154', '5', '73', '0', '1'), ('155', '6', '73', '2', '1'), ('156', '7', '73', '0', '1'), ('157', '8', '73', '2', '1'), ('158', '9', '73', '2', '1'), ('159', '10', '73', '1', '1'), ('160', '11', '73', '1', '1'), ('161', '1', '74', '1', '1'), ('162', '2', '74', '1', '1'), ('163', '3', '74', '2', '1'), ('164', '4', '74', '0', '1'), ('165', '5', '74', '0', '1'), ('166', '6', '74', '2', '1'), ('167', '7', '74', '1', '1'), ('168', '8', '74', '0', '1'), ('169', '9', '74', '1', '1'), ('170', '10', '74', '2', '1'), ('171', '11', '74', '0', '1'), ('172', '1', '75', '0', '1'), ('173', '2', '75', '1', '1'), ('174', '3', '75', '2', '1'), ('175', '4', '75', '2', '1'), ('176', '5', '75', '1', '1'), ('177', '6', '75', '1', '1'), ('178', '7', '75', '2', '1'), ('179', '8', '75', '2', '1'), ('180', '9', '75', '1', '1'), ('181', '10', '75', '2', '1'), ('182', '11', '75', '2', '1'), ('183', '1', '76', '1', '1'), ('184', '2', '76', '2', '1'), ('185', '3', '76', '1', '1'), ('186', '4', '76', '1', '1'), ('187', '5', '76', '0', '1'), ('188', '6', '76', '2', '1'), ('189', '7', '76', '2', '1'), ('190', '8', '76', '0', '1'), ('191', '9', '76', '2', '1'), ('192', '10', '76', '1', '1'), ('193', '11', '76', '1', '1'), ('194', '1', '77', '2', '1'), ('195', '2', '77', '0', '1'), ('196', '3', '77', '1', '1'), ('197', '4', '77', '1', '1'), ('198', '5', '77', '0', '1'), ('199', '6', '77', '0', '1'), ('200', '7', '77', '0', '1'), ('201', '8', '77', '1', '1'), ('202', '9', '77', '0', '1'), ('203', '10', '77', '2', '1'), ('204', '11', '77', '2', '1'), ('205', '1', '78', '0', '1'), ('206', '2', '78', '2', '1'), ('207', '3', '78', '0', '1'), ('208', '4', '78', '0', '1'), ('209', '5', '78', '0', '1'), ('210', '6', '78', '1', '1'), ('211', '7', '78', '1', '1'), ('212', '8', '78', '0', '1'), ('213', '9', '78', '1', '1'), ('214', '10', '78', '1', '1'), ('215', '11', '78', '1', '1'), ('216', '1', '79', '1', '1'), ('217', '2', '79', '1', '1'), ('218', '3', '79', '2', '1'), ('219', '4', '79', '0', '1'), ('220', '5', '79', '2', '1'), ('221', '6', '79', '0', '1'), ('222', '7', '79', '0', '1'), ('223', '8', '79', '1', '1'), ('224', '9', '79', '2', '1'), ('225', '10', '79', '0', '1'), ('226', '11', '79', '2', '1'), ('227', '1', '80', '0', '1'), ('228', '2', '80', '0', '1'), ('229', '3', '80', '0', '1'), ('230', '4', '80', '0', '1'), ('231', '5', '80', '1', '1'), ('232', '6', '80', '2', '1'), ('233', '7', '80', '2', '1'), ('234', '8', '80', '0', '1'), ('235', '9', '80', '2', '1'), ('236', '10', '80', '0', '1'), ('237', '11', '80', '0', '1'), ('238', '1', '81', '2', '1'), ('239', '2', '81', '2', '1'), ('240', '3', '81', '1', '1'), ('241', '4', '81', '2', '1'), ('242', '5', '81', '2', '1'), ('243', '6', '81', '0', '1'), ('244', '7', '81', '2', '1'), ('245', '8', '81', '0', '1'), ('246', '9', '81', '1', '1'), ('247', '10', '81', '2', '1'), ('248', '11', '81', '1', '1'), ('249', '1', '82', '0', '1'), ('250', '2', '82', '1', '1'), ('251', '3', '82', '1', '1'), ('252', '4', '82', '1', '1'), ('253', '5', '82', '1', '1'), ('254', '6', '82', '2', '1'), ('255', '7', '82', '0', '1'), ('256', '8', '82', '2', '1'), ('257', '9', '82', '0', '1'), ('258', '10', '82', '1', '1'), ('259', '11', '82', '1', '1'), ('260', '1', '83', '1', '1'), ('261', '2', '83', '0', '1'), ('262', '3', '83', '1', '1'), ('263', '4', '83', '1', '1'), ('264', '5', '83', '2', '1'), ('265', '6', '83', '1', '1'), ('266', '7', '83', '2', '1'), ('267', '8', '83', '1', '1'), ('268', '9', '83', '2', '1'), ('269', '10', '83', '1', '1'), ('270', '11', '83', '0', '1'), ('271', '1', '84', '2', '1'), ('272', '2', '84', '0', '1'), ('273', '3', '84', '0', '1'), ('274', '4', '84', '2', '1'), ('275', '5', '84', '2', '1'), ('276', '6', '84', '2', '1'), ('277', '7', '84', '2', '1'), ('278', '8', '84', '0', '1'), ('279', '9', '84', '0', '1'), ('280', '10', '84', '0', '1'), ('281', '11', '84', '1', '1'), ('282', '1', '85', '1', '1'), ('283', '2', '85', '0', '1'), ('284', '3', '85', '2', '1'), ('285', '4', '85', '2', '1'), ('286', '5', '85', '0', '1'), ('287', '6', '85', '1', '1'), ('288', '7', '85', '2', '1'), ('289', '8', '85', '1', '1'), ('290', '9', '85', '2', '1'), ('291', '10', '85', '1', '1'), ('292', '11', '85', '0', '1'), ('293', '1', '86', '1', '1'), ('294', '2', '86', '0', '1'), ('295', '3', '86', '0', '1'), ('296', '4', '86', '0', '1'), ('297', '5', '86', '2', '1'), ('298', '6', '86', '1', '1'), ('299', '7', '86', '1', '1'), ('300', '8', '86', '1', '1'), ('301', '9', '86', '0', '1'), ('302', '10', '86', '0', '1'), ('303', '11', '86', '2', '1'), ('304', '1', '87', '0', '1'), ('305', '2', '87', '1', '1'), ('306', '3', '87', '2', '1'), ('307', '4', '87', '0', '1'), ('308', '5', '87', '1', '1'), ('309', '6', '87', '1', '1'), ('310', '7', '87', '0', '1'), ('311', '8', '87', '2', '1'), ('312', '9', '87', '1', '1'), ('313', '10', '87', '1', '1'), ('314', '11', '87', '1', '1'), ('315', '1', '88', '0', '1'), ('316', '2', '88', '0', '1'), ('317', '3', '88', '1', '1'), ('318', '4', '88', '1', '1'), ('319', '5', '88', '1', '1'), ('320', '6', '88', '1', '1'), ('321', '7', '88', '2', '1'), ('322', '8', '88', '1', '1'), ('323', '9', '88', '1', '1'), ('324', '10', '88', '0', '1'), ('325', '11', '88', '2', '1'), ('326', '1', '89', '0', '1'), ('327', '2', '89', '0', '1'), ('328', '3', '89', '0', '1'), ('329', '4', '89', '0', '1'), ('330', '5', '89', '2', '1'), ('331', '6', '89', '0', '1'), ('332', '7', '89', '1', '1'), ('333', '8', '89', '2', '1'), ('334', '9', '89', '0', '1'), ('335', '10', '89', '1', '1'), ('336', '11', '89', '2', '1'), ('337', '1', '90', '0', '1'), ('338', '2', '90', '1', '1'), ('339', '3', '90', '0', '1'), ('340', '4', '90', '2', '1'), ('341', '5', '90', '2', '1'), ('342', '6', '90', '0', '1'), ('343', '7', '90', '0', '1'), ('344', '8', '90', '2', '1'), ('345', '9', '90', '0', '1'), ('346', '10', '90', '2', '1'), ('347', '11', '90', '0', '1'), ('348', '1', '91', '0', '1'), ('349', '2', '91', '1', '1'), ('350', '3', '91', '2', '1'), ('351', '4', '91', '1', '1'), ('352', '5', '91', '0', '1'), ('353', '6', '91', '1', '1'), ('354', '7', '91', '1', '1'), ('355', '8', '91', '2', '1'), ('356', '9', '91', '2', '1'), ('357', '10', '91', '1', '1'), ('358', '11', '91', '2', '1');
COMMIT;

-- ----------------------------
--  Table structure for `outcome_event`
-- ----------------------------
DROP TABLE IF EXISTS `outcome_event`;
CREATE TABLE `outcome_event` (
  `id` int(11) NOT NULL AUTO_INCREMENT,
  `outcome_id` int(11) NOT NULL,
  `member_id` int(11) NOT NULL,
  `occurred` datetime NOT NULL,
  `name` varchar(100) NOT NULL,
  `category` varchar(100) NOT NULL,
  PRIMARY KEY (`id`,`outcome_id`),
  UNIQUE KEY `unique_id` (`id`),
  KEY `outcome_id_index` (`outcome_id`),
  KEY `member_id_index` (`member_id`),
  CONSTRAINT `outcome_event_ibfk_1` FOREIGN KEY (`outcome_id`) REFERENCES `outcome` (`id`),
  CONSTRAINT `outcome_event_ibfk_2` FOREIGN KEY (`member_id`) REFERENCES `member` (`id`)
) ENGINE=InnoDB AUTO_INCREMENT=119 DEFAULT CHARSET=utf8 ROW_FORMAT=COMPACT;

-- ----------------------------
--  Records of `outcome_event`
-- ----------------------------
BEGIN;
INSERT INTO `outcome_event` VALUES ('35', '10', '1', '2015-03-14 12:00:00', 'Customer Service Complaint', 'Code of Conduct'), ('36', '10', '2', '2015-03-14 12:00:00', 'Customer Service Complaint', 'Code of Conduct'), ('37', '10', '3', '2015-03-14 12:00:00', 'Customer Service Complaint', 'Code of Conduct'), ('38', '10', '4', '2015-03-14 12:00:00', 'Customer Service Complaint', 'Code of Conduct'), ('39', '10', '5', '2015-03-14 12:00:00', 'Customer Service Complaint', 'Code of Conduct'), ('40', '10', '6', '2015-03-14 12:00:00', 'Customer Service Complaint', 'Code of Conduct'), ('41', '10', '11', '2015-03-14 12:00:00', 'Customer Service Complaint', 'Code of Conduct'), ('42', '10', '12', '2015-03-14 12:00:00', 'Customer Service Complaint', 'Code of Conduct'), ('43', '10', '13', '2015-03-14 12:00:00', 'Customer Service Complaint', 'Code of Conduct'), ('44', '10', '14', '2015-03-14 12:00:00', 'Customer Service Complaint', 'Code of Conduct'), ('45', '10', '15', '2015-03-14 12:00:00', 'Customer Service Complaint', 'Code of Conduct'), ('46', '10', '7', '2015-03-14 12:00:00', 'Customer Service Complaint', 'Code of Conduct'), ('47', '10', '8', '2015-03-14 12:00:00', 'Customer Service Complaint', 'Code of Conduct'), ('48', '10', '9', '2015-03-14 12:00:00', 'Customer Service Complaint', 'Code of Conduct'), ('49', '10', '10', '2015-03-14 12:00:00', 'Customer Service Complaint', 'Code of Conduct'), ('50', '10', '16', '2015-03-14 12:00:00', 'Customer Service Complaint', 'Code of Conduct'), ('51', '10', '17', '2015-03-14 12:00:00', 'Customer Service Complaint', 'Code of Conduct'), ('52', '10', '18', '2015-03-14 12:00:00', 'Customer Service Complaint', 'Code of Conduct'), ('53', '10', '30', '2015-03-14 12:00:00', 'Customer Service Complaint', 'Code of Conduct'), ('54', '10', '20', '2015-03-14 12:00:00', 'Customer Service Complaint', 'Code of Conduct'), ('55', '10', '21', '2015-03-14 12:00:00', 'Customer Service Complaint', 'Code of Conduct'), ('56', '10', '22', '2015-03-14 12:00:00', 'Customer Service Complaint', 'Code of Conduct'), ('57', '10', '23', '2015-03-14 12:00:00', 'Customer Service Complaint', 'Code of Conduct'), ('58', '10', '24', '2015-03-14 12:00:00', 'Customer Service Complaint', 'Code of Conduct'), ('59', '10', '25', '2015-03-14 12:00:00', 'Customer Service Complaint', 'Code of Conduct'), ('60', '10', '26', '2015-03-14 12:00:00', 'Customer Service Complaint', 'Code of Conduct'), ('61', '10', '27', '2015-03-14 12:00:00', 'Customer Service Complaint', 'Code of Conduct'), ('62', '10', '28', '2015-03-14 12:00:00', 'Customer Service Complaint', 'Code of Conduct'), ('63', '10', '29', '2015-03-14 12:00:00', 'Customer Service Complaint', 'Code of Conduct'), ('66', '11', '1', '2015-03-14 12:00:00', 'Timeliness Complaint', 'Filling'), ('67', '11', '2', '2015-03-14 12:00:00', 'Timeliness Complaint', 'Filling'), ('68', '11', '3', '2015-03-14 12:00:00', 'Timeliness Complaint', 'Filling'), ('69', '11', '4', '2015-03-14 12:00:00', 'Timeliness Complaint', 'Filling'), ('70', '11', '5', '2015-03-14 12:00:00', 'Timeliness Complaint', 'Filling'), ('71', '11', '6', '2015-03-14 12:00:00', 'Timeliness Complaint', 'Filling'), ('72', '11', '11', '2015-03-14 12:00:00', 'Timeliness Complaint', 'Filling'), ('73', '11', '12', '2015-03-14 12:00:00', 'Timeliness Complaint', 'Filling'), ('74', '11', '13', '2015-03-14 12:00:00', 'Timeliness Complaint', 'Filling'), ('75', '11', '14', '2015-03-14 12:00:00', 'Timeliness Complaint', 'Filling'), ('76', '11', '15', '2015-03-14 12:00:00', 'Timeliness Complaint', 'Filling'), ('77', '11', '7', '2015-03-14 12:00:00', 'Timeliness Complaint', 'Filling'), ('78', '11', '8', '2015-03-14 12:00:00', 'Timeliness Complaint', 'Filling'), ('79', '11', '9', '2015-03-14 12:00:00', 'Timeliness Complaint', 'Filling'), ('80', '11', '10', '2015-03-14 12:00:00', 'Timeliness Complaint', 'Filling'), ('81', '11', '16', '2015-03-14 12:00:00', 'Timeliness Complaint', 'Filling'), ('82', '11', '17', '2015-03-14 12:00:00', 'Timeliness Complaint', 'Filling'), ('83', '11', '18', '2015-03-14 12:00:00', 'Timeliness Complaint', 'Filling'), ('84', '11', '30', '2015-03-14 12:00:00', 'Timeliness Complaint', 'Filling'), ('85', '11', '20', '2015-03-14 12:00:00', 'Timeliness Complaint', 'Filling'), ('86', '11', '21', '2015-03-14 12:00:00', 'Timeliness Complaint', 'Filling'), ('87', '11', '22', '2015-03-14 12:00:00', 'Timeliness Complaint', 'Filling'), ('88', '11', '23', '2015-03-14 12:00:00', 'Timeliness Complaint', 'Filling'), ('89', '11', '24', '2015-03-14 12:00:00', 'Timeliness Complaint', 'Filling'), ('90', '11', '25', '2015-03-14 12:00:00', 'Timeliness Complaint', 'Filling'), ('91', '11', '26', '2015-03-14 12:00:00', 'Timeliness Complaint', 'Filling'), ('92', '11', '27', '2015-03-14 12:00:00', 'Timeliness Complaint', 'Filling'), ('93', '11', '28', '2015-03-14 12:00:00', 'Timeliness Complaint', 'Filling'), ('94', '11', '29', '2015-03-14 12:00:00', 'Timeliness Complaint', 'Filling'), ('97', '1', '6', '2015-01-14 12:00:00', 'Incorrect Drug', 'Filling'), ('98', '1', '14', '2015-01-24 11:00:00', 'Incorrect Drug', 'Filling'), ('99', '1', '15', '2015-03-14 09:00:00', 'Incorrect Drug', 'Filling'), ('100', '1', '16', '2015-03-14 16:00:00', 'Incorrect Drug', 'Filling'), ('101', '8', '6', '2015-03-27 13:00:00', 'Incorrect Strength', 'Filling'), ('102', '8', '8', '2015-03-27 15:00:00', 'Incorrect Strength', 'Filling'), ('103', '8', '16', '2015-03-27 12:00:00', 'Incorrect Strength', 'Filling'), ('104', '2', '8', '2015-01-12 18:00:00', 'Incorrect DAW', 'Filling'), ('105', '2', '14', '2015-01-12 18:00:00', 'Incorrect DAW', 'Filling'), ('106', '2', '15', '2015-01-12 18:00:00', 'Incorrect DAW', 'Filling'), ('107', '2', '16', '2015-01-12 18:00:00', 'Incorrect DAW', 'Filling'), ('108', '9', '6', '2015-03-04 18:00:00', 'Incorrect Release Form', 'Filling'), ('109', '9', '8', '2015-02-18 18:00:00', 'Incorrect Release Form', 'Filling'), ('110', '9', '14', '2015-01-16 18:00:00', 'Incorrect Release Form', 'Filling'), ('111', '9', '15', '2015-01-16 18:00:00', 'Incorrect Release Form', 'Filling'), ('112', '8', '8', '2015-02-18 18:00:00', 'Incorrect Dosage Form', 'Filling'), ('113', '8', '14', '2015-01-16 18:00:00', 'Incorrect Dosage Form', 'Filling'), ('114', '8', '15', '2015-01-16 18:00:00', 'Incorrect Dosage Form', 'Filling'), ('115', '7', '8', '2015-02-22 10:00:00', 'Incorrect Directions', 'Entering'), ('116', '7', '6', '2015-01-19 15:00:00', 'Incorrect Directions', 'Entering'), ('117', '7', '14', '2015-01-08 01:00:00', 'Incorrect Directions', 'Entering'), ('118', '7', '16', '2015-01-10 11:00:00', 'Incorrect Directions', 'Entering');
COMMIT;

-- ----------------------------
--  Table structure for `plan_item`
-- ----------------------------
DROP TABLE IF EXISTS `plan_item`;
CREATE TABLE `plan_item` (
  `id` int(11) NOT NULL AUTO_INCREMENT,
  `module_id` int(11) DEFAULT NULL,
  `plan_item_status_id` char(1) DEFAULT NULL,
  `status_stamp` timestamp NOT NULL DEFAULT CURRENT_TIMESTAMP,
  `member_id` int(11) NOT NULL,
  `recommendation_id` int(11) DEFAULT NULL,
  `score` float NOT NULL DEFAULT '0',
  `rank` int(11) NOT NULL DEFAULT '0',
  PRIMARY KEY (`id`),
  UNIQUE KEY `unique_id` (`id`),
  KEY `learning_module_id_index` (`module_id`),
  KEY `member_id_index` (`member_id`),
  KEY `plan_item_status_id` (`plan_item_status_id`),
  KEY `plan_item_recommendation__fk` (`recommendation_id`),
  CONSTRAINT `plan_item_ibfk_1` FOREIGN KEY (`module_id`) REFERENCES `module` (`id`),
  CONSTRAINT `plan_item_ibfk_2` FOREIGN KEY (`member_id`) REFERENCES `member` (`id`),
  CONSTRAINT `plan_item_ibfk_3` FOREIGN KEY (`plan_item_status_id`) REFERENCES `plan_item_status` (`id`),
  CONSTRAINT `plan_item_recommendation__fk` FOREIGN KEY (`recommendation_id`) REFERENCES `recommendation` (`id`)
) ENGINE=InnoDB AUTO_INCREMENT=1952 DEFAULT CHARSET=utf8 ROW_FORMAT=COMPACT;

-- ----------------------------
--  Records of `plan_item`
-- ----------------------------
BEGIN;
INSERT INTO `plan_item` VALUES ('1332', '43', 'R', '2015-12-18 22:06:50', '3', null, '4', '4'), ('1333', '44', 'R', '2015-12-18 22:06:50', '3', null, '4', '4'), ('1334', '45', 'R', '2015-12-18 22:06:50', '3', null, '4', '4'), ('1335', '46', 'R', '2015-12-18 22:06:50', '3', null, '4', '4'), ('1336', '47', 'C', '2015-01-11 22:06:50', '3', null, '4', '4'), ('1337', '48', 'R', '2015-12-18 22:06:50', '3', null, '4', '4'), ('1338', '49', 'R', '2015-12-18 22:06:50', '3', null, '4', '4'), ('1339', '50', 'R', '2015-12-18 22:06:50', '3', null, '4', '4'), ('1340', '51', 'E', '2015-12-04 22:06:50', '3', null, '4', '4'), ('1341', '52', 'R', '2015-12-18 22:06:50', '3', null, '4', '4'), ('1342', '53', 'R', '2015-12-18 22:06:50', '3', null, '4', '4'), ('1343', '54', 'R', '2015-12-18 22:06:50', '3', null, '4', '4'), ('1344', '58', 'R', '2015-12-18 22:06:50', '3', null, '4', '4'), ('1345', '59', 'E', '2015-11-30 22:06:50', '3', null, '4', '4'), ('1346', '60', 'R', '2015-12-18 22:06:50', '3', null, '4', '4'), ('1347', '61', 'R', '2015-12-18 22:06:50', '3', null, '4', '4'), ('1348', '62', 'C', '2015-05-23 22:06:50', '3', null, '4', '4'), ('1349', '63', 'R', '2015-12-18 22:06:50', '3', null, '4', '4'), ('1350', '64', 'R', '2015-12-18 22:06:50', '3', null, '4', '4'), ('1351', '65', 'R', '2015-12-18 22:06:50', '3', null, '4', '4'), ('1352', '43', 'C', '2015-11-29 22:06:50', '7', null, '4', '4'), ('1353', '44', 'R', '2015-12-18 22:06:50', '7', null, '4', '4'), ('1354', '45', 'R', '2015-12-18 22:06:50', '7', null, '4', '4'), ('1355', '46', 'E', '2015-12-01 22:06:50', '7', null, '4', '4'), ('1356', '47', 'R', '2015-12-18 22:06:50', '7', null, '4', '4'), ('1357', '48', 'R', '2015-12-18 22:06:50', '7', null, '4', '4'), ('1358', '49', 'R', '2015-12-18 22:06:50', '7', null, '4', '4'), ('1359', '50', 'R', '2015-12-18 22:06:50', '7', null, '4', '4'), ('1360', '51', 'E', '2015-11-19 22:06:50', '7', null, '4', '4'), ('1361', '52', 'R', '2015-12-18 22:06:50', '7', null, '4', '4'), ('1362', '53', 'R', '2015-12-18 22:06:50', '7', null, '4', '4'), ('1363', '54', 'R', '2015-12-18 22:06:50', '7', null, '4', '4'), ('1364', '58', 'C', '2015-07-02 22:06:50', '7', null, '4', '4'), ('1365', '59', 'R', '2015-12-18 22:06:50', '7', null, '4', '4'), ('1366', '60', 'R', '2015-12-18 22:06:50', '7', null, '4', '4'), ('1367', '61', 'R', '2015-12-18 22:06:50', '7', null, '4', '4'), ('1368', '62', 'R', '2015-12-18 22:06:50', '7', null, '4', '4'), ('1369', '63', 'R', '2015-12-18 22:06:50', '7', null, '4', '4'), ('1370', '64', 'E', '2015-12-13 22:06:50', '7', null, '4', '4'), ('1371', '65', 'R', '2015-12-18 22:06:50', '7', null, '4', '4'), ('1372', '43', 'C', '2015-09-20 22:06:50', '10', null, '4', '4'), ('1373', '44', 'R', '2015-12-18 22:06:50', '10', null, '4', '4'), ('1374', '45', 'R', '2015-12-18 22:06:50', '10', null, '4', '4'), ('1375', '46', 'E', '2015-11-19 22:06:50', '10', null, '4', '4'), ('1376', '47', 'C', '2015-03-08 22:06:50', '10', null, '4', '4'), ('1377', '48', 'R', '2015-12-18 22:06:50', '10', null, '4', '4'), ('1378', '49', 'R', '2015-12-18 22:06:50', '10', null, '4', '4'), ('1379', '50', 'R', '2015-12-18 22:06:50', '10', null, '4', '4'), ('1380', '51', 'R', '2015-12-18 22:06:50', '10', null, '4', '4'), ('1381', '52', 'R', '2015-12-18 22:06:50', '10', null, '4', '4'), ('1382', '53', 'R', '2015-12-18 22:06:50', '10', null, '4', '4'), ('1383', '54', 'R', '2015-12-18 22:06:50', '10', null, '4', '4'), ('1384', '58', 'C', '2015-09-02 22:06:50', '10', null, '4', '4'), ('1385', '59', 'E', '2015-12-10 22:06:50', '10', null, '4', '4'), ('1386', '60', 'R', '2015-12-18 22:06:50', '10', null, '4', '4'), ('1387', '61', 'R', '2015-12-18 22:06:50', '10', null, '4', '4'), ('1388', '62', 'C', '2015-11-18 22:06:50', '10', null, '4', '4'), ('1389', '63', 'R', '2015-12-18 22:06:50', '10', null, '4', '4'), ('1390', '64', 'E', '2015-12-06 22:06:50', '10', null, '4', '4'), ('1391', '65', 'R', '2015-12-18 22:06:50', '10', null, '4', '4'), ('1392', '43', 'R', '2015-12-18 22:06:50', '11', null, '4', '4'), ('1393', '44', 'R', '2015-12-18 22:06:50', '11', null, '4', '4'), ('1394', '45', 'R', '2015-12-18 22:06:50', '11', null, '4', '4'), ('1395', '46', 'R', '2015-12-18 22:06:50', '11', null, '4', '4'), ('1396', '47', 'C', '2015-06-23 22:06:50', '11', null, '4', '4'), ('1397', '48', 'R', '2015-12-18 22:06:50', '11', null, '4', '4'), ('1398', '49', 'R', '2015-12-18 22:06:50', '11', null, '4', '4'), ('1399', '50', 'R', '2015-12-18 22:06:50', '11', null, '4', '4'), ('1400', '51', 'E', '2015-12-13 22:06:50', '11', null, '4', '4'), ('1401', '52', 'R', '2015-12-18 22:06:50', '11', null, '4', '4'), ('1402', '53', 'R', '2015-12-18 22:06:50', '11', null, '4', '4'), ('1403', '54', 'R', '2015-12-18 22:06:50', '11', null, '4', '4'), ('1404', '58', 'R', '2015-12-18 22:06:50', '11', null, '4', '4'), ('1405', '59', 'E', '2015-11-28 22:06:50', '11', null, '4', '4'), ('1406', '60', 'R', '2015-12-18 22:06:50', '11', null, '4', '4'), ('1407', '61', 'R', '2015-12-18 22:06:50', '11', null, '4', '4'), ('1408', '62', 'C', '2015-09-08 22:06:50', '11', null, '4', '4'), ('1409', '63', 'R', '2015-12-18 22:06:50', '11', null, '4', '4'), ('1410', '64', 'R', '2015-12-18 22:06:50', '11', null, '4', '4'), ('1411', '65', 'R', '2015-12-18 22:06:50', '11', null, '4', '4'), ('1412', '43', 'C', '2015-02-02 22:06:50', '13', null, '4', '4'), ('1413', '44', 'R', '2015-12-18 22:06:50', '13', null, '4', '4'), ('1414', '45', 'R', '2015-12-18 22:06:50', '13', null, '4', '4'), ('1415', '46', 'E', '2015-11-26 22:06:50', '13', null, '4', '4'), ('1416', '47', 'R', '2015-12-18 22:06:50', '13', null, '4', '4'), ('1417', '48', 'R', '2015-12-18 22:06:50', '13', null, '4', '4'), ('1418', '49', 'R', '2015-12-18 22:06:50', '13', null, '4', '4'), ('1419', '50', 'R', '2015-12-18 22:06:50', '13', null, '4', '4'), ('1420', '51', 'E', '2015-11-28 22:06:50', '13', null, '4', '4'), ('1421', '52', 'R', '2015-12-18 22:06:50', '13', null, '4', '4'), ('1422', '53', 'R', '2015-12-18 22:06:50', '13', null, '4', '4'), ('1423', '54', 'R', '2015-12-18 22:06:50', '13', null, '4', '4'), ('1424', '58', 'C', '2015-04-21 22:06:50', '13', null, '4', '4'), ('1425', '59', 'R', '2015-12-18 22:06:50', '13', null, '4', '4'), ('1426', '60', 'R', '2015-12-18 22:06:50', '13', null, '4', '4'), ('1427', '61', 'R', '2015-12-18 22:06:50', '13', null, '4', '4'), ('1428', '62', 'R', '2015-12-18 22:06:50', '13', null, '4', '4'), ('1429', '63', 'R', '2015-12-18 22:06:50', '13', null, '4', '4'), ('1430', '64', 'E', '2015-12-12 22:06:50', '13', null, '4', '4'), ('1431', '65', 'R', '2015-12-18 22:06:50', '13', null, '4', '4'), ('1432', '43', 'C', '2015-04-16 22:06:50', '17', null, '4', '4'), ('1433', '44', 'R', '2015-12-18 22:06:50', '17', null, '4', '4'), ('1434', '45', 'R', '2015-12-18 22:06:50', '17', null, '4', '4'), ('1435', '46', 'E', '2015-11-20 22:06:50', '17', null, '4', '4'), ('1436', '47', 'C', '2015-07-12 22:06:50', '17', null, '4', '4'), ('1437', '48', 'R', '2015-12-18 22:06:50', '17', null, '4', '4'), ('1438', '49', 'R', '2015-12-18 22:06:50', '17', null, '4', '4'), ('1439', '50', 'R', '2015-12-18 22:06:50', '17', null, '4', '4'), ('1440', '51', 'R', '2015-12-18 22:06:50', '17', null, '4', '4'), ('1441', '52', 'R', '2015-12-18 22:06:50', '17', null, '4', '4'), ('1442', '53', 'R', '2015-12-18 22:06:50', '17', null, '4', '4'), ('1443', '54', 'R', '2015-12-18 22:06:50', '17', null, '4', '4'), ('1444', '58', 'C', '2015-10-25 22:06:50', '17', null, '4', '4'), ('1445', '59', 'E', '2015-12-15 22:06:50', '17', null, '4', '4'), ('1446', '60', 'R', '2015-12-18 22:06:50', '17', null, '4', '4'), ('1447', '61', 'R', '2015-12-18 22:06:50', '17', null, '4', '4'), ('1448', '62', 'C', '2015-07-26 22:06:50', '17', null, '4', '4'), ('1449', '63', 'R', '2015-12-18 22:06:50', '17', null, '4', '4'), ('1450', '64', 'E', '2015-11-27 22:06:50', '17', null, '4', '4'), ('1451', '65', 'R', '2015-12-18 22:06:50', '17', null, '4', '4'), ('1452', '43', 'R', '2015-12-18 22:06:50', '20', null, '4', '4'), ('1453', '44', 'R', '2015-12-18 22:06:50', '20', null, '4', '4'), ('1454', '45', 'R', '2015-12-18 22:06:50', '20', null, '4', '4'), ('1455', '46', 'R', '2015-12-18 22:06:50', '20', null, '4', '4'), ('1456', '47', 'C', '2015-05-21 22:06:50', '20', null, '4', '4'), ('1457', '48', 'R', '2015-12-18 22:06:50', '20', null, '4', '4'), ('1458', '49', 'R', '2015-12-18 22:06:50', '20', null, '4', '4'), ('1459', '50', 'R', '2015-12-18 22:06:50', '20', null, '4', '4'), ('1460', '51', 'E', '2015-12-14 22:06:50', '20', null, '4', '4'), ('1461', '52', 'R', '2015-12-18 22:06:50', '20', null, '4', '4'), ('1462', '53', 'R', '2015-12-18 22:06:50', '20', null, '4', '4'), ('1463', '54', 'R', '2015-12-18 22:06:50', '20', null, '4', '4'), ('1464', '58', 'R', '2015-12-18 22:06:50', '20', null, '4', '4'), ('1465', '59', 'E', '2015-12-02 22:06:50', '20', null, '4', '4'), ('1466', '60', 'R', '2015-12-18 22:06:50', '20', null, '4', '4'), ('1467', '61', 'R', '2015-12-18 22:06:50', '20', null, '4', '4'), ('1468', '62', 'C', '2015-03-24 22:06:50', '20', null, '4', '4'), ('1469', '63', 'R', '2015-12-18 22:06:50', '20', null, '4', '4'), ('1470', '64', 'R', '2015-12-18 22:06:50', '20', null, '4', '4'), ('1471', '65', 'R', '2015-12-18 22:06:50', '20', null, '4', '4'), ('1472', '43', 'C', '2015-12-05 22:06:50', '22', null, '4', '4'), ('1473', '44', 'R', '2015-12-18 22:06:50', '22', null, '4', '4'), ('1474', '45', 'R', '2015-12-18 22:06:50', '22', null, '4', '4'), ('1475', '46', 'E', '2015-12-10 22:06:50', '22', null, '4', '4'), ('1476', '47', 'R', '2015-12-18 22:06:50', '22', null, '4', '4'), ('1477', '48', 'R', '2015-12-18 22:06:50', '22', null, '4', '4'), ('1478', '49', 'R', '2015-12-18 22:06:50', '22', null, '4', '4'), ('1479', '50', 'R', '2015-12-18 22:06:50', '22', null, '4', '4'), ('1480', '51', 'E', '2015-11-27 22:06:50', '22', null, '4', '4'), ('1481', '52', 'R', '2015-12-18 22:06:50', '22', null, '4', '4'), ('1482', '53', 'R', '2015-12-18 22:06:50', '22', null, '4', '4'), ('1483', '54', 'R', '2015-12-18 22:06:50', '22', null, '4', '4'), ('1484', '58', 'C', '2015-02-14 22:06:50', '22', null, '4', '4'), ('1485', '59', 'R', '2015-12-18 22:06:50', '22', null, '4', '4'), ('1486', '60', 'R', '2015-12-18 22:06:50', '22', null, '4', '4'), ('1487', '61', 'R', '2015-12-18 22:06:50', '22', null, '4', '4'), ('1488', '62', 'R', '2015-12-18 22:06:50', '22', null, '4', '4'), ('1489', '63', 'R', '2015-12-18 22:06:50', '22', null, '4', '4'), ('1490', '64', 'E', '2015-11-28 22:06:50', '22', null, '4', '4'), ('1491', '65', 'R', '2015-12-18 22:06:50', '22', null, '4', '4'), ('1492', '43', 'C', '2015-09-12 22:06:50', '23', null, '4', '4'), ('1493', '44', 'R', '2015-12-18 22:06:50', '23', null, '4', '4'), ('1494', '45', 'R', '2015-12-18 22:06:50', '23', null, '4', '4'), ('1495', '46', 'E', '2015-12-10 22:06:50', '23', null, '4', '4'), ('1496', '47', 'C', '2015-03-30 22:06:50', '23', null, '4', '4'), ('1497', '48', 'R', '2015-12-18 22:06:50', '23', null, '4', '4'), ('1498', '49', 'R', '2015-12-18 22:06:50', '23', null, '4', '4'), ('1499', '50', 'R', '2015-12-18 22:06:50', '23', null, '4', '4'), ('1500', '51', 'R', '2015-12-18 22:06:50', '23', null, '4', '4'), ('1501', '52', 'R', '2015-12-18 22:06:50', '23', null, '4', '4'), ('1502', '53', 'R', '2015-12-18 22:06:50', '23', null, '4', '4'), ('1503', '54', 'R', '2015-12-18 22:06:50', '23', null, '4', '4'), ('1504', '58', 'C', '2015-01-27 22:06:50', '23', null, '4', '4'), ('1505', '59', 'E', '2015-12-10 22:06:50', '23', null, '4', '4'), ('1506', '60', 'R', '2015-12-18 22:06:50', '23', null, '4', '4'), ('1507', '61', 'R', '2015-12-18 22:06:50', '23', null, '4', '4'), ('1508', '62', 'C', '2015-08-05 22:06:50', '23', null, '4', '4'), ('1509', '63', 'R', '2015-12-18 22:06:50', '23', null, '4', '4'), ('1510', '64', 'E', '2015-12-01 22:06:50', '23', null, '4', '4'), ('1511', '65', 'R', '2015-12-18 22:06:50', '23', null, '4', '4'), ('1512', '43', 'R', '2015-12-18 22:06:50', '25', null, '4', '4'), ('1513', '44', 'R', '2015-12-18 22:06:50', '25', null, '4', '4'), ('1514', '45', 'R', '2015-12-18 22:06:50', '25', null, '4', '4'), ('1515', '46', 'R', '2015-12-18 22:06:50', '25', null, '4', '4'), ('1516', '47', 'C', '2015-10-31 22:06:50', '25', null, '4', '4'), ('1517', '48', 'R', '2015-12-18 22:06:50', '25', null, '4', '4'), ('1518', '49', 'R', '2015-12-18 22:06:50', '25', null, '4', '4'), ('1519', '50', 'R', '2015-12-18 22:06:50', '25', null, '4', '4'), ('1520', '51', 'E', '2015-11-18 22:06:50', '25', null, '4', '4'), ('1521', '52', 'R', '2015-12-18 22:06:50', '25', null, '4', '4'), ('1522', '53', 'R', '2015-12-18 22:06:50', '25', null, '4', '4'), ('1523', '54', 'R', '2015-12-18 22:06:50', '25', null, '4', '4'), ('1524', '58', 'R', '2015-12-18 22:06:50', '25', null, '4', '4'), ('1525', '59', 'E', '2015-12-09 22:06:50', '25', null, '4', '4'), ('1526', '60', 'R', '2015-12-18 22:06:50', '25', null, '4', '4'), ('1527', '61', 'R', '2015-12-18 22:06:50', '25', null, '4', '4'), ('1528', '62', 'C', '2015-06-17 22:06:50', '25', null, '4', '4'), ('1529', '63', 'R', '2015-12-18 22:06:50', '25', null, '4', '4'), ('1530', '64', 'R', '2015-12-18 22:06:50', '25', null, '4', '4'), ('1531', '65', 'R', '2015-12-18 22:06:50', '25', null, '4', '4'), ('1532', '43', 'C', '2015-10-04 22:06:50', '26', null, '4', '4'), ('1533', '44', 'R', '2015-12-18 22:06:50', '26', null, '4', '4'), ('1534', '45', 'R', '2015-12-18 22:06:50', '26', null, '4', '4'), ('1535', '46', 'E', '2015-12-06 22:06:50', '26', null, '4', '4'), ('1536', '47', 'R', '2015-12-18 22:06:50', '26', null, '4', '4'), ('1537', '48', 'R', '2015-12-18 22:06:50', '26', null, '4', '4'), ('1538', '49', 'R', '2015-12-18 22:06:50', '26', null, '4', '4'), ('1539', '50', 'R', '2015-12-18 22:06:50', '26', null, '4', '4'), ('1540', '51', 'E', '2015-12-13 22:06:50', '26', null, '4', '4'), ('1541', '52', 'R', '2015-12-18 22:06:50', '26', null, '4', '4'), ('1542', '53', 'R', '2015-12-18 22:06:50', '26', null, '4', '4'), ('1543', '54', 'R', '2015-12-18 22:06:50', '26', null, '4', '4'), ('1544', '58', 'C', '2015-06-29 22:06:50', '26', null, '4', '4'), ('1545', '59', 'R', '2015-12-18 22:06:50', '26', null, '4', '4'), ('1546', '60', 'R', '2015-12-18 22:06:50', '26', null, '4', '4'), ('1547', '61', 'R', '2015-12-18 22:06:50', '26', null, '4', '4'), ('1548', '62', 'R', '2015-12-18 22:06:50', '26', null, '4', '4'), ('1549', '63', 'R', '2015-12-18 22:06:50', '26', null, '4', '4'), ('1550', '64', 'E', '2015-11-30 22:06:50', '26', null, '4', '4'), ('1551', '65', 'R', '2015-12-18 22:06:50', '26', null, '4', '4'), ('1552', '43', 'C', '2015-03-09 22:06:50', '28', null, '4', '4'), ('1553', '44', 'R', '2015-12-18 22:06:50', '28', null, '4', '4'), ('1554', '45', 'R', '2015-12-18 22:06:50', '28', null, '4', '4'), ('1555', '46', 'E', '2015-12-05 22:06:50', '28', null, '4', '4'), ('1556', '47', 'C', '2015-05-30 22:06:50', '28', null, '4', '4'), ('1557', '48', 'R', '2015-12-18 22:06:50', '28', null, '4', '4'), ('1558', '49', 'R', '2015-12-18 22:06:50', '28', null, '4', '4'), ('1559', '50', 'R', '2015-12-18 22:06:50', '28', null, '4', '4'), ('1560', '51', 'R', '2015-12-18 22:06:50', '28', null, '4', '4'), ('1561', '52', 'R', '2015-12-18 22:06:50', '28', null, '4', '4'), ('1562', '53', 'R', '2015-12-18 22:06:50', '28', null, '4', '4'), ('1563', '54', 'R', '2015-12-18 22:06:50', '28', null, '4', '4'), ('1564', '58', 'C', '2015-07-10 22:06:50', '28', null, '4', '4'), ('1565', '59', 'E', '2015-12-08 22:06:50', '28', null, '4', '4'), ('1566', '60', 'R', '2015-12-18 22:06:50', '28', null, '4', '4'), ('1567', '61', 'R', '2015-12-18 22:06:50', '28', null, '4', '4'), ('1568', '62', 'C', '2015-06-03 22:06:50', '28', null, '4', '4'), ('1569', '63', 'R', '2015-12-18 22:06:50', '28', null, '4', '4'), ('1570', '64', 'E', '2015-12-07 22:06:50', '28', null, '4', '4'), ('1571', '65', 'R', '2015-12-18 22:06:50', '28', null, '4', '4'), ('1572', '43', 'R', '2015-12-18 22:06:50', '29', null, '4', '4'), ('1573', '44', 'R', '2015-12-18 22:06:50', '29', null, '4', '4'), ('1574', '45', 'R', '2015-12-18 22:06:50', '29', null, '4', '4'), ('1575', '46', 'R', '2015-12-18 22:06:50', '29', null, '4', '4'), ('1576', '47', 'C', '2015-07-16 22:06:50', '29', null, '4', '4'), ('1577', '48', 'R', '2015-12-18 22:06:50', '29', null, '4', '4'), ('1578', '49', 'R', '2015-12-18 22:06:50', '29', null, '4', '4'), ('1579', '50', 'R', '2015-12-18 22:06:50', '29', null, '4', '4'), ('1580', '51', 'E', '2015-11-24 22:06:50', '29', null, '4', '4'), ('1581', '52', 'R', '2015-12-18 22:06:50', '29', null, '4', '4'), ('1582', '53', 'R', '2015-12-18 22:06:50', '29', null, '4', '4'), ('1583', '54', 'R', '2015-12-18 22:06:50', '29', null, '4', '4'), ('1584', '58', 'R', '2015-12-18 22:06:50', '29', null, '4', '4'), ('1585', '59', 'E', '2015-11-19 22:06:50', '29', null, '4', '4'), ('1586', '60', 'R', '2015-12-18 22:06:50', '29', null, '4', '4'), ('1587', '61', 'R', '2015-12-18 22:06:50', '29', null, '4', '4'), ('1588', '62', 'C', '2015-06-19 22:06:50', '29', null, '4', '4'), ('1589', '63', 'R', '2015-12-18 22:06:50', '29', null, '4', '4'), ('1590', '64', 'R', '2015-12-18 22:06:50', '29', null, '4', '4'), ('1591', '65', 'R', '2015-12-18 22:06:50', '29', null, '4', '4'), ('1592', '43', 'C', '2015-09-17 22:06:50', '4', null, '4', '4'), ('1593', '44', 'R', '2015-12-18 22:06:50', '4', null, '4', '4'), ('1594', '45', 'R', '2015-12-18 22:06:50', '4', null, '4', '4'), ('1595', '46', 'E', '2015-12-08 22:06:50', '4', null, '4', '4'), ('1596', '47', 'R', '2015-12-18 22:06:50', '4', null, '4', '4'), ('1597', '48', 'R', '2015-12-18 22:06:50', '4', null, '4', '4'), ('1598', '49', 'R', '2015-12-18 22:06:50', '4', null, '4', '4'), ('1599', '50', 'R', '2015-12-18 22:06:50', '4', null, '4', '4'), ('1600', '51', 'E', '2015-11-24 22:06:50', '4', null, '4', '4'), ('1601', '52', 'R', '2015-12-18 22:06:50', '4', null, '4', '4'), ('1602', '53', 'R', '2015-12-18 22:06:50', '4', null, '4', '4'), ('1603', '54', 'R', '2015-12-18 22:06:50', '4', null, '4', '4'), ('1604', '58', 'C', '2015-03-26 22:06:50', '4', null, '4', '4'), ('1605', '59', 'R', '2015-12-18 22:06:50', '4', null, '4', '4'), ('1606', '60', 'R', '2015-12-18 22:06:50', '4', null, '4', '4'), ('1607', '61', 'R', '2015-12-18 22:06:50', '4', null, '4', '4'), ('1608', '62', 'R', '2015-12-18 22:06:50', '4', null, '4', '4'), ('1609', '63', 'R', '2015-12-18 22:06:50', '4', null, '4', '4'), ('1610', '64', 'E', '2015-11-18 22:06:50', '4', null, '4', '4'), ('1611', '65', 'R', '2015-12-18 22:06:50', '4', null, '4', '4'), ('1612', '43', 'C', '2015-12-13 22:06:50', '5', null, '4', '4'), ('1613', '44', 'R', '2015-12-18 22:06:50', '5', null, '4', '4'), ('1614', '45', 'R', '2015-12-18 22:06:50', '5', null, '4', '4'), ('1615', '46', 'E', '2015-12-01 22:06:50', '5', null, '4', '4'), ('1616', '47', 'C', '2015-03-17 22:06:50', '5', null, '4', '4'), ('1617', '48', 'R', '2015-12-18 22:06:50', '5', null, '4', '4'), ('1618', '49', 'R', '2015-12-18 22:06:50', '5', null, '4', '4'), ('1619', '50', 'R', '2015-12-18 22:06:50', '5', null, '4', '4'), ('1620', '51', 'R', '2015-12-18 22:06:50', '5', null, '4', '4'), ('1621', '52', 'R', '2015-12-18 22:06:50', '5', null, '4', '4'), ('1622', '53', 'R', '2015-12-18 22:06:50', '5', null, '4', '4'), ('1623', '54', 'R', '2015-12-18 22:06:50', '5', null, '4', '4'), ('1624', '58', 'C', '2015-02-06 22:06:50', '5', null, '4', '4'), ('1625', '59', 'E', '2015-11-21 22:06:50', '5', null, '4', '4'), ('1626', '60', 'R', '2015-12-18 22:06:50', '5', null, '4', '4'), ('1627', '61', 'R', '2015-12-18 22:06:50', '5', null, '4', '4'), ('1628', '62', 'C', '2015-11-03 22:06:50', '5', null, '4', '4'), ('1629', '63', 'R', '2015-12-18 22:06:50', '5', null, '4', '4'), ('1630', '64', 'E', '2015-11-28 22:06:50', '5', null, '4', '4'), ('1631', '65', 'R', '2015-12-18 22:06:50', '5', null, '4', '4'), ('1632', '43', 'R', '2015-12-18 22:06:50', '31', null, '4', '4'), ('1633', '44', 'R', '2015-12-18 22:06:50', '31', null, '4', '4'), ('1634', '45', 'R', '2015-12-18 22:06:50', '31', null, '4', '4'), ('1635', '46', 'R', '2015-12-18 22:06:50', '31', null, '4', '4'), ('1636', '47', 'C', '2015-01-22 22:06:50', '31', null, '4', '4'), ('1637', '48', 'R', '2015-12-18 22:06:50', '31', null, '4', '4'), ('1638', '49', 'R', '2015-12-18 22:06:50', '31', null, '4', '4'), ('1639', '50', 'R', '2015-12-18 22:06:50', '31', null, '4', '4'), ('1640', '51', 'E', '2015-11-30 22:06:50', '31', null, '4', '4'), ('1641', '52', 'R', '2015-12-18 22:06:50', '31', null, '4', '4'), ('1642', '53', 'R', '2015-12-18 22:06:50', '31', null, '4', '4'), ('1643', '54', 'R', '2015-12-18 22:06:50', '31', null, '4', '4'), ('1644', '58', 'R', '2015-12-18 22:06:50', '31', null, '4', '4'), ('1645', '59', 'E', '2015-11-18 22:06:50', '31', null, '4', '4'), ('1646', '60', 'R', '2015-12-18 22:06:50', '31', null, '4', '4'), ('1647', '61', 'R', '2015-12-18 22:06:50', '31', null, '4', '4'), ('1648', '62', 'C', '2015-08-24 22:06:50', '31', null, '4', '4'), ('1649', '63', 'R', '2015-12-18 22:06:50', '31', null, '4', '4'), ('1650', '64', 'R', '2015-12-18 22:06:50', '31', null, '4', '4'), ('1651', '65', 'R', '2015-12-18 22:06:50', '31', null, '4', '4'), ('1652', '43', 'C', '2015-03-06 22:06:50', '32', null, '4', '4'), ('1653', '44', 'R', '2015-12-18 22:06:50', '32', null, '4', '4'), ('1654', '45', 'R', '2015-12-18 22:06:50', '32', null, '4', '4'), ('1655', '46', 'E', '2015-12-14 22:06:50', '32', null, '4', '4'), ('1656', '47', 'R', '2015-12-18 22:06:50', '32', null, '4', '4'), ('1657', '48', 'R', '2015-12-18 22:06:50', '32', null, '4', '4'), ('1658', '49', 'R', '2015-12-18 22:06:50', '32', null, '4', '4'), ('1659', '50', 'R', '2015-12-18 22:06:50', '32', null, '4', '4'), ('1660', '51', 'E', '2015-11-27 22:06:50', '32', null, '4', '4'), ('1661', '52', 'R', '2015-12-18 22:06:50', '32', null, '4', '4'), ('1662', '53', 'R', '2015-12-18 22:06:50', '32', null, '4', '4'), ('1663', '54', 'R', '2015-12-18 22:06:50', '32', null, '4', '4'), ('1664', '58', 'C', '2015-11-13 22:06:50', '32', null, '4', '4'), ('1665', '59', 'R', '2015-12-18 22:06:50', '32', null, '4', '4'), ('1666', '60', 'R', '2015-12-18 22:06:50', '32', null, '4', '4'), ('1667', '61', 'R', '2015-12-18 22:06:50', '32', null, '4', '4'), ('1668', '62', 'R', '2015-12-18 22:06:50', '32', null, '4', '4'), ('1669', '63', 'R', '2015-12-18 22:06:50', '32', null, '4', '4'), ('1670', '64', 'E', '2015-12-17 22:06:50', '32', null, '4', '4'), ('1671', '65', 'R', '2015-12-18 22:06:50', '32', null, '4', '4'), ('1672', '43', 'C', '2015-12-01 22:06:50', '33', null, '4', '4'), ('1673', '44', 'R', '2015-12-18 22:06:50', '33', null, '4', '4'), ('1674', '45', 'R', '2015-12-18 22:06:50', '33', null, '4', '4'), ('1675', '46', 'E', '2015-12-16 22:06:50', '33', null, '4', '4'), ('1676', '47', 'C', '2015-01-22 22:06:50', '33', null, '4', '4'), ('1677', '48', 'R', '2015-12-18 22:06:50', '33', null, '4', '4'), ('1678', '49', 'R', '2015-12-18 22:06:50', '33', null, '4', '4'), ('1679', '50', 'R', '2015-12-18 22:06:50', '33', null, '4', '4'), ('1680', '51', 'R', '2015-12-18 22:06:50', '33', null, '4', '4'), ('1681', '52', 'R', '2015-12-18 22:06:50', '33', null, '4', '4'), ('1682', '53', 'R', '2015-12-18 22:06:50', '33', null, '4', '4'), ('1683', '54', 'R', '2015-12-18 22:06:50', '33', null, '4', '4'), ('1684', '58', 'C', '2015-06-05 22:06:50', '33', null, '4', '4'), ('1685', '59', 'E', '2015-12-10 22:06:50', '33', null, '4', '4'), ('1686', '60', 'R', '2015-12-18 22:06:50', '33', null, '4', '4'), ('1687', '61', 'R', '2015-12-18 22:06:50', '33', null, '4', '4'), ('1688', '62', 'C', '2015-01-13 22:06:50', '33', null, '4', '4'), ('1689', '63', 'R', '2015-12-18 22:06:50', '33', null, '4', '4'), ('1690', '64', 'E', '2015-12-13 22:06:50', '33', null, '4', '4'), ('1691', '65', 'R', '2015-12-18 22:06:50', '33', null, '4', '4'), ('1692', '43', 'R', '2015-12-18 22:06:50', '6', null, '4', '4'), ('1693', '44', 'R', '2015-12-18 22:06:50', '6', null, '4', '4'), ('1694', '45', 'R', '2015-12-18 22:06:50', '6', null, '4', '4'), ('1695', '46', 'R', '2015-12-18 22:06:50', '6', null, '4', '4'), ('1696', '47', 'C', '2015-10-23 22:06:50', '6', null, '4', '4'), ('1697', '48', 'R', '2015-12-18 22:06:50', '6', null, '4', '4'), ('1698', '49', 'R', '2015-12-18 22:06:50', '6', null, '4', '4'), ('1699', '50', 'R', '2015-12-18 22:06:50', '6', null, '4', '4'), ('1700', '51', 'E', '2015-11-21 22:06:50', '6', null, '4', '4'), ('1701', '52', 'R', '2015-12-18 22:06:50', '6', null, '4', '4'), ('1702', '53', 'R', '2015-12-18 22:06:50', '6', null, '4', '4'), ('1703', '54', 'R', '2015-12-18 22:06:50', '6', null, '4', '4'), ('1704', '58', 'R', '2015-12-18 22:06:50', '6', null, '4', '4'), ('1705', '59', 'E', '2015-12-16 22:06:50', '6', null, '4', '4'), ('1706', '60', 'R', '2015-12-18 22:06:50', '6', null, '4', '4'), ('1707', '61', 'R', '2015-12-18 22:06:50', '6', null, '4', '4'), ('1708', '62', 'C', '2015-02-07 22:06:50', '6', null, '4', '4'), ('1709', '63', 'R', '2015-12-18 22:06:50', '6', null, '4', '4'), ('1710', '64', 'R', '2015-12-18 22:06:50', '6', null, '4', '4'), ('1711', '65', 'R', '2015-12-18 22:06:50', '6', null, '4', '4'), ('1712', '43', 'C', '2015-01-03 22:06:50', '8', null, '4', '4'), ('1713', '44', 'R', '2015-12-18 22:06:50', '8', null, '4', '4'), ('1714', '45', 'R', '2015-12-18 22:06:50', '8', null, '4', '4'), ('1715', '46', 'E', '2015-11-30 22:06:50', '8', null, '4', '4'), ('1716', '47', 'R', '2015-12-18 22:06:50', '8', null, '4', '4'), ('1717', '48', 'R', '2015-12-18 22:06:50', '8', null, '4', '4'), ('1718', '49', 'R', '2015-12-18 22:06:50', '8', null, '4', '4'), ('1719', '50', 'R', '2015-12-18 22:06:50', '8', null, '4', '4'), ('1720', '51', 'E', '2015-11-27 22:06:50', '8', null, '4', '4'), ('1721', '52', 'R', '2015-12-18 22:06:50', '8', null, '4', '4'), ('1722', '53', 'R', '2015-12-18 22:06:50', '8', null, '4', '4'), ('1723', '54', 'R', '2015-12-18 22:06:50', '8', null, '4', '4'), ('1724', '58', 'C', '2015-09-04 22:06:50', '8', null, '4', '4'), ('1725', '59', 'R', '2015-12-18 22:06:50', '8', null, '4', '4'), ('1726', '60', 'R', '2015-12-18 22:06:50', '8', null, '4', '4'), ('1727', '61', 'R', '2015-12-18 22:06:50', '8', null, '4', '4'), ('1728', '62', 'R', '2015-12-18 22:06:50', '8', null, '4', '4'), ('1729', '63', 'R', '2015-12-18 22:06:50', '8', null, '4', '4'), ('1730', '64', 'E', '2015-11-24 22:06:50', '8', null, '4', '4'), ('1731', '65', 'R', '2015-12-18 22:06:50', '8', null, '4', '4'), ('1732', '43', 'C', '2015-06-23 22:06:50', '14', null, '4', '4'), ('1733', '44', 'R', '2015-12-18 22:06:50', '14', null, '4', '4'), ('1734', '45', 'R', '2015-12-18 22:06:50', '14', null, '4', '4'), ('1735', '46', 'E', '2015-11-23 22:06:50', '14', null, '4', '4'), ('1736', '47', 'C', '2015-05-09 22:06:50', '14', null, '4', '4'), ('1737', '48', 'R', '2015-12-18 22:06:50', '14', null, '4', '4'), ('1738', '49', 'R', '2015-12-18 22:06:50', '14', null, '4', '4'), ('1739', '50', 'R', '2015-12-18 22:06:50', '14', null, '4', '4'), ('1740', '51', 'R', '2015-12-18 22:06:50', '14', null, '4', '4'), ('1741', '52', 'R', '2015-12-18 22:06:50', '14', null, '4', '4'), ('1742', '53', 'R', '2015-12-18 22:06:50', '14', null, '4', '4'), ('1743', '54', 'R', '2015-12-18 22:06:50', '14', null, '4', '4'), ('1744', '58', 'C', '2015-04-30 22:06:50', '14', null, '4', '4'), ('1745', '59', 'E', '2015-11-25 22:06:50', '14', null, '4', '4'), ('1746', '60', 'R', '2015-12-18 22:06:50', '14', null, '4', '4'), ('1747', '61', 'R', '2015-12-18 22:06:50', '14', null, '4', '4'), ('1748', '62', 'C', '2015-07-30 22:06:50', '14', null, '4', '4'), ('1749', '63', 'R', '2015-12-18 22:06:50', '14', null, '4', '4'), ('1750', '64', 'E', '2015-12-09 22:06:50', '14', null, '4', '4'), ('1751', '65', 'R', '2015-12-18 22:06:50', '14', null, '4', '4'), ('1752', '43', 'R', '2015-12-18 22:06:50', '15', null, '4', '4'), ('1753', '44', 'R', '2015-12-18 22:06:50', '15', null, '4', '4'), ('1754', '45', 'R', '2015-12-18 22:06:50', '15', null, '4', '4'), ('1755', '46', 'R', '2015-12-18 22:06:50', '15', null, '4', '4'), ('1756', '47', 'C', '2015-12-10 22:06:50', '15', null, '4', '4'), ('1757', '48', 'R', '2015-12-18 22:06:50', '15', null, '4', '4'), ('1758', '49', 'R', '2015-12-18 22:06:50', '15', null, '4', '4'), ('1759', '50', 'R', '2015-12-18 22:06:50', '15', null, '4', '4'), ('1760', '51', 'E', '2015-12-13 22:06:50', '15', null, '4', '4'), ('1761', '52', 'R', '2015-12-18 22:06:50', '15', null, '4', '4'), ('1762', '53', 'R', '2015-12-18 22:06:50', '15', null, '4', '4'), ('1763', '54', 'R', '2015-12-18 22:06:50', '15', null, '4', '4'), ('1764', '58', 'R', '2015-12-18 22:06:50', '15', null, '4', '4'), ('1765', '59', 'E', '2015-11-20 22:06:50', '15', null, '4', '4'), ('1766', '60', 'R', '2015-12-18 22:06:50', '15', null, '4', '4'), ('1767', '61', 'R', '2015-12-18 22:06:50', '15', null, '4', '4'), ('1768', '62', 'C', '2015-02-04 22:06:50', '15', null, '4', '4'), ('1769', '63', 'R', '2015-12-18 22:06:50', '15', null, '4', '4'), ('1770', '64', 'R', '2015-12-18 22:06:50', '15', null, '4', '4'), ('1771', '65', 'R', '2015-12-18 22:06:50', '15', null, '4', '4'), ('1772', '43', 'C', '2015-07-11 22:06:50', '16', null, '4', '4'), ('1773', '44', 'R', '2015-12-18 22:06:50', '16', null, '4', '4'), ('1774', '45', 'R', '2015-12-18 22:06:50', '16', null, '4', '4'), ('1775', '46', 'E', '2015-12-15 22:06:50', '16', null, '4', '4'), ('1776', '47', 'R', '2015-12-18 22:06:50', '16', null, '4', '4'), ('1777', '48', 'R', '2015-12-18 22:06:50', '16', null, '4', '4'), ('1778', '49', 'R', '2015-12-18 22:06:50', '16', null, '4', '4'), ('1779', '50', 'R', '2015-12-18 22:06:50', '16', null, '4', '4'), ('1780', '51', 'E', '2015-11-26 22:06:50', '16', null, '4', '4'), ('1781', '52', 'R', '2015-12-18 22:06:50', '16', null, '4', '4'), ('1782', '53', 'R', '2015-12-18 22:06:50', '16', null, '4', '4'), ('1783', '54', 'R', '2015-12-18 22:06:50', '16', null, '4', '4'), ('1784', '58', 'C', '2015-06-02 22:06:50', '16', null, '4', '4'), ('1785', '59', 'R', '2015-12-18 22:06:50', '16', null, '4', '4'), ('1786', '60', 'R', '2015-12-18 22:06:50', '16', null, '4', '4'), ('1787', '61', 'R', '2015-12-18 22:06:50', '16', null, '4', '4'), ('1788', '62', 'R', '2015-12-18 22:06:50', '16', null, '4', '4'), ('1789', '63', 'R', '2015-12-18 22:06:50', '16', null, '4', '4'), ('1790', '64', 'E', '2015-12-09 22:06:50', '16', null, '4', '4'), ('1791', '65', 'R', '2015-12-18 22:06:50', '16', null, '4', '4'), ('1792', '43', 'C', '2015-07-07 22:06:50', '1', null, '4', '4'), ('1793', '44', 'R', '2015-12-18 22:06:50', '1', null, '4', '4'), ('1794', '45', 'R', '2015-12-18 22:06:50', '1', null, '4', '4'), ('1795', '46', 'E', '2015-12-10 22:06:50', '1', null, '4', '4'), ('1796', '47', 'C', '2015-05-10 22:06:50', '1', null, '4', '4'), ('1797', '48', 'R', '2015-12-18 22:06:50', '1', null, '4', '4'), ('1798', '49', 'R', '2015-12-18 22:06:50', '1', null, '4', '4'), ('1799', '50', 'R', '2015-12-18 22:06:50', '1', null, '4', '4'), ('1800', '51', 'R', '2015-12-18 22:06:50', '1', null, '4', '4'), ('1801', '52', 'R', '2015-12-18 22:06:50', '1', null, '4', '4'), ('1802', '53', 'R', '2015-12-18 22:06:50', '1', null, '4', '4'), ('1803', '54', 'R', '2015-12-18 22:06:50', '1', null, '4', '4'), ('1804', '58', 'C', '2015-03-27 22:06:50', '1', null, '4', '4'), ('1805', '59', 'E', '2015-12-05 22:06:50', '1', null, '4', '4'), ('1806', '60', 'R', '2015-12-18 22:06:50', '1', null, '4', '4'), ('1807', '61', 'R', '2015-12-18 22:06:50', '1', null, '4', '4'), ('1808', '62', 'C', '2015-02-06 22:06:50', '1', null, '4', '4'), ('1809', '63', 'R', '2015-12-18 22:06:50', '1', null, '4', '4'), ('1810', '64', 'E', '2015-12-06 22:06:50', '1', null, '4', '4'), ('1811', '65', 'R', '2015-12-18 22:06:50', '1', null, '4', '4'), ('1812', '43', 'R', '2015-12-18 22:06:50', '9', null, '4', '4'), ('1813', '44', 'R', '2015-12-18 22:06:50', '9', null, '4', '4'), ('1814', '45', 'R', '2015-12-18 22:06:50', '9', null, '4', '4'), ('1815', '46', 'R', '2015-12-18 22:06:50', '9', null, '4', '4'), ('1816', '47', 'C', '2015-10-04 22:06:50', '9', null, '4', '4'), ('1817', '48', 'R', '2015-12-18 22:06:50', '9', null, '4', '4'), ('1818', '49', 'R', '2015-12-18 22:06:50', '9', null, '4', '4'), ('1819', '50', 'R', '2015-12-18 22:06:50', '9', null, '4', '4'), ('1820', '51', 'E', '2015-11-27 22:06:50', '9', null, '4', '4'), ('1821', '52', 'R', '2015-12-18 22:06:50', '9', null, '4', '4'), ('1822', '53', 'R', '2015-12-18 22:06:50', '9', null, '4', '4'), ('1823', '54', 'R', '2015-12-18 22:06:50', '9', null, '4', '4'), ('1824', '58', 'R', '2015-12-18 22:06:50', '9', null, '4', '4'), ('1825', '59', 'E', '2015-12-11 22:06:50', '9', null, '4', '4'), ('1826', '60', 'R', '2015-12-18 22:06:50', '9', null, '4', '4'), ('1827', '61', 'R', '2015-12-18 22:06:50', '9', null, '4', '4'), ('1828', '62', 'C', '2015-08-09 22:06:50', '9', null, '4', '4'), ('1829', '63', 'R', '2015-12-18 22:06:50', '9', null, '4', '4'), ('1830', '64', 'R', '2015-12-18 22:06:50', '9', null, '4', '4'), ('1831', '65', 'R', '2015-12-18 22:06:50', '9', null, '4', '4'), ('1832', '43', 'C', '2015-09-30 22:06:50', '12', null, '4', '4'), ('1833', '44', 'R', '2015-12-18 22:06:50', '12', null, '4', '4'), ('1834', '45', 'R', '2015-12-18 22:06:50', '12', null, '4', '4'), ('1835', '46', 'E', '2015-12-14 22:06:50', '12', null, '4', '4'), ('1836', '47', 'R', '2015-12-18 22:06:50', '12', null, '4', '4'), ('1837', '48', 'R', '2015-12-18 22:06:50', '12', null, '4', '4'), ('1838', '49', 'R', '2015-12-18 22:06:50', '12', null, '4', '4'), ('1839', '50', 'R', '2015-12-18 22:06:50', '12', null, '4', '4'), ('1840', '51', 'E', '2015-11-22 22:06:50', '12', null, '4', '4'), ('1841', '52', 'R', '2015-12-18 22:06:50', '12', null, '4', '4'), ('1842', '53', 'R', '2015-12-18 22:06:50', '12', null, '4', '4'), ('1843', '54', 'R', '2015-12-18 22:06:50', '12', null, '4', '4'), ('1844', '58', 'C', '2015-01-02 22:06:50', '12', null, '4', '4'), ('1845', '59', 'R', '2015-12-18 22:06:50', '12', null, '4', '4'), ('1846', '60', 'R', '2015-12-18 22:06:50', '12', null, '4', '4'), ('1847', '61', 'R', '2015-12-18 22:06:50', '12', null, '4', '4'), ('1848', '62', 'R', '2015-12-18 22:06:50', '12', null, '4', '4'), ('1849', '63', 'R', '2015-12-18 22:06:50', '12', null, '4', '4'), ('1850', '64', 'E', '2015-11-19 22:06:50', '12', null, '4', '4'), ('1851', '65', 'R', '2015-12-18 22:06:50', '12', null, '4', '4'), ('1852', '43', 'C', '2015-08-26 22:06:50', '18', null, '4', '4'), ('1853', '44', 'R', '2015-12-18 22:06:50', '18', null, '4', '4'), ('1854', '45', 'R', '2015-12-18 22:06:50', '18', null, '4', '4'), ('1855', '46', 'E', '2015-12-13 22:06:50', '18', null, '4', '4'), ('1856', '47', 'C', '2015-05-13 22:06:50', '18', null, '4', '4'), ('1857', '48', 'R', '2015-12-18 22:06:50', '18', null, '4', '4'), ('1858', '49', 'R', '2015-12-18 22:06:50', '18', null, '4', '4'), ('1859', '50', 'R', '2015-12-18 22:06:50', '18', null, '4', '4'), ('1860', '51', 'R', '2015-12-18 22:06:50', '18', null, '4', '4'), ('1861', '52', 'R', '2015-12-18 22:06:50', '18', null, '4', '4'), ('1862', '53', 'R', '2015-12-18 22:06:50', '18', null, '4', '4'), ('1863', '54', 'R', '2015-12-18 22:06:50', '18', null, '4', '4'), ('1864', '58', 'C', '2015-10-24 22:06:50', '18', null, '4', '4'), ('1865', '59', 'E', '2015-11-20 22:06:50', '18', null, '4', '4'), ('1866', '60', 'R', '2015-12-18 22:06:50', '18', null, '4', '4'), ('1867', '61', 'R', '2015-12-18 22:06:50', '18', null, '4', '4'), ('1868', '62', 'C', '2015-02-07 22:06:50', '18', null, '4', '4'), ('1869', '63', 'R', '2015-12-18 22:06:50', '18', null, '4', '4'), ('1870', '64', 'E', '2015-12-14 22:06:50', '18', null, '4', '4'), ('1871', '65', 'R', '2015-12-18 22:06:50', '18', null, '4', '4'), ('1872', '43', 'R', '2015-12-18 22:06:50', '21', null, '4', '4'), ('1873', '44', 'R', '2015-12-18 22:06:50', '21', null, '4', '4'), ('1874', '45', 'R', '2015-12-18 22:06:50', '21', null, '4', '4'), ('1875', '46', 'R', '2015-12-18 22:06:50', '21', null, '4', '4'), ('1876', '47', 'C', '2015-12-13 22:06:50', '21', null, '4', '4'), ('1877', '48', 'R', '2015-12-18 22:06:50', '21', null, '4', '4'), ('1878', '49', 'R', '2015-12-18 22:06:50', '21', null, '4', '4'), ('1879', '50', 'R', '2015-12-18 22:06:50', '21', null, '4', '4'), ('1880', '51', 'E', '2015-11-24 22:06:50', '21', null, '4', '4'), ('1881', '52', 'R', '2015-12-18 22:06:50', '21', null, '4', '4'), ('1882', '53', 'R', '2015-12-18 22:06:50', '21', null, '4', '4'), ('1883', '54', 'R', '2015-12-18 22:06:50', '21', null, '4', '4'), ('1884', '58', 'R', '2015-12-18 22:06:50', '21', null, '4', '4'), ('1885', '59', 'E', '2015-11-29 22:06:50', '21', null, '4', '4'), ('1886', '60', 'R', '2015-12-18 22:06:50', '21', null, '4', '4'), ('1887', '61', 'R', '2015-12-18 22:06:50', '21', null, '4', '4'), ('1888', '62', 'C', '2015-08-08 22:06:50', '21', null, '4', '4'), ('1889', '63', 'R', '2015-12-18 22:06:50', '21', null, '4', '4'), ('1890', '64', 'R', '2015-12-18 22:06:50', '21', null, '4', '4'), ('1891', '65', 'R', '2015-12-18 22:06:50', '21', null, '4', '4'), ('1892', '43', 'C', '2015-02-24 22:06:50', '24', null, '4', '4'), ('1893', '44', 'R', '2015-12-18 22:06:50', '24', null, '4', '4'), ('1894', '45', 'R', '2015-12-18 22:06:50', '24', null, '4', '4'), ('1895', '46', 'E', '2015-11-26 22:06:50', '24', null, '4', '4'), ('1896', '47', 'R', '2015-12-18 22:06:50', '24', null, '4', '4'), ('1897', '48', 'R', '2015-12-18 22:06:50', '24', null, '4', '4'), ('1898', '49', 'R', '2015-12-18 22:06:50', '24', null, '4', '4'), ('1899', '50', 'R', '2015-12-18 22:06:50', '24', null, '4', '4'), ('1900', '51', 'E', '2015-11-25 22:06:50', '24', null, '4', '4'), ('1901', '52', 'R', '2015-12-18 22:06:50', '24', null, '4', '4'), ('1902', '53', 'R', '2015-12-18 22:06:50', '24', null, '4', '4'), ('1903', '54', 'R', '2015-12-18 22:06:50', '24', null, '4', '4'), ('1904', '58', 'C', '2015-11-11 22:06:50', '24', null, '4', '4'), ('1905', '59', 'R', '2015-12-18 22:06:50', '24', null, '4', '4'), ('1906', '60', 'R', '2015-12-18 22:06:50', '24', null, '4', '4'), ('1907', '61', 'R', '2015-12-18 22:06:50', '24', null, '4', '4'), ('1908', '62', 'R', '2015-12-18 22:06:50', '24', null, '4', '4'), ('1909', '63', 'R', '2015-12-18 22:06:50', '24', null, '4', '4'), ('1910', '64', 'E', '2015-11-28 22:06:50', '24', null, '4', '4'), ('1911', '65', 'R', '2015-12-18 22:06:50', '24', null, '4', '4'), ('1912', '43', 'C', '2015-01-09 22:06:50', '27', null, '4', '4'), ('1913', '44', 'R', '2015-12-18 22:06:50', '27', null, '4', '4'), ('1914', '45', 'R', '2015-12-18 22:06:50', '27', null, '4', '4'), ('1915', '46', 'E', '2015-11-18 22:06:50', '27', null, '4', '4'), ('1916', '47', 'C', '2015-05-30 22:06:50', '27', null, '4', '4'), ('1917', '48', 'R', '2015-12-18 22:06:50', '27', null, '4', '4'), ('1918', '49', 'R', '2015-12-18 22:06:50', '27', null, '4', '4'), ('1919', '50', 'R', '2015-12-18 22:06:50', '27', null, '4', '4'), ('1920', '51', 'R', '2015-12-18 22:06:50', '27', null, '4', '4'), ('1921', '52', 'R', '2015-12-18 22:06:50', '27', null, '4', '4'), ('1922', '53', 'R', '2015-12-18 22:06:50', '27', null, '4', '4'), ('1923', '54', 'R', '2015-12-18 22:06:50', '27', null, '4', '4'), ('1924', '58', 'C', '2015-01-21 22:06:50', '27', null, '4', '4'), ('1925', '59', 'E', '2015-11-21 22:06:50', '27', null, '4', '4'), ('1926', '60', 'R', '2015-12-18 22:06:50', '27', null, '4', '4'), ('1927', '61', 'R', '2015-12-18 22:06:50', '27', null, '4', '4'), ('1928', '62', 'C', '2015-12-17 22:06:50', '27', null, '4', '4'), ('1929', '63', 'R', '2015-12-18 22:06:50', '27', null, '4', '4'), ('1930', '64', 'E', '2015-11-30 22:06:50', '27', null, '4', '4'), ('1931', '65', 'R', '2015-12-18 22:06:50', '27', null, '4', '4'), ('1932', '43', 'R', '2015-12-18 22:06:50', '30', null, '4', '4'), ('1933', '44', 'R', '2015-12-18 22:06:50', '30', null, '4', '4'), ('1934', '45', 'R', '2015-12-18 22:06:50', '30', null, '4', '4'), ('1935', '46', 'R', '2015-12-18 22:06:50', '30', null, '4', '4'), ('1936', '47', 'C', '2015-10-19 22:06:50', '30', null, '4', '4'), ('1937', '48', 'R', '2015-12-18 22:06:50', '30', null, '4', '4'), ('1938', '49', 'R', '2015-12-18 22:06:50', '30', null, '4', '4'), ('1939', '50', 'R', '2015-12-18 22:06:50', '30', null, '4', '4'), ('1940', '51', 'E', '2015-12-13 22:06:50', '30', null, '4', '4'), ('1941', '52', 'R', '2015-12-18 22:06:50', '30', null, '4', '4'), ('1942', '53', 'R', '2015-12-18 22:06:50', '30', null, '4', '4'), ('1943', '54', 'R', '2015-12-18 22:06:50', '30', null, '4', '4'), ('1944', '58', 'R', '2015-12-18 22:06:50', '30', null, '4', '4'), ('1945', '59', 'E', '2015-12-15 22:06:50', '30', null, '4', '4'), ('1946', '60', 'R', '2015-12-18 22:06:50', '30', null, '4', '4'), ('1947', '61', 'R', '2015-12-18 22:06:50', '30', null, '4', '4'), ('1948', '62', 'C', '2015-02-23 22:06:50', '30', null, '4', '4'), ('1949', '63', 'R', '2015-12-18 22:06:50', '30', null, '4', '4'), ('1950', '64', 'R', '2015-12-18 22:06:50', '30', null, '4', '4'), ('1951', '65', 'R', '2015-12-18 22:06:50', '30', null, '4', '4');
COMMIT;

-- ----------------------------
--  Table structure for `plan_item_status`
-- ----------------------------
DROP TABLE IF EXISTS `plan_item_status`;
CREATE TABLE `plan_item_status` (
  `id` char(1) NOT NULL,
  `name` varchar(25) NOT NULL,
  `description` varchar(4000) NOT NULL,
  `const_name` varchar(25) NOT NULL,
  PRIMARY KEY (`id`),
  UNIQUE KEY `unique_id` (`id`),
  UNIQUE KEY `unique_name` (`name`),
  UNIQUE KEY `unique_const_name` (`const_name`)
) ENGINE=InnoDB DEFAULT CHARSET=utf8 ROW_FORMAT=COMPACT;

-- ----------------------------
--  Records of `plan_item_status`
-- ----------------------------
BEGIN;
INSERT INTO `plan_item_status` VALUES ('C', 'Completed', 'Course completed by member.', 'COMPLETED'), ('E', 'Enrolled', 'Enrolled in course, or accepted by member.', 'ENROLLED'), ('R', 'Recommended', 'Recommended by the system.', 'RECOMMENDED'), ('W', 'Withdrawn', 'Enrolled, but withdrawn and will not complete.', 'WITHDRAWN');
COMMIT;

-- ----------------------------
--  Table structure for `question`
-- ----------------------------
DROP TABLE IF EXISTS `question`;
CREATE TABLE `question` (
  `id` int(11) NOT NULL AUTO_INCREMENT,
  `question_group_id` int(11) NOT NULL,
  `question_type_id` int(11) NOT NULL DEFAULT '0',
  `sort_order` int(11) NOT NULL,
  `number` varchar(40) DEFAULT NULL,
  `name` varchar(1024) DEFAULT NULL,
  `summary` varchar(1024) DEFAULT NULL,
  `description` varchar(5000) DEFAULT NULL,
  `importance` int(11) NOT NULL DEFAULT '1',
  PRIMARY KEY (`id`),
  KEY `question_group_id_index` (`question_group_id`),
  KEY `question_type_id_index` (`question_type_id`),
  CONSTRAINT `question_ibfk_1` FOREIGN KEY (`question_group_id`) REFERENCES `question_group` (`id`)
) ENGINE=InnoDB AUTO_INCREMENT=92 DEFAULT CHARSET=utf8 ROW_FORMAT=COMPACT;

-- ----------------------------
--  Records of `question`
-- ----------------------------
BEGIN;
INSERT INTO `question` VALUES ('67', '12', '1', '1', '1', 'Regulation Compliance', 'Complies with federal, local, and company health and safety regulations.', null, '1'), ('68', '12', '1', '2', '2', 'Guideline Knowledge', 'Demonstrates knowledge of facility guidelines to ensure physical safety of customers and employees, including emergency shutdown procedures.', null, '1'), ('69', '12', '1', '3', '3', 'Safety Procedures', 'Be aware of evacuation routes, fire extinguisher location and use, shut-down procedures and safety manuals.', null, '1'), ('70', '12', '1', '4', '4', 'Information Dissemination', 'Disseminates information to customers addressing potential safety hazards and security issues, e.g., display safety and security information and materials in a public area.', null, '1'), ('71', '12', '1', '5', '5', 'Area Knowledge', 'Recommend stourist attractions and accommodations that will be safe for all family members.', null, '1'), ('72', '12', '1', '6', '6', 'Prevention Safeguards', 'Identifies activities that are suspicious and implement loss prevention safeguards.', null, '1'), ('73', '13', '1', '7', '1', 'Reservations', 'Employs effective reservation procedures to meet guest needs and maximize occupancy.\n Understands the different types of reservations used to meet different guest needs, e.g., guaranteed vs. non-guaranteed, reservations guaranteed by credit card vs. reservations guaranteed by travel agents or corporations.\n Familiar with common sources used to make lodging reservations.\n Experience with computer systems in processing reservations.\n Understands forecasting to maximize occupancy levels.', null, '1'), ('74', '13', '1', '8', '2', 'Check-out Procedure', 'Understands the importance of check-out procedures to ensure guest satisfaction and verify settlement of account.', null, '1'), ('75', '13', '1', '9', '3', 'Account Settlement', 'Understands and follows account settlement procedures for different types of payment.', null, '1'), ('76', '13', '1', '10', '4', 'Telephone System Skills', 'Understands basic telephone courtesy and language for answering and closing calls, placing callers on hold, transferring calls, and taking messages.', null, '1'), ('77', '14', '1', '11', '1', 'Customer Assistance', 'Understands and follows facility guidelines related to ensuring customer satisfaction by assisting customers including, luggage and item delivery, room maintenance, basic customer inquiries, etc.', null, '1'), ('78', '14', '1', '12', '2', 'Special Requests', 'Demonstrates ability to handle individual customer requests.', null, '1'), ('79', '14', '1', '13', '3', 'Complaint Handling', 'Demonstrates ability to handle customer complaints.', null, '1'), ('80', '14', '1', '14', '4', 'Customer Assistance', 'Ensure requests and complaints are dealt with promptly and to the satisfaction of the customer.', null, '1'), ('81', '15', '3', '1', '1', 'Work Schedule Management', 'Anticipates and ensures full, but optimal coverage of room attendant needs.', null, '1'), ('82', '15', '3', '2', '2', 'Follows Housekeeping Procedures', 'Follows and disseminates hotel procedures to staff.', null, '1'), ('83', '15', '3', '3', '3', 'Follows Safety Procedures', 'Trains staff regularly on evacuation routes, fire extinguisher location and use, shut-down procedures and safety manuals.', null, '1'), ('84', '15', '3', '4', '4', 'Performs Regular Progress Reviews', 'Ensures that regular performance reviews are conducted for every staff member.', null, '1'), ('85', '16', '3', '5', '1', 'Procedures', 'Establishes and updates procedures for the linen service.', null, '1'), ('86', '16', '3', '8', '2', 'Resource Management', 'Sees to it that staff have all required resources to carry out their work effectively.', null, '1'), ('87', '16', '3', '6', '3', 'Common Area Management', 'Performs regular maintenance and inspections of common areas shared by guests, ensuring that all linens are clean.', null, '1'), ('88', '16', '3', '7', '4', 'Restaurant Support', 'Works collaboratively with restaurants to ensure laundry is cleaned and delivered in a timely manner.', null, '1'), ('89', '17', '3', '8', '1', 'Customer Assistance', 'Assists customers with special cleaning requests, as needed.', null, '1'), ('90', '17', '3', '9', '2', 'Complaint Resolution', 'Follows up on complaints received directly from guests or indirectly through management.', null, '1'), ('91', '17', '3', '10', '3', 'Creativity', 'Offers creative suggestions for making guests feel they are important to our business.', null, '1');
COMMIT;

-- ----------------------------
--  Table structure for `question_choice`
-- ----------------------------
DROP TABLE IF EXISTS `question_choice`;
CREATE TABLE `question_choice` (
  `id` int(11) NOT NULL AUTO_INCREMENT,
  `question_type_id` int(11) NOT NULL,
  `sort_order` int(11) NOT NULL,
  `name` varchar(200) DEFAULT NULL,
  `value` varchar(500) DEFAULT NULL,
  `rubric` varchar(500) DEFAULT NULL,
  `icon_prefix` varchar(50) DEFAULT NULL,
  PRIMARY KEY (`id`),
  KEY `question_type_id_index` (`question_type_id`),
  CONSTRAINT `question_choice_ibfk_1` FOREIGN KEY (`question_type_id`) REFERENCES `question_type` (`id`)
) ENGINE=InnoDB AUTO_INCREMENT=14 DEFAULT CHARSET=utf8 ROW_FORMAT=COMPACT;

-- ----------------------------
--  Records of `question_choice`
-- ----------------------------
BEGIN;
INSERT INTO `question_choice` VALUES ('1', '1', '0', '-unset-', '-1', 'There is no response to this item.', 'levelBg'), ('2', '1', '1', 'Unacceptable', '0', 'The performance is not meeting the needs of the position.  Significant improvement is needed.', 'levelBg'), ('3', '1', '2', 'Needs Improvement', '1', 'Performance must improve somewhat to meet expectations.', 'levelBg'), ('4', '1', '3', 'Proficient', '2', 'Performance meets expectations.', 'levelBg'), ('5', '1', '4', 'Highly Proficient', '3', 'The level of performance exceeds expectations.', 'levelBg'), ('6', '2', '0', '-unset-', '-1', '', 'yesNoBg'), ('7', '2', '1', 'Yes', '2', 'Performance is satisfactory.', 'yesNoBg'), ('8', '2', '2', 'No', '1', 'Performance is not satisfactory.', 'yesNoBg'), ('9', '1', '5', 'Distinguished', '4', 'The level of performance is extraordinary, greatly exceeding expectations.', 'levelBg'), ('10', '3', '0', '-unset-', '0', 'There is no response to this item.', 'level3Bg'), ('11', '3', '1', 'Needs Improvement', '1', 'Full competence has not yet been achieved, and some improvement is needed.', 'level3Bg'), ('12', '3', '2', 'Satisfactory', '1', 'Full competence is achieved in this area.', 'level3Bg'), ('13', '3', '3', 'Exceeds Expectations', '2', 'Competence and performance exceed expectations.', 'level3Bg');
COMMIT;

-- ----------------------------
--  Table structure for `question_group`
-- ----------------------------
DROP TABLE IF EXISTS `question_group`;
CREATE TABLE `question_group` (
  `id` int(11) NOT NULL AUTO_INCREMENT,
  `instrument_id` int(11) NOT NULL,
  `tag` varchar(100) DEFAULT NULL,
  `number` varchar(40) DEFAULT NULL,
  `sort_order` int(11) NOT NULL DEFAULT '0',
  `summary` varchar(500) DEFAULT NULL,
  `description` varchar(5000) DEFAULT NULL,
  PRIMARY KEY (`id`),
  KEY `instrument_id_index` (`instrument_id`),
  CONSTRAINT `question_group_ibfk_1` FOREIGN KEY (`instrument_id`) REFERENCES `instrument` (`id`)
) ENGINE=InnoDB AUTO_INCREMENT=18 DEFAULT CHARSET=utf8 ROW_FORMAT=COMPACT;

-- ----------------------------
--  Records of `question_group`
-- ----------------------------
BEGIN;
INSERT INTO `question_group` VALUES ('12', '1', 'Guest safety', 'A', '1', null, null), ('13', '1', 'Policies and procedures', 'B', '2', null, null), ('14', '1', 'Guest Satisfaction', 'C', '3', null, null), ('15', '2', 'Staff Management', 'A', '1', null, null), ('16', '2', 'Linen Service', '2', '2', null, null), ('17', '2', 'Guest Satisfaction', '3', '3', null, null);
COMMIT;

-- ----------------------------
--  Table structure for `question_type`
-- ----------------------------
DROP TABLE IF EXISTS `question_type`;
CREATE TABLE `question_type` (
  `id` int(11) NOT NULL AUTO_INCREMENT,
  `name` varchar(200) NOT NULL,
  `summary` varchar(500) DEFAULT NULL,
  `min_range` double DEFAULT '0',
  `max_range` double DEFAULT '0',
  `entry_type` varchar(12) NOT NULL DEFAULT 'LIKERT',
  PRIMARY KEY (`id`),
  UNIQUE KEY `name` (`name`)
) ENGINE=InnoDB AUTO_INCREMENT=4 DEFAULT CHARSET=utf8 ROW_FORMAT=COMPACT;

-- ----------------------------
--  Records of `question_type`
-- ----------------------------
BEGIN;
INSERT INTO `question_type` VALUES ('1', 'LIKERT5', 'Likert scale, 0 to 5.', '0', '5', 'LIKERT'), ('2', 'NAYesNo', 'N/A,Yes,No', '0', '2', 'YESNO'), ('3', 'LIKERT3', 'Likert scale, 0 to 3.', '0', '3', 'LIKERT');
COMMIT;

-- ----------------------------
--  Table structure for `recommendation`
-- ----------------------------
DROP TABLE IF EXISTS `recommendation`;
CREATE TABLE `recommendation` (
  `id` int(11) NOT NULL AUTO_INCREMENT,
  `member_id` int(11) NOT NULL,
  `created_on` timestamp NOT NULL DEFAULT CURRENT_TIMESTAMP,
  `assessment_id` int(11) NOT NULL,
  PRIMARY KEY (`id`),
  UNIQUE KEY `id` (`id`),
  KEY `member_id` (`member_id`),
  KEY `assessment_id` (`assessment_id`),
  CONSTRAINT `recommendation_ibfk_1` FOREIGN KEY (`member_id`) REFERENCES `member` (`id`),
  CONSTRAINT `recommendation_ibfk_2` FOREIGN KEY (`assessment_id`) REFERENCES `assessment` (`id`)
) ENGINE=InnoDB DEFAULT CHARSET=utf8 ROW_FORMAT=COMPACT;

-- ----------------------------
--  Table structure for `relationship`
-- ----------------------------
DROP TABLE IF EXISTS `relationship`;
CREATE TABLE `relationship` (
  `id` int(11) NOT NULL AUTO_INCREMENT,
  `superior_id` int(11) NOT NULL,
  `subordinate_id` int(11) NOT NULL,
  `relationship_type_id` char(1) NOT NULL DEFAULT 'S',
  PRIMARY KEY (`id`),
  UNIQUE KEY `id` (`id`)
) ENGINE=InnoDB AUTO_INCREMENT=2 DEFAULT CHARSET=utf8 ROW_FORMAT=COMPACT;

-- ----------------------------
--  Records of `relationship`
-- ----------------------------
BEGIN;
INSERT INTO `relationship` VALUES ('1', '4', '7', 'S');
COMMIT;

-- ----------------------------
--  Table structure for `relationship_type`
-- ----------------------------
DROP TABLE IF EXISTS `relationship_type`;
CREATE TABLE `relationship_type` (
  `id` char(1) NOT NULL,
  `name` varchar(25) NOT NULL,
  `superior_verb` varchar(25) NOT NULL,
  `subordinate_verb` varchar(25) NOT NULL,
  PRIMARY KEY (`id`),
  UNIQUE KEY `id` (`id`)
) ENGINE=InnoDB DEFAULT CHARSET=utf8 ROW_FORMAT=COMPACT;

-- ----------------------------
--  Records of `relationship_type`
-- ----------------------------
BEGIN;
INSERT INTO `relationship_type` VALUES ('S', 'Supervisor', 'Supervise', 'Works for');
COMMIT;

-- ----------------------------
--  Table structure for `resource`
-- ----------------------------
DROP TABLE IF EXISTS `resource`;
CREATE TABLE `resource` (
  `id` int(11) NOT NULL AUTO_INCREMENT,
  `resource_type_id` char(1) DEFAULT 'T',
  `role_ids` varchar(10) DEFAULT 'PM',
  `number` varchar(40) DEFAULT NULL,
  `name` varchar(200) DEFAULT NULL,
  `location` varchar(500) DEFAULT NULL,
  `summary` varchar(5000) DEFAULT NULL,
  `description` varchar(5000) DEFAULT NULL,
  `creator_id` int(11) DEFAULT NULL,
  `create_on` timestamp NOT NULL DEFAULT CURRENT_TIMESTAMP,
  `last_modified` timestamp NOT NULL DEFAULT CURRENT_TIMESTAMP,
  PRIMARY KEY (`id`),
  KEY `resource_type_id` (`resource_type_id`),
  KEY `resource_user__fk` (`creator_id`),
  CONSTRAINT `resource_ibfk_1` FOREIGN KEY (`resource_type_id`) REFERENCES `resource_type` (`id`),
  CONSTRAINT `resource_user__fk` FOREIGN KEY (`creator_id`) REFERENCES `member` (`id`)
) ENGINE=InnoDB AUTO_INCREMENT=13 DEFAULT CHARSET=utf8 ROW_FORMAT=COMPACT;

-- ----------------------------
--  Records of `resource`
-- ----------------------------
BEGIN;
INSERT INTO `resource` VALUES ('1', 'T', 'PM', 'PHT001', 'Introduction to the Pharmacy, for Technicians', null, 'This module provides a general overview.', null, null, '2015-10-26 15:53:38', '2015-10-26 15:53:38'), ('2', 'T', 'PM', 'PHT002', 'Allergy Identification', null, 'Important characteristics of current and evolving advanced technician practice models\n            include training through an ASHP accredited training program, PTCB certification, and licensure with a Board of Pharmacy.', null, null, '2015-10-26 15:53:38', '2015-10-26 15:53:38'), ('3', 'T', 'PM', 'PHT003', 'Assessing Patients', null, 'This module provides a general overview.', null, null, '2015-10-26 15:53:38', '2015-10-26 15:53:38'), ('4', 'T', 'PM', 'PHT004', 'Adherence Assessment', null, 'This module provides a general overview.', null, null, '2015-10-26 15:53:38', '2015-10-26 15:53:38'), ('5', 'T', 'PM', 'PHT005', 'Prescription Labeling', null, 'This module provides a general overview.', null, null, '2015-10-26 15:53:38', '2015-10-26 15:53:38'), ('6', 'T', 'PM', 'PHT006', 'Code of Conduct', null, 'This module provides a general overview.', null, null, '2015-10-26 15:53:38', '2015-10-26 15:53:38'), ('7', 'T', 'PM', 'PHT007', 'Drug Interactions', null, 'This module provides a general overview.', null, null, '2015-10-26 15:53:38', '2015-10-26 15:53:38'), ('8', 'T', 'PM', 'PHT008', 'Preventive Care', null, 'This module provides a general overview.', null, null, '2015-10-26 15:53:38', '2015-10-26 15:53:38'), ('9', 'T', 'PM', 'PHT009', 'Calculations', null, 'Pharmacy Calculations: An Introduction for Pharmacy Technicians, is designed for pharmacy technician students enrolled in a training program, technicians preparing for the certification exam, and for on-site training. As the role for pharmacy technicians continues to evolve and expand one thing remains constant. The safety of patients is the highest priority for anyone working in pharmacy, whether in hospital, retail, or institutional practices. With a thorough understanding of pharmacy math comes accuracy in computations and safety and quality in practice.', null, null, '2015-10-26 15:53:38', '2015-10-26 15:53:38'), ('10', 'T', 'PM', 'PHT010', 'Preventing Errors with Look-Alike and Sound-Alike Drug Names', null, 'Drug names can often sound similar or appear similar. In addition the appearance of the products can look similar enough to cause confusion. These can easily be confused contributing to adverse medication events.', null, null, '2015-10-26 15:53:38', '2015-10-26 15:53:38'), ('11', 'T', 'PM', 'PHT011', 'Confusion Pairs and Confusion Categories', null, null, null, null, '2015-10-26 15:53:38', '2015-10-26 15:53:38'), ('12', 'T', 'PM', 'PHT012', 'High Risk High Alert Medication Review (Case Studies)', null, null, null, null, '2015-10-26 15:53:38', '2015-10-26 15:53:38');
COMMIT;

-- ----------------------------
--  Table structure for `resource_alignment`
-- ----------------------------
DROP TABLE IF EXISTS `resource_alignment`;
CREATE TABLE `resource_alignment` (
  `id` int(11) NOT NULL AUTO_INCREMENT,
  `resource_id` int(11) NOT NULL,
  `question_id` int(11) NOT NULL,
  PRIMARY KEY (`id`),
  KEY `resource_id_index` (`resource_id`),
  KEY `question_id_index` (`question_id`),
  CONSTRAINT `resource_alignment_ibfk_1` FOREIGN KEY (`resource_id`) REFERENCES `resource` (`id`),
  CONSTRAINT `resource_alignment_ibfk_2` FOREIGN KEY (`question_id`) REFERENCES `question` (`id`)
) ENGINE=InnoDB AUTO_INCREMENT=321 DEFAULT CHARSET=utf8 ROW_FORMAT=COMPACT;

-- ----------------------------
--  Records of `resource_alignment`
-- ----------------------------
BEGIN;
INSERT INTO `resource_alignment` VALUES ('46', '1', '67'), ('47', '2', '67'), ('48', '3', '67'), ('49', '4', '67'), ('50', '5', '67'), ('51', '6', '67'), ('52', '7', '67'), ('53', '8', '67'), ('54', '9', '67'), ('55', '10', '67'), ('56', '11', '67'), ('57', '1', '68'), ('58', '2', '68'), ('59', '3', '68'), ('60', '4', '68'), ('61', '5', '68'), ('62', '6', '68'), ('63', '7', '68'), ('64', '8', '68'), ('65', '9', '68'), ('66', '10', '68'), ('67', '11', '68'), ('68', '1', '69'), ('69', '2', '69'), ('70', '3', '69'), ('71', '4', '69'), ('72', '5', '69'), ('73', '6', '69'), ('74', '7', '69'), ('75', '8', '69'), ('76', '9', '69'), ('77', '10', '69'), ('78', '11', '69'), ('79', '1', '70'), ('80', '2', '70'), ('81', '3', '70'), ('82', '4', '70'), ('83', '5', '70'), ('84', '6', '70'), ('85', '7', '70'), ('86', '8', '70'), ('87', '9', '70'), ('88', '10', '70'), ('89', '11', '70'), ('90', '1', '71'), ('91', '2', '71'), ('92', '3', '71'), ('93', '4', '71'), ('94', '5', '71'), ('95', '6', '71'), ('96', '7', '71'), ('97', '8', '71'), ('98', '9', '71'), ('99', '10', '71'), ('100', '11', '71'), ('101', '1', '72'), ('102', '2', '72'), ('103', '3', '72'), ('104', '4', '72'), ('105', '5', '72'), ('106', '6', '72'), ('107', '7', '72'), ('108', '8', '72'), ('109', '9', '72'), ('110', '10', '72'), ('111', '11', '72'), ('112', '1', '73'), ('113', '2', '73'), ('114', '3', '73'), ('115', '4', '73'), ('116', '5', '73'), ('117', '6', '73'), ('118', '7', '73'), ('119', '8', '73'), ('120', '9', '73'), ('121', '10', '73'), ('122', '11', '73'), ('123', '1', '74'), ('124', '2', '74'), ('125', '3', '74'), ('126', '4', '74'), ('127', '5', '74'), ('128', '6', '74'), ('129', '7', '74'), ('130', '8', '74'), ('131', '9', '74'), ('132', '10', '74'), ('133', '11', '74'), ('134', '1', '75'), ('135', '2', '75'), ('136', '3', '75'), ('137', '4', '75'), ('138', '5', '75'), ('139', '6', '75'), ('140', '7', '75'), ('141', '8', '75'), ('142', '9', '75'), ('143', '10', '75'), ('144', '11', '75'), ('145', '1', '76'), ('146', '2', '76'), ('147', '3', '76'), ('148', '4', '76'), ('149', '5', '76'), ('150', '6', '76'), ('151', '7', '76'), ('152', '8', '76'), ('153', '9', '76'), ('154', '10', '76'), ('155', '11', '76'), ('156', '1', '77'), ('157', '2', '77'), ('158', '3', '77'), ('159', '4', '77'), ('160', '5', '77'), ('161', '6', '77'), ('162', '7', '77'), ('163', '8', '77'), ('164', '9', '77'), ('165', '10', '77'), ('166', '11', '77'), ('167', '1', '78'), ('168', '2', '78'), ('169', '3', '78'), ('170', '4', '78'), ('171', '5', '78'), ('172', '6', '78'), ('173', '7', '78'), ('174', '8', '78'), ('175', '9', '78'), ('176', '10', '78'), ('177', '11', '78'), ('178', '1', '79'), ('179', '2', '79'), ('180', '3', '79'), ('181', '4', '79'), ('182', '5', '79'), ('183', '6', '79'), ('184', '7', '79'), ('185', '8', '79'), ('186', '9', '79'), ('187', '10', '79'), ('188', '11', '79'), ('189', '1', '80'), ('190', '2', '80'), ('191', '3', '80'), ('192', '4', '80'), ('193', '5', '80'), ('194', '6', '80'), ('195', '7', '80'), ('196', '8', '80'), ('197', '9', '80'), ('198', '10', '80'), ('199', '11', '80'), ('200', '1', '81'), ('201', '2', '81'), ('202', '3', '81'), ('203', '4', '81'), ('204', '5', '81'), ('205', '6', '81'), ('206', '7', '81'), ('207', '8', '81'), ('208', '9', '81'), ('209', '10', '81'), ('210', '11', '81'), ('211', '1', '82'), ('212', '2', '82'), ('213', '3', '82'), ('214', '4', '82'), ('215', '5', '82'), ('216', '6', '82'), ('217', '7', '82'), ('218', '8', '82'), ('219', '9', '82'), ('220', '10', '82'), ('221', '11', '82'), ('222', '1', '83'), ('223', '2', '83'), ('224', '3', '83'), ('225', '4', '83'), ('226', '5', '83'), ('227', '6', '83'), ('228', '7', '83'), ('229', '8', '83'), ('230', '9', '83'), ('231', '10', '83'), ('232', '11', '83'), ('233', '1', '84'), ('234', '2', '84'), ('235', '3', '84'), ('236', '4', '84'), ('237', '5', '84'), ('238', '6', '84'), ('239', '7', '84'), ('240', '8', '84'), ('241', '9', '84'), ('242', '10', '84'), ('243', '11', '84'), ('244', '1', '85'), ('245', '2', '85'), ('246', '3', '85'), ('247', '4', '85'), ('248', '5', '85'), ('249', '6', '85'), ('250', '7', '85'), ('251', '8', '85'), ('252', '9', '85'), ('253', '10', '85'), ('254', '11', '85'), ('255', '1', '86'), ('256', '2', '86'), ('257', '3', '86'), ('258', '4', '86'), ('259', '5', '86'), ('260', '6', '86'), ('261', '7', '86'), ('262', '8', '86'), ('263', '9', '86'), ('264', '10', '86'), ('265', '11', '86'), ('266', '1', '87'), ('267', '2', '87'), ('268', '3', '87'), ('269', '4', '87'), ('270', '5', '87'), ('271', '6', '87'), ('272', '7', '87'), ('273', '8', '87'), ('274', '9', '87'), ('275', '10', '87'), ('276', '11', '87'), ('277', '1', '88'), ('278', '2', '88'), ('279', '3', '88'), ('280', '4', '88'), ('281', '5', '88'), ('282', '6', '88'), ('283', '7', '88'), ('284', '8', '88'), ('285', '9', '88'), ('286', '10', '88'), ('287', '11', '88'), ('288', '1', '89'), ('289', '2', '89'), ('290', '3', '89'), ('291', '4', '89'), ('292', '5', '89'), ('293', '6', '89'), ('294', '7', '89'), ('295', '8', '89'), ('296', '9', '89'), ('297', '10', '89'), ('298', '11', '89'), ('299', '1', '90'), ('300', '2', '90'), ('301', '3', '90'), ('302', '4', '90'), ('303', '5', '90'), ('304', '6', '90'), ('305', '7', '90'), ('306', '8', '90'), ('307', '9', '90'), ('308', '10', '90'), ('309', '11', '90'), ('310', '1', '91'), ('311', '2', '91'), ('312', '3', '91'), ('313', '4', '91'), ('314', '5', '91'), ('315', '6', '91'), ('316', '7', '91'), ('317', '8', '91'), ('318', '9', '91'), ('319', '10', '91'), ('320', '11', '91');
COMMIT;

-- ----------------------------
--  Table structure for `resource_alignment_map`
-- ----------------------------
DROP TABLE IF EXISTS `resource_alignment_map`;
CREATE TABLE `resource_alignment_map` (
  `id` int(11) NOT NULL AUTO_INCREMENT,
  `resource_alignment_id` int(11) NOT NULL,
  `response` int(11) NOT NULL,
  `utility` int(11) NOT NULL DEFAULT '0',
  PRIMARY KEY (`id`),
  UNIQUE KEY `resource_alignment_id` (`resource_alignment_id`,`response`),
  KEY `resource_alignment_id_index` (`resource_alignment_id`),
  CONSTRAINT `resource_alignment_maps_ibfk_1` FOREIGN KEY (`resource_alignment_id`) REFERENCES `resource_alignment` (`id`) ON DELETE CASCADE
) ENGINE=InnoDB AUTO_INCREMENT=2320 DEFAULT CHARSET=utf8;

-- ----------------------------
--  Records of `resource_alignment_map`
-- ----------------------------
BEGIN;
INSERT INTO `resource_alignment_map` VALUES ('1', '46', '1', '5'), ('2', '47', '1', '2'), ('3', '48', '1', '2'), ('4', '49', '1', '2'), ('5', '50', '1', '2'), ('6', '51', '1', '5'), ('7', '52', '1', '5'), ('8', '53', '1', '4'), ('9', '54', '1', '2'), ('10', '55', '1', '4'), ('11', '56', '1', '2'), ('12', '57', '1', '4'), ('13', '58', '1', '2'), ('14', '59', '1', '3'), ('15', '60', '1', '3'), ('16', '61', '1', '4'), ('17', '62', '1', '4'), ('18', '63', '1', '3'), ('19', '64', '1', '3'), ('20', '65', '1', '3'), ('21', '66', '1', '5'), ('22', '67', '1', '2'), ('23', '68', '1', '3'), ('24', '69', '1', '4'), ('25', '70', '1', '1'), ('26', '71', '1', '1'), ('27', '72', '1', '2'), ('28', '73', '1', '4'), ('29', '74', '1', '2'), ('30', '75', '1', '2'), ('31', '76', '1', '4'), ('32', '77', '1', '3'), ('33', '78', '1', '5'), ('34', '79', '1', '4'), ('35', '80', '1', '4'), ('36', '81', '1', '3'), ('37', '82', '1', '1'), ('38', '83', '1', '1'), ('39', '84', '1', '1'), ('40', '85', '1', '2'), ('41', '86', '1', '4'), ('42', '87', '1', '2'), ('43', '88', '1', '5'), ('44', '89', '1', '4'), ('45', '90', '1', '3'), ('46', '91', '1', '3'), ('47', '92', '1', '4'), ('48', '93', '1', '3'), ('49', '94', '1', '5'), ('50', '95', '1', '4'), ('51', '96', '1', '3'), ('52', '97', '1', '2'), ('53', '98', '1', '1'), ('54', '99', '1', '4'), ('55', '100', '1', '3'), ('56', '101', '1', '5'), ('57', '102', '1', '3'), ('58', '103', '1', '3'), ('59', '104', '1', '4'), ('60', '105', '1', '3'), ('61', '106', '1', '1'), ('62', '107', '1', '5'), ('63', '108', '1', '4'), ('64', '109', '1', '4'), ('65', '110', '1', '2'), ('66', '111', '1', '4'), ('67', '112', '1', '2'), ('68', '113', '1', '4'), ('69', '114', '1', '3'), ('70', '115', '1', '1'), ('71', '116', '1', '1'), ('72', '117', '1', '1'), ('73', '118', '1', '1'), ('74', '119', '1', '2'), ('75', '120', '1', '2'), ('76', '121', '1', '2'), ('77', '122', '1', '3'), ('78', '123', '1', '2'), ('79', '124', '1', '3'), ('80', '125', '1', '1'), ('81', '126', '1', '4'), ('82', '127', '1', '4'), ('83', '128', '1', '5'), ('84', '129', '1', '4'), ('85', '130', '1', '2'), ('86', '131', '1', '1'), ('87', '132', '1', '1'), ('88', '133', '1', '3'), ('89', '134', '1', '3'), ('90', '135', '1', '4'), ('91', '136', '1', '4'), ('92', '137', '1', '5'), ('93', '138', '1', '2'), ('94', '139', '1', '1'), ('95', '140', '1', '3'), ('96', '141', '1', '4'), ('97', '142', '1', '2'), ('98', '143', '1', '5'), ('99', '144', '1', '1'), ('100', '145', '1', '4'), ('101', '146', '1', '5'), ('102', '147', '1', '3'), ('103', '148', '1', '1'), ('104', '149', '1', '4'), ('105', '150', '1', '3'), ('106', '151', '1', '1'), ('107', '152', '1', '5'), ('108', '153', '1', '4'), ('109', '154', '1', '4'), ('110', '155', '1', '3'), ('111', '156', '1', '4'), ('112', '157', '1', '4'), ('113', '158', '1', '2'), ('114', '159', '1', '4'), ('115', '160', '1', '4'), ('116', '161', '1', '2'), ('117', '162', '1', '3'), ('118', '163', '1', '4'), ('119', '164', '1', '2'), ('120', '165', '1', '4'), ('121', '166', '1', '4'), ('122', '167', '1', '4'), ('123', '168', '1', '1'), ('124', '169', '1', '5'), ('125', '170', '1', '3'), ('126', '171', '1', '1'), ('127', '172', '1', '3'), ('128', '173', '1', '5'), ('129', '174', '1', '2'), ('130', '175', '1', '3'), ('131', '176', '1', '5'), ('132', '177', '1', '2'), ('133', '178', '1', '3'), ('134', '179', '1', '4'), ('135', '180', '1', '3'), ('136', '181', '1', '3'), ('137', '182', '1', '3'), ('138', '183', '1', '2'), ('139', '184', '1', '4'), ('140', '185', '1', '3'), ('141', '186', '1', '1'), ('142', '187', '1', '5'), ('143', '188', '1', '3'), ('144', '189', '1', '3'), ('145', '190', '1', '5'), ('146', '191', '1', '3'), ('147', '192', '1', '1'), ('148', '193', '1', '4'), ('149', '194', '1', '2'), ('150', '195', '1', '5'), ('151', '196', '1', '2'), ('152', '197', '1', '3'), ('153', '198', '1', '4'), ('154', '199', '1', '5'), ('155', '200', '1', '3'), ('156', '201', '1', '2'), ('157', '202', '1', '2'), ('158', '203', '1', '3'), ('159', '204', '1', '4'), ('160', '205', '1', '4'), ('161', '206', '1', '4'), ('162', '207', '1', '3'), ('163', '208', '1', '1'), ('164', '209', '1', '5'), ('165', '210', '1', '4'), ('166', '211', '1', '3'), ('167', '212', '1', '4'), ('168', '213', '1', '4'), ('169', '214', '1', '3'), ('170', '215', '1', '4'), ('171', '216', '1', '4'), ('172', '217', '1', '2'), ('173', '218', '1', '1'), ('174', '219', '1', '5'), ('175', '220', '1', '2'), ('176', '221', '1', '4'), ('177', '222', '1', '3'), ('178', '223', '1', '2'), ('179', '224', '1', '1'), ('180', '225', '1', '4'), ('181', '226', '1', '2'), ('182', '227', '1', '1'), ('183', '228', '1', '3'), ('184', '229', '1', '4'), ('185', '230', '1', '3'), ('186', '231', '1', '1'), ('187', '232', '1', '3'), ('188', '233', '1', '2'), ('189', '234', '1', '1'), ('190', '235', '1', '3'), ('191', '236', '1', '5'), ('192', '237', '1', '3'), ('193', '238', '1', '3'), ('194', '239', '1', '3'), ('195', '240', '1', '2'), ('196', '241', '1', '5'), ('197', '242', '1', '2'), ('198', '243', '1', '4'), ('199', '244', '1', '2'), ('200', '245', '1', '2'), ('201', '246', '1', '1'), ('202', '247', '1', '1'), ('203', '248', '1', '2'), ('204', '249', '1', '4'), ('205', '250', '1', '2'), ('206', '251', '1', '1'), ('207', '252', '1', '3'), ('208', '253', '1', '1'), ('209', '254', '1', '1'), ('210', '255', '1', '5'), ('211', '256', '1', '2'), ('212', '257', '1', '1'), ('213', '258', '1', '1'), ('214', '259', '1', '2'), ('215', '260', '1', '4'), ('216', '261', '1', '3'), ('217', '262', '1', '4'), ('218', '263', '1', '4'), ('219', '264', '1', '2'), ('220', '265', '1', '2'), ('221', '266', '1', '4'), ('222', '267', '1', '1'), ('223', '268', '1', '4'), ('224', '269', '1', '4'), ('225', '270', '1', '4'), ('226', '271', '1', '2'), ('227', '272', '1', '4'), ('228', '273', '1', '4'), ('229', '274', '1', '4'), ('230', '275', '1', '2'), ('231', '276', '1', '2'), ('232', '277', '1', '4'), ('233', '278', '1', '5'), ('234', '279', '1', '3'), ('235', '280', '1', '2'), ('236', '281', '1', '2'), ('237', '282', '1', '2'), ('238', '283', '1', '3'), ('239', '284', '1', '2'), ('240', '285', '1', '5'), ('241', '286', '1', '2'), ('242', '287', '1', '4'), ('243', '288', '1', '3'), ('244', '289', '1', '5'), ('245', '290', '1', '4'), ('246', '291', '1', '2'), ('247', '292', '1', '3'), ('248', '293', '1', '2'), ('249', '294', '1', '2'), ('250', '295', '1', '2'), ('251', '296', '1', '5'), ('252', '297', '1', '2'), ('253', '298', '1', '5'), ('254', '299', '1', '3'), ('255', '300', '1', '1'), ('256', '301', '1', '1'), ('257', '302', '1', '2'), ('258', '303', '1', '5'), ('259', '304', '1', '5'), ('260', '305', '1', '4'), ('261', '306', '1', '2'), ('262', '307', '1', '4'), ('263', '308', '1', '3'), ('264', '309', '1', '5'), ('265', '310', '1', '1'), ('266', '311', '1', '2'), ('267', '312', '1', '4'), ('268', '313', '1', '4'), ('269', '314', '1', '4'), ('270', '315', '1', '4'), ('271', '316', '1', '2'), ('272', '317', '1', '3'), ('273', '318', '1', '5'), ('274', '319', '1', '2'), ('275', '320', '1', '2'), ('512', '46', '2', '4'), ('513', '47', '2', '2'), ('514', '48', '2', '2'), ('515', '49', '2', '5'), ('516', '50', '2', '4'), ('517', '51', '2', '2'), ('518', '52', '2', '1'), ('519', '53', '2', '4'), ('520', '54', '2', '1'), ('521', '55', '2', '5'), ('522', '56', '2', '5'), ('523', '57', '2', '4'), ('524', '58', '2', '4'), ('525', '59', '2', '4'), ('526', '60', '2', '5'), ('527', '61', '2', '4'), ('528', '62', '2', '3'), ('529', '63', '2', '3'), ('530', '64', '2', '4'), ('531', '65', '2', '1'), ('532', '66', '2', '2'), ('533', '67', '2', '4'), ('534', '68', '2', '3'), ('535', '69', '2', '4'), ('536', '70', '2', '3'), ('537', '71', '2', '4'), ('538', '72', '2', '5'), ('539', '73', '2', '3'), ('540', '74', '2', '1'), ('541', '75', '2', '3'), ('542', '76', '2', '1'), ('543', '77', '2', '4'), ('544', '78', '2', '1'), ('545', '79', '2', '4'), ('546', '80', '2', '5'), ('547', '81', '2', '1'), ('548', '82', '2', '4'), ('549', '83', '2', '3'), ('550', '84', '2', '2'), ('551', '85', '2', '1'), ('552', '86', '2', '3'), ('553', '87', '2', '4'), ('554', '88', '2', '4'), ('555', '89', '2', '4'), ('556', '90', '2', '2'), ('557', '91', '2', '5'), ('558', '92', '2', '4'), ('559', '93', '2', '1'), ('560', '94', '2', '4'), ('561', '95', '2', '1'), ('562', '96', '2', '1'), ('563', '97', '2', '5'), ('564', '98', '2', '4'), ('565', '99', '2', '4'), ('566', '100', '2', '3'), ('567', '101', '2', '1'), ('568', '102', '2', '2'), ('569', '103', '2', '4'), ('570', '104', '2', '1'), ('571', '105', '2', '1'), ('572', '106', '2', '4'), ('573', '107', '2', '2'), ('574', '108', '2', '1'), ('575', '109', '2', '1'), ('576', '110', '2', '2'), ('577', '111', '2', '2'), ('578', '112', '2', '2'), ('579', '113', '2', '5'), ('580', '114', '2', '4'), ('581', '115', '2', '4'), ('582', '116', '2', '1'), ('583', '117', '2', '3'), ('584', '118', '2', '4'), ('585', '119', '2', '3'), ('586', '120', '2', '3'), ('587', '121', '2', '4'), ('588', '122', '2', '3'), ('589', '123', '2', '5'), ('590', '124', '2', '3'), ('591', '125', '2', '2'), ('592', '126', '2', '3'), ('593', '127', '2', '3'), ('594', '128', '2', '3'), ('595', '129', '2', '3'), ('596', '130', '2', '3'), ('597', '131', '2', '3'), ('598', '132', '2', '2'), ('599', '133', '2', '5'), ('600', '134', '2', '3'), ('601', '135', '2', '3'), ('602', '136', '2', '2'), ('603', '137', '2', '5'), ('604', '138', '2', '3'), ('605', '139', '2', '2'), ('606', '140', '2', '3'), ('607', '141', '2', '4'), ('608', '142', '2', '2'), ('609', '143', '2', '2'), ('610', '144', '2', '4'), ('611', '145', '2', '5'), ('612', '146', '2', '3'), ('613', '147', '2', '1'), ('614', '148', '2', '2'), ('615', '149', '2', '2'), ('616', '150', '2', '4'), ('617', '151', '2', '4'), ('618', '152', '2', '3'), ('619', '153', '2', '5'), ('620', '154', '2', '2'), ('621', '155', '2', '2'), ('622', '156', '2', '2'), ('623', '157', '2', '4'), ('624', '158', '2', '4'), ('625', '159', '2', '4'), ('626', '160', '2', '5'), ('627', '161', '2', '2'), ('628', '162', '2', '4'), ('629', '163', '2', '2'), ('630', '164', '2', '2'), ('631', '165', '2', '3'), ('632', '166', '2', '2'), ('633', '167', '2', '2'), ('634', '168', '2', '3'), ('635', '169', '2', '2'), ('636', '170', '2', '3'), ('637', '171', '2', '1'), ('638', '172', '2', '3'), ('639', '173', '2', '5'), ('640', '174', '2', '3'), ('641', '175', '2', '3'), ('642', '176', '2', '2'), ('643', '177', '2', '3'), ('644', '178', '2', '2'), ('645', '179', '2', '5'), ('646', '180', '2', '5'), ('647', '181', '2', '4'), ('648', '182', '2', '2'), ('649', '183', '2', '5'), ('650', '184', '2', '5'), ('651', '185', '2', '3'), ('652', '186', '2', '2'), ('653', '187', '2', '1'), ('654', '188', '2', '5'), ('655', '189', '2', '4'), ('656', '190', '2', '1'), ('657', '191', '2', '4'), ('658', '192', '2', '3'), ('659', '193', '2', '4'), ('660', '194', '2', '2'), ('661', '195', '2', '3'), ('662', '196', '2', '5'), ('663', '197', '2', '4'), ('664', '198', '2', '4'), ('665', '199', '2', '4'), ('666', '200', '2', '1'), ('667', '201', '2', '4'), ('668', '202', '2', '3'), ('669', '203', '2', '5'), ('670', '204', '2', '4'), ('671', '205', '2', '3'), ('672', '206', '2', '2'), ('673', '207', '2', '5'), ('674', '208', '2', '4'), ('675', '209', '2', '2'), ('676', '210', '2', '4'), ('677', '211', '2', '3'), ('678', '212', '2', '5'), ('679', '213', '2', '1'), ('680', '214', '2', '2'), ('681', '215', '2', '2'), ('682', '216', '2', '5'), ('683', '217', '2', '3'), ('684', '218', '2', '5'), ('685', '219', '2', '5'), ('686', '220', '2', '4'), ('687', '221', '2', '2'), ('688', '222', '2', '1'), ('689', '223', '2', '3'), ('690', '224', '2', '2'), ('691', '225', '2', '2'), ('692', '226', '2', '1'), ('693', '227', '2', '2'), ('694', '228', '2', '2'), ('695', '229', '2', '5'), ('696', '230', '2', '3'), ('697', '231', '2', '2'), ('698', '232', '2', '3'), ('699', '233', '2', '1'), ('700', '234', '2', '4'), ('701', '235', '2', '2'), ('702', '236', '2', '2'), ('703', '237', '2', '5'), ('704', '238', '2', '4'), ('705', '239', '2', '3'), ('706', '240', '2', '3'), ('707', '241', '2', '4'), ('708', '242', '2', '4'), ('709', '243', '2', '4'), ('710', '244', '2', '5'), ('711', '245', '2', '4'), ('712', '246', '2', '2'), ('713', '247', '2', '4'), ('714', '248', '2', '1'), ('715', '249', '2', '1'), ('716', '250', '2', '5'), ('717', '251', '2', '3'), ('718', '252', '2', '5'), ('719', '253', '2', '2'), ('720', '254', '2', '2'), ('721', '255', '2', '2'), ('722', '256', '2', '5'), ('723', '257', '2', '4'), ('724', '258', '2', '3'), ('725', '259', '2', '4'), ('726', '260', '2', '2'), ('727', '261', '2', '3'), ('728', '262', '2', '4'), ('729', '263', '2', '3'), ('730', '264', '2', '2'), ('731', '265', '2', '4'), ('732', '266', '2', '4'), ('733', '267', '2', '5'), ('734', '268', '2', '4'), ('735', '269', '2', '2'), ('736', '270', '2', '5'), ('737', '271', '2', '1'), ('738', '272', '2', '1'), ('739', '273', '2', '3'), ('740', '274', '2', '2'), ('741', '275', '2', '1'), ('742', '276', '2', '2'), ('743', '277', '2', '4'), ('744', '278', '2', '1'), ('745', '279', '2', '2'), ('746', '280', '2', '5'), ('747', '281', '2', '2'), ('748', '282', '2', '1'), ('749', '283', '2', '5'), ('750', '284', '2', '3'), ('751', '285', '2', '3'), ('752', '286', '2', '4'), ('753', '287', '2', '3'), ('754', '288', '2', '2'), ('755', '289', '2', '1'), ('756', '290', '2', '2'), ('757', '291', '2', '1'), ('758', '292', '2', '4'), ('759', '293', '2', '5'), ('760', '294', '2', '2'), ('761', '295', '2', '1'), ('762', '296', '2', '4'), ('763', '297', '2', '2'), ('764', '298', '2', '1'), ('765', '299', '2', '4'), ('766', '300', '2', '1'), ('767', '301', '2', '2'), ('768', '302', '2', '4'), ('769', '303', '2', '5'), ('770', '304', '2', '3'), ('771', '305', '2', '4'), ('772', '306', '2', '4'), ('773', '307', '2', '3'), ('774', '308', '2', '3'), ('775', '309', '2', '5'), ('776', '310', '2', '3'), ('777', '311', '2', '5'), ('778', '312', '2', '5'), ('779', '313', '2', '5'), ('780', '314', '2', '5'), ('781', '315', '2', '3'), ('782', '316', '2', '2'), ('783', '317', '2', '2'), ('784', '318', '2', '3'), ('785', '319', '2', '1'), ('786', '320', '2', '3'), ('1023', '46', '3', '5'), ('1024', '47', '3', '5'), ('1025', '48', '3', '3'), ('1026', '49', '3', '2'), ('1027', '50', '3', '3'), ('1028', '51', '3', '2'), ('1029', '52', '3', '2'), ('1030', '53', '3', '5'), ('1031', '54', '3', '2'), ('1032', '55', '3', '2'), ('1033', '56', '3', '5'), ('1034', '57', '3', '4'), ('1035', '58', '3', '4'), ('1036', '59', '3', '4'), ('1037', '60', '3', '3'), ('1038', '61', '3', '5'), ('1039', '62', '3', '2'), ('1040', '63', '3', '4'), ('1041', '64', '3', '1'), ('1042', '65', '3', '4'), ('1043', '66', '3', '2'), ('1044', '67', '3', '2'), ('1045', '68', '3', '2'), ('1046', '69', '3', '2'), ('1047', '70', '3', '2'), ('1048', '71', '3', '5'), ('1049', '72', '3', '5'), ('1050', '73', '3', '1'), ('1051', '74', '3', '2'), ('1052', '75', '3', '1'), ('1053', '76', '3', '3'), ('1054', '77', '3', '1'), ('1055', '78', '3', '2'), ('1056', '79', '3', '1'), ('1057', '80', '3', '3'), ('1058', '81', '3', '4'), ('1059', '82', '3', '4'), ('1060', '83', '3', '2'), ('1061', '84', '3', '3'), ('1062', '85', '3', '3'), ('1063', '86', '3', '3'), ('1064', '87', '3', '2'), ('1065', '88', '3', '5'), ('1066', '89', '3', '2'), ('1067', '90', '3', '3'), ('1068', '91', '3', '1'), ('1069', '92', '3', '2'), ('1070', '93', '3', '1'), ('1071', '94', '3', '4'), ('1072', '95', '3', '5'), ('1073', '96', '3', '3'), ('1074', '97', '3', '2'), ('1075', '98', '3', '3'), ('1076', '99', '3', '1'), ('1077', '100', '3', '3'), ('1078', '101', '3', '5'), ('1079', '102', '3', '4'), ('1080', '103', '3', '3'), ('1081', '104', '3', '4'), ('1082', '105', '3', '4'), ('1083', '106', '3', '3'), ('1084', '107', '3', '4'), ('1085', '108', '3', '2'), ('1086', '109', '3', '3'), ('1087', '110', '3', '3'), ('1088', '111', '3', '3'), ('1089', '112', '3', '5'), ('1090', '113', '3', '2'), ('1091', '114', '3', '2'), ('1092', '115', '3', '3'), ('1093', '116', '3', '2'), ('1094', '117', '3', '2'), ('1095', '118', '3', '5'), ('1096', '119', '3', '3'), ('1097', '120', '3', '4'), ('1098', '121', '3', '4'), ('1099', '122', '3', '3'), ('1100', '123', '3', '3'), ('1101', '124', '3', '2'), ('1102', '125', '3', '5'), ('1103', '126', '3', '1'), ('1104', '127', '3', '2'), ('1105', '128', '3', '2'), ('1106', '129', '3', '5'), ('1107', '130', '3', '3'), ('1108', '131', '3', '2'), ('1109', '132', '3', '2'), ('1110', '133', '3', '4'), ('1111', '134', '3', '4'), ('1112', '135', '3', '1'), ('1113', '136', '3', '3'), ('1114', '137', '3', '1'), ('1115', '138', '3', '1'), ('1116', '139', '3', '4'), ('1117', '140', '3', '4'), ('1118', '141', '3', '5'), ('1119', '142', '3', '1'), ('1120', '143', '3', '4'), ('1121', '144', '3', '5'), ('1122', '145', '3', '4'), ('1123', '146', '3', '3'), ('1124', '147', '3', '3'), ('1125', '148', '3', '3'), ('1126', '149', '3', '2'), ('1127', '150', '3', '4'), ('1128', '151', '3', '4'), ('1129', '152', '3', '3'), ('1130', '153', '3', '3'), ('1131', '154', '3', '2'), ('1132', '155', '3', '5'), ('1133', '156', '3', '4'), ('1134', '157', '3', '3'), ('1135', '158', '3', '1'), ('1136', '159', '3', '2'), ('1137', '160', '3', '2'), ('1138', '161', '3', '2'), ('1139', '162', '3', '1'), ('1140', '163', '3', '5'), ('1141', '164', '3', '2'), ('1142', '165', '3', '1'), ('1143', '166', '3', '2'), ('1144', '167', '3', '3'), ('1145', '168', '3', '2'), ('1146', '169', '3', '5'), ('1147', '170', '3', '3'), ('1148', '171', '3', '5'), ('1149', '172', '3', '2'), ('1150', '173', '3', '2'), ('1151', '174', '3', '4'), ('1152', '175', '3', '3'), ('1153', '176', '3', '3'), ('1154', '177', '3', '2'), ('1155', '178', '3', '2'), ('1156', '179', '3', '4'), ('1157', '180', '3', '2'), ('1158', '181', '3', '5'), ('1159', '182', '3', '4'), ('1160', '183', '3', '4'), ('1161', '184', '3', '4'), ('1162', '185', '3', '5'), ('1163', '186', '3', '5'), ('1164', '187', '3', '4'), ('1165', '188', '3', '1'), ('1166', '189', '3', '2'), ('1167', '190', '3', '3'), ('1168', '191', '3', '3'), ('1169', '192', '3', '5'), ('1170', '193', '3', '3'), ('1171', '194', '3', '2'), ('1172', '195', '3', '4'), ('1173', '196', '3', '4'), ('1174', '197', '3', '1'), ('1175', '198', '3', '3'), ('1176', '199', '3', '4'), ('1177', '200', '3', '3'), ('1178', '201', '3', '2'), ('1179', '202', '3', '5'), ('1180', '203', '3', '1'), ('1181', '204', '3', '1'), ('1182', '205', '3', '3'), ('1183', '206', '3', '1'), ('1184', '207', '3', '5'), ('1185', '208', '3', '2'), ('1186', '209', '3', '1'), ('1187', '210', '3', '3'), ('1188', '211', '3', '4'), ('1189', '212', '3', '3'), ('1190', '213', '3', '4'), ('1191', '214', '3', '1'), ('1192', '215', '3', '5'), ('1193', '216', '3', '4'), ('1194', '217', '3', '2'), ('1195', '218', '3', '2'), ('1196', '219', '3', '1'), ('1197', '220', '3', '3'), ('1198', '221', '3', '4'), ('1199', '222', '3', '2'), ('1200', '223', '3', '4'), ('1201', '224', '3', '2'), ('1202', '225', '3', '3'), ('1203', '226', '3', '4'), ('1204', '227', '3', '2'), ('1205', '228', '3', '3'), ('1206', '229', '3', '3'), ('1207', '230', '3', '3'), ('1208', '231', '3', '2'), ('1209', '232', '3', '5'), ('1210', '233', '3', '4'), ('1211', '234', '3', '5'), ('1212', '235', '3', '3'), ('1213', '236', '3', '1'), ('1214', '237', '3', '2'), ('1215', '238', '3', '3'), ('1216', '239', '3', '4'), ('1217', '240', '3', '3'), ('1218', '241', '3', '1'), ('1219', '242', '3', '5'), ('1220', '243', '3', '3'), ('1221', '244', '3', '2'), ('1222', '245', '3', '2'), ('1223', '246', '3', '4'), ('1224', '247', '3', '2'), ('1225', '248', '3', '2'), ('1226', '249', '3', '4'), ('1227', '250', '3', '3'), ('1228', '251', '3', '1'), ('1229', '252', '3', '4'), ('1230', '253', '3', '3'), ('1231', '254', '3', '4'), ('1232', '255', '3', '3'), ('1233', '256', '3', '4'), ('1234', '257', '3', '3'), ('1235', '258', '3', '3'), ('1236', '259', '3', '4'), ('1237', '260', '3', '3'), ('1238', '261', '3', '2'), ('1239', '262', '3', '2'), ('1240', '263', '3', '2'), ('1241', '264', '3', '3'), ('1242', '265', '3', '2'), ('1243', '266', '3', '2'), ('1244', '267', '3', '2'), ('1245', '268', '3', '2'), ('1246', '269', '3', '2'), ('1247', '270', '3', '1'), ('1248', '271', '3', '3'), ('1249', '272', '3', '2'), ('1250', '273', '3', '1'), ('1251', '274', '3', '2'), ('1252', '275', '3', '3'), ('1253', '276', '3', '1'), ('1254', '277', '3', '2'), ('1255', '278', '3', '5'), ('1256', '279', '3', '4'), ('1257', '280', '3', '2'), ('1258', '281', '3', '2'), ('1259', '282', '3', '3'), ('1260', '283', '3', '1'), ('1261', '284', '3', '5'), ('1262', '285', '3', '3'), ('1263', '286', '3', '5'), ('1264', '287', '3', '2'), ('1265', '288', '3', '1'), ('1266', '289', '3', '4'), ('1267', '290', '3', '5'), ('1268', '291', '3', '2'), ('1269', '292', '3', '2'), ('1270', '293', '3', '2'), ('1271', '294', '3', '3'), ('1272', '295', '3', '2'), ('1273', '296', '3', '3'), ('1274', '297', '3', '2'), ('1275', '298', '3', '3'), ('1276', '299', '3', '3'), ('1277', '300', '3', '1'), ('1278', '301', '3', '3'), ('1279', '302', '3', '5'), ('1280', '303', '3', '2'), ('1281', '304', '3', '5'), ('1282', '305', '3', '5'), ('1283', '306', '3', '4'), ('1284', '307', '3', '4'), ('1285', '308', '3', '3'), ('1286', '309', '3', '2'), ('1287', '310', '3', '4'), ('1288', '311', '3', '3'), ('1289', '312', '3', '4'), ('1290', '313', '3', '3'), ('1291', '314', '3', '3'), ('1292', '315', '3', '5'), ('1293', '316', '3', '3'), ('1294', '317', '3', '2'), ('1295', '318', '3', '5'), ('1296', '319', '3', '4'), ('1297', '320', '3', '2'), ('1534', '46', '4', '4'), ('1535', '47', '4', '3'), ('1536', '48', '4', '3'), ('1537', '49', '4', '1'), ('1538', '50', '4', '2'), ('1539', '51', '4', '2'), ('1540', '52', '4', '2'), ('1541', '53', '4', '5'), ('1542', '54', '4', '4'), ('1543', '55', '4', '1'), ('1544', '56', '4', '5'), ('1545', '57', '4', '3'), ('1546', '58', '4', '2'), ('1547', '59', '4', '5'), ('1548', '60', '4', '2'), ('1549', '61', '4', '3'), ('1550', '62', '4', '4'), ('1551', '63', '4', '3'), ('1552', '64', '4', '1'), ('1553', '65', '4', '5'), ('1554', '66', '4', '2'), ('1555', '67', '4', '2'), ('1556', '68', '4', '2'), ('1557', '69', '4', '5'), ('1558', '70', '4', '5'), ('1559', '71', '4', '5'), ('1560', '72', '4', '4'), ('1561', '73', '4', '4'), ('1562', '74', '4', '2'), ('1563', '75', '4', '3'), ('1564', '76', '4', '4'), ('1565', '77', '4', '3'), ('1566', '78', '4', '3'), ('1567', '79', '4', '2'), ('1568', '80', '4', '3'), ('1569', '81', '4', '3'), ('1570', '82', '4', '2'), ('1571', '83', '4', '5'), ('1572', '84', '4', '4'), ('1573', '85', '4', '1'), ('1574', '86', '4', '5'), ('1575', '87', '4', '4'), ('1576', '88', '4', '4'), ('1577', '89', '4', '3'), ('1578', '90', '4', '5'), ('1579', '91', '4', '3'), ('1580', '92', '4', '2'), ('1581', '93', '4', '2'), ('1582', '94', '4', '3'), ('1583', '95', '4', '3'), ('1584', '96', '4', '3'), ('1585', '97', '4', '4'), ('1586', '98', '4', '4'), ('1587', '99', '4', '1'), ('1588', '100', '4', '5'), ('1589', '101', '4', '2'), ('1590', '102', '4', '4'), ('1591', '103', '4', '5'), ('1592', '104', '4', '3'), ('1593', '105', '4', '3'), ('1594', '106', '4', '4'), ('1595', '107', '4', '4'), ('1596', '108', '4', '3'), ('1597', '109', '4', '1'), ('1598', '110', '4', '5'), ('1599', '111', '4', '4'), ('1600', '112', '4', '3'), ('1601', '113', '4', '3'), ('1602', '114', '4', '3'), ('1603', '115', '4', '1'), ('1604', '116', '4', '2'), ('1605', '117', '4', '2'), ('1606', '118', '4', '2'), ('1607', '119', '4', '4'), ('1608', '120', '4', '2'), ('1609', '121', '4', '1'), ('1610', '122', '4', '5'), ('1611', '123', '4', '2'), ('1612', '124', '4', '5'), ('1613', '125', '4', '3'), ('1614', '126', '4', '4'), ('1615', '127', '4', '4'), ('1616', '128', '4', '5'), ('1617', '129', '4', '2'), ('1618', '130', '4', '4'), ('1619', '131', '4', '2'), ('1620', '132', '4', '3'), ('1621', '133', '4', '4'), ('1622', '134', '4', '2'), ('1623', '135', '4', '1'), ('1624', '136', '4', '3'), ('1625', '137', '4', '3'), ('1626', '138', '4', '1'), ('1627', '139', '4', '5'), ('1628', '140', '4', '2'), ('1629', '141', '4', '1'), ('1630', '142', '4', '1'), ('1631', '143', '4', '5'), ('1632', '144', '4', '2'), ('1633', '145', '4', '5'), ('1634', '146', '4', '4'), ('1635', '147', '4', '2'), ('1636', '148', '4', '5'), ('1637', '149', '4', '4'), ('1638', '150', '4', '4'), ('1639', '151', '4', '2'), ('1640', '152', '4', '4'), ('1641', '153', '4', '4'), ('1642', '154', '4', '2'), ('1643', '155', '4', '3'), ('1644', '156', '4', '1'), ('1645', '157', '4', '4'), ('1646', '158', '4', '2'), ('1647', '159', '4', '3'), ('1648', '160', '4', '5'), ('1649', '161', '4', '2'), ('1650', '162', '4', '5'), ('1651', '163', '4', '1'), ('1652', '164', '4', '3'), ('1653', '165', '4', '5'), ('1654', '166', '4', '4'), ('1655', '167', '4', '4'), ('1656', '168', '4', '4'), ('1657', '169', '4', '4'), ('1658', '170', '4', '2'), ('1659', '171', '4', '3'), ('1660', '172', '4', '2'), ('1661', '173', '4', '3'), ('1662', '174', '4', '2'), ('1663', '175', '4', '3'), ('1664', '176', '4', '4'), ('1665', '177', '4', '4'), ('1666', '178', '4', '3'), ('1667', '179', '4', '3'), ('1668', '180', '4', '4'), ('1669', '181', '4', '2'), ('1670', '182', '4', '2'), ('1671', '183', '4', '2'), ('1672', '184', '4', '2'), ('1673', '185', '4', '3'), ('1674', '186', '4', '3'), ('1675', '187', '4', '3'), ('1676', '188', '4', '4'), ('1677', '189', '4', '1'), ('1678', '190', '4', '2'), ('1679', '191', '4', '3'), ('1680', '192', '4', '1'), ('1681', '193', '4', '5'), ('1682', '194', '4', '2'), ('1683', '195', '4', '2'), ('1684', '196', '4', '4'), ('1685', '197', '4', '2'), ('1686', '198', '4', '4'), ('1687', '199', '4', '1'), ('1688', '200', '4', '5'), ('1689', '201', '4', '4'), ('1690', '202', '4', '3'), ('1691', '203', '4', '4'), ('1692', '204', '4', '2'), ('1693', '205', '4', '5'), ('1694', '206', '4', '5'), ('1695', '207', '4', '4'), ('1696', '208', '4', '3'), ('1697', '209', '4', '5'), ('1698', '210', '4', '4'), ('1699', '211', '4', '4'), ('1700', '212', '4', '1'), ('1701', '213', '4', '4'), ('1702', '214', '4', '4'), ('1703', '215', '4', '4'), ('1704', '216', '4', '2'), ('1705', '217', '4', '5'), ('1706', '218', '4', '4'), ('1707', '219', '4', '3'), ('1708', '220', '4', '4'), ('1709', '221', '4', '4'), ('1710', '222', '4', '2'), ('1711', '223', '4', '1'), ('1712', '224', '4', '3'), ('1713', '225', '4', '3'), ('1714', '226', '4', '3'), ('1715', '227', '4', '1'), ('1716', '228', '4', '2'), ('1717', '229', '4', '1'), ('1718', '230', '4', '3'), ('1719', '231', '4', '4'), ('1720', '232', '4', '4'), ('1721', '233', '4', '5'), ('1722', '234', '4', '2'), ('1723', '235', '4', '2'), ('1724', '236', '4', '1'), ('1725', '237', '4', '4'), ('1726', '238', '4', '4'), ('1727', '239', '4', '4'), ('1728', '240', '4', '5'), ('1729', '241', '4', '4'), ('1730', '242', '4', '5'), ('1731', '243', '4', '3'), ('1732', '244', '4', '5'), ('1733', '245', '4', '1'), ('1734', '246', '4', '4'), ('1735', '247', '4', '1'), ('1736', '248', '4', '2'), ('1737', '249', '4', '5'), ('1738', '250', '4', '4'), ('1739', '251', '4', '3'), ('1740', '252', '4', '3'), ('1741', '253', '4', '3'), ('1742', '254', '4', '4'), ('1743', '255', '4', '5'), ('1744', '256', '4', '4'), ('1745', '257', '4', '4'), ('1746', '258', '4', '4'), ('1747', '259', '4', '2'), ('1748', '260', '4', '4'), ('1749', '261', '4', '4'), ('1750', '262', '4', '2'), ('1751', '263', '4', '4'), ('1752', '264', '4', '2'), ('1753', '265', '4', '4'), ('1754', '266', '4', '3'), ('1755', '267', '4', '2'), ('1756', '268', '4', '3'), ('1757', '269', '4', '3'), ('1758', '270', '4', '4'), ('1759', '271', '4', '2'), ('1760', '272', '4', '2'), ('1761', '273', '4', '2'), ('1762', '274', '4', '4'), ('1763', '275', '4', '3'), ('1764', '276', '4', '3'), ('1765', '277', '4', '3'), ('1766', '278', '4', '3'), ('1767', '279', '4', '5'), ('1768', '280', '4', '3'), ('1769', '281', '4', '3'), ('1770', '282', '4', '2'), ('1771', '283', '4', '4'), ('1772', '284', '4', '2'), ('1773', '285', '4', '1'), ('1774', '286', '4', '3'), ('1775', '287', '4', '2'), ('1776', '288', '4', '1'), ('1777', '289', '4', '1'), ('1778', '290', '4', '3'), ('1779', '291', '4', '3'), ('1780', '292', '4', '4'), ('1781', '293', '4', '1'), ('1782', '294', '4', '1'), ('1783', '295', '4', '1'), ('1784', '296', '4', '1'), ('1785', '297', '4', '1'), ('1786', '298', '4', '2'), ('1787', '299', '4', '3'), ('1788', '300', '4', '3'), ('1789', '301', '4', '1'), ('1790', '302', '4', '4'), ('1791', '303', '4', '3'), ('1792', '304', '4', '4'), ('1793', '305', '4', '2'), ('1794', '306', '4', '2'), ('1795', '307', '4', '2'), ('1796', '308', '4', '2'), ('1797', '309', '4', '4'), ('1798', '310', '4', '4'), ('1799', '311', '4', '2'), ('1800', '312', '4', '3'), ('1801', '313', '4', '2'), ('1802', '314', '4', '5'), ('1803', '315', '4', '4'), ('1804', '316', '4', '1'), ('1805', '317', '4', '1'), ('1806', '318', '4', '1'), ('1807', '319', '4', '3'), ('1808', '320', '4', '4'), ('2045', '46', '5', '3'), ('2046', '47', '5', '4'), ('2047', '48', '5', '3'), ('2048', '49', '5', '5'), ('2049', '50', '5', '3'), ('2050', '51', '5', '2'), ('2051', '52', '5', '4'), ('2052', '53', '5', '4'), ('2053', '54', '5', '5'), ('2054', '55', '5', '4'), ('2055', '56', '5', '4'), ('2056', '57', '5', '1'), ('2057', '58', '5', '3'), ('2058', '59', '5', '4'), ('2059', '60', '5', '1'), ('2060', '61', '5', '2'), ('2061', '62', '5', '3'), ('2062', '63', '5', '4'), ('2063', '64', '5', '3'), ('2064', '65', '5', '3'), ('2065', '66', '5', '3'), ('2066', '67', '5', '5'), ('2067', '68', '5', '3'), ('2068', '69', '5', '2'), ('2069', '70', '5', '3'), ('2070', '71', '5', '2'), ('2071', '72', '5', '2'), ('2072', '73', '5', '5'), ('2073', '74', '5', '4'), ('2074', '75', '5', '2'), ('2075', '76', '5', '3'), ('2076', '77', '5', '3'), ('2077', '78', '5', '2'), ('2078', '79', '5', '3'), ('2079', '80', '5', '3'), ('2080', '81', '5', '2'), ('2081', '82', '5', '3'), ('2082', '83', '5', '1'), ('2083', '84', '5', '5'), ('2084', '85', '5', '3'), ('2085', '86', '5', '2'), ('2086', '87', '5', '1'), ('2087', '88', '5', '4'), ('2088', '89', '5', '5'), ('2089', '90', '5', '5'), ('2090', '91', '5', '2'), ('2091', '92', '5', '1'), ('2092', '93', '5', '4'), ('2093', '94', '5', '5'), ('2094', '95', '5', '1'), ('2095', '96', '5', '3'), ('2096', '97', '5', '3'), ('2097', '98', '5', '2'), ('2098', '99', '5', '3'), ('2099', '100', '5', '3'), ('2100', '101', '5', '4'), ('2101', '102', '5', '4'), ('2102', '103', '5', '3'), ('2103', '104', '5', '4'), ('2104', '105', '5', '3'), ('2105', '106', '5', '2'), ('2106', '107', '5', '4'), ('2107', '108', '5', '3'), ('2108', '109', '5', '5'), ('2109', '110', '5', '5'), ('2110', '111', '5', '1'), ('2111', '112', '5', '2'), ('2112', '113', '5', '3'), ('2113', '114', '5', '4'), ('2114', '115', '5', '2'), ('2115', '116', '5', '3'), ('2116', '117', '5', '3'), ('2117', '118', '5', '3'), ('2118', '119', '5', '5'), ('2119', '120', '5', '1'), ('2120', '121', '5', '4'), ('2121', '122', '5', '3'), ('2122', '123', '5', '3'), ('2123', '124', '5', '5'), ('2124', '125', '5', '3'), ('2125', '126', '5', '5'), ('2126', '127', '5', '2'), ('2127', '128', '5', '5'), ('2128', '129', '5', '3'), ('2129', '130', '5', '2'), ('2130', '131', '5', '5'), ('2131', '132', '5', '3'), ('2132', '133', '5', '4'), ('2133', '134', '5', '4'), ('2134', '135', '5', '2'), ('2135', '136', '5', '4'), ('2136', '137', '5', '4'), ('2137', '138', '5', '4'), ('2138', '139', '5', '4'), ('2139', '140', '5', '2'), ('2140', '141', '5', '2'), ('2141', '142', '5', '1'), ('2142', '143', '5', '3'), ('2143', '144', '5', '4'), ('2144', '145', '5', '4'), ('2145', '146', '5', '5'), ('2146', '147', '5', '3'), ('2147', '148', '5', '3'), ('2148', '149', '5', '3'), ('2149', '150', '5', '5'), ('2150', '151', '5', '4'), ('2151', '152', '5', '3'), ('2152', '153', '5', '2'), ('2153', '154', '5', '2'), ('2154', '155', '5', '5'), ('2155', '156', '5', '1'), ('2156', '157', '5', '4'), ('2157', '158', '5', '2'), ('2158', '159', '5', '4'), ('2159', '160', '5', '2'), ('2160', '161', '5', '5'), ('2161', '162', '5', '5'), ('2162', '163', '5', '2'), ('2163', '164', '5', '2'), ('2164', '165', '5', '2'), ('2165', '166', '5', '2'), ('2166', '167', '5', '3'), ('2167', '168', '5', '4'), ('2168', '169', '5', '2'), ('2169', '170', '5', '1'), ('2170', '171', '5', '4'), ('2171', '172', '5', '5'), ('2172', '173', '5', '4'), ('2173', '174', '5', '3'), ('2174', '175', '5', '3'), ('2175', '176', '5', '4'), ('2176', '177', '5', '5'), ('2177', '178', '5', '2'), ('2178', '179', '5', '1'), ('2179', '180', '5', '4'), ('2180', '181', '5', '3'), ('2181', '182', '5', '5'), ('2182', '183', '5', '3'), ('2183', '184', '5', '1'), ('2184', '185', '5', '3'), ('2185', '186', '5', '1'), ('2186', '187', '5', '4'), ('2187', '188', '5', '5'), ('2188', '189', '5', '2'), ('2189', '190', '5', '4'), ('2190', '191', '5', '5'), ('2191', '192', '5', '2'), ('2192', '193', '5', '2'), ('2193', '194', '5', '2'), ('2194', '195', '5', '1'), ('2195', '196', '5', '1'), ('2196', '197', '5', '3'), ('2197', '198', '5', '3'), ('2198', '199', '5', '2'), ('2199', '200', '5', '3'), ('2200', '201', '5', '3'), ('2201', '202', '5', '4'), ('2202', '203', '5', '4'), ('2203', '204', '5', '3'), ('2204', '205', '5', '2'), ('2205', '206', '5', '1'), ('2206', '207', '5', '2'), ('2207', '208', '5', '2'), ('2208', '209', '5', '4'), ('2209', '210', '5', '3'), ('2210', '211', '5', '2'), ('2211', '212', '5', '5'), ('2212', '213', '5', '1'), ('2213', '214', '5', '2'), ('2214', '215', '5', '2'), ('2215', '216', '5', '2'), ('2216', '217', '5', '2'), ('2217', '218', '5', '1'), ('2218', '219', '5', '3'), ('2219', '220', '5', '4'), ('2220', '221', '5', '1'), ('2221', '222', '5', '3'), ('2222', '223', '5', '4'), ('2223', '224', '5', '4'), ('2224', '225', '5', '2'), ('2225', '226', '5', '1'), ('2226', '227', '5', '4'), ('2227', '228', '5', '4'), ('2228', '229', '5', '2'), ('2229', '230', '5', '2'), ('2230', '231', '5', '5'), ('2231', '232', '5', '2'), ('2232', '233', '5', '1'), ('2233', '234', '5', '4'), ('2234', '235', '5', '3'), ('2235', '236', '5', '5'), ('2236', '237', '5', '2'), ('2237', '238', '5', '5'), ('2238', '239', '5', '3'), ('2239', '240', '5', '1'), ('2240', '241', '5', '3'), ('2241', '242', '5', '1'), ('2242', '243', '5', '2'), ('2243', '244', '5', '2'), ('2244', '245', '5', '4'), ('2245', '246', '5', '4'), ('2246', '247', '5', '4'), ('2247', '248', '5', '4'), ('2248', '249', '5', '2'), ('2249', '250', '5', '2'), ('2250', '251', '5', '1'), ('2251', '252', '5', '3'), ('2252', '253', '5', '5'), ('2253', '254', '5', '3'), ('2254', '255', '5', '5'), ('2255', '256', '5', '2'), ('2256', '257', '5', '1'), ('2257', '258', '5', '4'), ('2258', '259', '5', '2'), ('2259', '260', '5', '2'), ('2260', '261', '5', '2'), ('2261', '262', '5', '4'), ('2262', '263', '5', '2'), ('2263', '264', '5', '3'), ('2264', '265', '5', '2'), ('2265', '266', '5', '5'), ('2266', '267', '5', '3'), ('2267', '268', '5', '3'), ('2268', '269', '5', '2'), ('2269', '270', '5', '4'), ('2270', '271', '5', '2'), ('2271', '272', '5', '3'), ('2272', '273', '5', '3'), ('2273', '274', '5', '1'), ('2274', '275', '5', '2'), ('2275', '276', '5', '3'), ('2276', '277', '5', '3'), ('2277', '278', '5', '4'), ('2278', '279', '5', '5'), ('2279', '280', '5', '4'), ('2280', '281', '5', '3'), ('2281', '282', '5', '3'), ('2282', '283', '5', '4'), ('2283', '284', '5', '4'), ('2284', '285', '5', '4'), ('2285', '286', '5', '4'), ('2286', '287', '5', '3'), ('2287', '288', '5', '4'), ('2288', '289', '5', '3'), ('2289', '290', '5', '5'), ('2290', '291', '5', '5'), ('2291', '292', '5', '1'), ('2292', '293', '5', '2'), ('2293', '294', '5', '3'), ('2294', '295', '5', '3'), ('2295', '296', '5', '3'), ('2296', '297', '5', '2'), ('2297', '298', '5', '5'), ('2298', '299', '5', '1'), ('2299', '300', '5', '3'), ('2300', '301', '5', '4'), ('2301', '302', '5', '4'), ('2302', '303', '5', '5'), ('2303', '304', '5', '5'), ('2304', '305', '5', '1'), ('2305', '306', '5', '3'), ('2306', '307', '5', '2'), ('2307', '308', '5', '3'), ('2308', '309', '5', '4'), ('2309', '310', '5', '4'), ('2310', '311', '5', '3'), ('2311', '312', '5', '3'), ('2312', '313', '5', '3'), ('2313', '314', '5', '5'), ('2314', '315', '5', '2'), ('2315', '316', '5', '4'), ('2316', '317', '5', '3'), ('2317', '318', '5', '4'), ('2318', '319', '5', '3'), ('2319', '320', '5', '3');
COMMIT;

-- ----------------------------
--  Table structure for `resource_type`
-- ----------------------------
DROP TABLE IF EXISTS `resource_type`;
CREATE TABLE `resource_type` (
  `id` char(1) NOT NULL,
  `name` varchar(100) NOT NULL,
  `summary` varchar(500) DEFAULT NULL,
  `description` varchar(5000) DEFAULT NULL,
  PRIMARY KEY (`id`),
  UNIQUE KEY `id` (`id`)
) ENGINE=InnoDB DEFAULT CHARSET=utf8 ROW_FORMAT=COMPACT;

-- ----------------------------
--  Records of `resource_type`
-- ----------------------------
BEGIN;
INSERT INTO `resource_type` VALUES ('T', 'Template', 'Local HTML template file.', null), ('W', 'Web', 'Web URL.', null);
COMMIT;

-- ----------------------------
--  Table structure for `role`
-- ----------------------------
DROP TABLE IF EXISTS `role`;
CREATE TABLE `role` (
  `id` char(1) NOT NULL,
  `name` varchar(100) NOT NULL,
  `app_role_id` char(1) NOT NULL,
  `summary` varchar(500) DEFAULT NULL,
  `description` varchar(5000) DEFAULT NULL,
  PRIMARY KEY (`id`)
) ENGINE=InnoDB DEFAULT CHARSET=utf8 ROW_FORMAT=COMPACT;

-- ----------------------------
--  Records of `role`
-- ----------------------------
BEGIN;
INSERT INTO `role` VALUES ('A', 'Administrator', 'A', null, null), ('D', 'Guest Service Agent', 'P', null, null), ('M', 'Manager', 'M', null, null), ('R', 'Housekeeping Supervisor', 'P', null, null), ('S', 'Sysadmin', 'S', null, null), ('W', 'Waiter', 'P', null, null);
COMMIT;

-- ----------------------------
--  Procedure structure for `getOrgDescendantIds`
-- ----------------------------
DROP PROCEDURE IF EXISTS `getOrgDescendantIds`;
delimiter ;;
CREATE DEFINER=`root`@`localhost` PROCEDURE `getOrgDescendantIds`(IN pOrgId INT, OUT pDescendantIds TEXT)
BEGIN
    DECLARE vDone INT DEFAULT 0;
    DECLARE vChildId INT DEFAULT NULL;
    DECLARE vDescendantIds TEXT DEFAULT '';
    DECLARE vNumItems INT DEFAULT 0;
    DECLARE vItem TEXT DEFAULT '';
    DECLARE vI INT DEFAULT 0;
    DECLARE curs CURSOR FOR SELECT id FROM organization WHERE parent_id = pOrgId;
    DECLARE CONTINUE HANDLER FOR NOT FOUND SET vDone = 1;

    SET max_sp_recursion_depth = 255;
    IF pDescendantIds IS NULL THEN
      SET pDescendantIds = '';
    END IF;
    OPEN curs;
    REPEAT
      FETCH curs INTO vChildId;
      IF vChildId IS NOT NULL THEN
        IF LENGTH(pDescendantIds) > 0 THEN
          IF FIND_IN_SET(vChildId, pDescendantIds) <= 0 THEN
            SET pDescendantIds = CONCAT(pDescendantIds, ',', vChildId);
          END IF;
        ELSE
          SET pDescendantIds = vChildId;
        END IF;
        CALL getOrgDescendantIds(vChildId, vDescendantIds);
        IF LENGTH(vDescendantIds) > 0 THEN
          SET vNumItems = SubstrCount(',', vDescendantIds);
          IF (vNumItems > 0) THEN
            SET vI = 1;
            REPEAT
              SET vItem = splitStrAt(vDescendantIds, ',', vI);
              SET pDescendantIds = CONCAT(pDescendantIds, ',', vItem);
              SET vI = vI + 1;
            UNTIL vI > vNumItems END REPEAT;
          ELSE
            SET pDescendantIds = pDescendantIds;
          END IF;
        ELSE
          SET pDescendantIds = pDescendantIds;
        END IF;
      END IF;
    UNTIL vDone END REPEAT;
    CLOSE curs;
  END
 ;;
delimiter ;

-- ----------------------------
--  Function structure for `nOrgChildren`
-- ----------------------------
DROP FUNCTION IF EXISTS `nOrgChildren`;
delimiter ;;
CREATE DEFINER=`root`@`localhost` FUNCTION `nOrgChildren`(pOrgId INT) RETURNS int(11)
    DETERMINISTIC
BEGIN
    DECLARE cnt INT DEFAULT 0;
    SELECT COUNT(id) INTO cnt FROM organization WHERE parent_id=pOrgId;
    RETURN cnt;
  END
 ;;
delimiter ;

-- ----------------------------
--  Function structure for `RandomInt`
-- ----------------------------
DROP FUNCTION IF EXISTS `RandomInt`;
delimiter ;;
CREATE DEFINER=`root`@`localhost` FUNCTION `RandomInt`(minVal INT, maxVal INT) RETURNS int(11)
BEGIN
    RETURN (minVal + FLOOR(RAND() * ((maxVal - minVal)+1)));
  END
 ;;
delimiter ;

-- ----------------------------
--  Function structure for `retrieveOrgAncestorIds`
-- ----------------------------
DROP FUNCTION IF EXISTS `retrieveOrgAncestorIds`;
delimiter ;;
CREATE DEFINER=`root`@`localhost` FUNCTION `retrieveOrgAncestorIds`(leafId INT) RETURNS varchar(1000) CHARSET utf8
BEGIN
    DECLARE sTemp VARCHAR(1000);
    DECLARE sTempChd VARCHAR(1000);

    SET sTemp = '';
    SET sTempChd = cast(leafId AS CHAR);

    WHILE sTempChd IS NOT NULL DO
      IF LENGTH(sTemp) > 0
      THEN
        SET sTemp = concat(sTempChd, ',', sTemp);
      ELSE
        SET sTemp = sTempChd;
      END IF;
      SELECT parent_id INTO sTempChd FROM organization WHERE id = sTempChd;
    END WHILE;
    RETURN sTemp;
  END
 ;;
delimiter ;

-- ----------------------------
--  Function structure for `retrieveOrgDescendantIds`
-- ----------------------------
DROP FUNCTION IF EXISTS `retrieveOrgDescendantIds`;
delimiter ;;
CREATE DEFINER=`root`@`localhost` FUNCTION `retrieveOrgDescendantIds`(rootId INT) RETURNS varchar(1000) CHARSET utf8
BEGIN
    DECLARE sTemp VARCHAR(1000);
    DECLARE sTempChd VARCHAR(1000);

    SET sTemp = '';
    SET sTempChd = cast(rootId AS CHAR);

    WHILE sTempChd IS NOT NULL DO
      IF LENGTH(sTemp) > 0
      THEN
        SET sTemp = concat(sTemp, ',', sTempChd);
      ELSE
        SET sTemp = concat(sTemp, sTempChd);
      END IF;
      SELECT group_concat(id) INTO sTempChd FROM organization WHERE FIND_IN_SET(parent_id, sTempChd) > 0;
    END WHILE;
    RETURN sTemp;
  END
 ;;
delimiter ;

-- ----------------------------
--  Function structure for `retrieveOrgSubParentId`
-- ----------------------------
DROP FUNCTION IF EXISTS `retrieveOrgSubParentId`;
delimiter ;;
CREATE DEFINER=`root`@`localhost` FUNCTION `retrieveOrgSubParentId`(pTopId INT, pOrgId INT) RETURNS int(11)
BEGIN
    DECLARE vAncestorIds VARCHAR(1000);
    DECLARE vNumIDs INT;
    DECLARE vIdx INT;
    DECLARE vID VARCHAR(50);
    DECLARE vTopFound BOOL;

    SET vAncestorIds = retrieveOrgAncestorIds(pOrgId);
    SET vNumIDs = substrCount(',', vAncestorIds) + 1;
    SET vIdx = 1;
    SET vTopFound = FALSE;
    WHILE vIdx <= vNumIDs DO
      SET vID = CAST(splitStrAt(vAncestorIds, ',', vIdx) AS UNSIGNED);
      IF vID = pTopId
      THEN
        SET vTopFound = TRUE;
      ELSE
        IF vTopFound
        THEN
          RETURN vID;
        END IF;
      END IF;
      SET vIdx = vIdx + 1;
    END WHILE;
    RETURN 0;
  END
 ;;
delimiter ;

-- ----------------------------
--  Function structure for `retrieveOrgSubParentName`
-- ----------------------------
DROP FUNCTION IF EXISTS `retrieveOrgSubParentName`;
delimiter ;;
CREATE DEFINER=`root`@`localhost` FUNCTION `retrieveOrgSubParentName`(pTopId INT, pOrgId INT) RETURNS text CHARSET utf8
BEGIN
    DECLARE vAncestorIds VARCHAR(1000);
    DECLARE vNumIDs INT;
    DECLARE vIdx INT;
    DECLARE vID VARCHAR(50);
    DECLARE vTopFound BOOL;
    DECLARE vName TEXT;

    SET vAncestorIds = retrieveOrgAncestorIds(pOrgId);
    SET vNumIDs = substrCount(',', vAncestorIds) + 1;
    SET vIdx = 1;
    SET vTopFound = FALSE;
    WHILE vIdx <= vNumIDs DO
      SET vID = CAST(splitStrAt(vAncestorIds, ',', vIdx) AS UNSIGNED);
      IF vID = pTopId
      THEN
        SET vTopFound = TRUE;
      ELSE
        IF vTopFound
        THEN
          SELECT name INTO vName FROM organization WHERE id=vID;
          RETURN vName;
        END IF;
      END IF;
      SET vIdx = vIdx + 1;
    END WHILE;
    RETURN NULL;
  END
 ;;
delimiter ;

-- ----------------------------
--  Function structure for `splitStrAt`
-- ----------------------------
DROP FUNCTION IF EXISTS `splitStrAt`;
delimiter ;;
CREATE DEFINER=`root`@`localhost` FUNCTION `splitStrAt`(x VARCHAR(255), delim VARCHAR(12), pos INT) RETURNS varchar(255) CHARSET utf8
RETURN REPLACE(SUBSTRING(SUBSTRING_INDEX(x, delim, pos), LENGTH(SUBSTRING_INDEX(x, delim, pos - 1)) + 1), delim, '')
 ;;
delimiter ;

-- ----------------------------
--  Function structure for `substrCount`
-- ----------------------------
DROP FUNCTION IF EXISTS `substrCount`;
delimiter ;;
CREATE DEFINER=`root`@`localhost` FUNCTION `substrCount`(ch CHAR, str TEXT) RETURNS int(11)
    DETERMINISTIC
BEGIN
    RETURN (LENGTH(str) - LENGTH(REPLACE(str, ch, '')));
  END
 ;;
delimiter ;

SET FOREIGN_KEY_CHECKS = 1;
