/*
 Navicat MySQL Data Transfer

 Source Server         : localhost
 Source Server Type    : MySQL
 Source Server Version : 50713
 Source Host           : localhost
 Source Database       : cogentqi_v1_hr

 Target Server Type    : MySQL
 Target Server Version : 50713
 File Encoding         : utf-8

 Date: 07/29/2016 21:23:40 PM
*/

SET NAMES utf8mb4;
SET FOREIGN_KEY_CHECKS = 0;

-- ----------------------------
--  Table structure for `_db_update`
-- ----------------------------
DROP TABLE IF EXISTS `_db_update`;
CREATE TABLE `_db_update` (
  `script_name` varchar(100) NOT NULL,
  `runOn` timestamp NOT NULL DEFAULT CURRENT_TIMESTAMP,
  PRIMARY KEY (`script_name`),
  UNIQUE KEY `script_name` (`script_name`)
) ENGINE=InnoDB DEFAULT CHARSET=utf8;

-- ----------------------------
--  Records of `_db_update`
-- ----------------------------
BEGIN;
INSERT INTO `_db_update` VALUES ('0001-RecommendationFields.sql', '2015-11-25 10:58:26'), ('0002-AppRole.sql', '2015-11-26 15:22:25'), ('0003-RoleAgain.sql', '2015-11-28 21:30:57'), ('0004-Events.sql', '2015-12-10 13:30:17'), ('0008-ResponseTimestamp.sql', '2016-01-03 19:28:42'), ('0009-EventOutcomeRecommendations.sql', '2016-01-30 13:58:02'), ('0010-ChangeLevelType.sql', '2016-02-01 19:38:57');
COMMIT;

-- ----------------------------
--  Table structure for `algorithm_usage`
-- ----------------------------
DROP TABLE IF EXISTS `algorithm_usage`;
CREATE TABLE `algorithm_usage` (
  `id` char(1) NOT NULL,
  `name` varchar(100) NOT NULL,
  `description` varchar(5000) DEFAULT NULL,
  `summary` varchar(500) DEFAULT NULL,
  PRIMARY KEY (`id`)
) ENGINE=InnoDB DEFAULT CHARSET=utf8 ROW_FORMAT=COMPACT;

-- ----------------------------
--  Records of `algorithm_usage`
-- ----------------------------
BEGIN;
INSERT INTO `algorithm_usage` VALUES ('N', 'None', null, null), ('R', 'Recommendations', null, null);
COMMIT;

-- ----------------------------
--  Table structure for `assessment`
-- ----------------------------
DROP TABLE IF EXISTS `assessment`;
CREATE TABLE `assessment` (
  `id` int(11) NOT NULL AUTO_INCREMENT,
  `instrument_id` int(11) NOT NULL,
  `member_id` int(11) NOT NULL,
  `assessor_id` int(11) DEFAULT NULL,
  `last_saved` datetime NOT NULL DEFAULT CURRENT_TIMESTAMP,
  `last_modified` timestamp NOT NULL DEFAULT CURRENT_TIMESTAMP,
  `assessor_comments` longtext,
  `member_comments` text,
  `score` double DEFAULT NULL,
  `rank` int(11) DEFAULT NULL,
  `edit_status` char(1) DEFAULT 'A',
  `view_status` char(1) DEFAULT 'A',
  `instrument_schedule_id` int(11) NOT NULL,
  PRIMARY KEY (`id`),
  KEY `instrument_id_index` (`instrument_id`),
  KEY `member_id_index` (`member_id`),
  KEY `by_member_id_index` (`assessor_id`),
  KEY `instrument_schedule_id` (`instrument_schedule_id`),
  CONSTRAINT `assessment_ibfk_1` FOREIGN KEY (`member_id`) REFERENCES `member` (`id`),
  CONSTRAINT `assessment_ibfk_2` FOREIGN KEY (`assessor_id`) REFERENCES `member` (`id`),
  CONSTRAINT `assessment_ibfk_3` FOREIGN KEY (`instrument_id`) REFERENCES `instrument` (`id`),
  CONSTRAINT `assessment_ibfk_4` FOREIGN KEY (`instrument_schedule_id`) REFERENCES `instrument_schedule` (`id`),
  CONSTRAINT `assessment_ibfk_5` FOREIGN KEY (`instrument_schedule_id`) REFERENCES `instrument_schedule` (`id`),
  CONSTRAINT `assessment_ibfk_6` FOREIGN KEY (`instrument_schedule_id`) REFERENCES `instrument_schedule` (`id`)
) ENGINE=InnoDB AUTO_INCREMENT=111 DEFAULT CHARSET=utf8 ROW_FORMAT=COMPACT;

-- ----------------------------
--  Records of `assessment`
-- ----------------------------
BEGIN;
INSERT INTO `assessment` VALUES ('66', '5', '7', '4', '2015-04-30 01:01:54', '2015-08-31 01:01:54', null, null, null, null, 'A', 'A', '2'), ('67', '5', '9', '4', '2015-05-31 01:01:54', '2015-08-31 01:01:54', null, null, null, null, 'A', 'A', '2'), ('68', '5', '10', '4', '2015-06-11 01:01:54', '2015-08-31 01:01:54', null, null, null, null, 'A', 'A', '2'), ('69', '5', '11', '4', '2015-09-30 22:52:33', '2015-09-30 22:52:33', null, null, '3.4', '3', 'A', 'A', '2'), ('70', '5', '12', '4', '2015-09-20 14:56:16', '2015-09-20 14:56:16', null, null, '3', null, 'A', 'A', '2'), ('71', '5', '13', '4', '2015-09-20 16:32:02', '2015-09-20 16:32:02', null, null, '3.2', '3', 'A', 'A', '2'), ('72', '5', '17', '4', '2015-09-13 19:41:27', '2015-09-13 19:41:27', null, null, null, null, 'A', 'A', '2'), ('73', '5', '18', '4', '2015-07-09 01:01:54', '2015-08-31 01:01:54', null, null, null, null, 'A', 'A', '2'), ('74', '5', '20', '4', '2015-07-21 01:01:54', '2015-08-31 01:01:54', null, null, null, null, 'A', 'A', '2'), ('75', '5', '21', '4', '2015-08-31 01:01:54', '2015-08-31 01:01:54', null, null, null, null, 'A', 'A', '2'), ('76', '5', '22', '4', '2015-04-08 01:01:54', '2015-08-31 01:01:54', null, null, null, null, 'A', 'A', '2'), ('77', '5', '23', '4', '2015-05-15 01:01:54', '2015-08-31 01:01:54', null, null, null, null, 'A', 'A', '2'), ('78', '5', '24', '4', '2015-08-31 01:01:54', '2015-08-31 01:01:54', null, null, null, null, 'A', 'A', '2'), ('79', '5', '25', '4', '2015-09-30 18:27:15', '2015-09-30 18:27:15', null, null, '3', '3', 'L', 'A', '2'), ('80', '5', '26', '4', '2015-08-31 01:01:54', '2015-08-31 01:01:54', null, null, null, null, 'A', 'A', '2'), ('81', '5', '27', '4', '2015-08-31 01:01:54', '2015-08-31 01:01:54', null, null, null, null, 'A', 'A', '2'), ('82', '5', '28', '4', '2015-08-31 01:01:54', '2015-08-31 01:01:54', null, null, null, null, 'A', 'A', '2'), ('83', '5', '29', '4', '2015-08-31 01:01:54', '2015-08-31 01:01:54', null, null, null, null, 'A', 'A', '2'), ('84', '5', '30', '4', '2015-08-31 01:01:54', '2015-08-31 01:01:54', null, null, null, null, 'A', 'A', '2'), ('97', '9', '6', '31', '2015-09-06 12:10:12', '2015-09-06 12:10:12', null, null, null, null, 'A', 'A', '3'), ('98', '9', '8', '31', '2015-08-31 01:01:54', '2015-08-31 01:01:54', null, null, null, null, 'A', 'A', '3'), ('99', '9', '14', '31', '2015-08-31 01:01:54', '2015-08-31 01:01:54', null, null, null, null, 'A', 'A', '3'), ('100', '9', '15', '31', '2015-08-31 01:01:54', '2015-08-31 01:01:54', null, null, null, null, 'A', 'A', '3'), ('101', '9', '16', '31', '2015-08-31 01:01:54', '2015-08-31 01:01:54', null, null, null, null, 'A', 'A', '3'), ('102', '9', '6', '4', '2015-09-20 16:32:41', '2015-09-20 16:32:41', null, null, '2.7', '3', 'A', 'A', '3'), ('104', '9', '6', '5', '2015-10-17 12:07:54', '2015-10-17 12:07:54', null, null, null, null, 'A', 'A', '3'), ('105', '9', '6', '4', '2015-10-17 12:13:23', '2015-10-17 12:13:23', null, null, null, null, 'A', 'A', '3'), ('106', '9', '6', '4', '2015-10-17 12:13:33', '2015-10-17 12:13:33', null, null, null, null, 'A', 'A', '3'), ('107', '9', '6', '4', '2015-10-17 12:31:56', '2015-10-17 12:31:56', null, null, null, null, 'A', 'A', '3'), ('108', '5', '11', '4', '2015-10-17 17:50:25', '2015-10-17 17:50:25', null, null, null, null, 'A', 'A', '2'), ('109', '5', '11', '4', '2015-10-17 17:50:26', '2015-10-17 17:50:26', null, null, null, null, 'A', 'A', '2'), ('110', '5', '11', '4', '2015-10-17 17:51:40', '2015-10-17 17:51:40', null, null, null, null, 'A', 'A', '2');
COMMIT;

-- ----------------------------
--  Table structure for `assessment_response`
-- ----------------------------
DROP TABLE IF EXISTS `assessment_response`;
CREATE TABLE `assessment_response` (
  `id` int(11) NOT NULL AUTO_INCREMENT,
  `assessment_id` int(11) DEFAULT NULL,
  `question_id` int(11) NOT NULL,
  `response` varchar(500) DEFAULT NULL,
  `assessor_comments` longtext,
  `member_comments` text,
  `response_index` int(11) DEFAULT NULL,
  `recommended_resource_id` int(11) DEFAULT NULL,
  `time_stamp` timestamp NOT NULL DEFAULT CURRENT_TIMESTAMP,
  PRIMARY KEY (`id`),
  UNIQUE KEY `unique_evaluation_responses` (`assessment_id`,`question_id`),
  KEY `evaluation_id_index` (`assessment_id`),
  KEY `question_id_index` (`question_id`),
  KEY `assessment_response_resource__fk` (`recommended_resource_id`),
  CONSTRAINT `assessment_response_ibfk_1` FOREIGN KEY (`assessment_id`) REFERENCES `assessment` (`id`),
  CONSTRAINT `assessment_response_ibfk_2` FOREIGN KEY (`question_id`) REFERENCES `question` (`id`),
  CONSTRAINT `assessment_response_resource__fk` FOREIGN KEY (`recommended_resource_id`) REFERENCES `resource` (`id`)
) ENGINE=InnoDB AUTO_INCREMENT=946 DEFAULT CHARSET=utf8 ROW_FORMAT=COMPACT;

-- ----------------------------
--  Records of `assessment_response`
-- ----------------------------
BEGIN;
INSERT INTO `assessment_response` VALUES ('180', '66', '95', '2', null, null, '2', null, '2015-04-30 01:01:54'), ('181', '66', '96', '3', null, null, '3', null, '2015-04-30 01:01:54'), ('182', '66', '97', '3', null, null, '3', null, '2015-04-30 01:01:54'), ('183', '66', '98', '3', null, null, '3', null, '2015-04-30 01:01:54'), ('184', '67', '95', '3', null, null, '3', null, '2015-05-31 01:01:54'), ('185', '67', '96', '3', null, null, '3', null, '2015-05-31 01:01:54'), ('186', '67', '97', '1', null, null, '1', null, '2015-05-31 01:01:54'), ('187', '67', '98', '3', null, null, '3', null, '2015-05-31 01:01:54'), ('188', '68', '95', '3', null, null, '3', null, '2015-06-11 01:01:54'), ('189', '68', '96', '3', null, null, '3', null, '2015-06-11 01:01:54'), ('190', '68', '97', '2', null, null, '2', null, '2015-06-11 01:01:54'), ('191', '68', '98', '3', null, null, '3', null, '2015-06-11 01:01:54'), ('192', '69', '95', null, null, null, null, null, '2015-09-30 22:52:33'), ('193', '69', '96', '4', null, null, '4', null, '2015-09-30 22:52:33'), ('194', '69', '97', '3', null, null, '3', null, '2015-09-30 22:52:33'), ('195', '69', '98', '4', null, null, '4', null, '2015-09-30 22:52:33'), ('196', '70', '95', null, 'fsasdafsdfsadffads', null, null, null, '2015-09-20 14:56:16'), ('197', '70', '96', null, null, null, null, null, '2015-09-20 14:56:16'), ('198', '70', '97', '4', null, null, '4', null, '2015-09-20 14:56:16'), ('199', '70', '98', '2', null, null, '2', null, '2015-09-20 14:56:16'), ('200', '71', '95', null, null, null, null, null, '2015-09-20 16:32:02'), ('201', '71', '96', null, null, null, null, null, '2015-09-20 16:32:02'), ('202', '71', '97', null, null, null, null, null, '2015-09-20 16:32:02'), ('203', '71', '98', '3', null, null, '3', null, '2015-09-20 16:32:02'), ('204', '72', '95', null, null, null, null, null, '2015-09-13 19:41:27'), ('205', '72', '96', '4', null, null, '4', null, '2015-09-13 19:41:27'), ('206', '72', '97', '1', null, null, '1', null, '2015-09-13 19:41:27'), ('207', '72', '98', '3', null, null, '3', null, '2015-09-13 19:41:27'), ('208', '73', '95', '3', null, null, '3', null, '2015-07-09 01:01:54'), ('209', '73', '96', '3', null, null, '3', null, '2015-07-09 01:01:54'), ('210', '73', '97', '4', null, null, '4', null, '2015-07-09 01:01:54'), ('211', '73', '98', '4', null, null, '4', null, '2015-07-09 01:01:54'), ('212', '74', '95', '3', null, null, '3', null, '2015-07-21 01:01:54'), ('213', '74', '96', '4', null, null, '4', null, '2015-07-21 01:01:54'), ('214', '74', '97', '1', null, null, '1', null, '2015-07-21 01:01:54'), ('215', '74', '98', '4', null, null, '4', null, '2015-07-21 01:01:54'), ('216', '75', '95', '3', null, null, '3', null, '2015-08-31 01:01:54'), ('217', '75', '96', '4', null, null, '4', null, '2015-08-31 01:01:54'), ('218', '75', '97', '1', null, null, '1', null, '2015-08-31 01:01:54'), ('219', '75', '98', '3', null, null, '3', null, '2015-08-31 01:01:54'), ('220', '76', '95', '3', null, null, '3', null, '2015-04-08 01:01:54'), ('221', '76', '96', '4', null, null, '4', null, '2015-04-08 01:01:54'), ('222', '76', '97', '3', null, null, '3', null, '2015-04-08 01:01:54'), ('223', '76', '98', '2', null, null, '2', null, '2015-04-08 01:01:54'), ('224', '77', '95', '3', null, null, '3', null, '2015-05-15 01:01:54'), ('225', '77', '96', '3', null, null, '3', null, '2015-05-15 01:01:54'), ('226', '77', '97', '1', null, null, '1', null, '2015-05-15 01:01:54'), ('227', '77', '98', '2', null, null, '2', null, '2015-05-15 01:01:54'), ('228', '78', '95', '2', null, null, '2', null, '2015-08-31 01:01:54'), ('229', '78', '96', '4', null, null, '4', null, '2015-08-31 01:01:54'), ('230', '78', '97', '1', null, null, '1', null, '2015-08-31 01:01:54'), ('231', '78', '98', '3', null, null, '3', null, '2015-08-31 01:01:54'), ('232', '79', '95', null, null, null, null, null, '2015-09-30 18:27:15'), ('233', '79', '96', '3', null, null, '3', null, '2015-09-30 18:27:15'), ('234', '79', '97', '2', null, null, '2', null, '2015-09-30 18:27:15'), ('235', '79', '98', '2', null, null, '2', null, '2015-09-30 18:27:15'), ('236', '80', '95', '3', null, null, '3', null, '2015-08-31 01:01:54'), ('237', '80', '96', '4', null, null, '4', null, '2015-08-31 01:01:54'), ('238', '80', '97', '3', null, null, '3', null, '2015-08-31 01:01:54'), ('239', '80', '98', '2', null, null, '2', null, '2015-08-31 01:01:54'), ('240', '81', '95', '2', null, null, '2', null, '2015-08-31 01:01:54'), ('241', '81', '96', '3', null, null, '3', null, '2015-08-31 01:01:54'), ('242', '81', '97', '2', null, null, '2', null, '2015-08-31 01:01:54'), ('243', '81', '98', '4', null, null, '4', null, '2015-08-31 01:01:54'), ('244', '82', '95', '2', null, null, '2', null, '2015-08-31 01:01:54'), ('245', '82', '96', '3', null, null, '3', null, '2015-08-31 01:01:54'), ('246', '82', '97', '1', null, null, '1', null, '2015-08-31 01:01:54'), ('247', '82', '98', '2', null, null, '2', null, '2015-08-31 01:01:54'), ('248', '83', '95', '4', null, null, '4', null, '2015-08-31 01:01:54'), ('249', '83', '96', '4', null, null, '4', null, '2015-08-31 01:01:54'), ('250', '83', '97', '3', null, null, '3', null, '2015-08-31 01:01:54'), ('251', '83', '98', '4', null, null, '4', null, '2015-08-31 01:01:54'), ('252', '84', '95', '3', null, null, '3', null, '2015-08-31 01:01:54'), ('253', '84', '96', '4', null, null, '4', null, '2015-08-31 01:01:54'), ('254', '84', '97', '1', null, null, '1', null, '2015-08-31 01:01:54'), ('255', '84', '98', '3', null, null, '3', null, '2015-08-31 01:01:54'), ('256', '66', '99', '4', null, null, '4', null, '2015-04-30 01:01:54'), ('257', '66', '100', '4', null, null, '4', null, '2015-04-30 01:01:54'), ('258', '66', '101', '2', null, null, '2', null, '2015-04-30 01:01:54'), ('259', '66', '102', '4', null, null, '4', null, '2015-04-30 01:01:54'), ('260', '67', '99', '4', null, null, '4', null, '2015-05-31 01:01:54'), ('261', '67', '100', '4', null, null, '4', null, '2015-05-31 01:01:54'), ('262', '67', '101', '2', null, null, '2', null, '2015-05-31 01:01:54'), ('263', '67', '102', '3', null, null, '3', null, '2015-05-31 01:01:54'), ('264', '68', '99', '4', null, null, '4', null, '2015-06-11 01:01:54'), ('265', '68', '100', '4', null, null, '4', null, '2015-06-11 01:01:54'), ('266', '68', '101', '4', null, null, '4', null, '2015-06-11 01:01:54'), ('267', '68', '102', '3', null, null, '3', null, '2015-06-11 01:01:54'), ('268', '69', '99', '4', null, null, '4', null, '2015-09-30 22:52:33'), ('269', '69', '100', '3', null, null, '3', null, '2015-09-30 22:52:33'), ('270', '69', '101', '4', null, null, '4', null, '2015-09-30 22:52:33'), ('271', '69', '102', '3', null, null, '3', null, '2015-09-30 22:52:33'), ('272', '70', '99', '4', null, null, '4', null, '2015-09-20 14:56:16'), ('273', '70', '100', '3', null, null, '3', null, '2015-09-20 14:56:16'), ('274', '70', '101', '4', null, null, '4', null, '2015-09-20 14:56:16'), ('275', '70', '102', '3', null, null, '3', null, '2015-09-20 14:56:16'), ('276', '71', '99', '4', null, null, '4', null, '2015-09-20 16:32:02'), ('277', '71', '100', '4', null, null, '4', null, '2015-09-20 16:32:02'), ('278', '71', '101', '4', null, null, '4', null, '2015-09-20 16:32:02'), ('279', '71', '102', '3', null, null, '3', null, '2015-09-20 16:32:02'), ('280', '72', '99', '4', null, null, '4', null, '2015-09-13 19:41:27'), ('281', '72', '100', '3', null, null, '3', null, '2015-09-13 19:41:27'), ('282', '72', '101', '2', null, null, '2', null, '2015-09-13 19:41:27'), ('283', '72', '102', '3', null, null, '3', null, '2015-09-13 19:41:27'), ('284', '73', '99', '4', null, null, '4', null, '2015-07-09 01:01:54'), ('285', '73', '100', '3', null, null, '3', null, '2015-07-09 01:01:54'), ('286', '73', '101', '1', null, null, '1', null, '2015-07-09 01:01:54'), ('287', '73', '102', '4', null, null, '4', null, '2015-07-09 01:01:54'), ('288', '74', '99', '3', null, null, '3', null, '2015-07-21 01:01:54'), ('289', '74', '100', '4', null, null, '4', null, '2015-07-21 01:01:54'), ('290', '74', '101', '4', null, null, '4', null, '2015-07-21 01:01:54'), ('291', '74', '102', '4', null, null, '4', null, '2015-07-21 01:01:54'), ('292', '75', '99', '3', null, null, '3', null, '2015-08-31 01:01:54'), ('293', '75', '100', '4', null, null, '4', null, '2015-08-31 01:01:54'), ('294', '75', '101', '2', null, null, '2', null, '2015-08-31 01:01:54'), ('295', '75', '102', '3', null, null, '3', null, '2015-08-31 01:01:54'), ('296', '76', '99', '4', null, null, '4', null, '2015-04-08 01:01:54'), ('297', '76', '100', '3', null, null, '3', null, '2015-04-08 01:01:54'), ('298', '76', '101', '1', null, null, '1', null, '2015-04-08 01:01:54'), ('299', '76', '102', '3', null, null, '3', null, '2015-04-08 01:01:54'), ('300', '77', '99', '4', null, null, '4', null, '2015-05-15 01:01:54'), ('301', '77', '100', '3', null, null, '3', null, '2015-05-15 01:01:54'), ('302', '77', '101', '1', null, null, '1', null, '2015-05-15 01:01:54'), ('303', '77', '102', '4', null, null, '4', null, '2015-05-15 01:01:54'), ('304', '78', '99', '4', null, null, '4', null, '2015-08-31 01:01:54'), ('305', '78', '100', '3', null, null, '3', null, '2015-08-31 01:01:54'), ('306', '78', '101', '1', null, null, '1', null, '2015-08-31 01:01:54'), ('307', '78', '102', '4', null, null, '4', null, '2015-08-31 01:01:54'), ('308', '79', '99', '4', null, null, '4', null, '2015-09-30 18:27:15'), ('309', '79', '100', '3', null, null, '3', null, '2015-09-30 18:27:15'), ('310', '79', '101', '1', null, null, '1', null, '2015-09-30 18:27:15'), ('311', '79', '102', '4', null, null, '4', null, '2015-09-30 18:27:15'), ('312', '80', '99', '4', null, null, '4', null, '2015-08-31 01:01:54'), ('313', '80', '100', '4', null, null, '4', null, '2015-08-31 01:01:54'), ('314', '80', '101', '4', null, null, '4', null, '2015-08-31 01:01:54'), ('315', '80', '102', '4', null, null, '4', null, '2015-08-31 01:01:54'), ('316', '81', '99', '4', null, null, '4', null, '2015-08-31 01:01:54'), ('317', '81', '100', '4', null, null, '4', null, '2015-08-31 01:01:54'), ('318', '81', '101', '3', null, null, '3', null, '2015-08-31 01:01:54'), ('319', '81', '102', '3', null, null, '3', null, '2015-08-31 01:01:54'), ('320', '82', '99', '4', null, null, '4', null, '2015-08-31 01:01:54'), ('321', '82', '100', '4', null, null, '4', null, '2015-08-31 01:01:54'), ('322', '82', '101', '4', null, null, '4', null, '2015-08-31 01:01:54'), ('323', '82', '102', '4', null, null, '4', null, '2015-08-31 01:01:54'), ('324', '83', '99', '4', null, null, '4', null, '2015-08-31 01:01:54'), ('325', '83', '100', '3', null, null, '3', null, '2015-08-31 01:01:54'), ('326', '83', '101', '3', null, null, '3', null, '2015-08-31 01:01:54'), ('327', '83', '102', '4', null, null, '4', null, '2015-08-31 01:01:54'), ('328', '84', '99', '4', null, null, '4', null, '2015-08-31 01:01:54'), ('329', '84', '100', '3', null, null, '3', null, '2015-08-31 01:01:54'), ('330', '84', '101', '4', null, null, '4', null, '2015-08-31 01:01:54'), ('331', '84', '102', '4', null, null, '4', null, '2015-08-31 01:01:54'), ('332', '66', '103', '2', null, null, '2', null, '2015-04-30 01:01:54'), ('333', '66', '104', '4', null, null, '4', null, '2015-04-30 01:01:54'), ('334', '67', '103', '2', null, null, '2', null, '2015-05-31 01:01:54'), ('335', '67', '104', '3', null, null, '3', null, '2015-05-31 01:01:54'), ('336', '68', '103', '2', null, null, '2', null, '2015-06-11 01:01:54'), ('337', '68', '104', '3', null, null, '3', null, '2015-06-11 01:01:54'), ('338', '69', '103', '3', null, null, '3', null, '2015-09-30 22:52:33'), ('339', '69', '104', '3', null, null, '3', null, '2015-09-30 22:52:33'), ('340', '70', '103', '3', null, null, '3', null, '2015-09-20 14:56:16'), ('341', '70', '104', '3', null, null, '3', null, '2015-09-20 14:56:16'), ('342', '71', '103', '4', null, null, '4', null, '2015-09-20 16:32:02'), ('343', '71', '104', '3', null, null, '3', null, '2015-09-20 16:32:02'), ('344', '72', '103', '2', null, null, '2', null, '2015-09-13 19:41:27'), ('345', '72', '104', '3', null, null, '3', null, '2015-09-13 19:41:27'), ('346', '73', '103', '4', null, null, '4', null, '2015-07-09 01:01:54'), ('347', '73', '104', '3', null, null, '3', null, '2015-07-09 01:01:54'), ('348', '74', '103', '2', null, null, '2', null, '2015-07-21 01:01:54'), ('349', '74', '104', '4', null, null, '4', null, '2015-07-21 01:01:54'), ('350', '75', '103', '3', null, null, '3', null, '2015-08-31 01:01:54'), ('351', '75', '104', '3', null, null, '3', null, '2015-08-31 01:01:54'), ('352', '76', '103', '2', null, null, '2', null, '2015-04-08 01:01:54'), ('353', '76', '104', '3', null, null, '3', null, '2015-04-08 01:01:54'), ('354', '77', '103', '2', null, null, '2', null, '2015-05-15 01:01:54'), ('355', '77', '104', '3', null, null, '3', null, '2015-05-15 01:01:54'), ('356', '78', '103', '1', null, null, '1', null, '2015-08-31 01:01:54'), ('357', '78', '104', '3', null, null, '3', null, '2015-08-31 01:01:54'), ('358', '79', '103', '2', null, null, '2', null, '2015-09-30 18:27:15'), ('359', '79', '104', '4', null, null, '4', null, '2015-09-30 18:27:15'), ('360', '80', '103', '1', null, null, '1', null, '2015-08-31 01:01:54'), ('361', '80', '104', '3', null, null, '3', null, '2015-08-31 01:01:54'), ('362', '81', '103', '2', null, null, '2', null, '2015-08-31 01:01:54'), ('363', '81', '104', '3', null, null, '3', null, '2015-08-31 01:01:54'), ('364', '82', '103', '4', null, null, '4', null, '2015-08-31 01:01:54'), ('365', '82', '104', '3', null, null, '3', null, '2015-08-31 01:01:54'), ('366', '83', '103', '4', null, null, '4', null, '2015-08-31 01:01:54'), ('367', '83', '104', '4', null, null, '4', null, '2015-08-31 01:01:54'), ('368', '84', '103', '2', null, null, '2', null, '2015-08-31 01:01:54'), ('369', '84', '104', '4', null, null, '4', null, '2015-08-31 01:01:54'), ('370', '66', '105', '3', null, null, '3', null, '2015-04-30 01:01:54'), ('371', '67', '105', '4', null, null, '4', null, '2015-05-31 01:01:54'), ('372', '68', '105', '3', null, null, '3', null, '2015-06-11 01:01:54'), ('373', '69', '105', '4', null, null, '4', null, '2015-09-30 22:52:33'), ('374', '70', '105', '4', null, null, '4', null, '2015-09-20 14:56:16'), ('375', '71', '105', '4', null, null, '4', null, '2015-09-20 16:32:02'), ('376', '72', '105', '3', null, null, '3', null, '2015-09-13 19:41:27'), ('377', '73', '105', '3', null, null, '3', null, '2015-07-09 01:01:54'), ('378', '74', '105', '4', null, null, '4', null, '2015-07-21 01:01:54'), ('379', '75', '105', '3', null, null, '3', null, '2015-08-31 01:01:54'), ('380', '76', '105', '4', null, null, '4', null, '2015-04-08 01:01:54'), ('381', '77', '105', '4', null, null, '4', null, '2015-05-15 01:01:54'), ('382', '78', '105', '4', null, null, '4', null, '2015-08-31 01:01:54'), ('383', '79', '105', '4', null, null, '4', null, '2015-09-30 18:27:15'), ('384', '80', '105', '4', null, null, '4', null, '2015-08-31 01:01:54'), ('385', '81', '105', '4', null, null, '4', null, '2015-08-31 01:01:54'), ('386', '82', '105', '4', null, null, '4', null, '2015-08-31 01:01:54'), ('387', '83', '105', '4', null, null, '4', null, '2015-08-31 01:01:54'), ('388', '84', '105', '3', null, null, '3', null, '2015-08-31 01:01:54'), ('389', '66', '106', '3', null, null, '3', null, '2015-04-30 01:01:54'), ('390', '66', '107', '2', null, null, '2', null, '2015-04-30 01:01:54'), ('391', '67', '106', '2', null, null, '2', null, '2015-05-31 01:01:54'), ('392', '67', '107', '3', null, null, '3', null, '2015-05-31 01:01:54'), ('393', '68', '106', '3', null, null, '3', null, '2015-06-11 01:01:54'), ('394', '68', '107', '2', null, null, '2', null, '2015-06-11 01:01:54'), ('395', '69', '106', '4', null, null, '4', null, '2015-09-30 22:52:33'), ('396', '69', '107', '2', null, null, '2', null, '2015-09-30 22:52:33'), ('397', '70', '106', '3', null, null, '3', null, '2015-09-20 14:56:16'), ('398', '70', '107', '1', null, null, '1', null, '2015-09-20 14:56:16'), ('399', '71', '106', '3', null, null, '3', null, '2015-09-20 16:32:02'), ('400', '71', '107', '1', null, null, '1', null, '2015-09-20 16:32:02'), ('401', '72', '106', '3', null, null, '3', null, '2015-09-13 19:41:27'), ('402', '72', '107', '3', null, null, '3', null, '2015-09-13 19:41:27'), ('403', '73', '106', '2', null, null, '2', null, '2015-07-09 01:01:54'), ('404', '73', '107', '2', null, null, '2', null, '2015-07-09 01:01:54'), ('405', '74', '106', '2', null, null, '2', null, '2015-07-21 01:01:54'), ('406', '74', '107', '2', null, null, '2', null, '2015-07-21 01:01:54'), ('407', '75', '106', '3', null, null, '3', null, '2015-08-31 01:01:54'), ('408', '75', '107', '4', null, null, '4', null, '2015-08-31 01:01:54'), ('409', '76', '106', '3', null, null, '3', null, '2015-04-08 01:01:54'), ('410', '76', '107', '4', null, null, '4', null, '2015-04-08 01:01:54'), ('411', '77', '106', '3', null, null, '3', null, '2015-05-15 01:01:54'), ('412', '77', '107', '1', null, null, '1', null, '2015-05-15 01:01:54'), ('413', '78', '106', '4', null, null, '4', null, '2015-08-31 01:01:54'), ('414', '78', '107', '3', null, null, '3', null, '2015-08-31 01:01:54'), ('415', '79', '106', '2', null, null, '2', null, '2015-09-30 18:27:15'), ('416', '79', '107', '4', null, null, '4', null, '2015-09-30 18:27:15'), ('417', '80', '106', '4', null, null, '4', null, '2015-08-31 01:01:54'), ('418', '80', '107', '3', null, null, '3', null, '2015-08-31 01:01:54'), ('419', '81', '106', '2', null, null, '2', null, '2015-08-31 01:01:54'), ('420', '81', '107', '2', null, null, '2', null, '2015-08-31 01:01:54'), ('421', '82', '106', '3', null, null, '3', null, '2015-08-31 01:01:54'), ('422', '82', '107', '2', null, null, '2', null, '2015-08-31 01:01:54'), ('423', '83', '106', '4', null, null, '4', null, '2015-08-31 01:01:54'), ('424', '83', '107', '1', null, null, '1', null, '2015-08-31 01:01:54'), ('425', '84', '106', '3', null, null, '3', null, '2015-08-31 01:01:54'), ('426', '84', '107', '4', null, null, '4', null, '2015-08-31 01:01:54'), ('427', '97', '178', null, null, null, null, null, '2015-09-06 12:10:12'), ('428', '97', '179', null, null, null, null, null, '2015-09-06 12:10:12'), ('429', '97', '180', null, null, null, null, null, '2015-09-06 12:10:12'), ('430', '97', '181', '2', null, null, '2', null, '2015-09-06 12:10:12'), ('431', '97', '182', '3', null, null, '3', null, '2015-09-06 12:10:12'), ('432', '97', '183', '3', null, null, '3', null, '2015-09-06 12:10:12'), ('433', '97', '184', '3', null, null, '3', null, '2015-09-06 12:10:12'), ('434', '97', '185', '3', null, null, '3', null, '2015-09-06 12:10:12'), ('435', '97', '186', '3', null, null, '3', null, '2015-09-06 12:10:12'), ('436', '97', '187', '4', null, null, '4', null, '2015-09-06 12:10:12'), ('437', '97', '188', '3', null, null, '3', null, '2015-09-06 12:10:12'), ('438', '98', '178', '3', null, null, '3', null, '2015-08-31 01:01:54'), ('439', '98', '179', '2', null, null, '2', null, '2015-08-31 01:01:54'), ('440', '98', '180', '3', null, null, '3', null, '2015-08-31 01:01:54'), ('441', '98', '181', '4', null, null, '4', null, '2015-08-31 01:01:54'), ('442', '98', '182', '3', null, null, '3', null, '2015-08-31 01:01:54'), ('443', '98', '183', '3', null, null, '3', null, '2015-08-31 01:01:54'), ('444', '98', '184', '3', null, null, '3', null, '2015-08-31 01:01:54'), ('445', '98', '185', '2', null, null, '2', null, '2015-08-31 01:01:54'), ('446', '98', '186', '3', null, null, '3', null, '2015-08-31 01:01:54'), ('447', '98', '187', '2', null, null, '2', null, '2015-08-31 01:01:54'), ('448', '98', '188', '3', null, null, '3', null, '2015-08-31 01:01:54'), ('449', '99', '178', '4', null, null, '4', null, '2015-08-31 01:01:54'), ('450', '99', '179', '4', null, null, '4', null, '2015-08-31 01:01:54'), ('451', '99', '180', '3', null, null, '3', null, '2015-08-31 01:01:54'), ('452', '99', '181', '4', null, null, '4', null, '2015-08-31 01:01:54'), ('453', '99', '182', '2', null, null, '2', null, '2015-08-31 01:01:54'), ('454', '99', '183', '3', null, null, '3', null, '2015-08-31 01:01:54'), ('455', '99', '184', '3', null, null, '3', null, '2015-08-31 01:01:54'), ('456', '99', '185', '4', null, null, '4', null, '2015-08-31 01:01:54'), ('457', '99', '186', '3', null, null, '3', null, '2015-08-31 01:01:54'), ('458', '99', '187', '3', null, null, '3', null, '2015-08-31 01:01:54'), ('459', '99', '188', '3', null, null, '3', null, '2015-08-31 01:01:54'), ('460', '100', '178', '2', null, null, '2', null, '2015-08-31 01:01:54'), ('461', '100', '179', '4', null, null, '4', null, '2015-08-31 01:01:54'), ('462', '100', '180', '3', null, null, '3', null, '2015-08-31 01:01:54'), ('463', '100', '181', '1', null, null, '1', null, '2015-08-31 01:01:54'), ('464', '100', '182', '3', null, null, '3', null, '2015-08-31 01:01:54'), ('465', '100', '183', '4', null, null, '4', null, '2015-08-31 01:01:54'), ('466', '100', '184', '3', null, null, '3', null, '2015-08-31 01:01:54'), ('467', '100', '185', '3', null, null, '3', null, '2015-08-31 01:01:54'), ('468', '100', '186', '4', null, null, '4', null, '2015-08-31 01:01:54'), ('469', '100', '187', '2', null, null, '2', null, '2015-08-31 01:01:54'), ('470', '100', '188', '2', null, null, '2', null, '2015-08-31 01:01:54'), ('471', '101', '178', '2', null, null, '2', null, '2015-08-31 01:01:54'), ('472', '101', '179', '2', null, null, '2', null, '2015-08-31 01:01:54'), ('473', '101', '180', '3', null, null, '3', null, '2015-08-31 01:01:54'), ('474', '101', '181', '2', null, null, '2', null, '2015-08-31 01:01:54'), ('475', '101', '182', '3', null, null, '3', null, '2015-08-31 01:01:54'), ('476', '101', '183', '4', null, null, '4', null, '2015-08-31 01:01:54'), ('477', '101', '184', '3', null, null, '3', null, '2015-08-31 01:01:54'), ('478', '101', '185', '4', null, null, '4', null, '2015-08-31 01:01:54'), ('479', '101', '186', '3', null, null, '3', null, '2015-08-31 01:01:54'), ('480', '101', '187', '3', null, null, '3', null, '2015-08-31 01:01:54'), ('481', '101', '188', '3', null, null, '3', null, '2015-08-31 01:01:54'), ('482', '97', '189', '4', null, null, '4', null, '2015-09-06 12:10:12'), ('483', '97', '190', '3', null, null, '3', null, '2015-09-06 12:10:12'), ('484', '97', '191', '1', null, null, '1', null, '2015-09-06 12:10:12'), ('485', '97', '192', '4', null, null, '4', null, '2015-09-06 12:10:12'), ('486', '97', '193', '3', null, null, '3', null, '2015-09-06 12:10:12'), ('487', '97', '194', '3', null, null, '3', null, '2015-09-06 12:10:12'), ('488', '97', '195', '3', null, null, '3', null, '2015-09-06 12:10:12'), ('489', '98', '189', '4', null, null, '4', null, '2015-08-31 01:01:54'), ('490', '98', '190', '3', null, null, '3', null, '2015-08-31 01:01:54'), ('491', '98', '191', '1', null, null, '1', null, '2015-08-31 01:01:54'), ('492', '98', '192', '3', null, null, '3', null, '2015-08-31 01:01:54'), ('493', '98', '193', '4', null, null, '4', null, '2015-08-31 01:01:54'), ('494', '98', '194', '2', null, null, '2', null, '2015-08-31 01:01:54'), ('495', '98', '195', '3', null, null, '3', null, '2015-08-31 01:01:54'), ('496', '99', '189', '3', null, null, '3', null, '2015-08-31 01:01:54'), ('497', '99', '190', '3', null, null, '3', null, '2015-08-31 01:01:54'), ('498', '99', '191', '4', null, null, '4', null, '2015-08-31 01:01:54'), ('499', '99', '192', '4', null, null, '4', null, '2015-08-31 01:01:54'), ('500', '99', '193', '2', null, null, '2', null, '2015-08-31 01:01:54'), ('501', '99', '194', '3', null, null, '3', null, '2015-08-31 01:01:54'), ('502', '99', '195', '4', null, null, '4', null, '2015-08-31 01:01:54'), ('503', '100', '189', '4', null, null, '4', null, '2015-08-31 01:01:54'), ('504', '100', '190', '3', null, null, '3', null, '2015-08-31 01:01:54'), ('505', '100', '191', '2', null, null, '2', null, '2015-08-31 01:01:54'), ('506', '100', '192', '3', null, null, '3', null, '2015-08-31 01:01:54'), ('507', '100', '193', '3', null, null, '3', null, '2015-08-31 01:01:54'), ('508', '100', '194', '2', null, null, '2', null, '2015-08-31 01:01:54'), ('509', '100', '195', '3', null, null, '3', null, '2015-08-31 01:01:54'), ('510', '101', '189', '4', null, null, '4', null, '2015-08-31 01:01:54'), ('511', '101', '190', '4', null, null, '4', null, '2015-08-31 01:01:54'), ('512', '101', '191', '3', null, null, '3', null, '2015-08-31 01:01:54'), ('513', '101', '192', '4', null, null, '4', null, '2015-08-31 01:01:54'), ('514', '101', '193', '1', null, null, '1', null, '2015-08-31 01:01:54'), ('515', '101', '194', '3', null, null, '3', null, '2015-08-31 01:01:54'), ('516', '101', '195', '4', null, null, '4', null, '2015-08-31 01:01:54'), ('517', '97', '196', '3', null, null, '3', null, '2015-09-06 12:10:12'), ('518', '97', '197', '2', null, null, '2', null, '2015-09-06 12:10:12'), ('519', '97', '198', '4', null, null, '4', null, '2015-09-06 12:10:12'), ('520', '97', '199', '3', null, null, '3', null, '2015-09-06 12:10:12'), ('521', '97', '200', '3', null, null, '3', null, '2015-09-06 12:10:12'), ('522', '97', '201', '4', null, null, '4', null, '2015-09-06 12:10:12'), ('523', '97', '202', '3', null, null, '3', null, '2015-09-06 12:10:12'), ('524', '97', '203', '4', null, null, '4', null, '2015-09-06 12:10:12'), ('525', '97', '204', '4', null, null, '4', null, '2015-09-06 12:10:12'), ('526', '97', '205', '2', null, null, '2', null, '2015-09-06 12:10:12'), ('527', '98', '196', '2', null, null, '2', null, '2015-08-31 01:01:54'), ('528', '98', '197', '2', null, null, '2', null, '2015-08-31 01:01:54'), ('529', '98', '198', '3', null, null, '3', null, '2015-08-31 01:01:54'), ('530', '98', '199', '1', null, null, '1', null, '2015-08-31 01:01:54'), ('531', '98', '200', '3', null, null, '3', null, '2015-08-31 01:01:54'), ('532', '98', '201', '4', null, null, '4', null, '2015-08-31 01:01:54'), ('533', '98', '202', '2', null, null, '2', null, '2015-08-31 01:01:54'), ('534', '98', '203', '2', null, null, '2', null, '2015-08-31 01:01:54'), ('535', '98', '204', '4', null, null, '4', null, '2015-08-31 01:01:54'), ('536', '98', '205', '4', null, null, '4', null, '2015-08-31 01:01:54'), ('537', '99', '196', '3', null, null, '3', null, '2015-08-31 01:01:54'), ('538', '99', '197', '1', null, null, '1', null, '2015-08-31 01:01:54'), ('539', '99', '198', '3', null, null, '3', null, '2015-08-31 01:01:54'), ('540', '99', '199', '3', null, null, '3', null, '2015-08-31 01:01:54'), ('541', '99', '200', '3', null, null, '3', null, '2015-08-31 01:01:54'), ('542', '99', '201', '4', null, null, '4', null, '2015-08-31 01:01:54'), ('543', '99', '202', '2', null, null, '2', null, '2015-08-31 01:01:54'), ('544', '99', '203', '1', null, null, '1', null, '2015-08-31 01:01:54'), ('545', '99', '204', '4', null, null, '4', null, '2015-08-31 01:01:54'), ('546', '99', '205', '2', null, null, '2', null, '2015-08-31 01:01:54'), ('547', '100', '196', '3', null, null, '3', null, '2015-08-31 01:01:54'), ('548', '100', '197', '4', null, null, '4', null, '2015-08-31 01:01:54'), ('549', '100', '198', '4', null, null, '4', null, '2015-08-31 01:01:54'), ('550', '100', '199', '1', null, null, '1', null, '2015-08-31 01:01:54'), ('551', '100', '200', '3', null, null, '3', null, '2015-08-31 01:01:54'), ('552', '100', '201', '4', null, null, '4', null, '2015-08-31 01:01:54'), ('553', '100', '202', '3', null, null, '3', null, '2015-08-31 01:01:54'), ('554', '100', '203', '2', null, null, '2', null, '2015-08-31 01:01:54'), ('555', '100', '204', '3', null, null, '3', null, '2015-08-31 01:01:54'), ('556', '100', '205', '4', null, null, '4', null, '2015-08-31 01:01:54'), ('557', '101', '196', '3', null, null, '3', null, '2015-08-31 01:01:54'), ('558', '101', '197', '1', null, null, '1', null, '2015-08-31 01:01:54'), ('559', '101', '198', '3', null, null, '3', null, '2015-08-31 01:01:54'), ('560', '101', '199', '4', null, null, '4', null, '2015-08-31 01:01:54'), ('561', '101', '200', '3', null, null, '3', null, '2015-08-31 01:01:54'), ('562', '101', '201', '4', null, null, '4', null, '2015-08-31 01:01:54'), ('563', '101', '202', '2', null, null, '2', null, '2015-08-31 01:01:54'), ('564', '101', '203', '4', null, null, '4', null, '2015-08-31 01:01:54'), ('565', '101', '204', '3', null, null, '3', null, '2015-08-31 01:01:54'), ('566', '101', '205', '3', null, null, '3', null, '2015-08-31 01:01:54'), ('567', '97', '206', '4', null, null, '4', null, '2015-09-06 12:10:12'), ('568', '97', '207', '4', null, null, '4', null, '2015-09-06 12:10:12'), ('569', '97', '208', '3', null, null, '3', null, '2015-09-06 12:10:12'), ('570', '97', '209', '4', null, null, '4', null, '2015-09-06 12:10:12'), ('571', '98', '206', '4', null, null, '4', null, '2015-08-31 01:01:54'), ('572', '98', '207', '4', null, null, '4', null, '2015-08-31 01:01:54'), ('573', '98', '208', '3', null, null, '3', null, '2015-08-31 01:01:54'), ('574', '98', '209', '3', null, null, '3', null, '2015-08-31 01:01:54'), ('575', '99', '206', '4', null, null, '4', null, '2015-08-31 01:01:54'), ('576', '99', '207', '4', null, null, '4', null, '2015-08-31 01:01:54'), ('577', '99', '208', '3', null, null, '3', null, '2015-08-31 01:01:54'), ('578', '99', '209', '1', null, null, '1', null, '2015-08-31 01:01:54'), ('579', '100', '206', '2', null, null, '2', null, '2015-08-31 01:01:54'), ('580', '100', '207', '3', null, null, '3', null, '2015-08-31 01:01:54'), ('581', '100', '208', '4', null, null, '4', null, '2015-08-31 01:01:54'), ('582', '100', '209', '1', null, null, '1', null, '2015-08-31 01:01:54'), ('583', '101', '206', '3', null, null, '3', null, '2015-08-31 01:01:54'), ('584', '101', '207', '4', null, null, '4', null, '2015-08-31 01:01:54'), ('585', '101', '208', '3', null, null, '3', null, '2015-08-31 01:01:54'), ('586', '101', '209', '4', null, null, '4', null, '2015-08-31 01:01:54'), ('587', '97', '210', '3', null, null, '3', null, '2015-09-06 12:10:12'), ('588', '97', '211', '2', null, null, '2', null, '2015-09-06 12:10:12'), ('589', '97', '212', '3', null, null, '3', null, '2015-09-06 12:10:12'), ('590', '97', '213', '4', null, null, '4', null, '2015-09-06 12:10:12'), ('591', '97', '214', '2', null, null, '2', null, '2015-09-06 12:10:12'), ('592', '97', '215', '2', null, null, '2', null, '2015-09-06 12:10:12'), ('593', '97', '216', '3', null, null, '3', null, '2015-09-06 12:10:12'), ('594', '97', '217', '3', null, null, '3', null, '2015-09-06 12:10:12'), ('595', '97', '218', '2', null, null, '2', null, '2015-09-06 12:10:12'), ('596', '97', '219', '3', null, null, '3', null, '2015-09-06 12:10:12'), ('597', '97', '220', '3', null, null, '3', null, '2015-09-06 12:10:12'), ('598', '97', '221', '4', null, null, '4', null, '2015-09-06 12:10:12'), ('599', '97', '222', '4', null, null, '4', null, '2015-09-06 12:10:12'), ('600', '97', '223', '4', null, null, '4', null, '2015-09-06 12:10:12'), ('601', '97', '224', '3', null, null, '3', null, '2015-09-06 12:10:12'), ('602', '97', '225', '3', null, null, '3', null, '2015-09-06 12:10:12'), ('603', '98', '210', '4', null, null, '4', null, '2015-08-31 01:01:54'), ('604', '98', '211', '2', null, null, '2', null, '2015-08-31 01:01:54'), ('605', '98', '212', '3', null, null, '3', null, '2015-08-31 01:01:54'), ('606', '98', '213', '4', null, null, '4', null, '2015-08-31 01:01:54'), ('607', '98', '214', '3', null, null, '3', null, '2015-08-31 01:01:54'), ('608', '98', '215', '4', null, null, '4', null, '2015-08-31 01:01:54'), ('609', '98', '216', '3', null, null, '3', null, '2015-08-31 01:01:54'), ('610', '98', '217', '3', null, null, '3', null, '2015-08-31 01:01:54'), ('611', '98', '218', '3', null, null, '3', null, '2015-08-31 01:01:54'), ('612', '98', '219', '3', null, null, '3', null, '2015-08-31 01:01:54'), ('613', '98', '220', '3', null, null, '3', null, '2015-08-31 01:01:54'), ('614', '98', '221', '3', null, null, '3', null, '2015-08-31 01:01:54'), ('615', '98', '222', '4', null, null, '4', null, '2015-08-31 01:01:54'), ('616', '98', '223', '1', null, null, '1', null, '2015-08-31 01:01:54'), ('617', '98', '224', '4', null, null, '4', null, '2015-08-31 01:01:54'), ('618', '98', '225', '4', null, null, '4', null, '2015-08-31 01:01:54'), ('619', '99', '210', '4', null, null, '4', null, '2015-08-31 01:01:54'), ('620', '99', '211', '2', null, null, '2', null, '2015-08-31 01:01:54'), ('621', '99', '212', '2', null, null, '2', null, '2015-08-31 01:01:54'), ('622', '99', '213', '4', null, null, '4', null, '2015-08-31 01:01:54'), ('623', '99', '214', '2', null, null, '2', null, '2015-08-31 01:01:54'), ('624', '99', '215', '3', null, null, '3', null, '2015-08-31 01:01:54'), ('625', '99', '216', '4', null, null, '4', null, '2015-08-31 01:01:54'), ('626', '99', '217', '2', null, null, '2', null, '2015-08-31 01:01:54'), ('627', '99', '218', '2', null, null, '2', null, '2015-08-31 01:01:54'), ('628', '99', '219', '4', null, null, '4', null, '2015-08-31 01:01:54'), ('629', '99', '220', '3', null, null, '3', null, '2015-08-31 01:01:54'), ('630', '99', '221', '4', null, null, '4', null, '2015-08-31 01:01:54'), ('631', '99', '222', '4', null, null, '4', null, '2015-08-31 01:01:54'), ('632', '99', '223', '4', null, null, '4', null, '2015-08-31 01:01:54'), ('633', '99', '224', '3', null, null, '3', null, '2015-08-31 01:01:54'), ('634', '99', '225', '4', null, null, '4', null, '2015-08-31 01:01:54'), ('635', '100', '210', '3', null, null, '3', null, '2015-08-31 01:01:54'), ('636', '100', '211', '1', null, null, '1', null, '2015-08-31 01:01:54'), ('637', '100', '212', '4', null, null, '4', null, '2015-08-31 01:01:54'), ('638', '100', '213', '3', null, null, '3', null, '2015-08-31 01:01:54'), ('639', '100', '214', '2', null, null, '2', null, '2015-08-31 01:01:54'), ('640', '100', '215', '4', null, null, '4', null, '2015-08-31 01:01:54'), ('641', '100', '216', '4', null, null, '4', null, '2015-08-31 01:01:54'), ('642', '100', '217', '1', null, null, '1', null, '2015-08-31 01:01:54'), ('643', '100', '218', '3', null, null, '3', null, '2015-08-31 01:01:54'), ('644', '100', '219', '3', null, null, '3', null, '2015-08-31 01:01:54'), ('645', '100', '220', '3', null, null, '3', null, '2015-08-31 01:01:54'), ('646', '100', '221', '1', null, null, '1', null, '2015-08-31 01:01:54'), ('647', '100', '222', '3', null, null, '3', null, '2015-08-31 01:01:54'), ('648', '100', '223', '3', null, null, '3', null, '2015-08-31 01:01:54'), ('649', '100', '224', '3', null, null, '3', null, '2015-08-31 01:01:54'), ('650', '100', '225', '3', null, null, '3', null, '2015-08-31 01:01:54'), ('651', '101', '210', '4', null, null, '4', null, '2015-08-31 01:01:54'), ('652', '101', '211', '2', null, null, '2', null, '2015-08-31 01:01:54'), ('653', '101', '212', '2', null, null, '2', null, '2015-08-31 01:01:54'), ('654', '101', '213', '3', null, null, '3', null, '2015-08-31 01:01:54'), ('655', '101', '214', '3', null, null, '3', null, '2015-08-31 01:01:54'), ('656', '101', '215', '3', null, null, '3', null, '2015-08-31 01:01:54'), ('657', '101', '216', '4', null, null, '4', null, '2015-08-31 01:01:54'), ('658', '101', '217', '3', null, null, '3', null, '2015-08-31 01:01:54'), ('659', '101', '218', '2', null, null, '2', null, '2015-08-31 01:01:54'), ('660', '101', '219', '4', null, null, '4', null, '2015-08-31 01:01:54'), ('661', '101', '220', '3', null, null, '3', null, '2015-08-31 01:01:54'), ('662', '101', '221', '4', null, null, '4', null, '2015-08-31 01:01:54'), ('663', '101', '222', '3', null, null, '3', null, '2015-08-31 01:01:54'), ('664', '101', '223', '4', null, null, '4', null, '2015-08-31 01:01:54'), ('665', '101', '224', '4', null, null, '4', null, '2015-08-31 01:01:54'), ('666', '101', '225', '3', null, null, '3', null, '2015-08-31 01:01:54'), ('667', '102', '178', null, null, null, null, null, '2015-09-20 16:32:41'), ('668', '102', '179', null, null, null, null, null, '2015-09-20 16:32:41'), ('669', '102', '180', null, null, null, null, null, '2015-09-20 16:32:41'), ('670', '102', '181', null, null, null, null, null, '2015-09-20 16:32:41'), ('671', '102', '182', null, null, null, null, null, '2015-09-20 16:32:41'), ('672', '102', '183', null, null, null, null, null, '2015-09-20 16:32:41'), ('673', '102', '184', null, null, null, null, null, '2015-09-20 16:32:41'), ('674', '102', '185', null, null, null, null, null, '2015-09-20 16:32:41'), ('675', '102', '186', null, null, null, null, null, '2015-09-20 16:32:41'), ('676', '102', '187', null, null, null, null, null, '2015-09-20 16:32:41'), ('677', '102', '188', null, null, null, null, null, '2015-09-20 16:32:41'), ('678', '102', '189', null, null, null, null, null, '2015-09-20 16:32:41'), ('679', '102', '190', null, null, null, null, null, '2015-09-20 16:32:41'), ('680', '102', '191', null, null, null, null, null, '2015-09-20 16:32:41'), ('681', '102', '192', null, null, null, null, null, '2015-09-20 16:32:41'), ('682', '102', '193', null, null, null, null, null, '2015-09-20 16:32:41'), ('683', '102', '194', null, null, null, null, null, '2015-09-20 16:32:41'), ('684', '102', '195', null, null, null, null, null, '2015-09-20 16:32:41'), ('685', '102', '196', null, null, null, null, null, '2015-09-20 16:32:41'), ('686', '102', '197', null, null, null, null, null, '2015-09-20 16:32:41'), ('687', '102', '198', null, null, null, null, null, '2015-09-20 16:32:41'), ('688', '102', '199', null, null, null, null, null, '2015-09-20 16:32:41'), ('689', '102', '200', null, null, null, null, null, '2015-09-20 16:32:41'), ('690', '102', '201', null, null, null, null, null, '2015-09-20 16:32:41'), ('691', '102', '202', null, null, null, null, null, '2015-09-20 16:32:41'), ('692', '102', '203', null, null, null, null, null, '2015-09-20 16:32:41'), ('693', '102', '204', null, null, null, null, null, '2015-09-20 16:32:41'), ('694', '102', '205', null, null, null, null, null, '2015-09-20 16:32:41'), ('695', '102', '206', null, null, null, null, null, '2015-09-20 16:32:41'), ('696', '102', '207', null, null, null, null, null, '2015-09-20 16:32:41'), ('697', '102', '208', null, null, null, null, null, '2015-09-20 16:32:41'), ('698', '102', '209', null, null, null, null, null, '2015-09-20 16:32:41'), ('699', '102', '210', null, null, null, null, null, '2015-09-20 16:32:41'), ('700', '102', '211', null, null, null, null, null, '2015-09-20 16:32:41'), ('701', '102', '212', null, null, null, null, null, '2015-09-20 16:32:41'), ('702', '102', '213', null, null, null, null, null, '2015-09-20 16:32:41'), ('703', '102', '214', null, null, null, null, null, '2015-09-20 16:32:41'), ('704', '102', '215', null, null, null, null, null, '2015-09-20 16:32:41'), ('705', '102', '216', null, null, null, null, null, '2015-09-20 16:32:41'), ('706', '102', '217', null, null, null, null, null, '2015-09-20 16:32:41'), ('707', '102', '218', null, null, null, null, null, '2015-09-20 16:32:41'), ('708', '102', '219', null, null, null, null, null, '2015-09-20 16:32:41'), ('709', '102', '220', null, null, null, null, null, '2015-09-20 16:32:41'), ('710', '102', '221', null, null, null, null, null, '2015-09-20 16:32:41'), ('711', '102', '222', null, null, null, null, null, '2015-09-20 16:32:41'), ('712', '102', '223', null, null, null, null, null, '2015-09-20 16:32:41'), ('713', '102', '224', null, null, null, null, null, '2015-09-20 16:32:41'), ('714', '102', '225', null, null, null, null, null, '2015-09-20 16:32:41'), ('715', '104', '178', null, null, null, null, null, '2015-10-17 12:07:54'), ('716', '104', '179', null, null, null, null, null, '2015-10-17 12:07:54'), ('717', '104', '180', null, null, null, null, null, '2015-10-17 12:07:54'), ('718', '104', '181', null, null, null, null, null, '2015-10-17 12:07:54'), ('719', '104', '182', null, null, null, null, null, '2015-10-17 12:07:54'), ('720', '104', '183', null, null, null, null, null, '2015-10-17 12:07:54'), ('721', '104', '184', null, null, null, null, null, '2015-10-17 12:07:54'), ('722', '104', '185', null, null, null, null, null, '2015-10-17 12:07:54'), ('723', '104', '186', null, null, null, null, null, '2015-10-17 12:07:54'), ('724', '104', '187', null, null, null, null, null, '2015-10-17 12:07:54'), ('725', '104', '188', null, null, null, null, null, '2015-10-17 12:07:54'), ('726', '104', '189', null, null, null, null, null, '2015-10-17 12:07:54'), ('727', '104', '190', null, null, null, null, null, '2015-10-17 12:07:54'), ('728', '104', '191', null, null, null, null, null, '2015-10-17 12:07:54'), ('729', '104', '192', null, null, null, null, null, '2015-10-17 12:07:54'), ('730', '104', '193', null, null, null, null, null, '2015-10-17 12:07:54'), ('731', '104', '194', null, null, null, null, null, '2015-10-17 12:07:54'), ('732', '104', '195', null, null, null, null, null, '2015-10-17 12:07:54'), ('733', '104', '196', null, null, null, null, null, '2015-10-17 12:07:54'), ('734', '104', '197', null, null, null, null, null, '2015-10-17 12:07:54'), ('735', '104', '198', null, null, null, null, null, '2015-10-17 12:07:54'), ('736', '104', '199', null, null, null, null, null, '2015-10-17 12:07:54'), ('737', '104', '200', null, null, null, null, null, '2015-10-17 12:07:54'), ('738', '104', '201', null, null, null, null, null, '2015-10-17 12:07:54'), ('739', '104', '202', null, null, null, null, null, '2015-10-17 12:07:54'), ('740', '104', '203', null, null, null, null, null, '2015-10-17 12:07:54'), ('741', '104', '204', null, null, null, null, null, '2015-10-17 12:07:54'), ('742', '104', '205', null, null, null, null, null, '2015-10-17 12:07:54'), ('743', '104', '206', null, null, null, null, null, '2015-10-17 12:07:54'), ('744', '104', '207', null, null, null, null, null, '2015-10-17 12:07:54'), ('745', '104', '208', null, null, null, null, null, '2015-10-17 12:07:54'), ('746', '104', '209', null, null, null, null, null, '2015-10-17 12:07:54'), ('747', '104', '210', null, null, null, null, null, '2015-10-17 12:07:54'), ('748', '104', '211', null, null, null, null, null, '2015-10-17 12:07:54'), ('749', '104', '212', null, null, null, null, null, '2015-10-17 12:07:54'), ('750', '104', '213', null, null, null, null, null, '2015-10-17 12:07:54'), ('751', '104', '214', null, null, null, null, null, '2015-10-17 12:07:54'), ('752', '104', '215', null, null, null, null, null, '2015-10-17 12:07:54'), ('753', '104', '216', null, null, null, null, null, '2015-10-17 12:07:54'), ('754', '104', '217', null, null, null, null, null, '2015-10-17 12:07:54'), ('755', '104', '218', null, null, null, null, null, '2015-10-17 12:07:54'), ('756', '104', '219', null, null, null, null, null, '2015-10-17 12:07:54'), ('757', '104', '220', null, null, null, null, null, '2015-10-17 12:07:54'), ('758', '104', '221', null, null, null, null, null, '2015-10-17 12:07:54'), ('759', '104', '222', null, null, null, null, null, '2015-10-17 12:07:54'), ('760', '104', '223', null, null, null, null, null, '2015-10-17 12:07:54'), ('761', '104', '224', null, null, null, null, null, '2015-10-17 12:07:54'), ('762', '104', '225', null, null, null, null, null, '2015-10-17 12:07:54'), ('763', '105', '178', null, null, null, null, null, '2015-10-17 12:13:23'), ('764', '105', '179', null, null, null, null, null, '2015-10-17 12:13:23'), ('765', '105', '180', null, null, null, null, null, '2015-10-17 12:13:23'), ('766', '105', '181', null, null, null, null, null, '2015-10-17 12:13:23'), ('767', '105', '182', null, null, null, null, null, '2015-10-17 12:13:23'), ('768', '105', '183', null, null, null, null, null, '2015-10-17 12:13:23'), ('769', '105', '184', null, null, null, null, null, '2015-10-17 12:13:23'), ('770', '105', '185', null, null, null, null, null, '2015-10-17 12:13:23'), ('771', '105', '186', null, null, null, null, null, '2015-10-17 12:13:23'), ('772', '105', '187', null, null, null, null, null, '2015-10-17 12:13:23'), ('773', '105', '188', null, null, null, null, null, '2015-10-17 12:13:23'), ('774', '105', '189', null, null, null, null, null, '2015-10-17 12:13:23'), ('775', '105', '190', null, null, null, null, null, '2015-10-17 12:13:23'), ('776', '105', '191', null, null, null, null, null, '2015-10-17 12:13:23'), ('777', '105', '192', null, null, null, null, null, '2015-10-17 12:13:23'), ('778', '105', '193', null, null, null, null, null, '2015-10-17 12:13:23'), ('779', '105', '194', null, null, null, null, null, '2015-10-17 12:13:23'), ('780', '105', '195', null, null, null, null, null, '2015-10-17 12:13:23'), ('781', '105', '196', null, null, null, null, null, '2015-10-17 12:13:23'), ('782', '105', '197', null, null, null, null, null, '2015-10-17 12:13:23'), ('783', '105', '198', null, null, null, null, null, '2015-10-17 12:13:23'), ('784', '105', '199', null, null, null, null, null, '2015-10-17 12:13:23'), ('785', '105', '200', null, null, null, null, null, '2015-10-17 12:13:23'), ('786', '105', '201', null, null, null, null, null, '2015-10-17 12:13:23'), ('787', '105', '202', null, null, null, null, null, '2015-10-17 12:13:23'), ('788', '105', '203', null, null, null, null, null, '2015-10-17 12:13:23'), ('789', '105', '204', null, null, null, null, null, '2015-10-17 12:13:23'), ('790', '105', '205', null, null, null, null, null, '2015-10-17 12:13:23'), ('791', '105', '206', null, null, null, null, null, '2015-10-17 12:13:23'), ('792', '105', '207', null, null, null, null, null, '2015-10-17 12:13:23'), ('793', '105', '208', null, null, null, null, null, '2015-10-17 12:13:23'), ('794', '105', '209', null, null, null, null, null, '2015-10-17 12:13:23'), ('795', '105', '210', null, null, null, null, null, '2015-10-17 12:13:23'), ('796', '105', '211', null, null, null, null, null, '2015-10-17 12:13:23'), ('797', '105', '212', null, null, null, null, null, '2015-10-17 12:13:23'), ('798', '105', '213', null, null, null, null, null, '2015-10-17 12:13:23'), ('799', '105', '214', null, null, null, null, null, '2015-10-17 12:13:23'), ('800', '105', '215', null, null, null, null, null, '2015-10-17 12:13:23'), ('801', '105', '216', null, null, null, null, null, '2015-10-17 12:13:23'), ('802', '105', '217', null, null, null, null, null, '2015-10-17 12:13:23'), ('803', '105', '218', null, null, null, null, null, '2015-10-17 12:13:23'), ('804', '105', '219', null, null, null, null, null, '2015-10-17 12:13:23'), ('805', '105', '220', null, null, null, null, null, '2015-10-17 12:13:23'), ('806', '105', '221', null, null, null, null, null, '2015-10-17 12:13:23'), ('807', '105', '222', null, null, null, null, null, '2015-10-17 12:13:23'), ('808', '105', '223', null, null, null, null, null, '2015-10-17 12:13:23'), ('809', '105', '224', null, null, null, null, null, '2015-10-17 12:13:23'), ('810', '105', '225', null, null, null, null, null, '2015-10-17 12:13:23'), ('811', '106', '178', null, null, null, null, null, '2015-10-17 12:13:33'), ('812', '106', '179', null, null, null, null, null, '2015-10-17 12:13:33'), ('813', '106', '180', null, null, null, null, null, '2015-10-17 12:13:33'), ('814', '106', '181', null, null, null, null, null, '2015-10-17 12:13:33'), ('815', '106', '182', null, null, null, null, null, '2015-10-17 12:13:33'), ('816', '106', '183', null, null, null, null, null, '2015-10-17 12:13:33'), ('817', '106', '184', null, null, null, null, null, '2015-10-17 12:13:33'), ('818', '106', '185', null, null, null, null, null, '2015-10-17 12:13:33'), ('819', '106', '186', null, null, null, null, null, '2015-10-17 12:13:33'), ('820', '106', '187', null, null, null, null, null, '2015-10-17 12:13:33'), ('821', '106', '188', null, null, null, null, null, '2015-10-17 12:13:33'), ('822', '106', '189', null, null, null, null, null, '2015-10-17 12:13:33'), ('823', '106', '190', null, null, null, null, null, '2015-10-17 12:13:33'), ('824', '106', '191', null, null, null, null, null, '2015-10-17 12:13:33'), ('825', '106', '192', null, null, null, null, null, '2015-10-17 12:13:33'), ('826', '106', '193', null, null, null, null, null, '2015-10-17 12:13:33'), ('827', '106', '194', null, null, null, null, null, '2015-10-17 12:13:33'), ('828', '106', '195', null, null, null, null, null, '2015-10-17 12:13:33'), ('829', '106', '196', null, null, null, null, null, '2015-10-17 12:13:33'), ('830', '106', '197', null, null, null, null, null, '2015-10-17 12:13:33'), ('831', '106', '198', null, null, null, null, null, '2015-10-17 12:13:33'), ('832', '106', '199', null, null, null, null, null, '2015-10-17 12:13:33'), ('833', '106', '200', null, null, null, null, null, '2015-10-17 12:13:33'), ('834', '106', '201', null, null, null, null, null, '2015-10-17 12:13:33'), ('835', '106', '202', null, null, null, null, null, '2015-10-17 12:13:33'), ('836', '106', '203', null, null, null, null, null, '2015-10-17 12:13:33'), ('837', '106', '204', null, null, null, null, null, '2015-10-17 12:13:33'), ('838', '106', '205', null, null, null, null, null, '2015-10-17 12:13:33'), ('839', '106', '206', null, null, null, null, null, '2015-10-17 12:13:33'), ('840', '106', '207', null, null, null, null, null, '2015-10-17 12:13:33'), ('841', '106', '208', null, null, null, null, null, '2015-10-17 12:13:33'), ('842', '106', '209', null, null, null, null, null, '2015-10-17 12:13:33'), ('843', '106', '210', null, null, null, null, null, '2015-10-17 12:13:33'), ('844', '106', '211', null, null, null, null, null, '2015-10-17 12:13:33'), ('845', '106', '212', null, null, null, null, null, '2015-10-17 12:13:33'), ('846', '106', '213', null, null, null, null, null, '2015-10-17 12:13:33'), ('847', '106', '214', null, null, null, null, null, '2015-10-17 12:13:33'), ('848', '106', '215', null, null, null, null, null, '2015-10-17 12:13:33'), ('849', '106', '216', null, null, null, null, null, '2015-10-17 12:13:33'), ('850', '106', '217', null, null, null, null, null, '2015-10-17 12:13:33'), ('851', '106', '218', null, null, null, null, null, '2015-10-17 12:13:33'), ('852', '106', '219', null, null, null, null, null, '2015-10-17 12:13:33'), ('853', '106', '220', null, null, null, null, null, '2015-10-17 12:13:33'), ('854', '106', '221', null, null, null, null, null, '2015-10-17 12:13:33'), ('855', '106', '222', null, null, null, null, null, '2015-10-17 12:13:33'), ('856', '106', '223', null, null, null, null, null, '2015-10-17 12:13:33'), ('857', '106', '224', null, null, null, null, null, '2015-10-17 12:13:33'), ('858', '106', '225', null, null, null, null, null, '2015-10-17 12:13:33'), ('859', '107', '178', null, null, null, null, null, '2015-10-17 12:31:56'), ('860', '107', '179', null, null, null, null, null, '2015-10-17 12:31:56'), ('861', '107', '180', null, null, null, null, null, '2015-10-17 12:31:56'), ('862', '107', '181', null, null, null, null, null, '2015-10-17 12:31:56'), ('863', '107', '182', null, null, null, null, null, '2015-10-17 12:31:56'), ('864', '107', '183', null, null, null, null, null, '2015-10-17 12:31:56'), ('865', '107', '184', null, null, null, null, null, '2015-10-17 12:31:56'), ('866', '107', '185', null, null, null, null, null, '2015-10-17 12:31:56'), ('867', '107', '186', null, null, null, null, null, '2015-10-17 12:31:56'), ('868', '107', '187', null, null, null, null, null, '2015-10-17 12:31:56'), ('869', '107', '188', null, null, null, null, null, '2015-10-17 12:31:56'), ('870', '107', '189', null, null, null, null, null, '2015-10-17 12:31:56'), ('871', '107', '190', null, null, null, null, null, '2015-10-17 12:31:56'), ('872', '107', '191', null, null, null, null, null, '2015-10-17 12:31:56'), ('873', '107', '192', null, null, null, null, null, '2015-10-17 12:31:56'), ('874', '107', '193', null, null, null, null, null, '2015-10-17 12:31:56'), ('875', '107', '194', null, null, null, null, null, '2015-10-17 12:31:56'), ('876', '107', '195', null, null, null, null, null, '2015-10-17 12:31:56'), ('877', '107', '196', null, null, null, null, null, '2015-10-17 12:31:56'), ('878', '107', '197', null, null, null, null, null, '2015-10-17 12:31:56'), ('879', '107', '198', null, null, null, null, null, '2015-10-17 12:31:56'), ('880', '107', '199', null, null, null, null, null, '2015-10-17 12:31:56'), ('881', '107', '200', null, null, null, null, null, '2015-10-17 12:31:56'), ('882', '107', '201', null, null, null, null, null, '2015-10-17 12:31:56'), ('883', '107', '202', null, null, null, null, null, '2015-10-17 12:31:56'), ('884', '107', '203', null, null, null, null, null, '2015-10-17 12:31:56'), ('885', '107', '204', null, null, null, null, null, '2015-10-17 12:31:56'), ('886', '107', '205', null, null, null, null, null, '2015-10-17 12:31:56'), ('887', '107', '206', null, null, null, null, null, '2015-10-17 12:31:56'), ('888', '107', '207', null, null, null, null, null, '2015-10-17 12:31:56'), ('889', '107', '208', null, null, null, null, null, '2015-10-17 12:31:56'), ('890', '107', '209', null, null, null, null, null, '2015-10-17 12:31:56'), ('891', '107', '210', null, null, null, null, null, '2015-10-17 12:31:56'), ('892', '107', '211', null, null, null, null, null, '2015-10-17 12:31:56'), ('893', '107', '212', null, null, null, null, null, '2015-10-17 12:31:56'), ('894', '107', '213', null, null, null, null, null, '2015-10-17 12:31:56'), ('895', '107', '214', null, null, null, null, null, '2015-10-17 12:31:56'), ('896', '107', '215', null, null, null, null, null, '2015-10-17 12:31:56'), ('897', '107', '216', null, null, null, null, null, '2015-10-17 12:31:56'), ('898', '107', '217', null, null, null, null, null, '2015-10-17 12:31:56'), ('899', '107', '218', null, null, null, null, null, '2015-10-17 12:31:56'), ('900', '107', '219', null, null, null, null, null, '2015-10-17 12:31:56'), ('901', '107', '220', null, null, null, null, null, '2015-10-17 12:31:56'), ('902', '107', '221', null, null, null, null, null, '2015-10-17 12:31:56'), ('903', '107', '222', null, null, null, null, null, '2015-10-17 12:31:56'), ('904', '107', '223', null, null, null, null, null, '2015-10-17 12:31:56'), ('905', '107', '224', null, null, null, null, null, '2015-10-17 12:31:56'), ('906', '107', '225', null, null, null, null, null, '2015-10-17 12:31:56'), ('907', '108', '95', null, null, null, null, null, '2015-10-17 17:50:25'), ('908', '108', '96', null, null, null, null, null, '2015-10-17 17:50:25'), ('909', '108', '97', null, null, null, null, null, '2015-10-17 17:50:25'), ('910', '108', '98', null, null, null, null, null, '2015-10-17 17:50:25'), ('911', '108', '99', null, null, null, null, null, '2015-10-17 17:50:25'), ('912', '108', '100', null, null, null, null, null, '2015-10-17 17:50:25'), ('913', '108', '101', null, null, null, null, null, '2015-10-17 17:50:25'), ('914', '108', '102', null, null, null, null, null, '2015-10-17 17:50:25'), ('915', '108', '103', null, null, null, null, null, '2015-10-17 17:50:25'), ('916', '108', '104', null, null, null, null, null, '2015-10-17 17:50:25'), ('917', '108', '105', null, null, null, null, null, '2015-10-17 17:50:25'), ('918', '108', '106', null, null, null, null, null, '2015-10-17 17:50:25'), ('919', '108', '107', null, null, null, null, null, '2015-10-17 17:50:25'), ('920', '109', '95', null, null, null, null, null, '2015-10-17 17:50:26'), ('921', '109', '96', null, null, null, null, null, '2015-10-17 17:50:26'), ('922', '109', '97', null, null, null, null, null, '2015-10-17 17:50:26'), ('923', '109', '98', null, null, null, null, null, '2015-10-17 17:50:26'), ('924', '109', '99', null, null, null, null, null, '2015-10-17 17:50:26'), ('925', '109', '100', null, null, null, null, null, '2015-10-17 17:50:26'), ('926', '109', '101', null, null, null, null, null, '2015-10-17 17:50:26'), ('927', '109', '102', null, null, null, null, null, '2015-10-17 17:50:26'), ('928', '109', '103', null, null, null, null, null, '2015-10-17 17:50:26'), ('929', '109', '104', null, null, null, null, null, '2015-10-17 17:50:26'), ('930', '109', '105', null, null, null, null, null, '2015-10-17 17:50:26'), ('931', '109', '106', null, null, null, null, null, '2015-10-17 17:50:26'), ('932', '109', '107', null, null, null, null, null, '2015-10-17 17:50:26'), ('933', '110', '95', null, null, null, null, null, '2015-10-17 17:51:40'), ('934', '110', '96', null, null, null, null, null, '2015-10-17 17:51:40'), ('935', '110', '97', null, null, null, null, null, '2015-10-17 17:51:40'), ('936', '110', '98', null, null, null, null, null, '2015-10-17 17:51:40'), ('937', '110', '99', null, null, null, null, null, '2015-10-17 17:51:40'), ('938', '110', '100', null, null, null, null, null, '2015-10-17 17:51:40'), ('939', '110', '101', null, null, null, null, null, '2015-10-17 17:51:40'), ('940', '110', '102', null, null, null, null, null, '2015-10-17 17:51:40'), ('941', '110', '103', null, null, null, null, null, '2015-10-17 17:51:40'), ('942', '110', '104', null, null, null, null, null, '2015-10-17 17:51:40'), ('943', '110', '105', null, null, null, null, null, '2015-10-17 17:51:40'), ('944', '110', '106', null, null, null, null, null, '2015-10-17 17:51:40'), ('945', '110', '107', null, null, null, null, null, '2015-10-17 17:51:40');
COMMIT;

-- ----------------------------
--  Table structure for `badge`
-- ----------------------------
DROP TABLE IF EXISTS `badge`;
CREATE TABLE `badge` (
  `id` int(11) NOT NULL AUTO_INCREMENT,
  `name` varchar(255) COLLATE utf8_bin DEFAULT NULL,
  `description` varchar(4000) COLLATE utf8_bin DEFAULT NULL,
  `image` varchar(500) COLLATE utf8_bin DEFAULT NULL,
  `issuer` varchar(500) COLLATE utf8_bin DEFAULT NULL,
  `tags` varchar(500) COLLATE utf8_bin DEFAULT NULL,
  PRIMARY KEY (`id`),
  UNIQUE KEY `id` (`id`)
) ENGINE=InnoDB AUTO_INCREMENT=22 DEFAULT CHARSET=utf8 COLLATE=utf8_bin;

-- ----------------------------
--  Records of `badge`
-- ----------------------------
BEGIN;
INSERT INTO `badge` VALUES ('12', 'CSS3', 'CSS3 mastery module.', '/site/default/badges/css3.png', 'CogentQI.com', null), ('13', 'Caring Workplace', 'Developing a caring workplace environment.', '/site/default/badges/cup.png', 'CogentQI.com', null), ('14', 'Legal Issues', 'Legal issues in our profession.', '/site/default/badges/gavel.png', 'CogentQI.com', null), ('15', 'Internet Technology', 'How the Internet affects our workplace.', '/site/default/badges/ipv6.png', 'CogentQI.com', null), ('16', 'Team Participation', 'Working as a member of a professional team.', '/site/default/badges/participation.png', 'CogentQI.com', null), ('17', 'Prescription Management', 'Managing prescriptions safely, optimally and accurately.', '/site/default/badges/prescriptions.png', 'CogentQI.com', null), ('18', 'Security 101', 'Security awareness in the workplace.', '/site/default/badges/security.png', 'CogentQI.com', null), ('19', 'Support Technologies', 'Technologies that can help you do your job better.', '/site/default/badges/technology.png', 'CogentQI.com', null), ('20', 'Communication', 'Basic communications skills.', '/site/default/badges/telegraph.png', 'CogentQI.com', null), ('21', 'Planning', 'Wise planning and time management.', '/site/default/badges/wisdom.png', 'CogentQI.com', null);
COMMIT;

-- ----------------------------
--  Table structure for `configuration`
-- ----------------------------
DROP TABLE IF EXISTS `configuration`;
CREATE TABLE `configuration` (
  `id` int(11) NOT NULL,
  `assessment_weight` int(11) NOT NULL DEFAULT '5',
  `outcome_weight` int(11) NOT NULL DEFAULT '5',
  PRIMARY KEY (`id`),
  UNIQUE KEY `configuration_id_uindex` (`id`)
) ENGINE=InnoDB DEFAULT CHARSET=utf8 COLLATE=utf8_bin ROW_FORMAT=COMPACT;

-- ----------------------------
--  Records of `configuration`
-- ----------------------------
BEGIN;
INSERT INTO `configuration` VALUES ('0', '3', '7');
COMMIT;

-- ----------------------------
--  Table structure for `event`
-- ----------------------------
DROP TABLE IF EXISTS `event`;
CREATE TABLE `event` (
  `id` int(11) NOT NULL AUTO_INCREMENT,
  `name` varchar(100) COLLATE utf8_bin NOT NULL,
  `description` text COLLATE utf8_bin NOT NULL,
  `category` varchar(100) COLLATE utf8_bin NOT NULL DEFAULT 'Generic',
  `threshold` int(11) NOT NULL DEFAULT '1',
  PRIMARY KEY (`id`)
) ENGINE=InnoDB DEFAULT CHARSET=utf8 COLLATE=utf8_bin;

-- ----------------------------
--  Table structure for `event_alignment`
-- ----------------------------
DROP TABLE IF EXISTS `event_alignment`;
CREATE TABLE `event_alignment` (
  `id` int(11) NOT NULL AUTO_INCREMENT,
  `increment` int(11) NOT NULL DEFAULT '1',
  `event_id` int(11) NOT NULL,
  `question_id` int(11) NOT NULL,
  `weight` int(11) NOT NULL DEFAULT '1',
  PRIMARY KEY (`id`),
  KEY `event_key` (`event_id`),
  KEY `question_key` (`question_id`),
  CONSTRAINT `event_alignment_ibfk_1` FOREIGN KEY (`event_id`) REFERENCES `event` (`id`),
  CONSTRAINT `event_alignment_ibfk_2` FOREIGN KEY (`question_id`) REFERENCES `question` (`id`)
) ENGINE=InnoDB DEFAULT CHARSET=utf8 COLLATE=utf8_bin;

-- ----------------------------
--  Table structure for `homepage`
-- ----------------------------
DROP TABLE IF EXISTS `homepage`;
CREATE TABLE `homepage` (
  `id` int(11) NOT NULL AUTO_INCREMENT,
  `title` varchar(255) DEFAULT 'Home Page',
  `description` longtext,
  PRIMARY KEY (`id`),
  UNIQUE KEY `id` (`id`)
) ENGINE=InnoDB DEFAULT CHARSET=utf8 ROW_FORMAT=COMPACT;

-- ----------------------------
--  Table structure for `instrument`
-- ----------------------------
DROP TABLE IF EXISTS `instrument`;
CREATE TABLE `instrument` (
  `id` int(11) NOT NULL AUTO_INCREMENT,
  `name` varchar(100) DEFAULT NULL,
  `role_id` char(1) NOT NULL DEFAULT 'P',
  `usage_id` char(1) NOT NULL DEFAULT 'R',
  `description` varchar(5000) DEFAULT NULL,
  `summary` varchar(500) DEFAULT NULL,
  `is_uniform` tinyint(1) DEFAULT '1',
  `question_type_id` int(11) DEFAULT NULL,
  `max_range` int(11) NOT NULL DEFAULT '0',
  `min_range` int(11) NOT NULL DEFAULT '5',
  `sort_order` int(11) NOT NULL DEFAULT '0',
  `status` char(1) NOT NULL DEFAULT 'A',
  PRIMARY KEY (`id`),
  KEY `role_id` (`role_id`),
  KEY `usage_id` (`usage_id`),
  CONSTRAINT `instrument_ibfk_1` FOREIGN KEY (`role_id`) REFERENCES `role` (`id`),
  CONSTRAINT `instrument_ibfk_2` FOREIGN KEY (`usage_id`) REFERENCES `algorithm_usage` (`id`)
) ENGINE=InnoDB AUTO_INCREMENT=10 DEFAULT CHARSET=utf8 ROW_FORMAT=COMPACT;

-- ----------------------------
--  Records of `instrument`
-- ----------------------------
BEGIN;
INSERT INTO `instrument` VALUES ('5', 'Berkeley Core Competencies and Behavioral Anchors', 'N', 'R', null, null, '1', '37', '5', '0', '5', 'A'), ('9', 'PA Evaluation', 'P', 'R', null, null, '1', '37', '5', '0', '9', 'A');
COMMIT;

-- ----------------------------
--  Table structure for `instrument_schedule`
-- ----------------------------
DROP TABLE IF EXISTS `instrument_schedule`;
CREATE TABLE `instrument_schedule` (
  `id` int(11) NOT NULL AUTO_INCREMENT,
  `instrument_id` int(11) NOT NULL,
  `starts` date DEFAULT NULL,
  `ends` date DEFAULT NULL,
  `locked_on` datetime DEFAULT NULL,
  `nag_window_start` int(11) DEFAULT '0',
  `nag_window_end` int(11) DEFAULT '0',
  `is_shared` tinyint(4) NOT NULL DEFAULT '1',
  `status_id` char(1) DEFAULT 'A',
  `name` varchar(255) NOT NULL DEFAULT 'Schedule',
  PRIMARY KEY (`id`),
  UNIQUE KEY `unique_id` (`id`),
  KEY `instrument_id` (`instrument_id`),
  CONSTRAINT `instrument_schedule_ibfk_1` FOREIGN KEY (`instrument_id`) REFERENCES `instrument` (`id`),
  CONSTRAINT `instrument_schedule_ibfk_2` FOREIGN KEY (`instrument_id`) REFERENCES `instrument` (`id`)
) ENGINE=InnoDB AUTO_INCREMENT=4 DEFAULT CHARSET=utf8 ROW_FORMAT=COMPACT;

-- ----------------------------
--  Records of `instrument_schedule`
-- ----------------------------
BEGIN;
INSERT INTO `instrument_schedule` VALUES ('2', '5', '2015-01-02', '2015-12-31', null, '0', '0', '1', 'A', 'Nursing 2015'), ('3', '9', '2015-01-02', '2015-12-31', null, '0', '0', '1', 'A', 'PA 2015');
COMMIT;

-- ----------------------------
--  Table structure for `instrument_schedule_operation`
-- ----------------------------
DROP TABLE IF EXISTS `instrument_schedule_operation`;
CREATE TABLE `instrument_schedule_operation` (
  `id` int(11) NOT NULL AUTO_INCREMENT,
  `instrument_schedule_id` int(11) NOT NULL,
  `role_id` char(1) NOT NULL,
  `operation_id` char(1) NOT NULL DEFAULT 'R',
  PRIMARY KEY (`id`),
  UNIQUE KEY `id` (`id`),
  KEY `instrument_schedule_id` (`instrument_schedule_id`),
  KEY `role_id` (`role_id`),
  KEY `operation_id` (`operation_id`),
  CONSTRAINT `instrument_schedule_operation_ibfk_1` FOREIGN KEY (`instrument_schedule_id`) REFERENCES `instrument_schedule` (`id`),
  CONSTRAINT `instrument_schedule_operation_ibfk_2` FOREIGN KEY (`role_id`) REFERENCES `role` (`id`),
  CONSTRAINT `instrument_schedule_operation_ibfk_3` FOREIGN KEY (`operation_id`) REFERENCES `operation` (`id`)
) ENGINE=InnoDB AUTO_INCREMENT=21 DEFAULT CHARSET=utf8 ROW_FORMAT=COMPACT;

-- ----------------------------
--  Records of `instrument_schedule_operation`
-- ----------------------------
BEGIN;
INSERT INTO `instrument_schedule_operation` VALUES ('1', '2', 'N', 'X'), ('2', '2', 'N', 'C'), ('3', '2', 'N', 'R'), ('4', '2', 'N', 'U'), ('5', '2', 'N', 'D'), ('6', '2', 'A', 'R'), ('7', '2', 'A', 'U'), ('8', '2', 'A', 'D'), ('9', '2', 'M', 'R'), ('10', '2', 'M', 'U'), ('11', '3', 'P', 'X'), ('12', '3', 'P', 'C'), ('13', '3', 'P', 'R'), ('14', '3', 'P', 'U'), ('15', '3', 'P', 'D'), ('16', '3', 'A', 'R'), ('17', '3', 'A', 'U'), ('18', '3', 'A', 'D'), ('19', '3', 'M', 'R'), ('20', '3', 'M', 'U');
COMMIT;

-- ----------------------------
--  Table structure for `member`
-- ----------------------------
DROP TABLE IF EXISTS `member`;
CREATE TABLE `member` (
  `id` int(11) NOT NULL AUTO_INCREMENT,
  `organization_id` int(11) NOT NULL,
  `role_id` char(1) NOT NULL DEFAULT 'P',
  `first_name` varchar(50) NOT NULL,
  `last_name` varchar(50) NOT NULL,
  `job_title` varchar(50) DEFAULT NULL,
  `email` varchar(100) DEFAULT NULL,
  `username` varchar(100) NOT NULL,
  `password` varchar(50) DEFAULT NULL,
  `avatar` varchar(200) DEFAULT NULL,
  `level` int(11) DEFAULT NULL,
  `is_assessable` tinyint(4) DEFAULT '1',
  `phone` varchar(20) NOT NULL,
  `mobile` varchar(20) NOT NULL,
  `address` varchar(500) NOT NULL,
  `city` varchar(100) DEFAULT NULL,
  `state` char(2) DEFAULT NULL,
  `postal` varchar(20) DEFAULT NULL,
  `message_format` varchar(50) DEFAULT NULL,
  `active_start` datetime DEFAULT CURRENT_TIMESTAMP,
  `active_end` datetime DEFAULT NULL,
  PRIMARY KEY (`id`),
  UNIQUE KEY `username_index` (`username`),
  UNIQUE KEY `unique_email` (`email`),
  KEY `organization_id_index` (`organization_id`),
  KEY `message_provder_name` (`message_format`),
  KEY `member_ibfk_2` (`role_id`),
  CONSTRAINT `member_ibfk_1` FOREIGN KEY (`organization_id`) REFERENCES `organization` (`id`),
  CONSTRAINT `member_ibfk_2` FOREIGN KEY (`role_id`) REFERENCES `role` (`id`)
) ENGINE=InnoDB AUTO_INCREMENT=34 DEFAULT CHARSET=utf8 ROW_FORMAT=COMPACT;

-- ----------------------------
--  Records of `member`
-- ----------------------------
BEGIN;
INSERT INTO `member` VALUES ('1', '1', 'S', 'David', 'Quinn-Jacobs', 'CTO', 'dqj@cogentqi.com', 'dqj', 'd7da283e8c6f9506b9e96b45a7582a07', '/site/pharmacy/avatars/1.png', '0', '1', '3335711480', '7391522670', '888 Any St.\nAnytown, ZA 12345', 'Anytown', 'NY', '12345-6789', '{n}@messaging.sprintpcs.com', '2015-10-01 00:00:00', null), ('3', '2', 'A', 'Melissa', 'Barbache', '', 'admin1@cogentqi.com', 'admin1', 'd7da283e8c6f9506b9e96b45a7582a07', '/site/pharmacy/avatars/3.png', '0', '0', '3871126890', '5831418880', '657 Any St.\nAnytown, ZA 12345', 'Anytown', 'NY', '12345-6789', '{n}@messaging.sprintpcs.com', '2015-10-01 00:00:00', null), ('4', '3', 'M', 'Benjamin', 'Foreman', null, 'manager1@cogentqi.com', 'manager1', 'd7da283e8c6f9506b9e96b45a7582a07', '/site/pharmacy/avatars/4.png', '0', '0', '2313237760', '8432954612', '798 Any St', 'Anytown', 'NY', '12345-6789', '{n}@messaging.sprintpcs.com', '2015-10-01 00:00:00', null), ('5', '3', 'M', 'Andrea', 'Franklin', null, 'manager2@cogentqi.com', 'manager2', 'd7da283e8c6f9506b9e96b45a7582a07', '/site/pharmacy/avatars/5.png', '1', '0', '2675454340', '1119846590', '341 Any St.\nAnytown, ZA 12345', 'Anytown', 'NY', '12345-6789', '{n}@tmomail.net', '2015-10-01 00:00:00', null), ('6', '3', 'P', 'Regina', 'Shipman', null, 'pa1@cogentqi.com', 'pa1', 'd7da283e8c6f9506b9e96b45a7582a07', '/site/pharmacy/avatars/6.png', '1', '1', '5865537760', '1272472880', '293 Any St.\nAnytown, ZA 12345', 'Anytown', 'NY', '12345-6789', '{n}@myboostmobile.com', '2015-10-01 00:00:00', null), ('7', '4', 'N', 'Maggie', 'Westover', null, 'nurse1@cogentqi.com', 'nurse1', 'd7da283e8c6f9506b9e96b45a7582a07', '/site/pharmacy/avatars/7.png', '4', '1', '4683129990', '2747323640', '677 Any St.\nAnytown, ZA 12345', 'Anytown', 'NY', '12345-6789', '{n}@messaging.nextel.com', '2015-10-01 00:00:00', null), ('8', '4', 'P', 'Perry', 'Constable', null, 'pa2@cogentqi.com', 'pa2', 'd7da283e8c6f9506b9e96b45a7582a07', '/site/pharmacy/avatars/8.png', '2', '1', '4893426750', '5238434110', '113 Any St.\nAnytown, ZA 12345', 'Anytown', 'NY', '12345-6789', '{n}@vtext.com', '2015-10-01 00:00:00', null), ('9', '4', 'N', 'Jim', 'Harris', null, 'nurse2@cogentqi.com', 'nurse2', 'd7da283e8c6f9506b9e96b45a7582a07', '/site/pharmacy/avatars/9.png', '4', '1', '4342838310', '5572712730', '126 Any St.\nAnytown, ZA 12345', 'Anytown', 'NY', '12345-6789', '{n}@message.alltel.com', '2015-10-01 00:00:00', null), ('10', '4', 'N', 'Marion', 'Wight', null, 'nurse3@cogentqi.com', 'nurse3', 'd7da283e8c6f9506b9e96b45a7582a07', '/site/pharmacy/avatars/10.png', '4', '1', '5245312140', '8888472540', '865 Any St.\nAnytown, ZA 12345', 'Anytown', 'NY', '12345-6789', '{n}@message.alltel.com', '2015-10-01 00:00:00', null), ('11', '3', 'N', 'Roger', 'Bitworth', null, 'nurse4@cogentqi.com', 'nurse4', 'd7da283e8c6f9506b9e96b45a7582a07', '/site/pharmacy/avatars/11.png', '4', '1', '1336342660', '3627539820', '494 Any St.\nAnytown, ZA 12345', 'Anytown', 'NY', '12345-6789', '{n}@myboostmobile.com', '2015-10-01 00:00:00', null), ('12', '3', 'N', 'Greg', 'Abernathy', null, 'nurse5@cogentqi.com', 'nurse5', 'd7da283e8c6f9506b9e96b45a7582a07', '/site/pharmacy/avatars/12.png', '5', '1', '4329148360', '4944721560', '529 Any St.\nAnytown, ZA 12345', 'Anytown', 'NY', '12345-6789', '{n}@email.uscc.net', '2015-10-01 00:00:00', null), ('13', '3', 'N', 'Sarah', 'Zinkowksi', null, 'nurse6@cogentqi.com', 'nurse6', 'd7da283e8c6f9506b9e96b45a7582a07', '/site/pharmacy/avatars/13.png', '2', '1', '2156548870', '1336912140', '583 Any St.\nAnytown, ZA 12345', 'Anytown', 'NY', '12345-6789', '{n}@message.alltel.com', '2015-10-01 00:00:00', null), ('14', '3', 'P', 'Rachael', 'Creighton', null, 'pa3@cogentqi.com', 'pa3', 'd7da283e8c6f9506b9e96b45a7582a07', '/site/pharmacy/avatars/14.png', '1', '1', '9634267940', '9648968470', '111 Any St.\nAnytown, ZA 12345', 'Anytown', 'NY', '12345-6789', '{n}@vmobl.com', '2015-10-01 00:00:00', null), ('15', '3', 'P', 'Bob', 'Waters', null, 'pa4@cogentqi.com', 'pa4', 'd7da283e8c6f9506b9e96b45a7582a07', '/site/pharmacy/avatars/15.png', '1', '1', '1579622250', '7127266350', '455 Any St.\nAnytown, ZA 12345', 'Anytown', 'NY', '12345-6789', '{n}@message.alltel.com', '2015-10-01 00:00:00', null), ('16', '4', 'P', 'Jerry', 'Rinehart', null, 'pa5@cogentqi.com', 'pa5', 'd7da283e8c6f9506b9e96b45a7582a07', '/site/pharmacy/avatars/16.png', '2', '1', '4184353990', '1334272510', '859 Any St.\nAnytown, ZA 12345', 'Anytown', 'NY', '12345-6789', '{n}@vmobl.com', '2015-10-01 00:00:00', null), ('17', '4', 'N', 'Karim', 'Shahir', null, 'nurse7@cogentqi.com', 'nurse7', 'd7da283e8c6f9506b9e96b45a7582a07', '/site/pharmacy/avatars/17.png', '4', '1', '3825915370', '1133364830', '938 Any St.\nAnytown, ZA 12345', 'Anytown', 'NY', '12345-6789', '{n}@txt.att.net', '2015-10-01 00:00:00', null), ('18', '4', 'N', 'Elizabeth', 'Ainsley', null, 'nurse8@cogentqi.com', 'nurse8', 'd7da283e8c6f9506b9e96b45a7582a07', '/site/pharmacy/avatars/18.png', '1', '1', '5428511890', '2225933960', '112 Any St.\nAnytown, ZA 12345', 'Anytown', 'NY', '12345-6789', '{n}@messaging.sprintpcs.com', '2015-10-01 00:00:00', null), ('20', '5', 'N', 'Becky', 'Jackson', null, 'nurse9@cogentqi.com', 'nurse9', 'd7da283e8c6f9506b9e96b45a7582a07', '/site/pharmacy/avatars/20.png', '1', '1', '5885188910', '5315567880', '356 Any St.\nAnytown, ZA 12345', 'Anytown', 'NY', '12345-6789', '{n}@messaging.sprintpcs.com', '2015-10-01 00:00:00', null), ('21', '5', 'N', 'Roxanne', 'Babcock', null, 'nurse10@cogentqi.com', 'nurse10', 'd7da283e8c6f9506b9e96b45a7582a07', '/site/pharmacy/avatars/21.png', '2', '1', '8314767880', '6761476630', '739 Any St.\nAnytown, ZA 12345', 'Anytown', 'NY', '12345-6789', '{n}@email.uscc.net', '2015-10-01 00:00:00', null), ('22', '5', 'N', 'Judy', 'Parsons', null, 'nurse11@cogentqi.com', 'nurse11', 'd7da283e8c6f9506b9e96b45a7582a07', '/site/pharmacy/avatars/22.png', '2', '1', '5399789230', '7955195850', '754 Any St.\nAnytown, ZA 12345', 'Anytown', 'NY', '12345-6789', '{n}@messaging.nextel.com', '2015-10-01 00:00:00', null), ('23', '5', 'N', 'Ralph', 'Simpson', null, 'nurse12@cogentqi.com', 'nurse12', 'd7da283e8c6f9506b9e96b45a7582a07', '/site/pharmacy/avatars/23.png', '2', '1', '9288489290', '2899287380', '225 Any St.\nAnytown, ZA 12345', 'Anytown', 'NY', '12345-6789', '{n}@vmobl.com', '2015-10-01 00:00:00', null), ('24', '5', 'N', 'Jacob', 'Smith', null, 'nurse13@cogentqi.com', 'nurse13', 'd7da283e8c6f9506b9e96b45a7582a07', '/site/pharmacy/avatars/24.png', '1', '1', '3356621620', '9927596970', '777 Any St.\nAnytown, ZA 12345', 'Anytown', 'NY', '12345-6789', '{n}@txt.att.net', '2015-10-01 00:00:00', null), ('25', '6', 'N', 'Jerry', 'Coleman', null, 'nurse14@cogentqi.com', 'nurse14', 'd7da283e8c6f9506b9e96b45a7582a07', '/site/pharmacy/avatars/25.png', '3', '1', '4489494330', '6916983780', '126 Any St.\nAnytown, ZA 12345', 'Anytown', 'NY', '12345-6789', '{n}@myboostmobile.com', '2015-10-01 00:00:00', null), ('26', '6', 'N', 'Blake', 'Whitman', null, 'nurse15@cogentqi.com', 'nurse15', 'd7da283e8c6f9506b9e96b45a7582a07', '/site/pharmacy/avatars/26.png', '2', '1', '8541334190', '9951613550', '225 Any St.\nAnytown, ZA 12345', 'Anytown', 'NY', '12345-6789', '{n}@vmobl.com', '2015-10-01 00:00:00', null), ('27', '6', 'N', 'Marcia', 'Simonson', null, 'nurse16@cogentqi.com', 'nurse16', 'd7da283e8c6f9506b9e96b45a7582a07', '/site/pharmacy/avatars/27.png', '2', '1', '6419769830', '8372486570', '923 Any St.\nAnytown, ZA 12345', 'Anytown', 'NY', '12345-6789', '{n}@email.uscc.net', '2015-10-01 00:00:00', null), ('28', '6', 'N', 'Bob', 'Mason', null, 'nurse17@cogentqi.com', 'nurse17', 'd7da283e8c6f9506b9e96b45a7582a07', '/site/pharmacy/avatars/28.png', '2', '1', '1145328590', '4839999840', '964 Any St.\nAnytown, ZA 12345', 'Anytown', 'NY', '12345-6789', '{n}@txt.att.net', '2015-10-01 00:00:00', null), ('29', '6', 'N', 'Connie', 'Sung', null, 'nurse18@cogentqi.com', 'nurse18', 'd7da283e8c6f9506b9e96b45a7582a07', '/site/pharmacy/avatars/29.png', '1', '1', '1934542910', '5246126620', '518 Any St.\nAnytown, ZA 12345', 'Anytown', 'NY', '12345-6789', '{n}@tmomail.net', '2015-10-01 00:00:00', null), ('30', '4', 'N', 'Bill', 'Hart', null, 'nurse19@cogentqi.com', 'nurse19', 'd7da283e8c6f9506b9e96b45a7582a07', '/site/pharmacy/avatars/30.png', '2', '1', '4322465670', '7662365780', '956 Any St.\nAnytown, ZA 12345', 'Anytown', 'NY', '12345-6789', '{n}@messaging.nextel.com', '2015-10-01 00:00:00', null), ('31', '4', 'M', 'Sharon', 'Myers', null, 'manager30@cogentqi.com', 'manager3', 'd7da283e8c6f9506b9e96b45a7582a07', '/site/pharmacy/avatars/31.png', '0', '0', '1824294880', '1558884360', '381 Any St.\nAnytown, ZA 12345', 'Anytown', 'NY', '12345-6789', '{n}@txt.att.net', '2015-10-01 00:00:00', null), ('32', '5', 'M', 'Wade', 'Hitchens', null, 'manager4@cogentqi.com', 'manager4', 'd7da283e8c6f9506b9e96b45a7582a07', '/site/pharmacy/avatars/32.png', '0', '0', '1677734950', '7995865720', '289 Any St.\nAnytown, ZA 12345', 'Anytown', 'NY', '12345-6789', '{n}@messaging.sprintpcs.com', '2015-10-01 00:00:00', null), ('33', '6', 'M', 'Makesh', 'Patel', null, 'manager5@cogentqi.com', 'manager5', 'd7da283e8c6f9506b9e96b45a7582a07', '/site/pharmacy/avatars/33.png', '0', '0', '6775432210', '1842664380', '658 Any St.\nAnytown, ZA 12345', 'Anytown', 'NY', '12345-6789', '{n}@email.uscc.net', '2015-10-01 00:00:00', null);
COMMIT;

-- ----------------------------
--  Table structure for `member_badge`
-- ----------------------------
DROP TABLE IF EXISTS `member_badge`;
CREATE TABLE `member_badge` (
  `id` int(11) NOT NULL AUTO_INCREMENT,
  `title` varchar(100) NOT NULL,
  `member_id` int(11) NOT NULL,
  `earned` datetime NOT NULL DEFAULT CURRENT_TIMESTAMP,
  `badge_id` int(11) DEFAULT NULL,
  PRIMARY KEY (`id`),
  UNIQUE KEY `unique_id` (`id`),
  KEY `member_id_index` (`member_id`),
  KEY `member_badge_badge__fk` (`badge_id`),
  CONSTRAINT `member_badge_badge__fk` FOREIGN KEY (`badge_id`) REFERENCES `badge` (`id`)
) ENGINE=InnoDB AUTO_INCREMENT=9 DEFAULT CHARSET=utf8 ROW_FORMAT=COMPACT;

-- ----------------------------
--  Records of `member_badge`
-- ----------------------------
BEGIN;
INSERT INTO `member_badge` VALUES ('1', 'Caring Workplace', '2', '2015-03-21 21:12:39', '13'), ('2', 'Team Participation', '2', '2015-03-21 21:13:08', '16'), ('3', 'Security 101', '3', '2015-03-21 21:13:46', '18'), ('4', 'Support Technologies', '11', '2015-03-21 21:13:59', '19'), ('5', 'Security 101', '13', '2015-03-21 21:14:15', '18'), ('6', 'Support Technologies', '13', '2015-03-21 21:14:49', '19'), ('7', 'Team Participation', '6', '2015-03-21 21:15:03', '16'), ('8', 'Security 101', '7', '2015-03-21 21:15:22', '18');
COMMIT;

-- ----------------------------
--  Table structure for `member_event`
-- ----------------------------
DROP TABLE IF EXISTS `member_event`;
CREATE TABLE `member_event` (
  `id` int(11) NOT NULL AUTO_INCREMENT,
  `member_id` int(11) NOT NULL,
  `event_id` int(11) NOT NULL,
  `comments` text COLLATE utf8_bin,
  `occurred` datetime NOT NULL DEFAULT CURRENT_TIMESTAMP,
  PRIMARY KEY (`id`),
  KEY `event_key` (`event_id`),
  KEY `member_key` (`member_id`),
  CONSTRAINT `member_event_ibfk_1` FOREIGN KEY (`event_id`) REFERENCES `event` (`id`),
  CONSTRAINT `member_event_ibfk_2` FOREIGN KEY (`member_id`) REFERENCES `member` (`id`)
) ENGINE=InnoDB DEFAULT CHARSET=utf8 COLLATE=utf8_bin;

-- ----------------------------
--  Table structure for `member_note`
-- ----------------------------
DROP TABLE IF EXISTS `member_note`;
CREATE TABLE `member_note` (
  `id` int(11) NOT NULL AUTO_INCREMENT,
  `member_id` int(11) NOT NULL,
  `creator_id` int(11) DEFAULT NULL,
  `is_private` tinyint(4) NOT NULL DEFAULT '1',
  `content` longtext NOT NULL,
  `last_modified` timestamp NOT NULL DEFAULT CURRENT_TIMESTAMP ON UPDATE CURRENT_TIMESTAMP,
  `flag` int(11) DEFAULT '0',
  PRIMARY KEY (`id`),
  UNIQUE KEY `unique_id` (`id`),
  KEY `creatorId_index` (`creator_id`),
  KEY `memberId_index` (`member_id`),
  CONSTRAINT `member_note_ibfk_1` FOREIGN KEY (`member_id`) REFERENCES `member` (`id`),
  CONSTRAINT `member_note_ibfk_2` FOREIGN KEY (`creator_id`) REFERENCES `member` (`id`),
  CONSTRAINT `member_note_ibfk_3` FOREIGN KEY (`member_id`) REFERENCES `member` (`id`),
  CONSTRAINT `member_note_ibfk_4` FOREIGN KEY (`creator_id`) REFERENCES `member` (`id`)
) ENGINE=InnoDB AUTO_INCREMENT=71 DEFAULT CHARSET=utf8 ROW_FORMAT=COMPACT;

-- ----------------------------
--  Records of `member_note`
-- ----------------------------
BEGIN;
INSERT INTO `member_note` VALUES ('2', '5', '10', '1', 'asdfasdf', '2015-04-14 00:12:44', '0'), ('3', '4', '4', '0', 'Welcome to the Professional Development app.', '2015-04-14 00:15:16', '0'), ('4', '5', '4', '0', 'Welcome to the Professional Development app.', '2015-04-14 00:15:16', '0'), ('6', '11', '4', '0', 'Welcome to the Professional Development app.', '2015-04-14 00:15:16', '2'), ('7', '12', '4', '0', 'Welcome to the Professional Development app.', '2015-04-14 00:15:16', '0'), ('8', '13', '4', '0', 'Welcome to the Professional Development app.', '2015-04-14 00:15:16', '0'), ('9', '14', '4', '0', 'Welcome to the Professional Development app.', '2015-04-14 00:15:16', '0'), ('10', '15', '4', '0', 'Welcome to the Professional Development app.', '2015-04-14 00:15:16', '0'), ('18', '7', '31', '0', 'Welcome to the Professional Development app.', '2015-04-14 00:16:45', '0'), ('19', '8', '31', '0', 'Welcome to the Professional Development app.', '2015-04-14 00:16:45', '0'), ('20', '9', '31', '0', 'Welcome to the Professional Development app.', '2015-04-14 00:16:45', '0'), ('21', '10', '31', '0', 'Welcome to the Professional Development app.', '2015-04-14 00:16:45', '0'), ('22', '16', '31', '0', 'Welcome to the Professional Development app.', '2015-04-14 00:16:45', '0'), ('23', '17', '31', '0', 'Welcome to the Professional Development app.', '2015-04-14 00:16:45', '0'), ('24', '18', '31', '0', 'Welcome to the Professional Development app.', '2015-04-14 00:16:45', '0'), ('25', '30', '31', '0', 'Welcome to the Professional Development app.', '2015-04-14 00:16:45', '0'), ('26', '31', '31', '0', 'Welcome to the Professional Development app.', '2015-04-14 00:16:45', '0'), ('33', '20', '32', '0', 'Welcome to the Professional Development app.', '2015-04-14 00:16:45', '0'), ('34', '21', '32', '0', 'Welcome to the Professional Development app.', '2015-04-14 00:16:45', '0'), ('35', '22', '32', '0', 'Welcome to the Professional Development app.', '2015-04-14 00:16:45', '0'), ('36', '23', '32', '0', 'Welcome to the Professional Development app.', '2015-04-14 00:16:45', '0'), ('37', '24', '32', '0', 'Welcome to the Professional Development app.', '2015-04-14 00:16:45', '0'), ('38', '32', '32', '0', 'Welcome to the Professional Development app.', '2015-04-14 00:16:45', '0'), ('40', '25', '33', '0', 'Welcome to the Professional Development app.', '2015-04-14 00:16:45', '0'), ('41', '26', '33', '0', 'Welcome to the Professional Development app.', '2015-04-14 00:16:45', '0'), ('42', '27', '33', '0', 'Welcome to the Professional Development app.', '2015-04-14 00:16:45', '0'), ('43', '28', '33', '0', 'Welcome to the Professional Development app.', '2015-04-14 00:16:45', '0'), ('44', '29', '33', '0', 'Welcome to the Professional Development app.', '2015-04-14 00:16:45', '0'), ('45', '33', '33', '0', 'Welcome to the Professional Development app.', '2015-04-14 00:16:45', '0'), ('63', '6', '4', '1', 'hello', '2015-10-17 20:23:48', '0'), ('67', '6', '4', '1', 'This is a note', '2015-10-17 23:48:35', '2'), ('70', '11', '4', '1', 'This is another note.', '2015-10-18 00:09:23', '0');
COMMIT;

-- ----------------------------
--  Table structure for `message`
-- ----------------------------
DROP TABLE IF EXISTS `message`;
CREATE TABLE `message` (
  `id` int(11) NOT NULL AUTO_INCREMENT,
  `address` varchar(255) NOT NULL,
  `content` longtext NOT NULL,
  `sent` datetime NOT NULL,
  PRIMARY KEY (`id`),
  UNIQUE KEY `unique_id` (`id`)
) ENGINE=InnoDB DEFAULT CHARSET=utf8 ROW_FORMAT=COMPACT;

-- ----------------------------
--  Table structure for `message_provider`
-- ----------------------------
DROP TABLE IF EXISTS `message_provider`;
CREATE TABLE `message_provider` (
  `name` varchar(50) NOT NULL,
  `format` varchar(255) NOT NULL,
  PRIMARY KEY (`name`),
  UNIQUE KEY `unique_name` (`name`)
) ENGINE=InnoDB DEFAULT CHARSET=utf8 ROW_FORMAT=COMPACT;

-- ----------------------------
--  Records of `message_provider`
-- ----------------------------
BEGIN;
INSERT INTO `message_provider` VALUES ('Alltel', '{n}@message.alltel.com'), ('AT&T', '{n}@txt.att.net'), ('Boost', '{n}@myboostmobile.com'), ('Nextel', '{n}@messaging.nextel.com'), ('Sprint PCS', '{n}@messaging.sprintpcs.com'), ('T-Mobile', '{n}@tmomail.net'), ('US Cellular', '{n}@email.uscc.net'), ('Verizon', '{n}@vtext.com'), ('Virgin Mobile', '{n}@vmobl.com');
COMMIT;

-- ----------------------------
--  Table structure for `module`
-- ----------------------------
DROP TABLE IF EXISTS `module`;
CREATE TABLE `module` (
  `id` int(11) NOT NULL AUTO_INCREMENT,
  `resource_id` int(11) NOT NULL,
  `ends` datetime NOT NULL,
  `sched_type` char(1) NOT NULL,
  `starts` datetime NOT NULL,
  PRIMARY KEY (`id`),
  UNIQUE KEY `unique_id` (`id`),
  KEY `resource_id_index` (`resource_id`),
  CONSTRAINT `module_ibfk_1` FOREIGN KEY (`resource_id`) REFERENCES `resource` (`id`)
) ENGINE=InnoDB AUTO_INCREMENT=13 DEFAULT CHARSET=utf8 ROW_FORMAT=COMPACT;

-- ----------------------------
--  Records of `module`
-- ----------------------------
BEGIN;
INSERT INTO `module` VALUES ('1', '1', '2015-03-31 09:23:35', 'C', '2015-03-31 09:23:35'), ('2', '2', '2015-03-31 09:23:35', 'C', '2015-03-31 09:23:35'), ('3', '3', '2015-03-31 09:23:35', 'C', '2015-03-31 09:23:35'), ('4', '4', '2015-03-31 09:23:35', 'C', '2015-03-31 09:23:35'), ('5', '5', '2015-03-31 09:23:35', 'C', '2015-03-31 09:23:35'), ('6', '6', '2015-03-31 09:23:35', 'C', '2015-03-31 09:23:35'), ('7', '7', '2015-03-31 09:23:35', 'C', '2015-03-31 09:23:35'), ('8', '8', '2015-03-31 09:23:35', 'C', '2015-03-31 09:23:35'), ('9', '9', '2015-03-31 09:23:35', 'C', '2015-03-31 09:23:35'), ('10', '10', '2015-03-31 09:23:35', 'C', '2015-03-31 09:23:35'), ('11', '11', '2015-03-31 09:23:35', 'C', '2015-03-31 09:23:35'), ('12', '12', '2015-03-31 09:23:35', 'C', '2015-03-31 09:23:35');
COMMIT;

-- ----------------------------
--  Table structure for `module_badge`
-- ----------------------------
DROP TABLE IF EXISTS `module_badge`;
CREATE TABLE `module_badge` (
  `id` int(11) NOT NULL AUTO_INCREMENT,
  `module_id` int(11) DEFAULT NULL,
  `badge_id` int(11) DEFAULT NULL,
  PRIMARY KEY (`id`),
  UNIQUE KEY `id` (`id`),
  KEY `module_id` (`module_id`),
  KEY `badge_id` (`badge_id`),
  CONSTRAINT `module_badge_ibfk_1` FOREIGN KEY (`module_id`) REFERENCES `module` (`id`),
  CONSTRAINT `module_badge_ibfk_2` FOREIGN KEY (`badge_id`) REFERENCES `badge` (`id`)
) ENGINE=InnoDB AUTO_INCREMENT=13 DEFAULT CHARSET=utf8 COLLATE=utf8_bin;

-- ----------------------------
--  Records of `module_badge`
-- ----------------------------
BEGIN;
INSERT INTO `module_badge` VALUES ('1', '1', '16'), ('2', '2', '19'), ('3', '3', '13'), ('4', '4', '12'), ('5', '5', '21'), ('6', '6', '21'), ('7', '7', '13'), ('8', '8', '17'), ('9', '9', '12'), ('10', '10', '12'), ('11', '11', '13'), ('12', '12', '13');
COMMIT;

-- ----------------------------
--  Table structure for `operation`
-- ----------------------------
DROP TABLE IF EXISTS `operation`;
CREATE TABLE `operation` (
  `id` char(1) NOT NULL,
  `name` varchar(50) DEFAULT NULL,
  PRIMARY KEY (`id`),
  UNIQUE KEY `id` (`id`)
) ENGINE=InnoDB DEFAULT CHARSET=utf8 ROW_FORMAT=COMPACT;

-- ----------------------------
--  Records of `operation`
-- ----------------------------
BEGIN;
INSERT INTO `operation` VALUES ('C', 'CREATE'), ('D', 'DELETE'), ('R', 'READ'), ('U', 'UPDATE'), ('X', 'EXECUTE');
COMMIT;

-- ----------------------------
--  Table structure for `organization`
-- ----------------------------
DROP TABLE IF EXISTS `organization`;
CREATE TABLE `organization` (
  `id` int(11) NOT NULL AUTO_INCREMENT,
  `parent_id` int(11) DEFAULT NULL,
  `name` varchar(100) NOT NULL,
  `summary` varchar(5000) DEFAULT NULL,
  `description` text,
  `address` varchar(4000) DEFAULT NULL,
  `phone` varchar(50) DEFAULT NULL,
  `fax` varchar(50) NOT NULL,
  `city` varchar(50) DEFAULT NULL,
  `state` varchar(50) NOT NULL,
  `postal` varchar(20) DEFAULT NULL,
  `is_department` tinyint(4) NOT NULL DEFAULT '0',
  PRIMARY KEY (`id`),
  KEY `parent_id` (`parent_id`),
  CONSTRAINT `organization_ibfk_1` FOREIGN KEY (`parent_id`) REFERENCES `organization` (`id`)
) ENGINE=InnoDB AUTO_INCREMENT=7 DEFAULT CHARSET=utf8 ROW_FORMAT=COMPACT;

-- ----------------------------
--  Records of `organization`
-- ----------------------------
BEGIN;
INSERT INTO `organization` VALUES ('1', null, 'CogentQI', null, null, '123 Any St.', '(123) 456-7890', '(123) 456-7890', 'Anytown', 'ST', '012345', '0'), ('2', '1', 'Mercy Hospital', null, null, '123 Any St.', '(123) 456-7890', '(123) 456-7890', 'Anytown', 'ST', '012345', '0'), ('3', '2', 'Medical/Surgical Floor', null, null, '123 Any St.', '(123) 456-7890', '(123) 456-7890', 'Anytown', 'ST', '012345', '0'), ('4', '2', 'Obstetrics & Gynecology', null, null, '123 Any St.', '(123) 456-7890', '(123) 456-7890', 'Anytown', 'ST', '012345', '0'), ('5', '2', 'Intensive Care Unit', null, null, '123 Any St.', '(123) 456-7890', '(123) 456-7890', 'Anytown', 'ST', '012345', '0'), ('6', '2', 'Emergency Room', null, null, '123 Any St.', '(123) 456-7890', '(123) 456-7890', 'Anytown', 'ST', '012345', '0');
COMMIT;

-- ----------------------------
--  Table structure for `organization_outcome`
-- ----------------------------
DROP TABLE IF EXISTS `organization_outcome`;
CREATE TABLE `organization_outcome` (
  `id` int(11) NOT NULL AUTO_INCREMENT,
  `organization_id` int(11) NOT NULL,
  `outcome_id` int(11) NOT NULL,
  `evaluated` datetime NOT NULL DEFAULT CURRENT_TIMESTAMP,
  `evaluator_id` int(11) DEFAULT NULL,
  `evaluator_comments` varchar(5000) DEFAULT NULL,
  `level` float NOT NULL DEFAULT '0',
  PRIMARY KEY (`id`),
  UNIQUE KEY `unique_id` (`id`),
  KEY `organization_id_index` (`organization_id`),
  KEY `outcome_id_index` (`outcome_id`),
  KEY `evaluator_id_index` (`evaluator_id`),
  CONSTRAINT `organization_outcome_ibfk_1` FOREIGN KEY (`organization_id`) REFERENCES `organization` (`id`),
  CONSTRAINT `organization_outcome_ibfk_2` FOREIGN KEY (`outcome_id`) REFERENCES `outcome` (`id`),
  CONSTRAINT `organization_outcome_ibfk_3` FOREIGN KEY (`evaluator_id`) REFERENCES `member` (`id`)
) ENGINE=InnoDB AUTO_INCREMENT=289 DEFAULT CHARSET=utf8 ROW_FORMAT=COMPACT;

-- ----------------------------
--  Records of `organization_outcome`
-- ----------------------------
BEGIN;
INSERT INTO `organization_outcome` VALUES ('32', '3', '1', '2015-08-28 15:48:12', null, null, '0.202728'), ('33', '4', '1', '2015-08-28 15:48:12', null, null, '0.984458'), ('34', '5', '1', '2015-08-28 15:48:12', null, null, '0.314104'), ('35', '6', '1', '2015-08-28 15:48:12', null, null, '0.617149'), ('40', '3', '3', '2015-08-28 15:48:12', null, null, '0.143433'), ('41', '4', '3', '2015-08-28 15:48:12', null, null, '0.865717'), ('42', '5', '3', '2015-08-28 15:48:12', null, null, '0.898287'), ('43', '6', '3', '2015-08-28 15:48:12', null, null, '0.894284'), ('44', '3', '4', '2015-08-28 15:48:12', null, null, '0.776557'), ('45', '4', '4', '2015-08-28 15:48:12', null, null, '0.199934'), ('46', '5', '4', '2015-08-28 15:48:12', null, null, '0.669999'), ('47', '6', '4', '2015-08-28 15:48:12', null, null, '0.750193'), ('48', '3', '5', '2015-08-28 15:48:12', null, null, '0.740969'), ('49', '4', '5', '2015-08-28 15:48:12', null, null, '0.454265'), ('50', '5', '5', '2015-08-28 15:48:12', null, null, '0.0484186'), ('51', '6', '5', '2015-08-28 15:48:12', null, null, '0.879298'), ('52', '3', '6', '2015-08-28 15:48:12', null, null, '0.251234'), ('53', '4', '6', '2015-08-28 15:48:12', null, null, '0.618276'), ('54', '5', '6', '2015-08-28 15:48:12', null, null, '0.337677'), ('55', '6', '6', '2015-08-28 15:48:12', null, null, '0.833558'), ('56', '3', '1', '2015-05-01 00:00:00', '1', null, '0.154757'), ('57', '4', '1', '2015-05-01 00:00:00', '1', null, '0.273113'), ('58', '5', '1', '2015-05-01 00:00:00', '1', null, '0.901292'), ('59', '6', '1', '2015-05-01 00:00:00', '1', null, '0.687123'), ('64', '3', '3', '2015-05-01 00:00:00', '1', null, '0.73174'), ('65', '4', '3', '2015-05-01 00:00:00', '1', null, '0.597331'), ('66', '5', '3', '2015-05-01 00:00:00', '1', null, '0.791435'), ('67', '6', '3', '2015-05-01 00:00:00', '1', null, '0.165182'), ('68', '3', '4', '2015-05-01 00:00:00', '1', null, '0.451604'), ('69', '4', '4', '2015-05-01 00:00:00', '1', null, '0.762474'), ('70', '5', '4', '2015-05-01 00:00:00', '1', null, '0.457559'), ('71', '6', '4', '2015-05-01 00:00:00', '1', null, '0.000371131'), ('72', '3', '5', '2015-05-01 00:00:00', '1', null, '0.62918'), ('73', '4', '5', '2015-05-01 00:00:00', '1', null, '0.144785'), ('74', '5', '5', '2015-05-01 00:00:00', '1', null, '0.836387'), ('75', '6', '5', '2015-05-01 00:00:00', '1', null, '0.747579'), ('76', '3', '6', '2015-05-01 00:00:00', '1', null, '0.228736'), ('77', '4', '6', '2015-05-01 00:00:00', '1', null, '0.90094'), ('78', '5', '6', '2015-05-01 00:00:00', '1', null, '0.818493'), ('79', '6', '6', '2015-05-01 00:00:00', '1', null, '0.389644'), ('80', '3', '7', '2015-05-01 00:00:00', '1', null, '0.492742'), ('81', '4', '7', '2015-05-01 00:00:00', '1', null, '0.294776'), ('82', '5', '7', '2015-05-01 00:00:00', '1', null, '0.995656'), ('83', '6', '7', '2015-05-01 00:00:00', '1', null, '0.0939537'), ('84', '3', '8', '2015-05-01 00:00:00', '1', null, '0.482799'), ('85', '4', '8', '2015-05-01 00:00:00', '1', null, '0.132134'), ('86', '5', '8', '2015-05-01 00:00:00', '1', null, '0.212273'), ('87', '6', '8', '2015-05-01 00:00:00', '1', null, '0.664962'), ('88', '3', '9', '2015-05-01 00:00:00', '1', null, '0.687992'), ('89', '4', '9', '2015-05-01 00:00:00', '1', null, '0.445072'), ('90', '5', '9', '2015-05-01 00:00:00', '1', null, '0.161385'), ('91', '6', '9', '2015-05-01 00:00:00', '1', null, '0.471709'), ('92', '3', '6', '2015-05-01 00:00:00', '1', null, '0.874389'), ('93', '4', '6', '2015-05-01 00:00:00', '1', null, '0.956817'), ('94', '5', '6', '2015-05-01 00:00:00', '1', null, '0.16092'), ('95', '6', '6', '2015-05-01 00:00:00', '1', null, '0.93415'), ('96', '3', '3', '2015-05-01 00:00:00', '1', null, '0.187991'), ('97', '4', '3', '2015-05-01 00:00:00', '1', null, '0.137503'), ('98', '5', '3', '2015-05-01 00:00:00', '1', null, '0.123542'), ('99', '6', '3', '2015-05-01 00:00:00', '1', null, '0.205202'), ('119', '3', '1', '2015-06-01 00:00:00', '1', null, '0.655383'), ('120', '4', '1', '2015-06-01 00:00:00', '1', null, '0.661307'), ('121', '5', '1', '2015-06-01 00:00:00', '1', null, '0.340389'), ('122', '6', '1', '2015-06-01 00:00:00', '1', null, '0.718023'), ('127', '3', '3', '2015-06-01 00:00:00', '1', null, '0.568946'), ('128', '4', '3', '2015-06-01 00:00:00', '1', null, '0.690664'), ('129', '5', '3', '2015-06-01 00:00:00', '1', null, '0.746481'), ('130', '6', '3', '2015-06-01 00:00:00', '1', null, '0.660415'), ('131', '3', '4', '2015-06-01 00:00:00', '1', null, '0.0626315'), ('132', '4', '4', '2015-06-01 00:00:00', '1', null, '0.331912'), ('133', '5', '4', '2015-06-01 00:00:00', '1', null, '0.471664'), ('134', '6', '4', '2015-06-01 00:00:00', '1', null, '0.362587'), ('135', '3', '5', '2015-06-01 00:00:00', '1', null, '0.397942'), ('136', '4', '5', '2015-06-01 00:00:00', '1', null, '0.901949'), ('137', '5', '5', '2015-06-01 00:00:00', '1', null, '0.315919'), ('138', '6', '5', '2015-06-01 00:00:00', '1', null, '0.873749'), ('139', '3', '6', '2015-06-01 00:00:00', '1', null, '0.420989'), ('140', '4', '6', '2015-06-01 00:00:00', '1', null, '0.483699'), ('141', '5', '6', '2015-06-01 00:00:00', '1', null, '0.155524'), ('142', '6', '6', '2015-06-01 00:00:00', '1', null, '0.326527'), ('143', '3', '7', '2015-06-01 00:00:00', '1', null, '0.16606'), ('144', '4', '7', '2015-06-01 00:00:00', '1', null, '0.850718'), ('145', '5', '7', '2015-06-01 00:00:00', '1', null, '0.755413'), ('146', '6', '7', '2015-06-01 00:00:00', '1', null, '0.224912'), ('147', '3', '8', '2015-06-01 00:00:00', '1', null, '0.858319'), ('148', '4', '8', '2015-06-01 00:00:00', '1', null, '0.616861'), ('149', '5', '8', '2015-06-01 00:00:00', '1', null, '0.509347'), ('150', '6', '8', '2015-06-01 00:00:00', '1', null, '0.696152'), ('151', '3', '9', '2015-06-01 00:00:00', '1', null, '0.952718'), ('152', '4', '9', '2015-06-01 00:00:00', '1', null, '0.675135'), ('153', '5', '9', '2015-06-01 00:00:00', '1', null, '0.517522'), ('154', '6', '9', '2015-06-01 00:00:00', '1', null, '0.562202'), ('155', '3', '6', '2015-06-01 00:00:00', '1', null, '0.258447'), ('156', '4', '6', '2015-06-01 00:00:00', '1', null, '0.605626'), ('157', '5', '6', '2015-06-01 00:00:00', '1', null, '0.252791'), ('158', '6', '6', '2015-06-01 00:00:00', '1', null, '0.447079'), ('159', '3', '3', '2015-06-01 00:00:00', '1', null, '0.477019'), ('160', '4', '3', '2015-06-01 00:00:00', '1', null, '0.0438602'), ('161', '5', '3', '2015-06-01 00:00:00', '1', null, '0.788243'), ('162', '6', '3', '2015-06-01 00:00:00', '1', null, '0.809636'), ('182', '3', '1', '2015-07-01 00:00:00', '1', null, '0.683451'), ('183', '4', '1', '2015-07-01 00:00:00', '1', null, '0.988348'), ('184', '5', '1', '2015-07-01 00:00:00', '1', null, '0.891388'), ('185', '6', '1', '2015-07-01 00:00:00', '1', null, '0.491894'), ('190', '3', '3', '2015-07-01 00:00:00', '1', null, '0.785307'), ('191', '4', '3', '2015-07-01 00:00:00', '1', null, '0.450854'), ('192', '5', '3', '2015-07-01 00:00:00', '1', null, '0.898348'), ('193', '6', '3', '2015-07-01 00:00:00', '1', null, '0.139177'), ('194', '3', '4', '2015-07-01 00:00:00', '1', null, '0.000843328'), ('195', '4', '4', '2015-07-01 00:00:00', '1', null, '0.586685'), ('196', '5', '4', '2015-07-01 00:00:00', '1', null, '0.930893'), ('197', '6', '4', '2015-07-01 00:00:00', '1', null, '0.894411'), ('198', '3', '5', '2015-07-01 00:00:00', '1', null, '0.679378'), ('199', '4', '5', '2015-07-01 00:00:00', '1', null, '0.713655'), ('200', '5', '5', '2015-07-01 00:00:00', '1', null, '0.530142'), ('201', '6', '5', '2015-07-01 00:00:00', '1', null, '0.509744'), ('202', '3', '6', '2015-07-01 00:00:00', '1', null, '0.958296'), ('203', '4', '6', '2015-07-01 00:00:00', '1', null, '0.262249'), ('204', '5', '6', '2015-07-01 00:00:00', '1', null, '0.436355'), ('205', '6', '6', '2015-07-01 00:00:00', '1', null, '0.39503'), ('206', '3', '7', '2015-07-01 00:00:00', '1', null, '0.666084'), ('207', '4', '7', '2015-07-01 00:00:00', '1', null, '0.145328'), ('208', '5', '7', '2015-07-01 00:00:00', '1', null, '0.728391'), ('209', '6', '7', '2015-07-01 00:00:00', '1', null, '0.205969'), ('210', '3', '8', '2015-07-01 00:00:00', '1', null, '0.844674'), ('211', '4', '8', '2015-07-01 00:00:00', '1', null, '0.605464'), ('212', '5', '8', '2015-07-01 00:00:00', '1', null, '0.493296'), ('213', '6', '8', '2015-07-01 00:00:00', '1', null, '0.650086'), ('214', '3', '9', '2015-07-01 00:00:00', '1', null, '0.770546'), ('215', '4', '9', '2015-07-01 00:00:00', '1', null, '0.90247'), ('216', '5', '9', '2015-07-01 00:00:00', '1', null, '0.200711'), ('217', '6', '9', '2015-07-01 00:00:00', '1', null, '0.296146'), ('218', '3', '6', '2015-07-01 00:00:00', '1', null, '0.878597'), ('219', '4', '6', '2015-07-01 00:00:00', '1', null, '0.504547'), ('220', '5', '6', '2015-07-01 00:00:00', '1', null, '0.886944'), ('221', '6', '6', '2015-07-01 00:00:00', '1', null, '0.921078'), ('222', '3', '3', '2015-07-01 00:00:00', '1', null, '0.94456'), ('223', '4', '3', '2015-07-01 00:00:00', '1', null, '0.959565'), ('224', '5', '3', '2015-07-01 00:00:00', '1', null, '0.964143'), ('225', '6', '3', '2015-07-01 00:00:00', '1', null, '0.942023'), ('245', '3', '1', '2015-08-01 00:00:00', '1', null, '0.817686'), ('246', '4', '1', '2015-08-01 00:00:00', '1', null, '0.26236'), ('247', '5', '1', '2015-08-01 00:00:00', '1', null, '0.858743'), ('248', '6', '1', '2015-08-01 00:00:00', '1', null, '0.506634'), ('253', '3', '3', '2015-08-01 00:00:00', '1', null, '0.956941'), ('254', '4', '3', '2015-08-01 00:00:00', '1', null, '0.264804'), ('255', '5', '3', '2015-08-01 00:00:00', '1', null, '0.453195'), ('256', '6', '3', '2015-08-01 00:00:00', '1', null, '0.471564'), ('257', '3', '4', '2015-08-01 00:00:00', '1', null, '0.998234'), ('258', '4', '4', '2015-08-01 00:00:00', '1', null, '0.576479'), ('259', '5', '4', '2015-08-01 00:00:00', '1', null, '0.887694'), ('260', '6', '4', '2015-08-01 00:00:00', '1', null, '0.709032'), ('261', '3', '5', '2015-08-01 00:00:00', '1', null, '0.882078'), ('262', '4', '5', '2015-08-01 00:00:00', '1', null, '0.283292'), ('263', '5', '5', '2015-08-01 00:00:00', '1', null, '0.770229'), ('264', '6', '5', '2015-08-01 00:00:00', '1', null, '0.00126777'), ('265', '3', '6', '2015-08-01 00:00:00', '1', null, '0.695652'), ('266', '4', '6', '2015-08-01 00:00:00', '1', null, '0.474457'), ('267', '5', '6', '2015-08-01 00:00:00', '1', null, '0.285329'), ('268', '6', '6', '2015-08-01 00:00:00', '1', null, '0.00327269'), ('269', '3', '7', '2015-08-01 00:00:00', '1', null, '0.160377'), ('270', '4', '7', '2015-08-01 00:00:00', '1', null, '0.792069'), ('271', '5', '7', '2015-08-01 00:00:00', '1', null, '0.479211'), ('272', '6', '7', '2015-08-01 00:00:00', '1', null, '0.0198501'), ('273', '3', '8', '2015-08-01 00:00:00', '1', null, '0.661617'), ('274', '4', '8', '2015-08-01 00:00:00', '1', null, '0.248535'), ('275', '5', '8', '2015-08-01 00:00:00', '1', null, '0.257824'), ('276', '6', '8', '2015-08-01 00:00:00', '1', null, '0.543515'), ('277', '3', '9', '2015-08-01 00:00:00', '1', null, '0.944102'), ('278', '4', '9', '2015-08-01 00:00:00', '1', null, '0.0899659'), ('279', '5', '9', '2015-08-01 00:00:00', '1', null, '0.617523'), ('280', '6', '9', '2015-08-01 00:00:00', '1', null, '0.817719'), ('281', '3', '6', '2015-08-01 00:00:00', '1', null, '0.236025'), ('282', '4', '6', '2015-08-01 00:00:00', '1', null, '0.72697'), ('283', '5', '6', '2015-08-01 00:00:00', '1', null, '0.926775'), ('284', '6', '6', '2015-08-01 00:00:00', '1', null, '0.452962'), ('285', '3', '3', '2015-08-01 00:00:00', '1', null, '0.484486'), ('286', '4', '3', '2015-08-01 00:00:00', '1', null, '0.0635455'), ('287', '5', '3', '2015-08-01 00:00:00', '1', null, '0.864269'), ('288', '6', '3', '2015-08-01 00:00:00', '1', null, '0.130707');
COMMIT;

-- ----------------------------
--  Table structure for `outcome`
-- ----------------------------
DROP TABLE IF EXISTS `outcome`;
CREATE TABLE `outcome` (
  `id` int(11) NOT NULL AUTO_INCREMENT,
  `number` varchar(40) DEFAULT NULL,
  `name` varchar(500) NOT NULL,
  `summary` varchar(5000) DEFAULT NULL,
  `calc_method_id` char(1) DEFAULT NULL,
  `method` char(1) NOT NULL DEFAULT 'M',
  `sort_order` int(11) NOT NULL DEFAULT '0',
  PRIMARY KEY (`id`),
  UNIQUE KEY `unique_id` (`id`)
) ENGINE=InnoDB AUTO_INCREMENT=10 DEFAULT CHARSET=utf8 ROW_FORMAT=COMPACT;

-- ----------------------------
--  Records of `outcome`
-- ----------------------------
BEGIN;
INSERT INTO `outcome` VALUES ('1', '1.1', 'Incorrect Drug Events', 'The frequency of incorrect medication events.', null, 'D', '1'), ('3', '1.7', 'Patient Complaints', 'How well we are doing with respect to the frequency of customer complaints about staff behavior or treatment.', null, 'M', '7'), ('4', '1.4', 'Missed Drug Interactions', 'The frequency of missed drug interaction events.', null, 'D', '4'), ('5', '1.2', 'Preventive Care Opportunities Missed', 'How well we are doing in identifying and acting on preventive care opportunities.', null, 'M', '2'), ('6', '1.8', 'Timeliness of Response', 'The timelieness of response to patient requests.', null, 'M', '8'), ('7', '1.3', 'Incorrect Directions Events', 'How often we have incorrect directions events.', null, 'D', '3'), ('8', '1.5', 'Incorrect Dosage Form Events', 'The frequency of incorrect dosage form events.', null, 'D', '5'), ('9', '1.6', 'Incorrect Release Form Events', 'The frequency of incorrect release form events.', null, 'D', '6');
COMMIT;

-- ----------------------------
--  Table structure for `outcome_alignment`
-- ----------------------------
DROP TABLE IF EXISTS `outcome_alignment`;
CREATE TABLE `outcome_alignment` (
  `id` int(11) NOT NULL AUTO_INCREMENT,
  `outcome_id` int(11) NOT NULL,
  `question_id` int(11) NOT NULL,
  `weight` int(11) NOT NULL DEFAULT '1',
  `rel_wt` double DEFAULT '0.5',
  PRIMARY KEY (`id`),
  KEY `outcome_id_index` (`outcome_id`),
  KEY `question_id_index` (`question_id`),
  CONSTRAINT `outcome_alignment_ibfk_1` FOREIGN KEY (`outcome_id`) REFERENCES `outcome` (`id`),
  CONSTRAINT `outcome_alignment_ibfk_2` FOREIGN KEY (`question_id`) REFERENCES `question` (`id`)
) ENGINE=InnoDB AUTO_INCREMENT=73 DEFAULT CHARSET=utf8 ROW_FORMAT=COMPACT;

-- ----------------------------
--  Records of `outcome_alignment`
-- ----------------------------
BEGIN;
INSERT INTO `outcome_alignment` VALUES ('5', '3', '99', '1', '0.5'), ('9', '3', '100', '2', '0.5'), ('10', '3', '101', '2', '0.5'), ('11', '3', '102', '2', '0.5'), ('12', '3', '95', '1', '0.5'), ('13', '3', '96', '2', '0.5'), ('14', '3', '97', '3', '0.5'), ('15', '3', '98', '2', '0.5'), ('16', '3', '99', '1', '0.5'), ('17', '3', '103', '2', '0.5'), ('18', '3', '106', '3', '0.5'), ('19', '3', '107', '3', '0.5'), ('20', '3', '178', '2', '0.5'), ('21', '3', '180', '2', '0.5'), ('22', '3', '181', '2', '0.5'), ('23', '3', '182', '2', '0.5'), ('24', '3', '184', '2', '0.5'), ('25', '3', '185', '2', '0.5'), ('26', '3', '186', '1', '0.5'), ('27', '3', '189', '1', '0.5'), ('28', '3', '190', '3', '0.5'), ('29', '3', '224', '1', '0.5'), ('30', '3', '225', '1', '0.5'), ('31', '1', '185', '3', '0.5'), ('32', '1', '186', '2', '0.5'), ('33', '1', '194', '1', '0.5'), ('34', '1', '197', '1', '0.5'), ('35', '1', '198', '1', '0.5'), ('36', '1', '199', '3', '0.5'), ('37', '5', '95', '3', '0.5'), ('38', '5', '96', '2', '0.5'), ('39', '4', '178', '1', '0.5'), ('40', '1', '95', '3', '0.5'), ('41', '1', '96', '2', '0.5'), ('42', '1', '185', '3', '0.5'), ('43', '1', '186', '2', '0.5'), ('44', '1', '194', '1', '0.5'), ('45', '1', '197', '1', '0.5'), ('46', '1', '198', '1', '0.5'), ('47', '1', '199', '3', '0.5'), ('48', '3', '178', '2', '0.5'), ('49', '3', '180', '2', '0.5'), ('50', '3', '181', '2', '0.5'), ('51', '3', '182', '2', '0.5'), ('52', '3', '184', '2', '0.5'), ('53', '3', '185', '2', '0.5'), ('54', '3', '186', '1', '0.5'), ('55', '3', '189', '1', '0.5'), ('56', '3', '190', '3', '0.5'), ('57', '3', '224', '1', '0.5'), ('58', '3', '225', '1', '0.5'), ('59', '3', '178', '2', '0.5'), ('60', '3', '180', '2', '0.5'), ('61', '3', '181', '2', '0.5'), ('62', '3', '182', '2', '0.5'), ('63', '3', '184', '2', '0.5'), ('64', '3', '185', '2', '0.5'), ('65', '3', '186', '1', '0.5'), ('66', '3', '189', '1', '0.5'), ('67', '3', '190', '3', '0.5'), ('68', '3', '224', '1', '0.5'), ('69', '3', '225', '1', '0.5'), ('70', '1', '95', '3', '0.5'), ('71', '1', '96', '2', '0.5'), ('72', '1', '178', '2', '0.5');
COMMIT;

-- ----------------------------
--  Table structure for `outcome_event`
-- ----------------------------
DROP TABLE IF EXISTS `outcome_event`;
CREATE TABLE `outcome_event` (
  `id` int(11) NOT NULL AUTO_INCREMENT,
  `outcome_id` int(11) NOT NULL,
  `member_id` int(11) NOT NULL,
  `occurred` datetime NOT NULL,
  `name` varchar(100) NOT NULL,
  `category` varchar(100) NOT NULL,
  PRIMARY KEY (`id`,`outcome_id`),
  UNIQUE KEY `unique_id` (`id`),
  KEY `outcome_id_index` (`outcome_id`),
  KEY `member_id_index` (`member_id`),
  CONSTRAINT `outcome_event_ibfk_1` FOREIGN KEY (`outcome_id`) REFERENCES `outcome` (`id`),
  CONSTRAINT `outcome_event_ibfk_2` FOREIGN KEY (`member_id`) REFERENCES `member` (`id`)
) ENGINE=InnoDB AUTO_INCREMENT=119 DEFAULT CHARSET=utf8 ROW_FORMAT=COMPACT;

-- ----------------------------
--  Records of `outcome_event`
-- ----------------------------
BEGIN;
INSERT INTO `outcome_event` VALUES ('37', '6', '3', '2015-08-14 12:00:00', 'Patient Complaint', 'Code of Conduct'), ('38', '6', '4', '2015-08-14 12:00:00', 'Patient Complaint', 'Code of Conduct'), ('39', '6', '5', '2015-08-14 12:00:00', 'Patient Complaint', 'Code of Conduct'), ('40', '6', '6', '2015-08-14 12:00:00', 'Patient Complaint', 'Code of Conduct'), ('41', '6', '11', '2015-08-14 12:00:00', 'Patient Complaint', 'Code of Conduct'), ('42', '6', '12', '2015-08-14 12:00:00', 'Patient Complaint', 'Code of Conduct'), ('43', '6', '13', '2015-08-14 12:00:00', 'Patient Complaint', 'Code of Conduct'), ('44', '6', '14', '2015-08-14 12:00:00', 'Patient Complaint', 'Code of Conduct'), ('45', '6', '15', '2015-08-14 12:00:00', 'Patient Complaint', 'Code of Conduct'), ('46', '6', '7', '2015-08-14 12:00:00', 'Patient Complaint', 'Code of Conduct'), ('47', '6', '8', '2015-08-14 12:00:00', 'Patient Complaint', 'Code of Conduct'), ('48', '6', '9', '2015-08-14 12:00:00', 'Patient Complaint', 'Code of Conduct'), ('49', '6', '10', '2015-08-14 12:00:00', 'Patient Complaint', 'Code of Conduct'), ('50', '6', '16', '2015-08-14 12:00:00', 'Patient Complaint', 'Code of Conduct'), ('51', '6', '17', '2015-08-14 12:00:00', 'Patient Complaint', 'Code of Conduct'), ('52', '6', '18', '2015-08-14 12:00:00', 'Patient Complaint', 'Code of Conduct'), ('53', '6', '30', '2015-08-14 12:00:00', 'Patient Complaint', 'Code of Conduct'), ('54', '6', '20', '2015-08-14 12:00:00', 'Patient Complaint', 'Code of Conduct'), ('55', '6', '21', '2015-08-14 12:00:00', 'Patient Complaint', 'Code of Conduct'), ('56', '6', '22', '2015-08-14 12:00:00', 'Patient Complaint', 'Code of Conduct'), ('57', '6', '23', '2015-08-14 12:00:00', 'Patient Complaint', 'Code of Conduct'), ('58', '6', '24', '2015-08-14 12:00:00', 'Patient Complaint', 'Code of Conduct'), ('59', '6', '25', '2015-08-14 12:00:00', 'Patient Complaint', 'Code of Conduct'), ('60', '6', '26', '2015-08-14 12:00:00', 'Patient Complaint', 'Code of Conduct'), ('61', '6', '27', '2015-08-14 12:00:00', 'Patient Complaint', 'Code of Conduct'), ('62', '6', '28', '2015-08-14 12:00:00', 'Patient Complaint', 'Code of Conduct'), ('63', '6', '29', '2015-08-14 12:00:00', 'Patient Complaint', 'Code of Conduct'), ('68', '3', '3', '2015-08-14 12:00:00', 'Patient Fall', 'Patient Care'), ('69', '3', '4', '2015-08-14 12:00:00', 'Patient Fall', 'Patient Care'), ('70', '3', '5', '2015-08-14 12:00:00', 'Patient Fall', 'Patient Care'), ('71', '3', '6', '2015-08-14 12:00:00', 'Patient Fall', 'Patient Care'), ('72', '3', '11', '2015-08-14 12:00:00', 'Patient Fall', 'Patient Care'), ('73', '3', '12', '2015-08-14 12:00:00', 'Patient Fall', 'Patient Care'), ('74', '3', '13', '2015-08-14 12:00:00', 'Patient Fall', 'Patient Care'), ('75', '3', '14', '2015-08-14 12:00:00', 'Patient Fall', 'Patient Care'), ('76', '3', '15', '2015-08-14 12:00:00', 'Patient Fall', 'Patient Care'), ('77', '3', '7', '2015-08-14 12:00:00', 'Patient Fall', 'Patient Care'), ('78', '3', '8', '2015-08-14 12:00:00', 'Patient Fall', 'Patient Care'), ('79', '3', '9', '2015-08-14 12:00:00', 'Patient Fall', 'Patient Care'), ('80', '3', '10', '2015-08-14 12:00:00', 'Patient Fall', 'Patient Care'), ('81', '3', '16', '2015-08-14 12:00:00', 'Patient Fall', 'Patient Care'), ('82', '3', '17', '2015-08-14 12:00:00', 'Patient Fall', 'Patient Care'), ('83', '3', '18', '2015-08-14 12:00:00', 'Patient Fall', 'Patient Care'), ('84', '3', '30', '2015-08-14 12:00:00', 'Patient Fall', 'Patient Care'), ('85', '3', '20', '2015-08-14 12:00:00', 'Patient Fall', 'Patient Care'), ('86', '3', '21', '2015-08-14 12:00:00', 'Patient Fall', 'Patient Care'), ('87', '3', '22', '2015-08-14 12:00:00', 'Patient Fall', 'Patient Care'), ('88', '3', '23', '2015-08-14 12:00:00', 'Patient Fall', 'Patient Care'), ('89', '3', '24', '2015-08-14 12:00:00', 'Patient Fall', 'Patient Care'), ('90', '3', '25', '2015-08-14 12:00:00', 'Patient Fall', 'Patient Care'), ('91', '3', '26', '2015-08-14 12:00:00', 'Patient Fall', 'Patient Care'), ('92', '3', '27', '2015-08-14 12:00:00', 'Patient Fall', 'Patient Care'), ('93', '3', '28', '2015-08-14 12:00:00', 'Patient Fall', 'Patient Care'), ('94', '3', '29', '2015-08-14 12:00:00', 'Patient Fall', 'Patient Care'), ('97', '1', '6', '2015-06-14 12:00:00', 'Incorrect Drug', 'Medication'), ('98', '1', '14', '2015-06-24 11:00:00', 'Incorrect Drug', 'Medication'), ('99', '1', '15', '2015-08-14 09:00:00', 'Incorrect Drug', 'Medication'), ('100', '1', '16', '2015-08-14 16:00:00', 'Incorrect Drug', 'Medication'), ('101', '8', '6', '2015-08-27 13:00:00', 'Incorrect Strength', 'Medication'), ('102', '8', '8', '2015-08-27 15:00:00', 'Incorrect Strength', 'Medication'), ('103', '8', '16', '2015-08-27 12:00:00', 'Incorrect Strength', 'Medication'), ('108', '9', '6', '2015-08-04 18:00:00', 'Incorrect Release Form', 'Medication'), ('109', '9', '8', '2015-07-18 18:00:00', 'Incorrect Release Form', 'Medication'), ('110', '9', '14', '2015-06-16 18:00:00', 'Incorrect Release Form', 'Medication'), ('111', '9', '15', '2015-06-16 18:00:00', 'Incorrect Release Form', 'Medication'), ('112', '8', '8', '2015-07-18 18:00:00', 'Incorrect Dosage Form', 'Medication'), ('113', '8', '14', '2015-06-16 18:00:00', 'Incorrect Dosage Form', 'Medication'), ('114', '8', '15', '2015-06-16 18:00:00', 'Incorrect Dosage Form', 'Medication'), ('115', '7', '8', '2015-07-22 10:00:00', 'Incorrect Directions', 'Medication'), ('116', '7', '6', '2015-06-19 15:00:00', 'Incorrect Directions', 'Medication'), ('117', '7', '14', '2015-06-08 01:00:00', 'Incorrect Directions', 'Medication'), ('118', '7', '16', '2015-06-10 11:00:00', 'Incorrect Directions', 'Medication');
COMMIT;

-- ----------------------------
--  Table structure for `plan_item`
-- ----------------------------
DROP TABLE IF EXISTS `plan_item`;
CREATE TABLE `plan_item` (
  `id` int(11) NOT NULL AUTO_INCREMENT,
  `module_id` int(11) DEFAULT NULL,
  `plan_item_status_id` char(1) DEFAULT NULL,
  `status_stamp` timestamp NOT NULL DEFAULT CURRENT_TIMESTAMP,
  `member_id` int(11) NOT NULL,
  `recommendation_id` int(11) DEFAULT NULL,
  `score` float NOT NULL DEFAULT '0',
  `rank` int(11) NOT NULL DEFAULT '0',
  PRIMARY KEY (`id`),
  UNIQUE KEY `unique_id` (`id`),
  KEY `learning_module_id_index` (`module_id`),
  KEY `member_id_index` (`member_id`),
  KEY `plan_item_status_id` (`plan_item_status_id`),
  KEY `plan_item_recommendation__fk` (`recommendation_id`),
  CONSTRAINT `plan_item_ibfk_1` FOREIGN KEY (`module_id`) REFERENCES `module` (`id`),
  CONSTRAINT `plan_item_ibfk_2` FOREIGN KEY (`member_id`) REFERENCES `member` (`id`),
  CONSTRAINT `plan_item_ibfk_3` FOREIGN KEY (`plan_item_status_id`) REFERENCES `plan_item_status` (`id`),
  CONSTRAINT `plan_item_recommendation__fk` FOREIGN KEY (`recommendation_id`) REFERENCES `recommendation` (`id`)
) ENGINE=InnoDB AUTO_INCREMENT=306 DEFAULT CHARSET=utf8 ROW_FORMAT=COMPACT;

-- ----------------------------
--  Records of `plan_item`
-- ----------------------------
BEGIN;
INSERT INTO `plan_item` VALUES ('1', '11', 'W', '2015-08-25 10:49:47', '30', null, '2', '0'), ('2', '7', 'W', '2015-06-04 10:20:47', '18', null, '0', '0'), ('3', '9', 'R', '2015-05-25 10:49:47', '7', null, '5', '0'), ('4', '2', 'R', '2015-08-25 09:54:47', '30', null, '3', '0'), ('6', '10', 'R', '2015-05-10 11:11:47', '14', null, '0', '0'), ('7', '5', 'W', '2015-08-25 12:18:47', '22', null, '3', '0'), ('8', '2', 'W', '2015-05-25 11:49:47', '12', null, '5', '0'), ('9', '7', 'R', '2015-08-20 10:32:47', '17', null, '3', '0'), ('10', '12', 'E', '2015-04-10 12:18:47', '5', null, '5', '0'), ('12', '5', 'R', '2015-07-03 09:42:47', '28', null, '5', '0'), ('13', '10', 'R', '2015-08-25 11:01:47', '13', null, '1', '0'), ('14', '1', 'W', '2015-08-25 11:49:47', '29', null, '5', '0'), ('17', '5', 'W', '2015-08-25 12:18:47', '18', null, '0', '0'), ('18', '8', 'R', '2015-07-03 10:49:47', '28', null, '5', '0'), ('19', '1', 'C', '2015-06-04 11:40:47', '30', null, '1', '0'), ('20', '1', 'E', '2015-08-20 11:01:47', '16', null, '4', '0'), ('32', '7', 'W', '2015-08-05 10:33:27', '29', null, '2', '0'), ('33', '12', 'R', '2015-05-15 11:02:27', '16', null, '2', '0'), ('34', '8', 'R', '2015-05-30 11:38:27', '30', null, '3', '0'), ('35', '10', 'C', '2015-06-04 11:38:27', '28', null, '5', '0'), ('36', '4', 'R', '2015-07-30 11:29:27', '17', null, '4', '0'), ('37', '3', 'C', '2015-08-10 09:43:27', '12', null, '5', '0'), ('38', '6', 'E', '2015-05-10 11:00:27', '16', null, '1', '0'), ('39', '8', 'R', '2015-06-09 11:38:27', '10', null, '1', '0'), ('40', '4', 'C', '2015-07-24 10:21:27', '6', null, '3', '0'), ('41', '3', 'E', '2015-08-05 11:02:27', '27', null, '1', '0'), ('42', '5', 'R', '2015-08-07 12:19:27', '13', null, '2', '0'), ('43', '1', 'W', '2015-08-20 11:00:27', '7', null, '0', '0'), ('44', '12', 'W', '2015-06-04 12:07:27', '11', null, '3', '0'), ('45', '6', 'R', '2015-04-15 11:12:27', '15', null, '5', '0'), ('49', '2', 'W', '2015-08-15 11:50:27', '6', null, '1', '0'), ('50', '4', 'C', '2015-05-30 11:02:27', '20', null, '3', '0'), ('51', '12', 'R', '2015-06-02 09:55:27', '29', null, '0', '0'), ('63', '3', 'R', '2015-06-04 11:38:41', '9', null, '0', '0'), ('64', '2', 'E', '2015-08-20 12:19:41', '26', null, '5', '0'), ('65', '2', 'R', '2015-05-25 11:50:41', '23', null, '1', '0'), ('66', '5', 'R', '2015-08-25 11:32:03', '23', null, '2', '0'), ('67', '4', 'R', '2015-08-25 11:32:03', '21', null, '0', '0'), ('69', '4', 'R', '2015-08-20 11:59:03', '14', null, '3', '0'), ('70', '8', 'C', '2015-08-20 10:42:03', '7', null, '2', '0'), ('71', '9', 'C', '2015-05-05 10:54:03', '3', null, '2', '0'), ('72', '3', 'R', '2015-04-15 11:32:03', '23', null, '0', '0'), ('73', '8', 'R', '2015-08-20 11:20:03', '6', null, '0', '0'), ('74', '5', 'W', '2015-08-05 11:32:03', '16', null, '4', '0'), ('75', '2', 'R', '2015-08-25 12:37:03', '22', null, '0', '0'), ('76', '2', 'W', '2015-08-25 12:28:03', '16', null, '4', '0'), ('77', '11', 'C', '2015-06-04 11:20:03', '18', null, '2', '0'), ('78', '6', 'R', '2015-08-25 12:49:03', '30', null, '4', '0'), ('80', '9', 'E', '2015-08-25 12:37:03', '13', null, '2', '0'), ('81', '9', 'R', '2015-08-15 11:32:03', '28', null, '0', '0'), ('82', '5', 'W', '2015-08-25 13:18:03', '24', null, '5', '0'), ('84', '4', 'R', '2015-08-25 13:06:03', '24', null, '2', '0'), ('87', '3', 'R', '2015-08-25 12:49:03', '29', null, '4', '0'), ('88', '1', 'E', '2015-08-25 12:37:03', '13', null, '0', '0'), ('89', '4', 'R', '2015-06-04 13:06:03', '16', null, '1', '0'), ('90', '6', 'R', '2015-08-20 11:11:03', '24', null, '0', '0'), ('91', '8', 'C', '2015-06-28 12:40:03', '21', null, '4', '0'), ('93', '2', 'R', '2015-06-04 11:49:03', '15', null, '2', '0'), ('94', '11', 'E', '2015-07-03 12:37:03', '10', null, '0', '0'), ('96', '10', 'R', '2015-05-20 11:49:03', '17', null, '1', '0'), ('97', '6', 'C', '2015-08-20 12:01:03', '28', null, '5', '0'), ('98', '10', 'W', '2015-07-03 12:49:03', '21', null, '4', '0'), ('99', '8', 'R', '2015-05-25 12:01:03', '12', null, '5', '0'), ('101', '7', 'W', '2015-08-25 11:23:03', '21', null, '3', '0'), ('103', '4', 'C', '2015-08-10 11:49:03', '8', null, '0', '0'), ('105', '3', 'R', '2015-06-04 13:18:03', '8', null, '3', '0'), ('129', '7', 'R', '2015-08-27 11:45:50', '12', null, '4', '0'), ('130', '1', 'E', '2015-08-27 11:45:50', '25', null, '5', '0'), ('131', '10', 'E', '2015-08-27 11:45:50', '26', null, '1', '0'), ('132', '5', 'R', '2015-08-27 11:45:50', '7', null, '4', '0'), ('133', '5', 'W', '2015-08-27 11:45:50', '31', null, '0', '0'), ('134', '10', 'E', '2015-08-27 11:45:50', '32', null, '5', '0'), ('135', '8', 'R', '2015-08-27 11:45:50', '17', null, '3', '0'), ('136', '5', 'E', '2015-08-27 11:45:50', '11', null, '0', '0'), ('137', '9', 'E', '2015-08-27 11:45:50', '4', null, '5', '0'), ('138', '7', 'R', '2015-08-27 11:45:50', '33', null, '5', '0'), ('139', '11', 'R', '2015-08-27 11:45:50', '3', null, '1', '0'), ('140', '3', 'E', '2015-08-27 11:45:50', '9', null, '5', '0'), ('141', '6', 'R', '2015-08-27 11:45:50', '11', null, '1', '0'), ('142', '8', 'R', '2015-08-27 11:45:50', '8', null, '4', '0'), ('143', '6', 'C', '2015-08-27 11:45:50', '4', null, '3', '0'), ('148', '10', 'W', '2015-08-27 11:45:50', '24', null, '4', '0'), ('149', '11', 'W', '2015-08-27 11:45:50', '12', null, '1', '0'), ('150', '11', 'R', '2015-08-27 11:45:50', '14', null, '4', '0'), ('151', '6', 'E', '2015-08-27 11:45:50', '7', null, '4', '0'), ('152', '12', 'E', '2015-08-27 11:45:50', '4', null, '4', '0'), ('153', '12', 'R', '2015-08-27 11:45:50', '27', null, '3', '0'), ('154', '4', 'E', '2015-08-27 11:45:50', '10', null, '2', '0'), ('155', '1', 'C', '2015-08-27 11:45:50', '6', null, '1', '0'), ('157', '8', 'R', '2015-08-27 11:45:50', '5', null, '2', '0'), ('159', '2', 'R', '2015-08-27 11:45:50', '5', null, '0', '0'), ('160', '3', 'C', '2015-08-27 11:45:50', '7', null, '5', '0'), ('162', '2', 'R', '2015-08-27 11:45:50', '13', null, '1', '0'), ('163', '5', 'C', '2015-08-27 11:45:50', '17', null, '5', '0'), ('166', '4', 'E', '2015-08-27 11:45:50', '27', null, '3', '0'), ('167', '3', 'C', '2015-08-27 11:45:50', '13', null, '5', '0'), ('168', '12', 'R', '2015-08-27 11:45:50', '14', null, '0', '0'), ('170', '2', 'E', '2015-08-27 11:45:50', '10', null, '3', '0'), ('172', '11', 'R', '2015-08-27 11:45:50', '29', null, '5', '0'), ('173', '9', 'C', '2015-08-27 11:45:50', '25', null, '4', '0'), ('174', '10', 'R', '2015-08-27 11:45:50', '22', null, '3', '0'), ('175', '12', 'C', '2015-08-27 11:45:50', '13', null, '0', '0'), ('176', '12', 'C', '2015-08-27 11:45:50', '23', null, '3', '0'), ('177', '7', 'R', '2015-08-27 11:45:50', '11', null, '2', '0'), ('192', '12', 'R', '2015-08-27 11:45:50', '17', null, '3', '0'), ('193', '7', 'C', '2015-08-27 11:45:50', '30', null, '3', '0'), ('194', '1', 'C', '2015-08-27 11:45:50', '21', null, '1', '0'), ('195', '1', 'R', '2015-08-27 11:45:50', '32', null, '0', '0'), ('197', '4', 'R', '2015-08-27 11:45:50', '18', null, '0', '0'), ('199', '6', 'W', '2015-08-27 11:45:50', '14', null, '4', '0'), ('200', '6', 'C', '2015-08-27 11:45:50', '27', null, '3', '0'), ('201', '5', 'R', '2015-08-27 11:45:50', '12', null, '0', '0'), ('203', '10', 'W', '2015-08-27 11:45:50', '29', null, '2', '0'), ('204', '6', 'R', '2015-08-27 11:45:50', '29', null, '4', '0'), ('205', '8', 'W', '2015-08-27 11:45:50', '3', null, '4', '0'), ('206', '1', 'C', '2015-08-27 11:45:50', '14', null, '3', '0'), ('208', '2', 'R', '2015-08-27 11:45:50', '17', null, '3', '0'), ('209', '9', 'C', '2015-08-27 11:45:50', '15', null, '0', '0'), ('210', '5', 'R', '2015-08-27 11:45:50', '25', null, '2', '0'), ('211', '10', 'W', '2015-08-27 11:45:50', '20', null, '4', '0'), ('213', '4', 'R', '2015-08-27 11:45:50', '3', null, '4', '0'), ('214', '9', 'C', '2015-08-27 11:45:50', '30', null, '1', '0'), ('217', '4', 'R', '2015-08-27 11:45:50', '23', null, '0', '0'), ('218', '10', 'W', '2015-08-27 11:45:50', '11', null, '3', '0'), ('219', '11', 'R', '2015-08-27 11:45:50', '5', null, '3', '0'), ('221', '7', 'E', '2015-08-27 11:45:50', '8', null, '2', '0'), ('222', '9', 'R', '2015-08-27 11:45:50', '6', null, '2', '0'), ('225', '6', 'R', '2015-08-27 11:45:50', '3', null, '3', '0'), ('226', '1', 'C', '2015-08-27 11:45:50', '10', null, '5', '0'), ('227', '10', 'E', '2015-08-27 11:45:50', '23', null, '3', '0'), ('228', '3', 'R', '2015-08-27 11:45:50', '24', null, '1', '0'), ('229', '6', 'R', '2015-08-27 11:45:50', '18', null, '1', '0'), ('230', '12', 'R', '2015-08-27 11:45:50', '28', null, '2', '0'), ('231', '7', 'R', '2015-08-27 11:45:50', '6', null, '2', '0'), ('232', '2', 'R', '2015-08-27 11:45:50', '8', null, '3', '0'), ('233', '9', 'E', '2015-08-27 11:45:50', '23', null, '1', '0'), ('234', '12', 'R', '2015-08-27 11:45:50', '10', null, '0', '0'), ('235', '11', 'R', '2015-08-27 11:45:50', '23', null, '4', '0'), ('236', '7', 'R', '2015-08-27 11:45:50', '15', null, '2', '0'), ('237', '6', 'R', '2015-08-27 11:45:50', '23', null, '5', '0'), ('238', '4', 'W', '2015-08-27 11:45:50', '11', null, '1', '0'), ('255', '1', 'R', '2015-05-29 11:46:10', '28', null, '3', '0'), ('256', '4', 'C', '2015-08-11 11:46:10', '21', null, '0', '0'), ('257', '4', 'C', '2015-06-11 11:46:10', '5', null, '5', '0'), ('258', '2', 'R', '2015-06-21 11:46:10', '33', null, '2', '0'), ('260', '7', 'E', '2015-05-27 11:46:10', '23', null, '2', '0'), ('261', '11', 'R', '2015-06-05 11:46:10', '21', null, '2', '0'), ('262', '4', 'R', '2015-07-11 11:46:10', '7', null, '5', '0'), ('263', '3', 'E', '2015-06-23 11:46:10', '27', null, '2', '0'), ('264', '8', 'R', '2015-05-29 11:46:10', '15', null, '2', '0'), ('265', '7', 'E', '2015-06-10 11:46:10', '17', null, '5', '0'), ('269', '2', 'W', '2015-08-01 11:46:10', '3', null, '2', '0'), ('270', '6', 'R', '2015-06-09 11:46:10', '20', null, '1', '0'), ('271', '1', 'C', '2015-07-16 11:46:10', '5', null, '4', '0'), ('272', '9', 'C', '2015-07-06 11:46:10', '21', null, '1', '0'), ('273', '3', 'R', '2015-07-16 11:46:10', '11', null, '4', '0'), ('274', '5', 'W', '2015-07-09 11:46:10', '21', null, '2', '0'), ('286', '1', 'C', '2015-08-04 11:46:11', '11', null, '3', '0'), ('287', '4', 'C', '2015-06-22 11:46:11', '4', null, '2', '0'), ('288', '2', 'R', '2015-06-20 11:46:11', '17', null, '3', '0'), ('289', '11', 'C', '2015-07-05 11:46:11', '27', null, '3', '0'), ('290', '12', 'W', '2015-07-06 11:46:11', '21', null, '0', '0'), ('291', '10', 'R', '2015-08-23 11:46:11', '18', null, '4', '0'), ('292', '6', 'E', '2015-07-07 11:46:11', '9', null, '4', '0'), ('294', '2', 'R', '2015-07-06 11:46:11', '21', null, '0', '0'), ('295', '11', 'R', '2015-08-18 11:46:11', '29', null, '4', '0'), ('296', '12', 'W', '2015-06-15 11:46:11', '22', null, '5', '0'), ('297', '8', 'R', '2015-06-23 11:46:11', '33', null, '1', '0'), ('299', '3', 'E', '2015-08-19 11:46:11', '25', null, '0', '0'), ('301', '3', 'E', '2015-08-01 11:46:11', '30', null, '0', '0'), ('302', '6', 'E', '2015-08-11 11:46:11', '25', null, '4', '0'), ('303', '5', 'R', '2015-05-29 11:46:11', '29', null, '5', '0'), ('304', '10', 'R', '2015-07-18 11:46:11', '27', null, '5', '0'), ('305', '10', 'C', '2015-08-19 11:46:11', '31', null, '2', '0');
COMMIT;

-- ----------------------------
--  Table structure for `plan_item_status`
-- ----------------------------
DROP TABLE IF EXISTS `plan_item_status`;
CREATE TABLE `plan_item_status` (
  `id` char(1) NOT NULL,
  `name` varchar(25) NOT NULL,
  `description` varchar(4000) NOT NULL,
  `const_name` varchar(25) NOT NULL,
  PRIMARY KEY (`id`),
  UNIQUE KEY `unique_id` (`id`),
  UNIQUE KEY `unique_name` (`name`),
  UNIQUE KEY `unique_const_name` (`const_name`)
) ENGINE=InnoDB DEFAULT CHARSET=utf8 ROW_FORMAT=COMPACT;

-- ----------------------------
--  Records of `plan_item_status`
-- ----------------------------
BEGIN;
INSERT INTO `plan_item_status` VALUES ('C', 'Completed', 'Course completed by member.', 'COMPLETED'), ('E', 'Enrolled', 'Enrolled in course, or accepted by member.', 'ENROLLED'), ('R', 'Recommended', 'Recommended by the system.', 'RECOMMENDED'), ('W', 'Withdrawn', 'Enrolled, but withdrawn and will not complete.', 'WITHDRAWN');
COMMIT;

-- ----------------------------
--  Table structure for `question`
-- ----------------------------
DROP TABLE IF EXISTS `question`;
CREATE TABLE `question` (
  `id` int(11) NOT NULL AUTO_INCREMENT,
  `question_group_id` int(11) NOT NULL,
  `question_type_id` int(11) NOT NULL DEFAULT '0',
  `sort_order` int(11) NOT NULL,
  `number` varchar(40) DEFAULT NULL,
  `name` varchar(1024) DEFAULT NULL,
  `summary` varchar(500) DEFAULT NULL,
  `description` varchar(5000) DEFAULT NULL,
  `importance` int(11) NOT NULL DEFAULT '1',
  PRIMARY KEY (`id`),
  KEY `question_group_id_index` (`question_group_id`),
  KEY `question_type_id_index` (`question_type_id`),
  CONSTRAINT `question_ibfk_1` FOREIGN KEY (`question_group_id`) REFERENCES `question_group` (`id`)
) ENGINE=InnoDB AUTO_INCREMENT=226 DEFAULT CHARSET=utf8 ROW_FORMAT=COMPACT;

-- ----------------------------
--  Records of `question`
-- ----------------------------
BEGIN;
INSERT INTO `question` VALUES ('95', '24', '37', '1', 'A.1', 'Demonstrates respect for people and their differences', 'Gathering of information about a patient\'s physiological, psychological, sociological, and spiritual status.', null, '1'), ('96', '24', '38', '2', 'A.2', 'Understands the benefits of a diverse workforce', null, null, '1'), ('97', '24', '39', '3', 'A.3', 'Is trusted and respected by others', null, null, '1'), ('98', '24', '40', '4', 'A.4', 'Includes and welcomes others', null, null, '1'), ('99', '25', '41', '5', 'A.5', 'Works to understand the perspectives of others', null, null, '1'), ('100', '25', '42', '6', 'A.6', 'Promotes opportunities to experience diversity on campus', null, null, '1'), ('101', '25', '43', '7', 'B.1', 'Compassion', null, null, '1'), ('102', '25', '44', '8', 'B.4', 'Advocacy and Ethics', null, null, '1'), ('103', '26', '45', '9', 'C.1', 'Collaboration with the Health Care Team', null, null, '1'), ('104', '26', '46', '10', 'C.2', 'Valuing Teams/Teamwork', null, null, '1'), ('105', '27', '47', '11', 'D.1', 'Self', null, null, '1'), ('106', '28', '48', '12', 'E.1', 'Innovation (creative solutions to everyday problems)', null, null, '1'), ('107', '28', '49', '13', 'E.2', 'Research', null, null, '1'), ('178', '38', '122', '1', 'A.1', 'Customer Focus', 'Relates work and job purpose to UMHHC mission and commitment to putting patients and families first.', null, '1'), ('179', '38', '123', '2', 'A.2', 'Teamwork', 'Interacts effectively and builds respectful relationships within and between units and among individuals.', null, '1'), ('180', '38', '124', '3', 'A.3', 'Communication', 'Communicates effectively in ways that enhance productivity and build respectful relationships. Demonstrates active listening, written, verbal, and information technology skills. Shares relevant information.', null, '1'), ('181', '38', '125', '4', 'A.4', 'Conflict Resolution', 'Seeks constructive approaches to resolving workplace issues.', null, '1'), ('182', '38', '126', '5', 'A.5', 'Integrity', 'Adheres to high standards of personal and professional conduct.', null, '1'), ('183', '38', '127', '6', 'A.6', 'Adapting to Change', 'Responds positively to change, showing willingness to learn new ways to accomplish work.', null, '1'), ('184', '38', '128', '7', 'A.7', 'Respect for Individuals', 'Fosters mutual respect and supports UMHS commitment to diversity. Promotes community building and diversity initiatives that help employees learn and respect each others differences.', null, '1'), ('185', '38', '129', '8', 'A.8', 'Safety', 'Contributes to a safe and secure environment for patients, visitors, faculty, and staff by following hand hygiene and other established procedures and protocols as appropriate by job function.', null, '1'), ('186', '38', '130', '9', 'A.9', 'Quality', 'Adopts practices to improve work processes, enhance customer satisfaction and ensure excellence in daily work.', null, '1'), ('187', '38', '131', '10', 'A.10', 'Efficiency', 'Accomplishes work in ways that maximize productivity and available resources while minimizing waste.', null, '1'), ('188', '38', '132', '11', 'A.11', 'Attendance.', '', null, '1'), ('189', '39', '133', '12', 'B.1', 'Work effectively with physicians and other health care professionals to provide patient-centered care.', '', null, '1'), ('190', '39', '134', '13', 'B.2', 'Demonstrate caring and respectful behaviors when interacting with patients and their families.', '', null, '1'), ('191', '39', '135', '14', 'B.3', 'Obtains a relevant & complete health and medical history and performs appropriate physical examination.', '', null, '1'), ('192', '39', '136', '15', 'B.4', 'Performs or orders appropriate preventive and/or diagnostic tests or procedures based on the patient\'\'s age and history.', '', null, '1'), ('193', '39', '137', '16', 'B.5', 'Competently performs invasive and non-invasive procedures as appropriate to role.', '', null, '1'), ('194', '39', '138', '17', 'B.6', 'Develop and carry out patient management plans', '', null, '1'), ('195', '39', '139', '18', 'B.7', 'Provide health care services and education aimed at preventing health problems or maintaining health', '', null, '1'), ('196', '40', '140', '19', 'C.1', 'Utilize critical thinking and clinical judgment in diagnostic process.', '', null, '1'), ('197', '40', '141', '20', 'C.2', 'Formulate appropriate differential diagnosis based on the history, physical examination, and diagnostic test results.', '', null, '1'), ('198', '40', '142', '21', 'C.3', 'Accurately interpret diagnostic tests.', '', null, '1'), ('199', '40', '143', '22', 'C.4', 'Select appropriate pharmacologic and non-pharmacologic interventions.', '', null, '1'), ('200', '40', '144', '23', 'C.5', 'Manage general medical and surgical conditions to include understanding the indications, contraindications, side effects, interactions, and adverse reactions of pharmacologic agents and other relevant treatment modalities', '', null, '1'), ('201', '40', '145', '24', 'C.6', 'PRACTICE-BASED LEARNING AND IMPROVEMENT', 'Practice-based learning and improvement includes the processes through which clinicians engage in critical analysis of their own practice experience, medical literature, and other information resources for the purpose of self-improvement. Physician assistants are expected to:', null, '1'), ('202', '40', '146', '25', 'C.7', 'Analyze their own clinical practice and perform practice-based improvement activities to improve their patient care practices.', '', null, '1'), ('203', '40', '147', '26', 'C.8', 'Locate, appraise, and integrate evidence from scientific studies related to their area of practice.', '', null, '1'), ('204', '40', '148', '27', 'C.9', 'Apply information technology to manage information, access online medical information, and support their own continuing education.', '', null, '1'), ('205', '40', '149', '28', 'C.10', 'Facilitate the learning of students and/or other health care professionals within UMHS.', '', null, '1'), ('206', '41', '150', '29', 'D.1', 'Communicate effectively with patients, families, and the public, as appropriate, across a broad range of socioeconomic and cultural backgrounds.', '', null, '1'), ('207', '41', '151', '30', 'D.2', 'Communicate effectively and build respectful relationships with physicians, other health professionals, and health related agencies.', '', null, '1'), ('208', '41', '152', '31', 'D.3', 'Work effectively as a member or leader of a health care team or other professional group.', '', null, '1'), ('209', '41', '153', '32', 'D.4', 'Maintain comprehensive, timely, and legible medical records.', '', null, '1'), ('210', '42', '154', '33', 'E.1', 'Understanding of legal and regulatory requirements, as well as the appropriate role of the physician assistant', '', null, '1'), ('211', '42', '155', '34', 'E.2', 'Professional relationships with physician supervisors and other health care providers', '', null, '1'), ('212', '42', '156', '35', 'E.3', 'Seek consultation with faculty, as appropriate, for concerns and issues outside practitioners scope of knowledge or skills.', '', null, '1'), ('213', '42', '157', '36', 'E.4', 'Commitment to excellence and on-going professional development.', '', null, '1'), ('214', '42', '158', '37', 'E.5', 'Compassion, integrity, and respect for others.', '', null, '1'), ('215', '42', '159', '38', 'E.6', 'Responsiveness to patient needs that supersedes self-interest.', '', null, '1'), ('216', '42', '160', '39', 'E.7', 'Respect for patient privacy and autonomy.', '', null, '1'), ('217', '42', '161', '40', 'E.8', 'Accountability to patients, supervising physicians, society and the PA profession.', '', null, '1'), ('218', '42', '162', '41', 'E.9', 'Sensitivity and responsiveness to patients\'\' culture, age, gender, and disabilities.', '', null, '1'), ('219', '42', '163', '42', 'E.10', 'SYSTEMS-BASED PRACTICE', 'Physician assistants must demonstrate an awareness of and responsiveness to the larger context and system of health care, as well as the ability to call effectively on other resources in the system to provide optimal health care. PAs should work to improve the larger health care system of which their practices are a part. Physician assistants are expected to:', null, '1'), ('220', '42', '164', '43', 'E.11', 'Accurately identify the appropriate site of care for presenting conditions, including identifying emergent cases and those requiring referral or admission.', '', null, '1'), ('221', '42', '165', '44', 'E.12', 'Practice cost-effective health care and resource allocation that does not compromise quality of care.', '', null, '1'), ('222', '42', '166', '45', 'E.13', 'Advocate for quality patient care and assist patients in dealing with system complexities.', '', null, '1'), ('223', '42', '167', '46', 'E.14', 'Partner with supervising physicians, health care managers, and other health care providers to assess, coordinate, and improve the delivery of health care and patient outcomes.', '', null, '1'), ('224', '42', '168', '47', 'E.15', 'Accept responsibility for promoting a safe environment for patient care and recognizing and correcting systems-based factors that negatively impact patient care.', '', null, '1'), ('225', '42', '169', '48', 'E.16', 'Adhere to and actively participate in patient safety initiatives to improve quality of care and patient outcomes within his/her area of practice.', '', null, '1');
COMMIT;

-- ----------------------------
--  Table structure for `question_choice`
-- ----------------------------
DROP TABLE IF EXISTS `question_choice`;
CREATE TABLE `question_choice` (
  `id` int(11) NOT NULL AUTO_INCREMENT,
  `question_type_id` int(11) NOT NULL,
  `sort_order` int(11) NOT NULL,
  `name` varchar(200) DEFAULT NULL,
  `value` varchar(500) DEFAULT NULL,
  `rubric` varchar(500) DEFAULT NULL,
  `icon_prefix` varchar(50) DEFAULT NULL,
  PRIMARY KEY (`id`),
  KEY `question_type_id_index` (`question_type_id`),
  CONSTRAINT `question_choice_ibfk_1` FOREIGN KEY (`question_type_id`) REFERENCES `question_type` (`id`)
) ENGINE=InnoDB AUTO_INCREMENT=813 DEFAULT CHARSET=utf8 ROW_FORMAT=COMPACT;

-- ----------------------------
--  Records of `question_choice`
-- ----------------------------
BEGIN;
INSERT INTO `question_choice` VALUES ('158', '37', '0', '(not set)', '0', '(no value)', 'levelBg'), ('159', '37', '1', 'Unsatisfactory', '1', 'Does not demonstrate inclusiveness; fails to recognize the value of differences', 'levelBg'), ('160', '37', '2', 'Improvement Needed', '2', 'Is often not aware of or interested in diverse backgrounds or points of view.', 'levelBg'), ('161', '37', '3', 'Meets Expectations', '3', 'Respects, includes, and recognizes differences.', 'levelBg'), ('162', '37', '4', 'Exceeds Expectations', '4', 'Respects, includes, and recognizes differences; creatively incorporates dissimilar views.', 'levelBg'), ('163', '37', '5', 'Exceptional', '5', 'Highly inclusive; encourages,recognizes and incorporates diverse points of view.', 'levelBg'), ('164', '38', '0', '(not set)', '0', '(no value)', 'levelBg'), ('165', '38', '1', 'Unsatisfactory', '1', 'Does not understand or promote the benefits of a diverse workforce.', 'levelBg'), ('166', '38', '2', 'Improvement Needed', '2', 'Has minimal understanding of the benefits of a diverse a diverse workforce.', 'levelBg'), ('167', '38', '3', 'Meets Expectations', '3', 'Understands the benefits of a diverse workforce.', 'levelBg'), ('168', '38', '4', 'Exceeds Expectations', '4', 'Promotes the benefits of a diverse workforce.', 'levelBg'), ('169', '38', '5', 'Exceptional', '5', 'Actively promotes the benefits of a diverse workforce.', 'levelBg'), ('170', '39', '0', '(not set)', '0', '(no value)', 'levelBg'), ('171', '39', '1', 'Unsatisfactory', '1', 'Lack of inclusiveness fosters a lack of trust among customers and coworkers.', 'levelBg'), ('172', '39', '2', 'Improvement Needed', '2', 'Tends to work either independently or with designated coworkers; trust is low among those not included.', 'levelBg'), ('173', '39', '3', 'Meets Expectations', '3', 'Is respected and trusted by customers and coworkers.', 'levelBg'), ('174', '39', '4', 'Exceeds Expectations', '4', 'Is highly respected and trusted by customers, coworkers, and campus partners in all dealings.', 'levelBg'), ('175', '39', '5', 'Exceptional', '5', 'Is looked up to and highly respected by customers, coworkers and the campus community.', 'levelBg'), ('176', '40', '0', '(not set)', '0', '(no value)', 'levelBg'), ('177', '40', '1', 'Unsatisfactory', '1', 'Is not welcoming or respectful; coworkers and campus partners often work around to avoid interaction. ', 'levelBg'), ('178', '40', '2', 'Improvement Needed', '2', 'Is reticent to include new people or ideas.', 'levelBg'), ('179', '40', '3', 'Meets Expectations', '3', 'Inclusive and open to new people and ideas.', 'levelBg'), ('180', '40', '4', 'Exceeds Expectations', '4', 'Includes and welcomes diverse individuals and groups.', 'levelBg'), ('181', '40', '5', 'Exceptional', '5', 'Actively creates an inclusive and welcoming environment for diverse\nindividuals and groups across campus.', 'levelBg'), ('182', '41', '0', '(not set)', '0', '(no value)', 'levelBg'), ('183', '41', '1', 'Unsatisfactory', '1', 'Discourages different points of view; becomes defensive when asked to consider\nnew/different ideas.', 'levelBg'), ('184', '41', '2', 'Improvement Needed', '2', 'Is not always open to different points of view.', 'levelBg'), ('185', '41', '3', 'Meets Expectations', '3', 'Seeks to understand and incorporate different points of view.', 'levelBg'), ('186', '41', '4', 'Exceeds Expectations', '4', 'Is consistently open to and respectful of different points of view.', 'levelBg'), ('187', '41', '5', 'Exceptional', '5', 'Promotes equity and inclusion by actively seeking ideas and insights\nfrom diverse sources.', 'levelBg'), ('188', '42', '0', '(not set)', '0', '(no value)', 'levelBg'), ('189', '42', '1', 'Unsatisfactory', '1', 'Neither understands nor promotes opportunities to experience diversity in the organization.', 'levelBg'), ('190', '42', '2', 'Improvement Needed', '2', 'Needs to develop understanding and awareness of opportunities to learn about and experience diversity in the organization.', 'levelBg'), ('191', '42', '3', 'Meets Expectations', '3', 'Understands and promotes opportunities to experience diversity in the organization for self and others.', 'levelBg'), ('192', '42', '4', 'Exceeds Expectations', '4', 'Participates in range of opportunities to learn about and experience diversity in the organization; encourages others to do the same.', 'levelBg'), ('193', '42', '5', 'Exceptional', '5', 'Actively creates opportunities for others to learn about and experience diversity in the organization.', 'levelBg'), ('194', '43', '0', '(not set)', '0', '(no value)', 'levelBg'), ('195', '43', '1', 'Unsatisfactory', '1', 'Mobilizes appropriate resources in response to situations that have the potential to negatively impact patient/family outcomes.\nRecognizes ethical issues and seeks assistance in addressing them.\n', 'levelBg'), ('196', '43', '2', 'Improvement Needed', '2', 'Challenges situations and/or decisions that obstruct positive patient outcomes and works to reduce barriers. Anticipates patient/family needs.\n', 'levelBg'), ('197', '43', '3', 'Meets Expectations', '3', '***Challenges and adapts systems to maximize the benefits for patient care.\n', 'levelBg'), ('198', '43', '4', 'Exceeds Expectations', '4', '(no value)', 'levelBg'), ('199', '43', '5', 'Exceptional', '5', 'Recognizes role of each member of the health care team.\nAware of importance of team collaboration and with guidance begins to initiate collaborative communication.\nInitiates referrals.\nRecognizes the impact of ones behavior on others.\n', 'levelBg'), ('200', '44', '0', '(not set)', '0', 'Initiates, recognizes and values professional collaborative communication and the positive effect on patient outcomes. Identifies and utilizes collaborative resources.\nMonitors referrals.\n', 'levelBg'), ('201', '44', '1', 'Unsatisfactory', '1', 'Is sought out by members of the multi-disciplinary health care team.\nFrequently initiates consults with health care team.\nActively collaborates with other health professionals in delivering care.\nRecognizes need and calls for team conference.\nActs as resource to nursing and health care team.\n', 'levelBg'), ('202', '44', '2', 'Improvement Needed', '2', 'Through shared values and a clear professional identify, demonstrates and role models an interdisciplinary collaborative approach to patient care.\nParticipates and/or leads team care conference.\n', 'levelBg'), ('203', '44', '3', 'Meets Expectations', '3', '(no value)', 'levelBg'), ('204', '44', '4', 'Exceeds Expectations', '4', 'Identifies self as member of nursing and health care teams. Begins to generate trust, respect, and compassion within the workgroup.\nTakes responsibility for developing beginning team relationships.\nSeeks assistance with resolving conflict. Meets professional commitments consistently.\nAsks for and accepts help when needed.\n', 'levelBg'), ('205', '44', '5', 'Exceptional', '5', 'Functions as an independent and supportive team member. Provides assistance to others. Demonstrates empathy and compassion in interactions with team members.\nApproaches conflict situations in a constructive manner.\n', 'levelBg'), ('206', '45', '0', '(not set)', '0', 'Fosters mutual regard, respect, and trust.\nDemonstrates flexibility.\nCreates conditions and relationships that promote creative, innovative, and positive processes and outcomes.\nRole models behaviors that demonstrate compassion and caring.\nFosters others development of conflict resolution skills.\nDemonstrates active engagement to enhance patient care and promote a positive workplace.\n', 'levelBg'), ('207', '45', '1', 'Unsatisfactory', '1', 'Demonstrates team values that orient people to care about performance and success of others.\nRecognizes value of conflict in individual and organization learning and growth.\n', 'levelBg'), ('208', '45', '2', 'Improvement Needed', '2', '(no value)', 'levelBg'), ('209', '45', '3', 'Meets Expectations', '3', 'Engages in self assessment related to orientation and ongoing learning needs and seeks out unit resources to assist in meeting needs.\nCompletes mandatory/ competency requirements during orientation and annually.\n', 'levelBg'), ('210', '45', '4', 'Exceeds Expectations', '4', 'Sets goals for knowledge/ skill enhancement within the practice setting.\nSeeks out additional learning experiences within practice area:  Unit specific certifications  Consultation with experts  Inservices/rounds  Collaborates with multidisciplinary team\n', 'levelBg'), ('211', '45', '5', 'Exceptional', '5', '***Sets goals for knowledge/skill enhancement within and beyond the practice setting.\n***Attends inservice(s)/CE within and beyond practice area.\n', 'levelBg'), ('212', '46', '0', '(not set)', '0', '***Sets goals in self directed manner and actively seeks out opportunities for knowledge/skill enhancement within and beyond the practice setting.\n***Evidence of advancing professional identify (at least one):  Certification in specialty (ACCN, ANCC Specialty Areas)  Active participation in Professional organization (i.e., clinical specialty organizations, UMPNC, MNA, ANA, UAN)  Active membership/ leadership role in institutional groups related to nursing\n', 'levelBg'), ('213', '46', '1', 'Unsatisfactory', '1', '(no value)', 'levelBg'), ('214', '46', '2', 'Improvement Needed', '2', 'Has knowledge of and supports established nursing improvement projects/endeavors in practice setting.\n', 'levelBg'), ('215', '46', '3', 'Meets Expectations', '3', 'Identifies areas for creative improvement in practice setting and seeks out resources and avenues to address them (unit practice council, content experts, etc.).\n', 'levelBg'), ('216', '46', '4', 'Exceeds Expectations', '4', 'Takes on leadership role in relation to innovations/ improvements in practice setting. Reads evidence based articles related to area of practice.\n', 'levelBg'), ('217', '46', '5', 'Exceptional', '5', 'Independently seeks out opportunities to share information and influence evidence based nursing practice.\nEvaluates effectiveness of innovation/practice challenges.\n', 'levelBg'), ('218', '47', '0', '(not set)', '0', '(no value)', 'levelBg'), ('219', '47', '1', 'Unsatisfactory', '1', 'Reads clinical articles. Participates in unit/area based Continuous Quality Improvement projects.\n', 'levelBg'), ('220', '47', '2', 'Improvement Needed', '2', 'Demonstrates an awareness of current literature in area of practice, including journal club, inservices, etc.\nIdentifies individual patient problems which require investigation. Participates in unit/area based research, as appropriate.\n', 'levelBg'), ('221', '47', '3', 'Meets Expectations', '3', '***Participates in unit/area based/institutional Continuous Quality Improvement projects.\nPresents at unit based educational forums.\n', 'levelBg'), ('222', '47', '4', 'Exceeds Expectations', '4', 'Implements change in practice for a population of patients based on the application of current research findings and evaluates effectiveness of practice changes.\nMakes recommendations for changes in practice based on findings. ***Shares findings of Continuous Quality Improvement projects, such as:  Unit presentation  Rounds  Poster  Publishing\nApplies current literature/ research to problems in practice area.\n', 'levelBg'), ('573', '47', '5', 'Exceptional', '5', '(no value)', 'levelBg'), ('574', '48', '0', '(not set)', '0', 'The requirements are not met.', 'levelBg'), ('575', '48', '1', 'Unsatisfactory', '1', 'Progress is being made toward completion of the requirements.', 'levelBg'), ('576', '48', '2', 'Improvement Needed', '2', 'Requirements have been met.', 'levelBg'), ('577', '48', '3', 'Meets Expectations', '3', 'Requirements have been met and exceeded.', 'levelBg'), ('578', '48', '4', 'Exceeds Expectations', '4', '(no value)', 'levelBg'), ('579', '48', '5', 'Exceptional', '5', 'The requirements are not met.', 'levelBg'), ('580', '49', '0', '(not set)', '0', 'Progress is being made toward completion of the requirements.', 'levelBg'), ('581', '49', '1', 'Unsatisfactory', '1', 'Requirements have been met.', 'levelBg'), ('582', '49', '2', 'Improvement Needed', '2', 'Requirements have been met and exceeded.', 'levelBg'), ('583', '49', '3', 'Meets Expectations', '3', '(no value)', 'levelBg'), ('584', '49', '4', 'Exceeds Expectations', '4', 'The requirements are not met.', 'levelBg'), ('585', '49', '5', 'Exceptional', '5', 'Progress is being made toward completion of the requirements.', 'levelBg'), ('586', '122', '0', '(not set)', '0', 'Requirements have been met.', 'levelBg'), ('587', '122', '1', 'Unsatisfactory', '1', 'Requirements have been met and exceeded.', 'levelBg'), ('588', '122', '2', 'Improvement Needed', '2', '(no value)', 'levelBg'), ('589', '122', '3', 'Meets Expectations', '3', 'The requirements are not met.', 'levelBg'), ('590', '122', '4', 'Exceeds Expectations', '4', 'Progress is being made toward completion of the requirements.', 'levelBg'), ('591', '122', '5', 'Exceptional', '5', 'Requirements have been met.', 'levelBg'), ('592', '123', '0', '(not set)', '0', 'Requirements have been met and exceeded.', 'levelBg'), ('593', '123', '1', 'Unsatisfactory', '1', '(no value)', 'levelBg'), ('594', '123', '2', 'Improvement Needed', '2', 'The requirements are not met.', 'levelBg'), ('595', '123', '3', 'Meets Expectations', '3', 'Progress is being made toward completion of the requirements.', 'levelBg'), ('596', '123', '4', 'Exceeds Expectations', '4', 'Requirements have been met.', 'levelBg'), ('597', '123', '5', 'Exceptional', '5', 'Requirements have been met and exceeded.', 'levelBg'), ('598', '124', '0', '(not set)', '0', '(no value)', 'levelBg'), ('599', '124', '1', 'Unsatisfactory', '1', 'The requirements are not met.', 'levelBg'), ('600', '124', '2', 'Improvement Needed', '2', 'Progress is being made toward completion of the requirements.', 'levelBg'), ('601', '124', '3', 'Meets Expectations', '3', 'Requirements have been met.', 'levelBg'), ('602', '124', '4', 'Exceeds Expectations', '4', 'Requirements have been met and exceeded.', 'levelBg'), ('603', '124', '5', 'Exceptional', '5', '(no value)', 'levelBg'), ('604', '125', '0', '(not set)', '0', 'The requirements are not met.', 'levelBg'), ('605', '125', '1', 'Unsatisfactory', '1', 'Progress is being made toward completion of the requirements.', 'levelBg'), ('606', '125', '2', 'Improvement Needed', '2', 'Requirements have been met.', 'levelBg'), ('607', '125', '3', 'Meets Expectations', '3', 'Requirements have been met and exceeded.', 'levelBg'), ('608', '125', '4', 'Exceeds Expectations', '4', '(no value)', 'levelBg'), ('609', '125', '5', 'Exceptional', '5', 'The requirements are not met.', 'levelBg'), ('610', '126', '0', '(not set)', '0', 'Progress is being made toward completion of the requirements.', 'levelBg'), ('611', '126', '1', 'Unsatisfactory', '1', 'Requirements have been met.', 'levelBg'), ('612', '126', '2', 'Improvement Needed', '2', 'Requirements have been met and exceeded.', 'levelBg'), ('613', '126', '3', 'Meets Expectations', '3', '(no value)', 'levelBg'), ('614', '126', '4', 'Exceeds Expectations', '4', 'The requirements are not met.', 'levelBg'), ('615', '126', '5', 'Exceptional', '5', 'Progress is being made toward completion of the requirements.', 'levelBg'), ('616', '127', '0', '(not set)', '0', 'Requirements have been met.', 'levelBg'), ('617', '127', '1', 'Unsatisfactory', '1', 'Requirements have been met and exceeded.', 'levelBg'), ('618', '127', '2', 'Improvement Needed', '2', '(no value)', 'levelBg'), ('619', '127', '3', 'Meets Expectations', '3', 'The requirements are not met.', 'levelBg'), ('620', '127', '4', 'Exceeds Expectations', '4', 'Progress is being made toward completion of the requirements.', 'levelBg'), ('621', '127', '5', 'Exceptional', '5', 'Requirements have been met.', 'levelBg'), ('622', '128', '0', '(not set)', '0', 'Requirements have been met and exceeded.', 'levelBg'), ('623', '128', '1', 'Unsatisfactory', '1', '(no value)', 'levelBg'), ('624', '128', '2', 'Improvement Needed', '2', 'The requirements are not met.', 'levelBg'), ('625', '128', '3', 'Meets Expectations', '3', 'Progress is being made toward completion of the requirements.', 'levelBg'), ('626', '128', '4', 'Exceeds Expectations', '4', 'Requirements have been met.', 'levelBg'), ('627', '128', '5', 'Exceptional', '5', 'Requirements have been met and exceeded.', 'levelBg'), ('628', '129', '0', '(not set)', '0', '(no value)', 'levelBg'), ('629', '129', '1', 'Unsatisfactory', '1', 'The requirements are not met.', 'levelBg'), ('630', '129', '2', 'Improvement Needed', '2', 'Progress is being made toward completion of the requirements.', 'levelBg'), ('631', '129', '3', 'Meets Expectations', '3', 'Requirements have been met.', 'levelBg'), ('632', '129', '4', 'Exceeds Expectations', '4', 'Requirements have been met and exceeded.', 'levelBg'), ('633', '129', '5', 'Exceptional', '5', '(no value)', 'levelBg'), ('634', '130', '0', '(not set)', '0', 'The requirements are not met.', 'levelBg'), ('635', '130', '1', 'Unsatisfactory', '1', 'Progress is being made toward completion of the requirements.', 'levelBg'), ('636', '130', '2', 'Improvement Needed', '2', 'Requirements have been met.', 'levelBg'), ('637', '130', '3', 'Meets Expectations', '3', 'Requirements have been met and exceeded.', 'levelBg'), ('638', '130', '4', 'Exceeds Expectations', '4', '(no value)', 'levelBg'), ('639', '130', '5', 'Exceptional', '5', 'The requirements are not met.', 'levelBg'), ('640', '131', '0', '(not set)', '0', 'Progress is being made toward completion of the requirements.', 'levelBg'), ('641', '131', '1', 'Unsatisfactory', '1', 'Requirements have been met.', 'levelBg'), ('642', '131', '2', 'Improvement Needed', '2', 'Requirements have been met and exceeded.', 'levelBg'), ('643', '131', '3', 'Meets Expectations', '3', '(no value)', 'levelBg'), ('644', '131', '4', 'Exceeds Expectations', '4', 'The requirements are not met.', 'levelBg'), ('645', '131', '5', 'Exceptional', '5', 'Progress is being made toward completion of the requirements.', 'levelBg'), ('646', '132', '0', '(not set)', '0', 'Requirements have been met.', 'levelBg'), ('647', '132', '1', 'Unsatisfactory', '1', 'Requirements have been met and exceeded.', 'levelBg'), ('648', '132', '2', 'Improvement Needed', '2', '(no value)', 'levelBg'), ('649', '132', '3', 'Meets Expectations', '3', 'The requirements are not met.', 'levelBg'), ('650', '132', '4', 'Exceeds Expectations', '4', 'Progress is being made toward completion of the requirements.', 'levelBg'), ('651', '132', '5', 'Exceptional', '5', 'Requirements have been met.', 'levelBg'), ('652', '133', '0', '(not set)', '0', 'Requirements have been met and exceeded.', 'levelBg'), ('653', '133', '1', 'Unsatisfactory', '1', '(no value)', 'levelBg'), ('654', '133', '2', 'Improvement Needed', '2', 'The requirements are not met.', 'levelBg'), ('655', '133', '3', 'Meets Expectations', '3', 'Progress is being made toward completion of the requirements.', 'levelBg'), ('656', '133', '4', 'Exceeds Expectations', '4', 'Requirements have been met.', 'levelBg'), ('657', '133', '5', 'Exceptional', '5', 'Requirements have been met and exceeded.', 'levelBg'), ('658', '134', '0', '(not set)', '0', '(no value)', 'levelBg'), ('659', '134', '1', 'Unsatisfactory', '1', 'The requirements are not met.', 'levelBg'), ('660', '134', '2', 'Improvement Needed', '2', 'Progress is being made toward completion of the requirements.', 'levelBg'), ('661', '134', '3', 'Meets Expectations', '3', 'Requirements have been met.', 'levelBg'), ('662', '134', '4', 'Exceeds Expectations', '4', 'Requirements have been met and exceeded.', 'levelBg'), ('663', '134', '5', 'Exceptional', '5', '(no value)', 'levelBg'), ('664', '135', '0', '(not set)', '0', 'The requirements are not met.', 'levelBg'), ('665', '135', '1', 'Unsatisfactory', '1', 'Progress is being made toward completion of the requirements.', 'levelBg'), ('666', '135', '2', 'Improvement Needed', '2', 'Requirements have been met.', 'levelBg'), ('667', '135', '3', 'Meets Expectations', '3', 'Requirements have been met and exceeded.', 'levelBg'), ('668', '135', '4', 'Exceeds Expectations', '4', '(no value)', 'levelBg'), ('669', '135', '5', 'Exceptional', '5', 'The requirements are not met.', 'levelBg'), ('670', '136', '0', '(not set)', '0', 'Progress is being made toward completion of the requirements.', 'levelBg'), ('671', '136', '1', 'Unsatisfactory', '1', 'Requirements have been met.', 'levelBg'), ('672', '136', '2', 'Improvement Needed', '2', 'Requirements have been met and exceeded.', 'levelBg'), ('673', '136', '3', 'Meets Expectations', '3', '(no value)', 'levelBg'), ('674', '136', '4', 'Exceeds Expectations', '4', 'The requirements are not met.', 'levelBg'), ('675', '136', '5', 'Exceptional', '5', 'Progress is being made toward completion of the requirements.', 'levelBg'), ('676', '137', '0', '(not set)', '0', 'Requirements have been met.', 'levelBg'), ('677', '137', '1', 'Unsatisfactory', '1', 'Requirements have been met and exceeded.', 'levelBg'), ('678', '137', '2', 'Improvement Needed', '2', '(no value)', 'levelBg'), ('679', '137', '3', 'Meets Expectations', '3', 'The requirements are not met.', 'levelBg'), ('680', '137', '4', 'Exceeds Expectations', '4', 'Progress is being made toward completion of the requirements.', 'levelBg'), ('681', '137', '5', 'Exceptional', '5', 'Requirements have been met.', 'levelBg'), ('682', '138', '0', '(not set)', '0', 'Requirements have been met and exceeded.', 'levelBg'), ('683', '138', '1', 'Unsatisfactory', '1', '(no value)', 'levelBg'), ('684', '138', '2', 'Improvement Needed', '2', 'The requirements are not met.', 'levelBg'), ('685', '138', '3', 'Meets Expectations', '3', 'Progress is being made toward completion of the requirements.', 'levelBg'), ('686', '138', '4', 'Exceeds Expectations', '4', 'Requirements have been met.', 'levelBg'), ('687', '138', '5', 'Exceptional', '5', 'Requirements have been met and exceeded.', 'levelBg'), ('688', '139', '0', '(not set)', '0', '(no value)', 'levelBg'), ('689', '139', '1', 'Unsatisfactory', '1', 'The requirements are not met.', 'levelBg'), ('690', '139', '2', 'Improvement Needed', '2', 'Progress is being made toward completion of the requirements.', 'levelBg'), ('691', '139', '3', 'Meets Expectations', '3', 'Requirements have been met.', 'levelBg'), ('692', '139', '4', 'Exceeds Expectations', '4', 'Requirements have been met and exceeded.', 'levelBg'), ('693', '139', '5', 'Exceptional', '5', '(no value)', 'levelBg'), ('694', '140', '0', '(not set)', '0', 'The requirements are not met.', 'levelBg'), ('695', '140', '1', 'Unsatisfactory', '1', 'Progress is being made toward completion of the requirements.', 'levelBg'), ('696', '140', '2', 'Improvement Needed', '2', 'Requirements have been met.', 'levelBg'), ('697', '140', '3', 'Meets Expectations', '3', 'Requirements have been met and exceeded.', 'levelBg'), ('698', '140', '4', 'Exceeds Expectations', '4', '(no value)', 'levelBg'), ('699', '140', '5', 'Exceptional', '5', 'The requirements are not met.', 'levelBg'), ('700', '141', '0', '(not set)', '0', 'Progress is being made toward completion of the requirements.', 'levelBg'), ('701', '141', '1', 'Unsatisfactory', '1', 'Requirements have been met.', 'levelBg'), ('702', '141', '2', 'Improvement Needed', '2', 'Requirements have been met and exceeded.', 'levelBg'), ('703', '141', '3', 'Meets Expectations', '3', '(no value)', 'levelBg'), ('704', '141', '4', 'Exceeds Expectations', '4', 'The requirements are not met.', 'levelBg'), ('705', '141', '5', 'Exceptional', '5', 'Progress is being made toward completion of the requirements.', 'levelBg'), ('706', '142', '0', '(not set)', '0', 'Requirements have been met.', 'levelBg'), ('707', '142', '1', 'Unsatisfactory', '1', 'Requirements have been met and exceeded.', 'levelBg'), ('708', '142', '2', 'Improvement Needed', '2', '(no value)', 'levelBg'), ('709', '142', '3', 'Meets Expectations', '3', 'The requirements are not met.', 'levelBg'), ('710', '142', '4', 'Exceeds Expectations', '4', 'Progress is being made toward completion of the requirements.', 'levelBg'), ('711', '142', '5', 'Exceptional', '5', 'Requirements have been met.', 'levelBg'), ('712', '143', '0', '(not set)', '0', 'Requirements have been met and exceeded.', 'levelBg'), ('713', '143', '1', 'Unsatisfactory', '1', '(no value)', 'levelBg'), ('714', '143', '2', 'Improvement Needed', '2', 'The requirements are not met.', 'levelBg'), ('715', '143', '3', 'Meets Expectations', '3', 'Progress is being made toward completion of the requirements.', 'levelBg'), ('716', '143', '4', 'Exceeds Expectations', '4', 'Requirements have been met.', 'levelBg'), ('717', '143', '5', 'Exceptional', '5', 'Requirements have been met and exceeded.', 'levelBg'), ('718', '144', '0', '(not set)', '0', '(no value)', 'levelBg'), ('719', '144', '1', 'Unsatisfactory', '1', 'The requirements are not met.', 'levelBg'), ('720', '144', '2', 'Improvement Needed', '2', 'Progress is being made toward completion of the requirements.', 'levelBg'), ('721', '144', '3', 'Meets Expectations', '3', 'Requirements have been met.', 'levelBg'), ('722', '144', '4', 'Exceeds Expectations', '4', 'Requirements have been met and exceeded.', 'levelBg'), ('723', '144', '5', 'Exceptional', '5', '(no value)', 'levelBg'), ('724', '145', '0', '(not set)', '0', 'The requirements are not met.', 'levelBg'), ('725', '145', '1', 'Unsatisfactory', '1', 'Progress is being made toward completion of the requirements.', 'levelBg'), ('726', '145', '2', 'Improvement Needed', '2', 'Requirements have been met.', 'levelBg'), ('727', '145', '3', 'Meets Expectations', '3', 'Requirements have been met and exceeded.', 'levelBg'), ('728', '145', '4', 'Exceeds Expectations', '4', '(no value)', 'levelBg'), ('729', '145', '5', 'Exceptional', '5', 'The requirements are not met.', 'levelBg'), ('730', '146', '0', '(not set)', '0', 'Progress is being made toward completion of the requirements.', 'levelBg'), ('731', '146', '1', 'Unsatisfactory', '1', 'Requirements have been met.', 'levelBg'), ('732', '146', '2', 'Improvement Needed', '2', 'Requirements have been met and exceeded.', 'levelBg'), ('733', '146', '3', 'Meets Expectations', '3', '(no value)', 'levelBg'), ('734', '146', '4', 'Exceeds Expectations', '4', 'The requirements are not met.', 'levelBg'), ('735', '146', '5', 'Exceptional', '5', 'Progress is being made toward completion of the requirements.', 'levelBg'), ('736', '147', '0', '(not set)', '0', 'Requirements have been met.', 'levelBg'), ('737', '147', '1', 'Unsatisfactory', '1', 'Requirements have been met and exceeded.', 'levelBg'), ('738', '147', '2', 'Improvement Needed', '2', '(no value)', 'levelBg'), ('739', '147', '3', 'Meets Expectations', '3', 'The requirements are not met.', 'levelBg'), ('740', '147', '4', 'Exceeds Expectations', '4', 'Progress is being made toward completion of the requirements.', 'levelBg'), ('741', '147', '5', 'Exceptional', '5', 'Requirements have been met.', 'levelBg'), ('742', '148', '0', '(not set)', '0', 'Requirements have been met and exceeded.', 'levelBg'), ('743', '148', '1', 'Unsatisfactory', '1', '(no value)', 'levelBg'), ('744', '148', '2', 'Improvement Needed', '2', 'The requirements are not met.', 'levelBg'), ('745', '148', '3', 'Meets Expectations', '3', 'Progress is being made toward completion of the requirements.', 'levelBg'), ('746', '148', '4', 'Exceeds Expectations', '4', 'Requirements have been met.', 'levelBg'), ('747', '148', '5', 'Exceptional', '5', 'Requirements have been met and exceeded.', 'levelBg'), ('748', '149', '0', '(not set)', '0', '(no value)', 'levelBg'), ('749', '149', '1', 'Unsatisfactory', '1', 'The requirements are not met.', 'levelBg'), ('750', '149', '2', 'Improvement Needed', '2', 'Progress is being made toward completion of the requirements.', 'levelBg'), ('751', '149', '3', 'Meets Expectations', '3', 'Requirements have been met.', 'levelBg'), ('752', '149', '4', 'Exceeds Expectations', '4', 'Requirements have been met and exceeded.', 'levelBg'), ('753', '149', '5', 'Exceptional', '5', '(no value)', 'levelBg'), ('754', '150', '0', '(not set)', '0', 'The requirements are not met.', 'levelBg'), ('755', '150', '1', 'Unsatisfactory', '1', 'Progress is being made toward completion of the requirements.', 'levelBg'), ('756', '150', '2', 'Improvement Needed', '2', 'Requirements have been met.', 'levelBg'), ('757', '150', '3', 'Meets Expectations', '3', 'Requirements have been met and exceeded.', 'levelBg'), ('758', '150', '4', 'Exceeds Expectations', '4', '(no value)', 'levelBg'), ('759', '150', '5', 'Exceptional', '5', 'The requirements are not met.', 'levelBg'), ('760', '151', '0', '(not set)', '0', 'Progress is being made toward completion of the requirements.', 'levelBg'), ('761', '151', '1', 'Unsatisfactory', '1', 'Requirements have been met.', 'levelBg'), ('762', '151', '2', 'Improvement Needed', '2', 'Requirements have been met and exceeded.', 'levelBg'), ('763', '151', '3', 'Meets Expectations', '3', '(no value)', 'levelBg'), ('764', '151', '4', 'Exceeds Expectations', '4', 'The requirements are not met.', 'levelBg'), ('765', '151', '5', 'Exceptional', '5', 'Progress is being made toward completion of the requirements.', 'levelBg'), ('766', '152', '0', '(not set)', '0', 'Requirements have been met.', 'levelBg'), ('767', '152', '1', 'Unsatisfactory', '1', 'Requirements have been met and exceeded.', 'levelBg'), ('768', '152', '2', 'Improvement Needed', '2', '(no value)', 'levelBg'), ('769', '152', '3', 'Meets Expectations', '3', 'The requirements are not met.', 'levelBg'), ('770', '152', '4', 'Exceeds Expectations', '4', 'Progress is being made toward completion of the requirements.', 'levelBg'), ('771', '152', '5', 'Exceptional', '5', 'Requirements have been met.', 'levelBg'), ('772', '153', '0', '(not set)', '0', 'Requirements have been met and exceeded.', 'levelBg'), ('773', '153', '1', 'Unsatisfactory', '1', '(no value)', 'levelBg'), ('774', '153', '2', 'Improvement Needed', '2', 'The requirements are not met.', 'levelBg'), ('775', '153', '3', 'Meets Expectations', '3', 'Progress is being made toward completion of the requirements.', 'levelBg'), ('776', '153', '4', 'Exceeds Expectations', '4', 'Requirements have been met.', 'levelBg'), ('777', '153', '5', 'Exceptional', '5', 'Requirements have been met and exceeded.', 'levelBg'), ('778', '154', '0', '(not set)', '0', '(no value)', 'levelBg'), ('779', '154', '1', 'Unsatisfactory', '1', 'The requirements are not met.', 'levelBg'), ('780', '154', '2', 'Improvement Needed', '2', 'Progress is being made toward completion of the requirements.', 'levelBg'), ('781', '154', '3', 'Meets Expectations', '3', 'Requirements have been met.', 'levelBg'), ('782', '154', '4', 'Exceeds Expectations', '4', 'Requirements have been met and exceeded.', 'levelBg'), ('783', '154', '5', 'Exceptional', '5', '(no value)', 'levelBg'), ('784', '155', '0', '(not set)', '0', 'The requirements are not met.', 'levelBg'), ('785', '155', '1', 'Unsatisfactory', '1', 'Progress is being made toward completion of the requirements.', 'levelBg'), ('786', '155', '2', 'Improvement Needed', '2', 'Requirements have been met.', 'levelBg'), ('787', '155', '3', 'Meets Expectations', '3', 'Requirements have been met and exceeded.', 'levelBg'), ('788', '155', '4', 'Exceeds Expectations', '4', '(no value)', 'levelBg'), ('789', '155', '5', 'Exceptional', '5', 'The requirements are not met.', 'levelBg'), ('790', '156', '0', '(not set)', '0', 'Progress is being made toward completion of the requirements.', 'levelBg'), ('791', '156', '1', 'Unsatisfactory', '1', 'Requirements have been met.', 'levelBg'), ('792', '156', '2', 'Improvement Needed', '2', 'Requirements have been met and exceeded.', 'levelBg'), ('793', '156', '3', 'Meets Expectations', '3', '(no value)', 'levelBg'), ('794', '156', '4', 'Exceeds Expectations', '4', 'The requirements are not met.', 'levelBg'), ('795', '156', '5', 'Exceptional', '5', 'Progress is being made toward completion of the requirements.', 'levelBg'), ('796', '157', '0', '(not set)', '0', 'Requirements have been met.', 'levelBg'), ('797', '157', '1', 'Unsatisfactory', '1', 'Requirements have been met and exceeded.', 'levelBg'), ('798', '157', '2', 'Improvement Needed', '2', '(no value)', 'levelBg'), ('799', '157', '3', 'Meets Expectations', '3', 'The requirements are not met.', 'levelBg'), ('800', '157', '4', 'Exceeds Expectations', '4', 'Progress is being made toward completion of the requirements.', 'levelBg'), ('801', '157', '5', 'Exceptional', '5', 'Requirements have been met.', 'levelBg'), ('802', '158', '0', '(not set)', '0', 'Requirements have been met and exceeded.', 'levelBg'), ('803', '158', '1', 'Unsatisfactory', '1', '(no value)', 'levelBg'), ('804', '158', '2', 'Improvement Needed', '2', 'The requirements are not met.', 'levelBg'), ('805', '158', '3', 'Meets Expectations', '3', 'Progress is being made toward completion of the requirements.', 'levelBg'), ('806', '158', '4', 'Exceeds Expectations', '4', 'Requirements have been met.', 'levelBg'), ('807', '158', '5', 'Exceptional', '5', 'Requirements have been met and exceeded.', 'levelBg'), ('808', '159', '0', '(not set)', '0', '(no value)', 'levelBg'), ('809', '159', '1', 'Unsatisfactory', '1', 'The requirements are not met.', 'levelBg'), ('810', '159', '2', 'Improvement Needed', '2', 'Progress is being made toward completion of the requirements.', 'levelBg'), ('811', '159', '3', 'Meets Expectations', '3', 'Requirements have been met.', 'levelBg'), ('812', '159', '4', 'Exceeds Expectations', '4', 'Requirements have been met and exceeded.', 'levelBg');
COMMIT;

-- ----------------------------
--  Table structure for `question_group`
-- ----------------------------
DROP TABLE IF EXISTS `question_group`;
CREATE TABLE `question_group` (
  `id` int(11) NOT NULL AUTO_INCREMENT,
  `instrument_id` int(11) NOT NULL,
  `tag` varchar(100) DEFAULT NULL,
  `number` varchar(40) DEFAULT NULL,
  `sort_order` int(11) NOT NULL DEFAULT '0',
  `summary` varchar(500) DEFAULT NULL,
  `description` varchar(5000) DEFAULT NULL,
  PRIMARY KEY (`id`),
  KEY `instrument_id_index` (`instrument_id`),
  CONSTRAINT `question_group_ibfk_1` FOREIGN KEY (`instrument_id`) REFERENCES `instrument` (`id`)
) ENGINE=InnoDB AUTO_INCREMENT=43 DEFAULT CHARSET=utf8 ROW_FORMAT=COMPACT;

-- ----------------------------
--  Records of `question_group`
-- ----------------------------
BEGIN;
INSERT INTO `question_group` VALUES ('24', '5', 'Inclusiveness', 'A', '1', 'Shows respect for people and their differences;	promotes fairness and	equity;	engages	\nthe	talents, experiences and capabilities of others; fosters a sense	of	belonging;	works	\nto	understand the	perspectives of	others;	and	creates	opportunities	for	access	and	\nsuccess.', null), ('25', '5', 'Stewardship', 'B', '2', 'Implements	a	process	or	takes	some	action	that	significantly	reduces	risk	on	campus	\n(e.g.,	making	information	for	decision-making	more	accessible,	reliable,	consistent and\nsecure;	supporting	continuity	planning	or	emergency	preparedness;	etc.).', null), ('26', '5', 'Problem Solving and Decision Making', 'C', '3', 'Problem	solving	 Identifies	problems,	involves	others	in	seeking	solutions,	conducts	\nappropriate	analyses,	searches	for	best	solutions;	responds	quickly	to	new	challenges.	\nDecision-making	 Makes	clear,	consistent,	transparent	decisions;	acts	with	integrity	in	\nall	decision	making;	distinguishes	relevant	from	irrelevant	information	and	makes	\ntimely	decisions.', null), ('27', '5', 'Strategic Planning and Organizing', 'D', '4', 'Understands	big	picture	and	aligns	priorities	with	broader	goals,	measures	outcomes,	\nuses	feedback	to	change	as	needed,	evaluates	alternatives,	solutions	oriented,	seeks	\nalternatives	and	broad	input; can	see	connections	within	complex	issues.', null), ('28', '5', 'Communication', 'E', '5', 'Connects	with	peers,	subordinates	and	customers,	actively	listens,	clearly	and	\neffectively	shares	information,	demonstrates	effective	oral	and	written	communication	\nskills.', null), ('38', '5', 'Quality Improvement', 'F', '6', 'Strives	for	efficient,	effective,	high	quality	performance	in	self	and	the	unit;	delivers	\ntimely	and	accurate	results;	resilient	when	responding	to	situations	that	are	not	going	\nwell;	takes	initiative	to	make	improvements.', null), ('39', '9', 'Leadership', 'G', '7', 'Accepts	responsibility	for	own	work;	develops	trust	and	credibility;	demonstrates	\nhonest	and	ethical	behavior.', null), ('40', '9', 'Teamwork', 'H', '8', 'Cooperates	and	collaborates	with	colleagues	as	appropriate;	works	in	partnership	with	\nothers.', null), ('41', '9', 'Service Focus', 'I', '9', 'Values	the	importance	of	delivering	high	quality,	innovative	service	to	internal	and	\nexternal	clients;	understands	the	needs	of	the	client;	customer	service	focus.', null), ('42', '9', 'Managing People', 'J', '10', 'Coaches,	evaluates,	develops,	inspires	people;	sets	expectations,	recognizes	\nachievements,	manages	conflict,	aligns	performance	goals	with	university	goals,	\nprovides	feedback,	group	leadership;	delegates.', null);
COMMIT;

-- ----------------------------
--  Table structure for `question_type`
-- ----------------------------
DROP TABLE IF EXISTS `question_type`;
CREATE TABLE `question_type` (
  `id` int(11) NOT NULL AUTO_INCREMENT,
  `name` varchar(200) NOT NULL,
  `summary` varchar(500) DEFAULT NULL,
  `min_range` double DEFAULT '0',
  `max_range` double DEFAULT '0',
  `entry_type` varchar(12) NOT NULL DEFAULT 'LIKERT',
  PRIMARY KEY (`id`),
  UNIQUE KEY `name` (`name`)
) ENGINE=InnoDB AUTO_INCREMENT=170 DEFAULT CHARSET=utf8 ROW_FORMAT=COMPACT;

-- ----------------------------
--  Records of `question_type`
-- ----------------------------
BEGIN;
INSERT INTO `question_type` VALUES ('37', 'Q1', null, '0', '5', 'LIKERT'), ('38', 'Q2', null, '0', '5', 'LIKERT'), ('39', 'Q3', null, '0', '5', 'LIKERT'), ('40', 'Q4', null, '0', '5', 'LIKERT'), ('41', 'Q5', null, '0', '5', 'LIKERT'), ('42', 'Q6', null, '0', '5', 'LIKERT'), ('43', 'Q7', null, '0', '5', 'LIKERT'), ('44', 'Q8', null, '0', '5', 'LIKERT'), ('45', 'Q9', null, '0', '5', 'LIKERT'), ('46', 'Q10', null, '0', '5', 'LIKERT'), ('47', 'Q11', null, '0', '5', 'LIKERT'), ('48', 'Q12', null, '0', '5', 'LIKERT'), ('49', 'Q13', null, '0', '5', 'LIKERT'), ('122', 'PAQ1', null, '0', '5', 'LIKERT'), ('123', 'PAQ2', null, '0', '5', 'LIKERT'), ('124', 'PAQ3', null, '0', '5', 'LIKERT'), ('125', 'PAQ4', null, '0', '5', 'LIKERT'), ('126', 'PAQ5', null, '0', '5', 'LIKERT'), ('127', 'PAQ6', null, '0', '5', 'LIKERT'), ('128', 'PAQ7', null, '0', '5', 'LIKERT'), ('129', 'PAQ8', null, '0', '5', 'LIKERT'), ('130', 'PAQ9', null, '0', '5', 'LIKERT'), ('131', 'PAQ10', null, '0', '5', 'LIKERT'), ('132', 'PAQ11', null, '0', '5', 'LIKERT'), ('133', 'PAQ12', null, '0', '5', 'LIKERT'), ('134', 'PAQ13', null, '0', '5', 'LIKERT'), ('135', 'PAQ14', null, '0', '5', 'LIKERT'), ('136', 'PAQ15', null, '0', '5', 'LIKERT'), ('137', 'PAQ16', null, '0', '5', 'LIKERT'), ('138', 'PAQ17', null, '0', '5', 'LIKERT'), ('139', 'PAQ18', null, '0', '5', 'LIKERT'), ('140', 'PAQ19', null, '0', '5', 'LIKERT'), ('141', 'PAQ20', null, '0', '5', 'LIKERT'), ('142', 'PAQ21', null, '0', '5', 'LIKERT'), ('143', 'PAQ22', null, '0', '5', 'LIKERT'), ('144', 'PAQ23', null, '0', '5', 'LIKERT'), ('145', 'PAQ24', null, '0', '5', 'LIKERT'), ('146', 'PAQ25', null, '0', '5', 'LIKERT'), ('147', 'PAQ26', null, '0', '5', 'LIKERT'), ('148', 'PAQ27', null, '0', '5', 'LIKERT'), ('149', 'PAQ28', null, '0', '5', 'LIKERT'), ('150', 'PAQ29', null, '0', '5', 'LIKERT'), ('151', 'PAQ30', null, '0', '5', 'LIKERT'), ('152', 'PAQ31', null, '0', '5', 'LIKERT'), ('153', 'PAQ32', null, '0', '5', 'LIKERT'), ('154', 'PAQ33', null, '0', '5', 'LIKERT'), ('155', 'PAQ34', null, '0', '5', 'LIKERT'), ('156', 'PAQ35', null, '0', '5', 'LIKERT'), ('157', 'PAQ36', null, '0', '5', 'LIKERT'), ('158', 'PAQ37', null, '0', '5', 'LIKERT'), ('159', 'PAQ38', null, '0', '5', 'LIKERT'), ('160', 'PAQ39', null, '0', '5', 'LIKERT'), ('161', 'PAQ40', null, '0', '5', 'LIKERT'), ('162', 'PAQ41', null, '0', '5', 'LIKERT'), ('163', 'PAQ42', null, '0', '5', 'LIKERT'), ('164', 'PAQ43', null, '0', '5', 'LIKERT'), ('165', 'PAQ44', null, '0', '5', 'LIKERT'), ('166', 'PAQ45', null, '0', '5', 'LIKERT'), ('167', 'PAQ46', null, '0', '5', 'LIKERT'), ('168', 'PAQ47', null, '0', '5', 'LIKERT'), ('169', 'PAQ48', null, '0', '5', 'LIKERT');
COMMIT;

-- ----------------------------
--  Table structure for `recommendation`
-- ----------------------------
DROP TABLE IF EXISTS `recommendation`;
CREATE TABLE `recommendation` (
  `id` int(11) NOT NULL AUTO_INCREMENT,
  `member_id` int(11) NOT NULL,
  `created_on` timestamp NOT NULL DEFAULT CURRENT_TIMESTAMP,
  `assessment_id` int(11) NOT NULL,
  PRIMARY KEY (`id`),
  UNIQUE KEY `id` (`id`),
  KEY `member_id` (`member_id`),
  KEY `assessment_id` (`assessment_id`),
  CONSTRAINT `recommendation_ibfk_1` FOREIGN KEY (`member_id`) REFERENCES `member` (`id`),
  CONSTRAINT `recommendation_ibfk_2` FOREIGN KEY (`assessment_id`) REFERENCES `assessment` (`id`)
) ENGINE=InnoDB DEFAULT CHARSET=utf8 ROW_FORMAT=COMPACT;

-- ----------------------------
--  Table structure for `relationship`
-- ----------------------------
DROP TABLE IF EXISTS `relationship`;
CREATE TABLE `relationship` (
  `id` int(11) NOT NULL AUTO_INCREMENT,
  `superior_id` int(11) NOT NULL,
  `subordinate_id` int(11) NOT NULL,
  `relationship_type_id` char(1) NOT NULL DEFAULT 'S',
  PRIMARY KEY (`id`),
  UNIQUE KEY `id` (`id`)
) ENGINE=InnoDB AUTO_INCREMENT=11 DEFAULT CHARSET=utf8 ROW_FORMAT=COMPACT;

-- ----------------------------
--  Records of `relationship`
-- ----------------------------
BEGIN;
INSERT INTO `relationship` VALUES ('1', '3', '4', 'S'), ('2', '3', '5', 'S'), ('3', '3', '31', 'S'), ('4', '3', '32', 'S'), ('5', '3', '33', 'S'), ('8', '4', '11', 'S'), ('9', '4', '12', 'S'), ('10', '4', '13', 'S');
COMMIT;

-- ----------------------------
--  Table structure for `relationship_type`
-- ----------------------------
DROP TABLE IF EXISTS `relationship_type`;
CREATE TABLE `relationship_type` (
  `id` char(1) NOT NULL,
  `name` varchar(25) NOT NULL,
  `superior_verb` varchar(25) NOT NULL,
  `subordinate_verb` varchar(25) NOT NULL,
  PRIMARY KEY (`id`),
  UNIQUE KEY `id` (`id`)
) ENGINE=InnoDB DEFAULT CHARSET=utf8 ROW_FORMAT=COMPACT;

-- ----------------------------
--  Records of `relationship_type`
-- ----------------------------
BEGIN;
INSERT INTO `relationship_type` VALUES ('M', 'Mentor', 'mentors', 'mentored by'), ('S', 'Supervisor', 'supervises', 'supervised by');
COMMIT;

-- ----------------------------
--  Table structure for `resource`
-- ----------------------------
DROP TABLE IF EXISTS `resource`;
CREATE TABLE `resource` (
  `id` int(11) NOT NULL AUTO_INCREMENT,
  `resource_type_id` char(1) DEFAULT 'T',
  `role_ids` varchar(10) DEFAULT 'PM',
  `number` varchar(40) DEFAULT NULL,
  `name` varchar(200) DEFAULT NULL,
  `location` varchar(500) DEFAULT NULL,
  `summary` varchar(5000) DEFAULT NULL,
  `description` varchar(5000) DEFAULT NULL,
  `creator_id` int(11) DEFAULT NULL,
  `create_on` timestamp NOT NULL DEFAULT CURRENT_TIMESTAMP,
  `last_modified` timestamp NOT NULL DEFAULT CURRENT_TIMESTAMP,
  PRIMARY KEY (`id`),
  KEY `resource_type_id` (`resource_type_id`),
  KEY `resource_user__fk` (`creator_id`),
  CONSTRAINT `resource_ibfk_1` FOREIGN KEY (`resource_type_id`) REFERENCES `resource_type` (`id`),
  CONSTRAINT `resource_user__fk` FOREIGN KEY (`creator_id`) REFERENCES `member` (`id`)
) ENGINE=InnoDB AUTO_INCREMENT=13 DEFAULT CHARSET=utf8 ROW_FORMAT=COMPACT;

-- ----------------------------
--  Records of `resource`
-- ----------------------------
BEGIN;
INSERT INTO `resource` VALUES ('1', 'T', 'PM', 'NRS001', 'Introduction to Nursing', null, 'This module provides a general overview of nursing.', null, null, '2015-10-26 15:53:29', '2015-10-26 15:53:29'), ('2', 'T', 'PM', 'NRS002', 'Allergy Identification', null, 'Important characteristics of current and evolving advanced technician practice models\n            include training through an ASHP accredited training program, PTCB certification, and licensure with a Board of Pharmacy.', null, null, '2015-10-26 15:53:29', '2015-10-26 15:53:29'), ('3', 'T', 'PM', 'NRS003', 'Nursing Assessment', null, 'This module provides a general overview.', null, null, '2015-10-26 15:53:29', '2015-10-26 15:53:29'), ('4', 'T', 'PM', 'NRS004', 'Nursing Diagnosis', null, 'This module provides a general overview.', null, null, '2015-10-26 15:53:29', '2015-10-26 15:53:29'), ('5', 'T', 'PM', 'NRS005', 'Planning', null, 'This module provides a general overview.', null, null, '2015-10-26 15:53:29', '2015-10-26 15:53:29'), ('6', 'T', 'PM', 'NRS006', 'Plan Evaluation', null, 'This module provides a general overview.', null, null, '2015-10-26 15:53:29', '2015-10-26 15:53:29'), ('7', 'T', 'PM', 'NRS007', 'Nursing Technologies', null, 'This module provides a general overview.', null, null, '2015-10-26 15:53:29', '2015-10-26 15:53:29'), ('8', 'T', 'PM', 'NRS008', 'Communication', null, 'This module provides a general overview.', null, null, '2015-10-26 15:53:29', '2015-10-26 15:53:29'), ('9', 'T', 'PM', 'NRS009', 'Patient Centered Care', null, 'Pharmacy Calculations: An Introduction for Pharmacy Technicians, is designed for pharmacy technician students enrolled in a training program, technicians preparing for the certification exam, and for on-site training. As the role for pharmacy technicians continues to evolve and expand one thing remains constant. The safety of patients is the highest priority for anyone working in pharmacy, whether in hospital, retail, or institutional practices. With a thorough understanding of pharmacy math comes accuracy in computations and safety and quality in practice.', null, null, '2015-10-26 15:53:29', '2015-10-26 15:53:29'), ('10', 'T', 'PM', 'NRS010', 'Ethics', null, 'Drug names can often sound similar or appear similar. In addition the appearance of the products can look similar enough to cause confusion. These can easily be confused contributing to adverse medication events.', null, null, '2015-10-26 15:53:29', '2015-10-26 15:53:29'), ('11', 'T', 'PM', 'NRS011', 'Advocacy', null, null, null, null, '2015-10-26 15:53:29', '2015-10-26 15:53:29'), ('12', 'T', 'PM', 'NRS012', 'Collaboration', null, null, null, null, '2015-10-26 15:53:29', '2015-10-26 15:53:29');
COMMIT;

-- ----------------------------
--  Table structure for `resource_alignment`
-- ----------------------------
DROP TABLE IF EXISTS `resource_alignment`;
CREATE TABLE `resource_alignment` (
  `id` int(11) NOT NULL AUTO_INCREMENT,
  `resource_id` int(11) NOT NULL,
  `question_id` int(11) NOT NULL,
  PRIMARY KEY (`id`),
  KEY `resource_id_index` (`resource_id`),
  KEY `question_id_index` (`question_id`),
  CONSTRAINT `resource_alignment_ibfk_1` FOREIGN KEY (`resource_id`) REFERENCES `resource` (`id`),
  CONSTRAINT `resource_alignment_ibfk_2` FOREIGN KEY (`question_id`) REFERENCES `question` (`id`)
) ENGINE=InnoDB AUTO_INCREMENT=396 DEFAULT CHARSET=utf8 ROW_FORMAT=COMPACT;

-- ----------------------------
--  Records of `resource_alignment`
-- ----------------------------
BEGIN;
INSERT INTO `resource_alignment` VALUES ('11', '1', '97'), ('12', '1', '95'), ('14', '1', '96'), ('15', '1', '98'), ('16', '1', '99'), ('17', '1', '100'), ('18', '1', '101'), ('19', '1', '102'), ('20', '1', '103'), ('21', '1', '104'), ('22', '1', '105'), ('23', '1', '106'), ('24', '2', '103'), ('25', '3', '95'), ('26', '3', '96'), ('27', '3', '97'), ('28', '3', '99'), ('29', '3', '100'), ('30', '3', '101'), ('31', '3', '103'), ('32', '4', '95'), ('33', '4', '96'), ('34', '4', '97'), ('35', '4', '98'), ('36', '4', '99'), ('37', '4', '106'), ('38', '4', '107'), ('39', '5', '98'), ('40', '5', '104'), ('41', '6', '99'), ('42', '6', '100'), ('43', '6', '101'), ('44', '6', '102'), ('45', '6', '103'), ('46', '6', '104'), ('47', '6', '105'), ('48', '6', '106'), ('49', '6', '107'), ('50', '7', '95'), ('51', '7', '96'), ('52', '7', '98'), ('53', '7', '99'), ('54', '7', '103'), ('55', '7', '104'), ('56', '7', '107'), ('57', '8', '96'), ('58', '8', '97'), ('59', '8', '98'), ('60', '8', '99'), ('61', '8', '100'), ('62', '8', '101'), ('63', '8', '103'), ('64', '8', '104'), ('65', '8', '106'), ('66', '9', '95'), ('67', '9', '96'), ('68', '9', '98'), ('69', '10', '98'), ('70', '10', '107'), ('71', '12', '95'), ('72', '12', '96'), ('73', '12', '99'), ('74', '12', '100'), ('75', '12', '103'), ('76', '12', '106'), ('77', '12', '107'), ('78', '1', '95'), ('79', '1', '96'), ('80', '1', '97'), ('81', '1', '98'), ('82', '1', '99'), ('83', '1', '100'), ('84', '1', '101'), ('85', '1', '102'), ('86', '1', '103'), ('87', '1', '104'), ('88', '1', '105'), ('89', '1', '106'), ('90', '1', '178'), ('91', '1', '179'), ('92', '1', '180'), ('93', '1', '181'), ('94', '1', '182'), ('95', '1', '183'), ('96', '1', '184'), ('97', '1', '186'), ('98', '1', '187'), ('99', '1', '188'), ('100', '1', '189'), ('101', '1', '190'), ('102', '1', '191'), ('103', '1', '192'), ('104', '1', '193'), ('105', '1', '194'), ('106', '1', '195'), ('107', '1', '196'), ('108', '1', '197'), ('109', '1', '199'), ('110', '1', '200'), ('111', '1', '201'), ('112', '1', '202'), ('113', '1', '203'), ('114', '1', '204'), ('115', '1', '205'), ('116', '1', '206'), ('117', '1', '207'), ('118', '1', '208'), ('119', '1', '209'), ('120', '1', '210'), ('121', '1', '211'), ('122', '1', '212'), ('123', '1', '213'), ('124', '1', '214'), ('125', '1', '215'), ('126', '1', '216'), ('127', '1', '217'), ('128', '1', '218'), ('129', '1', '219'), ('130', '1', '220'), ('131', '1', '221'), ('132', '1', '222'), ('133', '1', '223'), ('134', '1', '224'), ('135', '1', '225'), ('136', '2', '103'), ('137', '2', '178'), ('138', '2', '180'), ('139', '2', '185'), ('140', '2', '186'), ('141', '2', '189'), ('142', '2', '190'), ('143', '2', '191'), ('144', '2', '192'), ('145', '2', '196'), ('146', '2', '197'), ('147', '2', '198'), ('148', '2', '199'), ('149', '2', '200'), ('150', '2', '203'), ('151', '2', '206'), ('152', '2', '207'), ('153', '2', '208'), ('154', '2', '209'), ('155', '2', '215'), ('156', '2', '217'), ('157', '2', '218'), ('158', '2', '220'), ('159', '2', '222'), ('160', '2', '223'), ('161', '2', '224'), ('162', '2', '225'), ('163', '8', '96'), ('164', '8', '97'), ('165', '8', '98'), ('166', '8', '99'), ('167', '8', '100'), ('168', '8', '101'), ('169', '8', '103'), ('170', '8', '104'), ('171', '8', '106'), ('172', '8', '178'), ('173', '8', '179'), ('174', '8', '180'), ('175', '8', '185'), ('176', '8', '186'), ('177', '8', '189'), ('178', '8', '191'), ('179', '8', '192'), ('180', '8', '195'), ('181', '8', '196'), ('182', '8', '198'), ('183', '8', '199'), ('184', '8', '209'), ('185', '8', '213'), ('186', '8', '214'), ('187', '8', '215'), ('188', '8', '218'), ('189', '8', '220'), ('190', '8', '222'), ('191', '8', '223'), ('192', '8', '224'), ('193', '8', '225'), ('194', '9', '95'), ('195', '9', '96'), ('196', '9', '98'), ('197', '9', '178'), ('198', '9', '179'), ('199', '9', '184'), ('200', '9', '185'), ('201', '9', '186'), ('202', '9', '189'), ('203', '9', '190'), ('204', '9', '191'), ('205', '9', '192'), ('206', '9', '194'), ('207', '9', '195'), ('208', '9', '196'), ('209', '9', '198'), ('210', '9', '199'), ('211', '10', '98'), ('212', '10', '107'), ('213', '10', '182'), ('214', '10', '184'), ('215', '10', '185'), ('216', '10', '186'), ('217', '10', '190'), ('218', '10', '202'), ('219', '10', '207'), ('220', '10', '209'), ('221', '10', '211'), ('222', '10', '213'), ('223', '10', '214'), ('224', '10', '215'), ('225', '10', '216'), ('226', '10', '217'), ('227', '10', '218'), ('228', '10', '222'), ('229', '10', '224'), ('230', '10', '225'), ('231', '2', '95'), ('232', '2', '178'), ('233', '2', '180'), ('234', '2', '185'), ('235', '2', '186'), ('236', '2', '189'), ('237', '2', '190'), ('238', '2', '191'), ('239', '2', '192'), ('240', '2', '196'), ('241', '2', '197'), ('242', '2', '198'), ('243', '2', '199'), ('244', '2', '200'), ('245', '2', '203'), ('246', '2', '206'), ('247', '2', '207'), ('248', '2', '208'), ('249', '2', '209'), ('250', '2', '215'), ('251', '2', '217'), ('252', '2', '218'), ('253', '2', '220'), ('254', '2', '222'), ('255', '2', '223'), ('256', '2', '224'), ('257', '2', '225'), ('258', '1', '178'), ('259', '1', '179'), ('260', '1', '180'), ('261', '1', '181'), ('262', '1', '182'), ('263', '1', '183'), ('264', '1', '184'), ('265', '1', '186'), ('266', '1', '187'), ('267', '1', '188'), ('268', '1', '189'), ('269', '1', '190'), ('270', '1', '191'), ('271', '1', '192'), ('272', '1', '193'), ('273', '1', '194'), ('274', '1', '195'), ('275', '1', '196'), ('276', '1', '197'), ('277', '1', '199'), ('278', '1', '200'), ('279', '1', '201'), ('280', '1', '202'), ('281', '1', '203'), ('282', '1', '204'), ('283', '1', '205'), ('284', '1', '206'), ('285', '1', '207'), ('286', '1', '208'), ('287', '1', '209'), ('288', '1', '210'), ('289', '1', '211'), ('290', '1', '212'), ('291', '1', '213'), ('292', '1', '214'), ('293', '1', '215'), ('294', '1', '216'), ('295', '1', '217'), ('296', '1', '218'), ('297', '1', '219'), ('298', '1', '220'), ('299', '1', '221'), ('300', '1', '222'), ('301', '1', '223'), ('302', '1', '224'), ('303', '1', '225'), ('304', '1', '178'), ('305', '1', '179'), ('306', '1', '180'), ('307', '1', '181'), ('308', '1', '182'), ('309', '1', '183'), ('310', '1', '184'), ('311', '1', '186'), ('312', '1', '187'), ('313', '1', '188'), ('314', '1', '189'), ('315', '1', '190'), ('316', '1', '191'), ('317', '1', '192'), ('318', '1', '193'), ('319', '1', '194'), ('320', '1', '195'), ('321', '1', '196'), ('322', '1', '197'), ('323', '1', '199'), ('324', '1', '200'), ('325', '1', '201'), ('326', '1', '202'), ('327', '1', '203'), ('328', '1', '204'), ('329', '1', '205'), ('330', '1', '206'), ('331', '1', '207'), ('332', '1', '208'), ('333', '1', '209'), ('334', '1', '210'), ('335', '1', '211'), ('336', '1', '212'), ('337', '1', '213'), ('338', '1', '214'), ('339', '1', '215'), ('340', '1', '216'), ('341', '1', '217'), ('342', '1', '218'), ('343', '1', '219'), ('344', '1', '220'), ('345', '1', '221'), ('346', '1', '222'), ('347', '1', '223'), ('348', '1', '224'), ('349', '1', '225'), ('350', '1', '178'), ('351', '1', '179'), ('352', '1', '180'), ('353', '1', '181'), ('354', '1', '182'), ('355', '1', '183'), ('356', '1', '184'), ('357', '1', '186'), ('358', '1', '187'), ('359', '1', '188'), ('360', '1', '189'), ('361', '1', '190'), ('362', '1', '191'), ('363', '1', '192'), ('364', '1', '193'), ('365', '1', '194'), ('366', '1', '195'), ('367', '1', '196'), ('368', '1', '197'), ('369', '1', '199'), ('370', '1', '200'), ('371', '1', '201'), ('372', '1', '202'), ('373', '1', '203'), ('374', '1', '204'), ('375', '1', '205'), ('376', '1', '206'), ('377', '1', '207'), ('378', '1', '208'), ('379', '1', '209'), ('380', '1', '210'), ('381', '1', '211'), ('382', '1', '212'), ('383', '1', '213'), ('384', '1', '214'), ('385', '1', '215'), ('386', '1', '216'), ('387', '1', '217'), ('388', '1', '218'), ('389', '1', '219'), ('390', '1', '220'), ('391', '1', '221'), ('392', '1', '222'), ('393', '1', '223'), ('394', '1', '224'), ('395', '1', '225');
COMMIT;

-- ----------------------------
--  Table structure for `resource_alignment_map`
-- ----------------------------
DROP TABLE IF EXISTS `resource_alignment_map`;
CREATE TABLE `resource_alignment_map` (
  `id` int(11) NOT NULL AUTO_INCREMENT,
  `resource_alignment_id` int(11) NOT NULL,
  `response` int(11) NOT NULL,
  `utility` int(11) NOT NULL DEFAULT '0',
  PRIMARY KEY (`id`),
  UNIQUE KEY `resource_alignment_id` (`resource_alignment_id`,`response`),
  KEY `resource_alignment_id_index` (`resource_alignment_id`),
  CONSTRAINT `resource_alignment_maps_ibfk_1` FOREIGN KEY (`resource_alignment_id`) REFERENCES `resource_alignment` (`id`) ON DELETE CASCADE
) ENGINE=InnoDB AUTO_INCREMENT=2429 DEFAULT CHARSET=utf8 COLLATE=utf8_bin;

-- ----------------------------
--  Records of `resource_alignment_map`
-- ----------------------------
BEGIN;
INSERT INTO `resource_alignment_map` VALUES ('1', '12', '1', '3'), ('2', '25', '1', '5'), ('3', '32', '1', '1'), ('4', '50', '1', '2'), ('5', '66', '1', '3'), ('6', '71', '1', '3'), ('7', '78', '1', '4'), ('8', '194', '1', '5'), ('9', '231', '1', '1'), ('10', '14', '1', '2'), ('11', '26', '1', '3'), ('12', '33', '1', '1'), ('13', '51', '1', '3'), ('14', '57', '1', '4'), ('15', '67', '1', '3'), ('16', '72', '1', '3'), ('17', '79', '1', '3'), ('18', '163', '1', '5'), ('19', '195', '1', '1'), ('20', '11', '1', '2'), ('21', '27', '1', '4'), ('22', '34', '1', '1'), ('23', '58', '1', '3'), ('24', '80', '1', '3'), ('25', '164', '1', '4'), ('26', '15', '1', '4'), ('27', '35', '1', '4'), ('28', '39', '1', '1'), ('29', '52', '1', '4'), ('30', '59', '1', '2'), ('31', '68', '1', '2'), ('32', '69', '1', '5'), ('33', '81', '1', '3'), ('34', '165', '1', '4'), ('35', '196', '1', '4'), ('36', '211', '1', '3'), ('37', '16', '1', '4'), ('38', '28', '1', '3'), ('39', '36', '1', '3'), ('40', '41', '1', '4'), ('41', '53', '1', '4'), ('42', '60', '1', '5'), ('43', '73', '1', '3'), ('44', '82', '1', '4'), ('45', '166', '1', '4'), ('46', '17', '1', '3'), ('47', '29', '1', '5'), ('48', '42', '1', '4'), ('49', '61', '1', '4'), ('50', '74', '1', '2'), ('51', '83', '1', '1'), ('52', '167', '1', '3'), ('53', '18', '1', '3'), ('54', '30', '1', '3'), ('55', '43', '1', '2'), ('56', '62', '1', '3'), ('57', '84', '1', '4'), ('58', '168', '1', '3'), ('59', '19', '1', '4'), ('60', '44', '1', '1'), ('61', '85', '1', '3'), ('62', '20', '1', '4'), ('63', '24', '1', '4'), ('64', '31', '1', '4'), ('65', '45', '1', '4'), ('66', '54', '1', '5'), ('67', '63', '1', '2'), ('68', '75', '1', '4'), ('69', '86', '1', '3'), ('70', '136', '1', '4'), ('71', '169', '1', '4'), ('72', '21', '1', '4'), ('73', '40', '1', '1'), ('74', '46', '1', '2'), ('75', '55', '1', '1'), ('76', '64', '1', '3'), ('77', '87', '1', '2'), ('78', '170', '1', '4'), ('79', '22', '1', '5'), ('80', '47', '1', '3'), ('81', '88', '1', '2'), ('82', '23', '1', '2'), ('83', '37', '1', '4'), ('84', '48', '1', '4'), ('85', '65', '1', '1'), ('86', '76', '1', '3'), ('87', '89', '1', '3'), ('88', '171', '1', '4'), ('89', '38', '1', '3'), ('90', '49', '1', '4'), ('91', '56', '1', '5'), ('92', '70', '1', '2'), ('93', '77', '1', '2'), ('94', '212', '1', '3'), ('95', '90', '1', '4'), ('96', '137', '1', '3'), ('97', '172', '1', '5'), ('98', '197', '1', '1'), ('99', '232', '1', '4'), ('100', '258', '1', '1'), ('101', '304', '1', '2'), ('102', '350', '1', '4'), ('103', '91', '1', '2'), ('104', '173', '1', '5'), ('105', '198', '1', '1'), ('106', '259', '1', '3'), ('107', '305', '1', '3'), ('108', '351', '1', '2'), ('109', '92', '1', '1'), ('110', '138', '1', '4'), ('111', '174', '1', '4'), ('112', '233', '1', '5'), ('113', '260', '1', '1'), ('114', '306', '1', '3'), ('115', '352', '1', '2'), ('116', '93', '1', '1'), ('117', '261', '1', '2'), ('118', '307', '1', '4'), ('119', '353', '1', '4'), ('120', '94', '1', '2'), ('121', '213', '1', '1'), ('122', '262', '1', '3'), ('123', '308', '1', '3'), ('124', '354', '1', '2'), ('125', '95', '1', '3'), ('126', '263', '1', '2'), ('127', '309', '1', '3'), ('128', '355', '1', '4'), ('129', '96', '1', '4'), ('130', '199', '1', '3'), ('131', '214', '1', '3'), ('132', '264', '1', '4'), ('133', '310', '1', '4'), ('134', '356', '1', '1'), ('135', '139', '1', '5'), ('136', '175', '1', '4'), ('137', '200', '1', '2'), ('138', '215', '1', '2'), ('139', '234', '1', '4'), ('140', '97', '1', '4'), ('141', '140', '1', '1'), ('142', '176', '1', '4'), ('143', '201', '1', '4'), ('144', '216', '1', '1'), ('145', '235', '1', '1'), ('146', '265', '1', '3'), ('147', '311', '1', '4'), ('148', '357', '1', '2'), ('149', '98', '1', '5'), ('150', '266', '1', '2'), ('151', '312', '1', '4'), ('152', '358', '1', '4'), ('153', '99', '1', '3'), ('154', '267', '1', '3'), ('155', '313', '1', '2'), ('156', '359', '1', '4'), ('157', '100', '1', '2'), ('158', '141', '1', '3'), ('159', '177', '1', '2'), ('160', '202', '1', '1'), ('161', '236', '1', '4'), ('162', '268', '1', '4'), ('163', '314', '1', '4'), ('164', '360', '1', '4'), ('165', '101', '1', '5'), ('166', '142', '1', '3'), ('167', '203', '1', '4'), ('168', '217', '1', '4'), ('169', '237', '1', '1'), ('170', '269', '1', '2'), ('171', '315', '1', '3'), ('172', '361', '1', '4'), ('173', '102', '1', '4'), ('174', '143', '1', '2'), ('175', '178', '1', '4'), ('176', '204', '1', '1'), ('177', '238', '1', '5'), ('178', '270', '1', '4'), ('179', '316', '1', '5'), ('180', '362', '1', '3'), ('181', '103', '1', '1'), ('182', '144', '1', '3'), ('183', '179', '1', '4'), ('184', '205', '1', '3'), ('185', '239', '1', '2'), ('186', '271', '1', '2'), ('187', '317', '1', '2'), ('188', '363', '1', '2'), ('189', '104', '1', '5'), ('190', '272', '1', '3'), ('191', '318', '1', '2'), ('192', '364', '1', '3'), ('193', '105', '1', '4'), ('194', '206', '1', '2'), ('195', '273', '1', '2'), ('196', '319', '1', '2'), ('197', '365', '1', '4'), ('198', '106', '1', '3'), ('199', '180', '1', '2'), ('200', '207', '1', '3'), ('201', '274', '1', '2'), ('202', '320', '1', '2'), ('203', '366', '1', '2'), ('204', '107', '1', '5'), ('205', '145', '1', '2'), ('206', '181', '1', '2'), ('207', '208', '1', '3'), ('208', '240', '1', '4'), ('209', '275', '1', '4'), ('210', '321', '1', '3'), ('211', '367', '1', '2'), ('212', '108', '1', '3'), ('213', '146', '1', '2'), ('214', '241', '1', '3'), ('215', '276', '1', '5'), ('216', '322', '1', '3'), ('217', '368', '1', '2'), ('218', '147', '1', '1'), ('219', '182', '1', '2'), ('220', '209', '1', '3'), ('221', '242', '1', '2'), ('222', '109', '1', '5'), ('223', '148', '1', '2'), ('224', '183', '1', '1'), ('225', '210', '1', '4'), ('226', '243', '1', '4'), ('227', '277', '1', '5'), ('228', '323', '1', '3'), ('229', '369', '1', '4'), ('230', '110', '1', '4'), ('231', '149', '1', '1'), ('232', '244', '1', '4'), ('233', '278', '1', '3'), ('234', '324', '1', '3'), ('235', '370', '1', '4'), ('236', '111', '1', '4'), ('237', '279', '1', '4'), ('238', '325', '1', '5'), ('239', '371', '1', '4'), ('240', '112', '1', '4'), ('241', '218', '1', '4'), ('242', '280', '1', '3'), ('243', '326', '1', '1'), ('244', '372', '1', '5'), ('245', '113', '1', '2'), ('246', '150', '1', '4'), ('247', '245', '1', '4'), ('248', '281', '1', '4'), ('249', '327', '1', '5'), ('250', '373', '1', '4'), ('251', '114', '1', '3'), ('252', '282', '1', '3'), ('253', '328', '1', '3'), ('254', '374', '1', '4'), ('255', '115', '1', '4'), ('256', '283', '1', '3'), ('257', '329', '1', '2'), ('258', '375', '1', '4'), ('259', '116', '1', '2'), ('260', '151', '1', '3'), ('261', '246', '1', '2'), ('262', '284', '1', '4'), ('263', '330', '1', '4'), ('264', '376', '1', '1'), ('265', '117', '1', '3'), ('266', '152', '1', '3'), ('267', '219', '1', '2'), ('268', '247', '1', '1'), ('269', '285', '1', '2'), ('270', '331', '1', '4'), ('271', '377', '1', '2'), ('272', '118', '1', '2'), ('273', '153', '1', '1'), ('274', '248', '1', '4'), ('275', '286', '1', '4'), ('276', '332', '1', '4'), ('277', '378', '1', '2'), ('278', '119', '1', '4'), ('279', '154', '1', '1'), ('280', '184', '1', '5'), ('281', '220', '1', '3'), ('282', '249', '1', '2'), ('283', '287', '1', '2'), ('284', '333', '1', '5'), ('285', '379', '1', '3'), ('286', '120', '1', '2'), ('287', '288', '1', '1'), ('288', '334', '1', '3'), ('289', '380', '1', '4'), ('290', '121', '1', '1'), ('291', '221', '1', '5'), ('292', '289', '1', '3'), ('293', '335', '1', '4'), ('294', '381', '1', '2'), ('295', '122', '1', '5'), ('296', '290', '1', '4'), ('297', '336', '1', '4'), ('298', '382', '1', '2'), ('299', '123', '1', '3'), ('300', '185', '1', '4'), ('301', '222', '1', '2'), ('302', '291', '1', '2'), ('303', '337', '1', '2'), ('304', '383', '1', '1'), ('305', '124', '1', '4'), ('306', '186', '1', '1'), ('307', '223', '1', '1'), ('308', '292', '1', '4'), ('309', '338', '1', '3'), ('310', '384', '1', '1'), ('311', '125', '1', '5'), ('312', '155', '1', '3'), ('313', '187', '1', '1'), ('314', '224', '1', '4'), ('315', '250', '1', '2'), ('316', '293', '1', '4'), ('317', '339', '1', '1'), ('318', '385', '1', '3'), ('319', '126', '1', '1'), ('320', '225', '1', '2'), ('321', '294', '1', '4'), ('322', '340', '1', '4'), ('323', '386', '1', '3'), ('324', '127', '1', '3'), ('325', '156', '1', '4'), ('326', '226', '1', '3'), ('327', '251', '1', '1'), ('328', '295', '1', '4'), ('329', '341', '1', '2'), ('330', '387', '1', '2'), ('331', '128', '1', '2'), ('332', '157', '1', '5'), ('333', '188', '1', '4'), ('334', '227', '1', '3'), ('335', '252', '1', '2'), ('336', '296', '1', '4'), ('337', '342', '1', '4'), ('338', '388', '1', '4'), ('339', '129', '1', '3'), ('340', '297', '1', '5'), ('341', '343', '1', '3'), ('342', '389', '1', '4'), ('343', '130', '1', '2'), ('344', '158', '1', '2'), ('345', '189', '1', '2'), ('346', '253', '1', '5'), ('347', '298', '1', '3'), ('348', '344', '1', '5'), ('349', '390', '1', '2'), ('350', '131', '1', '1'), ('351', '299', '1', '4'), ('352', '345', '1', '5'), ('353', '391', '1', '2'), ('354', '132', '1', '2'), ('355', '159', '1', '5'), ('356', '190', '1', '3'), ('357', '228', '1', '4'), ('358', '254', '1', '2'), ('359', '300', '1', '5'), ('360', '346', '1', '5'), ('361', '392', '1', '1'), ('362', '133', '1', '3'), ('363', '160', '1', '5'), ('364', '191', '1', '3'), ('365', '255', '1', '1'), ('366', '301', '1', '4'), ('367', '347', '1', '3'), ('368', '393', '1', '1'), ('369', '134', '1', '4'), ('370', '161', '1', '2'), ('371', '192', '1', '3'), ('372', '229', '1', '4'), ('373', '256', '1', '1'), ('374', '302', '1', '2'), ('375', '348', '1', '5'), ('376', '394', '1', '2'), ('377', '135', '1', '4'), ('378', '162', '1', '3'), ('379', '193', '1', '3'), ('380', '230', '1', '3'), ('381', '257', '1', '5'), ('382', '303', '1', '3'), ('383', '349', '1', '3'), ('384', '395', '1', '4'), ('512', '12', '2', '3'), ('513', '25', '2', '4'), ('514', '32', '2', '4'), ('515', '50', '2', '5'), ('516', '66', '2', '3'), ('517', '71', '2', '2'), ('518', '78', '2', '3'), ('519', '194', '2', '2'), ('520', '231', '2', '1'), ('521', '14', '2', '2'), ('522', '26', '2', '3'), ('523', '33', '2', '3'), ('524', '51', '2', '3'), ('525', '57', '2', '3'), ('526', '67', '2', '2'), ('527', '72', '2', '3'), ('528', '79', '2', '1'), ('529', '163', '2', '4'), ('530', '195', '2', '5'), ('531', '11', '2', '5'), ('532', '27', '2', '2'), ('533', '34', '2', '4'), ('534', '58', '2', '4'), ('535', '80', '2', '4'), ('536', '164', '2', '4'), ('537', '15', '2', '4'), ('538', '35', '2', '4'), ('539', '39', '2', '4'), ('540', '52', '2', '4'), ('541', '59', '2', '1'), ('542', '68', '2', '2'), ('543', '69', '2', '3'), ('544', '81', '2', '1'), ('545', '165', '2', '2'), ('546', '196', '2', '3'), ('547', '211', '2', '3'), ('548', '16', '2', '4'), ('549', '28', '2', '5'), ('550', '36', '2', '3'), ('551', '41', '2', '4'), ('552', '53', '2', '1'), ('553', '60', '2', '2'), ('554', '73', '2', '4'), ('555', '82', '2', '3'), ('556', '166', '2', '3'), ('557', '17', '2', '4'), ('558', '29', '2', '1'), ('559', '42', '2', '2'), ('560', '61', '2', '3'), ('561', '74', '2', '2'), ('562', '83', '2', '4'), ('563', '167', '2', '4'), ('564', '18', '2', '3'), ('565', '30', '2', '1'), ('566', '43', '2', '2'), ('567', '62', '2', '5'), ('568', '84', '2', '1'), ('569', '168', '2', '3'), ('570', '19', '2', '3'), ('571', '44', '2', '3'), ('572', '85', '2', '2'), ('573', '20', '2', '2'), ('574', '24', '2', '2'), ('575', '31', '2', '2'), ('576', '45', '2', '1'), ('577', '54', '2', '1'), ('578', '63', '2', '2'), ('579', '75', '2', '3'), ('580', '86', '2', '2'), ('581', '136', '2', '4'), ('582', '169', '2', '4'), ('583', '21', '2', '3'), ('584', '40', '2', '4'), ('585', '46', '2', '1'), ('586', '55', '2', '4'), ('587', '64', '2', '1'), ('588', '87', '2', '1'), ('589', '170', '2', '5'), ('590', '22', '2', '3'), ('591', '47', '2', '1'), ('592', '88', '2', '4'), ('593', '23', '2', '3'), ('594', '37', '2', '4'), ('595', '48', '2', '3'), ('596', '65', '2', '2'), ('597', '76', '2', '3'), ('598', '89', '2', '2'), ('599', '171', '2', '3'), ('600', '38', '2', '4'), ('601', '49', '2', '3'), ('602', '56', '2', '4'), ('603', '70', '2', '3'), ('604', '77', '2', '1'), ('605', '212', '2', '5'), ('606', '90', '2', '3'), ('607', '137', '2', '2'), ('608', '172', '2', '2'), ('609', '197', '2', '4'), ('610', '232', '2', '2'), ('611', '258', '2', '2'), ('612', '304', '2', '3'), ('613', '350', '2', '2'), ('614', '91', '2', '3'), ('615', '173', '2', '4'), ('616', '198', '2', '1'), ('617', '259', '2', '3'), ('618', '305', '2', '4'), ('619', '351', '2', '3'), ('620', '92', '2', '4'), ('621', '138', '2', '4'), ('622', '174', '2', '4'), ('623', '233', '2', '4'), ('624', '260', '2', '4'), ('625', '306', '2', '4'), ('626', '352', '2', '3'), ('627', '93', '2', '4'), ('628', '261', '2', '2'), ('629', '307', '2', '3'), ('630', '353', '2', '3'), ('631', '94', '2', '2'), ('632', '213', '2', '2'), ('633', '262', '2', '1'), ('634', '308', '2', '3'), ('635', '354', '2', '3'), ('636', '95', '2', '2'), ('637', '263', '2', '5'), ('638', '309', '2', '3'), ('639', '355', '2', '2'), ('640', '96', '2', '1'), ('641', '199', '2', '1'), ('642', '214', '2', '1'), ('643', '264', '2', '1'), ('644', '310', '2', '1'), ('645', '356', '2', '2'), ('646', '139', '2', '2'), ('647', '175', '2', '4'), ('648', '200', '2', '3'), ('649', '215', '2', '4'), ('650', '234', '2', '1'), ('651', '97', '2', '4'), ('652', '140', '2', '4'), ('653', '176', '2', '4'), ('654', '201', '2', '2'), ('655', '216', '2', '1'), ('656', '235', '2', '4'), ('657', '265', '2', '5'), ('658', '311', '2', '5'), ('659', '357', '2', '4'), ('660', '98', '2', '2'), ('661', '266', '2', '2'), ('662', '312', '2', '5'), ('663', '358', '2', '1'), ('664', '99', '2', '2'), ('665', '267', '2', '3'), ('666', '313', '2', '3'), ('667', '359', '2', '2'), ('668', '100', '2', '3'), ('669', '141', '2', '2'), ('670', '177', '2', '3'), ('671', '202', '2', '2'), ('672', '236', '2', '3'), ('673', '268', '2', '3'), ('674', '314', '2', '3'), ('675', '360', '2', '2'), ('676', '101', '2', '2'), ('677', '142', '2', '1'), ('678', '203', '2', '2'), ('679', '217', '2', '2'), ('680', '237', '2', '5'), ('681', '269', '2', '2'), ('682', '315', '2', '3'), ('683', '361', '2', '4'), ('684', '102', '2', '1'), ('685', '143', '2', '2'), ('686', '178', '2', '4'), ('687', '204', '2', '4'), ('688', '238', '2', '3'), ('689', '270', '2', '5'), ('690', '316', '2', '4'), ('691', '362', '2', '4'), ('692', '103', '2', '4'), ('693', '144', '2', '3'), ('694', '179', '2', '4'), ('695', '205', '2', '4'), ('696', '239', '2', '3'), ('697', '271', '2', '3'), ('698', '317', '2', '2'), ('699', '363', '2', '3'), ('700', '104', '2', '2'), ('701', '272', '2', '2'), ('702', '318', '2', '5'), ('703', '364', '2', '2'), ('704', '105', '2', '1'), ('705', '206', '2', '5'), ('706', '273', '2', '2'), ('707', '319', '2', '4'), ('708', '365', '2', '4'), ('709', '106', '2', '5'), ('710', '180', '2', '2'), ('711', '207', '2', '2'), ('712', '274', '2', '2'), ('713', '320', '2', '4'), ('714', '366', '2', '4'), ('715', '107', '2', '2'), ('716', '145', '2', '4'), ('717', '181', '2', '5'), ('718', '208', '2', '3'), ('719', '240', '2', '5'), ('720', '275', '2', '4'), ('721', '321', '2', '1'), ('722', '367', '2', '4'), ('723', '108', '2', '5'), ('724', '146', '2', '1'), ('725', '241', '2', '3'), ('726', '276', '2', '2'), ('727', '322', '2', '2'), ('728', '368', '2', '4'), ('729', '147', '2', '3'), ('730', '182', '2', '3'), ('731', '209', '2', '2'), ('732', '242', '2', '3'), ('733', '109', '2', '4'), ('734', '148', '2', '2'), ('735', '183', '2', '4'), ('736', '210', '2', '1'), ('737', '243', '2', '5'), ('738', '277', '2', '4'), ('739', '323', '2', '1'), ('740', '369', '2', '4'), ('741', '110', '2', '3'), ('742', '149', '2', '3'), ('743', '244', '2', '5'), ('744', '278', '2', '3'), ('745', '324', '2', '1'), ('746', '370', '2', '5'), ('747', '111', '2', '4'), ('748', '279', '2', '2'), ('749', '325', '2', '2'), ('750', '371', '2', '5'), ('751', '112', '2', '5'), ('752', '218', '2', '1'), ('753', '280', '2', '2'), ('754', '326', '2', '4'), ('755', '372', '2', '3'), ('756', '113', '2', '3'), ('757', '150', '2', '5'), ('758', '245', '2', '2'), ('759', '281', '2', '3'), ('760', '327', '2', '2'), ('761', '373', '2', '3'), ('762', '114', '2', '4'), ('763', '282', '2', '2'), ('764', '328', '2', '3'), ('765', '374', '2', '2'), ('766', '115', '2', '3'), ('767', '283', '2', '4'), ('768', '329', '2', '5'), ('769', '375', '2', '3'), ('770', '116', '2', '3'), ('771', '151', '2', '3'), ('772', '246', '2', '4'), ('773', '284', '2', '2'), ('774', '330', '2', '3'), ('775', '376', '2', '3'), ('776', '117', '2', '5'), ('777', '152', '2', '5'), ('778', '219', '2', '4'), ('779', '247', '2', '1'), ('780', '285', '2', '2'), ('781', '331', '2', '1'), ('782', '377', '2', '3'), ('783', '118', '2', '5'), ('784', '153', '2', '2'), ('785', '248', '2', '1'), ('786', '286', '2', '5'), ('787', '332', '2', '5'), ('788', '378', '2', '4'), ('789', '119', '2', '2'), ('790', '154', '2', '3'), ('791', '184', '2', '3'), ('792', '220', '2', '3'), ('793', '249', '2', '5'), ('794', '287', '2', '5'), ('795', '333', '2', '4'), ('796', '379', '2', '3'), ('797', '120', '2', '4'), ('798', '288', '2', '2'), ('799', '334', '2', '4'), ('800', '380', '2', '2'), ('801', '121', '2', '2'), ('802', '221', '2', '2'), ('803', '289', '2', '4'), ('804', '335', '2', '5'), ('805', '381', '2', '2'), ('806', '122', '2', '4'), ('807', '290', '2', '3'), ('808', '336', '2', '3'), ('809', '382', '2', '4'), ('810', '123', '2', '4'), ('811', '185', '2', '1'), ('812', '222', '2', '2'), ('813', '291', '2', '2'), ('814', '337', '2', '3'), ('815', '383', '2', '1'), ('816', '124', '2', '3'), ('817', '186', '2', '3'), ('818', '223', '2', '4'), ('819', '292', '2', '3'), ('820', '338', '2', '2'), ('821', '384', '2', '3'), ('822', '125', '2', '5'), ('823', '155', '2', '1'), ('824', '187', '2', '4'), ('825', '224', '2', '1'), ('826', '250', '2', '2'), ('827', '293', '2', '4'), ('828', '339', '2', '3'), ('829', '385', '2', '2'), ('830', '126', '2', '4'), ('831', '225', '2', '1'), ('832', '294', '2', '4'), ('833', '340', '2', '2'), ('834', '386', '2', '3'), ('835', '127', '2', '2'), ('836', '156', '2', '3'), ('837', '226', '2', '4'), ('838', '251', '2', '1'), ('839', '295', '2', '2'), ('840', '341', '2', '3'), ('841', '387', '2', '2'), ('842', '128', '2', '3'), ('843', '157', '2', '2'), ('844', '188', '2', '4'), ('845', '227', '2', '2'), ('846', '252', '2', '5'), ('847', '296', '2', '5'), ('848', '342', '2', '1'), ('849', '388', '2', '2'), ('850', '129', '2', '3'), ('851', '297', '2', '3'), ('852', '343', '2', '1'), ('853', '389', '2', '4'), ('854', '130', '2', '4'), ('855', '158', '2', '4'), ('856', '189', '2', '4'), ('857', '253', '2', '5'), ('858', '298', '2', '3'), ('859', '344', '2', '2'), ('860', '390', '2', '5'), ('861', '131', '2', '4'), ('862', '299', '2', '3'), ('863', '345', '2', '2'), ('864', '391', '2', '1'), ('865', '132', '2', '1'), ('866', '159', '2', '2'), ('867', '190', '2', '4'), ('868', '228', '2', '4'), ('869', '254', '2', '1'), ('870', '300', '2', '1'), ('871', '346', '2', '4'), ('872', '392', '2', '4'), ('873', '133', '2', '5'), ('874', '160', '2', '2'), ('875', '191', '2', '5'), ('876', '255', '2', '2'), ('877', '301', '2', '2'), ('878', '347', '2', '1'), ('879', '393', '2', '1'), ('880', '134', '2', '1'), ('881', '161', '2', '5'), ('882', '192', '2', '3'), ('883', '229', '2', '5'), ('884', '256', '2', '5'), ('885', '302', '2', '1'), ('886', '348', '2', '3'), ('887', '394', '2', '4'), ('888', '135', '2', '1'), ('889', '162', '2', '4'), ('890', '193', '2', '1'), ('891', '230', '2', '4'), ('892', '257', '2', '5'), ('893', '303', '2', '2'), ('894', '349', '2', '5'), ('895', '395', '2', '2'), ('1023', '12', '3', '1'), ('1024', '25', '3', '1'), ('1025', '32', '3', '5'), ('1026', '50', '3', '2'), ('1027', '66', '3', '4'), ('1028', '71', '3', '2'), ('1029', '78', '3', '3'), ('1030', '194', '3', '5'), ('1031', '231', '3', '5'), ('1032', '14', '3', '1'), ('1033', '26', '3', '3'), ('1034', '33', '3', '1'), ('1035', '51', '3', '1'), ('1036', '57', '3', '2'), ('1037', '67', '3', '1'), ('1038', '72', '3', '4'), ('1039', '79', '3', '5'), ('1040', '163', '3', '4'), ('1041', '195', '3', '3'), ('1042', '11', '3', '3'), ('1043', '27', '3', '4'), ('1044', '34', '3', '4'), ('1045', '58', '3', '5'), ('1046', '80', '3', '3'), ('1047', '164', '3', '2'), ('1048', '15', '3', '3'), ('1049', '35', '3', '5'), ('1050', '39', '3', '4'), ('1051', '52', '3', '3'), ('1052', '59', '3', '2'), ('1053', '68', '3', '4'), ('1054', '69', '3', '4'), ('1055', '81', '3', '3'), ('1056', '165', '3', '2'), ('1057', '196', '3', '3'), ('1058', '211', '3', '3'), ('1059', '16', '3', '1'), ('1060', '28', '3', '5'), ('1061', '36', '3', '3'), ('1062', '41', '3', '4'), ('1063', '53', '3', '2'), ('1064', '60', '3', '2'), ('1065', '73', '3', '4'), ('1066', '82', '3', '4'), ('1067', '166', '3', '5'), ('1068', '17', '3', '4'), ('1069', '29', '3', '2'), ('1070', '42', '3', '3'), ('1071', '61', '3', '3'), ('1072', '74', '3', '2'), ('1073', '83', '3', '2'), ('1074', '167', '3', '3'), ('1075', '18', '3', '1'), ('1076', '30', '3', '4'), ('1077', '43', '3', '2'), ('1078', '62', '3', '2'), ('1079', '84', '3', '5'), ('1080', '168', '3', '4'), ('1081', '19', '3', '2'), ('1082', '44', '3', '3'), ('1083', '85', '3', '5'), ('1084', '20', '3', '4'), ('1085', '24', '3', '3'), ('1086', '31', '3', '5'), ('1087', '45', '3', '4'), ('1088', '54', '3', '2'), ('1089', '63', '3', '2'), ('1090', '75', '3', '1'), ('1091', '86', '3', '3'), ('1092', '136', '3', '4'), ('1093', '169', '3', '3'), ('1094', '21', '3', '4'), ('1095', '40', '3', '1'), ('1096', '46', '3', '2'), ('1097', '55', '3', '5'), ('1098', '64', '3', '1'), ('1099', '87', '3', '2'), ('1100', '170', '3', '3'), ('1101', '22', '3', '4'), ('1102', '47', '3', '3'), ('1103', '88', '3', '5'), ('1104', '23', '3', '2'), ('1105', '37', '3', '3'), ('1106', '48', '3', '4'), ('1107', '65', '3', '2'), ('1108', '76', '3', '3'), ('1109', '89', '3', '1'), ('1110', '171', '3', '5'), ('1111', '38', '3', '3'), ('1112', '49', '3', '4'), ('1113', '56', '3', '2'), ('1114', '70', '3', '3'), ('1115', '77', '3', '3'), ('1116', '212', '3', '3'), ('1117', '90', '3', '4'), ('1118', '137', '3', '1'), ('1119', '172', '3', '3'), ('1120', '197', '3', '3'), ('1121', '232', '3', '3'), ('1122', '258', '3', '3'), ('1123', '304', '3', '4'), ('1124', '350', '3', '1'), ('1125', '91', '3', '3'), ('1126', '173', '3', '3'), ('1127', '198', '3', '4'), ('1128', '259', '3', '4'), ('1129', '305', '3', '4'), ('1130', '351', '3', '2'), ('1131', '92', '3', '1'), ('1132', '138', '3', '1'), ('1133', '174', '3', '2'), ('1134', '233', '3', '5'), ('1135', '260', '3', '1'), ('1136', '306', '3', '2'), ('1137', '352', '3', '3'), ('1138', '93', '3', '5'), ('1139', '261', '3', '5'), ('1140', '307', '3', '5'), ('1141', '353', '3', '1'), ('1142', '94', '3', '1'), ('1143', '213', '3', '3'), ('1144', '262', '3', '2'), ('1145', '308', '3', '5'), ('1146', '354', '3', '5'), ('1147', '95', '3', '5'), ('1148', '263', '3', '3'), ('1149', '309', '3', '4'), ('1150', '355', '3', '4'), ('1151', '96', '3', '1'), ('1152', '199', '3', '2'), ('1153', '214', '3', '5'), ('1154', '264', '3', '1'), ('1155', '310', '3', '4'), ('1156', '356', '3', '1'), ('1157', '139', '3', '3'), ('1158', '175', '3', '4'), ('1159', '200', '3', '1'), ('1160', '215', '3', '3'), ('1161', '234', '3', '3'), ('1162', '97', '3', '1'), ('1163', '140', '3', '3'), ('1164', '176', '3', '4'), ('1165', '201', '3', '3'), ('1166', '216', '3', '1'), ('1167', '235', '3', '3'), ('1168', '265', '3', '5'), ('1169', '311', '3', '4'), ('1170', '357', '3', '3'), ('1171', '98', '3', '4'), ('1172', '266', '3', '2'), ('1173', '312', '3', '4'), ('1174', '358', '3', '5'), ('1175', '99', '3', '4'), ('1176', '267', '3', '4'), ('1177', '313', '3', '3'), ('1178', '359', '3', '4'), ('1179', '100', '3', '1'), ('1180', '141', '3', '4'), ('1181', '177', '3', '3'), ('1182', '202', '3', '4'), ('1183', '236', '3', '4'), ('1184', '268', '3', '1'), ('1185', '314', '3', '2'), ('1186', '360', '3', '2'), ('1187', '101', '3', '3'), ('1188', '142', '3', '4'), ('1189', '203', '3', '2'), ('1190', '217', '3', '4'), ('1191', '237', '3', '3'), ('1192', '269', '3', '3'), ('1193', '315', '3', '2'), ('1194', '361', '3', '3'), ('1195', '102', '3', '3'), ('1196', '143', '3', '5'), ('1197', '178', '3', '5'), ('1198', '204', '3', '4'), ('1199', '238', '3', '3'), ('1200', '270', '3', '3'), ('1201', '316', '3', '3'), ('1202', '362', '3', '4'), ('1203', '103', '3', '4'), ('1204', '144', '3', '5'), ('1205', '179', '3', '4'), ('1206', '205', '3', '1'), ('1207', '239', '3', '2'), ('1208', '271', '3', '3'), ('1209', '317', '3', '5'), ('1210', '363', '3', '3'), ('1211', '104', '3', '1'), ('1212', '272', '3', '2'), ('1213', '318', '3', '3'), ('1214', '364', '3', '2'), ('1215', '105', '3', '4'), ('1216', '206', '3', '2'), ('1217', '273', '3', '2'), ('1218', '319', '3', '2'), ('1219', '365', '3', '3'), ('1220', '106', '3', '2'), ('1221', '180', '3', '5'), ('1222', '207', '3', '2'), ('1223', '274', '3', '1'), ('1224', '320', '3', '1'), ('1225', '366', '3', '4'), ('1226', '107', '3', '4'), ('1227', '145', '3', '4'), ('1228', '181', '3', '4'), ('1229', '208', '3', '2'), ('1230', '240', '3', '3'), ('1231', '275', '3', '4'), ('1232', '321', '3', '2'), ('1233', '367', '3', '1'), ('1234', '108', '3', '2'), ('1235', '146', '3', '4'), ('1236', '241', '3', '3'), ('1237', '276', '3', '4'), ('1238', '322', '3', '2'), ('1239', '368', '3', '3'), ('1240', '147', '3', '4'), ('1241', '182', '3', '3'), ('1242', '209', '3', '4'), ('1243', '242', '3', '4'), ('1244', '109', '3', '4'), ('1245', '148', '3', '2'), ('1246', '183', '3', '5'), ('1247', '210', '3', '2'), ('1248', '243', '3', '1'), ('1249', '277', '3', '4'), ('1250', '323', '3', '3'), ('1251', '369', '3', '4'), ('1252', '110', '3', '3'), ('1253', '149', '3', '4'), ('1254', '244', '3', '4'), ('1255', '278', '3', '5'), ('1256', '324', '3', '2'), ('1257', '370', '3', '3'), ('1258', '111', '3', '2'), ('1259', '279', '3', '5'), ('1260', '325', '3', '1'), ('1261', '371', '3', '3'), ('1262', '112', '3', '4'), ('1263', '218', '3', '4'), ('1264', '280', '3', '2'), ('1265', '326', '3', '1'), ('1266', '372', '3', '5'), ('1267', '113', '3', '2'), ('1268', '150', '3', '4'), ('1269', '245', '3', '5'), ('1270', '281', '3', '3'), ('1271', '327', '3', '2'), ('1272', '373', '3', '4'), ('1273', '114', '3', '4'), ('1274', '282', '3', '2'), ('1275', '328', '3', '5'), ('1276', '374', '3', '3'), ('1277', '115', '3', '3'), ('1278', '283', '3', '1'), ('1279', '329', '3', '1'), ('1280', '375', '3', '1'), ('1281', '116', '3', '2'), ('1282', '151', '3', '3'), ('1283', '246', '3', '5'), ('1284', '284', '3', '2'), ('1285', '330', '3', '5'), ('1286', '376', '3', '2'), ('1287', '117', '3', '1'), ('1288', '152', '3', '2'), ('1289', '219', '3', '2'), ('1290', '247', '3', '4'), ('1291', '285', '3', '2'), ('1292', '331', '3', '4'), ('1293', '377', '3', '4'), ('1294', '118', '3', '3'), ('1295', '153', '3', '1'), ('1296', '248', '3', '4'), ('1297', '286', '3', '5'), ('1298', '332', '3', '3'), ('1299', '378', '3', '3'), ('1300', '119', '3', '2'), ('1301', '154', '3', '4'), ('1302', '184', '3', '4'), ('1303', '220', '3', '3'), ('1304', '249', '3', '4'), ('1305', '287', '3', '3'), ('1306', '333', '3', '5'), ('1307', '379', '3', '4'), ('1308', '120', '3', '3'), ('1309', '288', '3', '4'), ('1310', '334', '3', '3'), ('1311', '380', '3', '1'), ('1312', '121', '3', '1'), ('1313', '221', '3', '4'), ('1314', '289', '3', '2'), ('1315', '335', '3', '2'), ('1316', '381', '3', '4'), ('1317', '122', '3', '2'), ('1318', '290', '3', '4'), ('1319', '336', '3', '1'), ('1320', '382', '3', '2'), ('1321', '123', '3', '5'), ('1322', '185', '3', '4'), ('1323', '222', '3', '3'), ('1324', '291', '3', '1'), ('1325', '337', '3', '3'), ('1326', '383', '3', '4'), ('1327', '124', '3', '3'), ('1328', '186', '3', '5'), ('1329', '223', '3', '1'), ('1330', '292', '3', '4'), ('1331', '338', '3', '1'), ('1332', '384', '3', '3'), ('1333', '125', '3', '3'), ('1334', '155', '3', '2'), ('1335', '187', '3', '4'), ('1336', '224', '3', '4'), ('1337', '250', '3', '2'), ('1338', '293', '3', '3'), ('1339', '339', '3', '3'), ('1340', '385', '3', '3'), ('1341', '126', '3', '2'), ('1342', '225', '3', '2'), ('1343', '294', '3', '4'), ('1344', '340', '3', '4'), ('1345', '386', '3', '2'), ('1346', '127', '3', '2'), ('1347', '156', '3', '4'), ('1348', '226', '3', '1'), ('1349', '251', '3', '4'), ('1350', '295', '3', '3'), ('1351', '341', '3', '4'), ('1352', '387', '3', '3'), ('1353', '128', '3', '4'), ('1354', '157', '3', '3'), ('1355', '188', '3', '2'), ('1356', '227', '3', '2'), ('1357', '252', '3', '4'), ('1358', '296', '3', '5'), ('1359', '342', '3', '4'), ('1360', '388', '3', '4'), ('1361', '129', '3', '4'), ('1362', '297', '3', '5'), ('1363', '343', '3', '4'), ('1364', '389', '3', '2'), ('1365', '130', '3', '1'), ('1366', '158', '3', '4'), ('1367', '189', '3', '2'), ('1368', '253', '3', '4'), ('1369', '298', '3', '4'), ('1370', '344', '3', '4'), ('1371', '390', '3', '3'), ('1372', '131', '3', '5'), ('1373', '299', '3', '4'), ('1374', '345', '3', '5'), ('1375', '391', '3', '3'), ('1376', '132', '3', '4'), ('1377', '159', '3', '2'), ('1378', '190', '3', '1'), ('1379', '228', '3', '2'), ('1380', '254', '3', '2'), ('1381', '300', '3', '5'), ('1382', '346', '3', '3'), ('1383', '392', '3', '4'), ('1384', '133', '3', '4'), ('1385', '160', '3', '2'), ('1386', '191', '3', '4'), ('1387', '255', '3', '4'), ('1388', '301', '3', '3'), ('1389', '347', '3', '2'), ('1390', '393', '3', '2'), ('1391', '134', '3', '1'), ('1392', '161', '3', '3'), ('1393', '192', '3', '4'), ('1394', '229', '3', '4'), ('1395', '256', '3', '5'), ('1396', '302', '3', '2'), ('1397', '348', '3', '1'), ('1398', '394', '3', '3'), ('1399', '135', '3', '4'), ('1400', '162', '3', '1'), ('1401', '193', '3', '2'), ('1402', '230', '3', '2'), ('1403', '257', '3', '3'), ('1404', '303', '3', '2'), ('1405', '349', '3', '2'), ('1406', '395', '3', '2'), ('1534', '12', '4', '5'), ('1535', '25', '4', '3'), ('1536', '32', '4', '3'), ('1537', '50', '4', '5'), ('1538', '66', '4', '3'), ('1539', '71', '4', '1'), ('1540', '78', '4', '4'), ('1541', '194', '4', '4'), ('1542', '231', '4', '2'), ('1543', '14', '4', '2'), ('1544', '26', '4', '2'), ('1545', '33', '4', '4'), ('1546', '51', '4', '2'), ('1547', '57', '4', '3'), ('1548', '67', '4', '2'), ('1549', '72', '4', '3'), ('1550', '79', '4', '2'), ('1551', '163', '4', '3'), ('1552', '195', '4', '1'), ('1553', '11', '4', '2'), ('1554', '27', '4', '3'), ('1555', '34', '4', '5'), ('1556', '58', '4', '3'), ('1557', '80', '4', '3'), ('1558', '164', '4', '4'), ('1559', '15', '4', '3'), ('1560', '35', '4', '1'), ('1561', '39', '4', '5'), ('1562', '52', '4', '2'), ('1563', '59', '4', '1'), ('1564', '68', '4', '2'), ('1565', '69', '4', '2'), ('1566', '81', '4', '3'), ('1567', '165', '4', '3'), ('1568', '196', '4', '4'), ('1569', '211', '4', '3'), ('1570', '16', '4', '3'), ('1571', '28', '4', '5'), ('1572', '36', '4', '2'), ('1573', '41', '4', '3'), ('1574', '53', '4', '4'), ('1575', '60', '4', '4'), ('1576', '73', '4', '2'), ('1577', '82', '4', '4'), ('1578', '166', '4', '4'), ('1579', '17', '4', '5'), ('1580', '29', '4', '5'), ('1581', '42', '4', '1'), ('1582', '61', '4', '2'), ('1583', '74', '4', '2'), ('1584', '83', '4', '3'), ('1585', '167', '4', '1'), ('1586', '18', '4', '4'), ('1587', '30', '4', '1'), ('1588', '43', '4', '2'), ('1589', '62', '4', '2'), ('1590', '84', '4', '5'), ('1591', '168', '4', '2'), ('1592', '19', '4', '1'), ('1593', '44', '4', '1'), ('1594', '85', '4', '3'), ('1595', '20', '4', '2'), ('1596', '24', '4', '2'), ('1597', '31', '4', '4'), ('1598', '45', '4', '4'), ('1599', '54', '4', '2'), ('1600', '63', '4', '2'), ('1601', '75', '4', '2'), ('1602', '86', '4', '3'), ('1603', '136', '4', '4'), ('1604', '169', '4', '5'), ('1605', '21', '4', '2'), ('1606', '40', '4', '4'), ('1607', '46', '4', '3'), ('1608', '55', '4', '2'), ('1609', '64', '4', '2'), ('1610', '87', '4', '4'), ('1611', '170', '4', '2'), ('1612', '22', '4', '2'), ('1613', '47', '4', '4'), ('1614', '88', '4', '3'), ('1615', '23', '4', '5'), ('1616', '37', '4', '2'), ('1617', '48', '4', '1'), ('1618', '65', '4', '1'), ('1619', '76', '4', '2'), ('1620', '89', '4', '2'), ('1621', '171', '4', '3'), ('1622', '38', '4', '2'), ('1623', '49', '4', '5'), ('1624', '56', '4', '1'), ('1625', '70', '4', '3'), ('1626', '77', '4', '2'), ('1627', '212', '4', '1'), ('1628', '90', '4', '4'), ('1629', '137', '4', '5'), ('1630', '172', '4', '3'), ('1631', '197', '4', '2'), ('1632', '232', '4', '5'), ('1633', '258', '4', '3'), ('1634', '304', '4', '4'), ('1635', '350', '4', '1'), ('1636', '91', '4', '2'), ('1637', '173', '4', '5'), ('1638', '198', '4', '4'), ('1639', '259', '4', '3'), ('1640', '305', '4', '3'), ('1641', '351', '4', '4'), ('1642', '92', '4', '3'), ('1643', '138', '4', '5'), ('1644', '174', '4', '2'), ('1645', '233', '4', '4'), ('1646', '260', '4', '2'), ('1647', '306', '4', '2'), ('1648', '352', '4', '2'), ('1649', '93', '4', '2'), ('1650', '261', '4', '2'), ('1651', '307', '4', '4'), ('1652', '353', '4', '2'), ('1653', '94', '4', '3'), ('1654', '213', '4', '4'), ('1655', '262', '4', '1'), ('1656', '308', '4', '4'), ('1657', '354', '4', '2'), ('1658', '95', '4', '2'), ('1659', '263', '4', '3'), ('1660', '309', '4', '2'), ('1661', '355', '4', '1'), ('1662', '96', '4', '1'), ('1663', '199', '4', '4'), ('1664', '214', '4', '3'), ('1665', '264', '4', '5'), ('1666', '310', '4', '3'), ('1667', '356', '4', '1'), ('1668', '139', '4', '2'), ('1669', '175', '4', '3'), ('1670', '200', '4', '4'), ('1671', '215', '4', '4'), ('1672', '234', '4', '4'), ('1673', '97', '4', '5'), ('1674', '140', '4', '5'), ('1675', '176', '4', '1'), ('1676', '201', '4', '2'), ('1677', '216', '4', '2'), ('1678', '235', '4', '4'), ('1679', '265', '4', '3'), ('1680', '311', '4', '5'), ('1681', '357', '4', '1'), ('1682', '98', '4', '3'), ('1683', '266', '4', '3'), ('1684', '312', '4', '4'), ('1685', '358', '4', '4'), ('1686', '99', '4', '2'), ('1687', '267', '4', '3'), ('1688', '313', '4', '2'), ('1689', '359', '4', '1'), ('1690', '100', '4', '1'), ('1691', '141', '4', '2'), ('1692', '177', '4', '5'), ('1693', '202', '4', '5'), ('1694', '236', '4', '4'), ('1695', '268', '4', '2'), ('1696', '314', '4', '4'), ('1697', '360', '4', '4'), ('1698', '101', '4', '3'), ('1699', '142', '4', '3'), ('1700', '203', '4', '2'), ('1701', '217', '4', '1'), ('1702', '237', '4', '1'), ('1703', '269', '4', '1'), ('1704', '315', '4', '1'), ('1705', '361', '4', '1'), ('1706', '102', '4', '1'), ('1707', '143', '4', '2'), ('1708', '178', '4', '3'), ('1709', '204', '4', '2'), ('1710', '238', '4', '2'), ('1711', '270', '4', '5'), ('1712', '316', '4', '2'), ('1713', '362', '4', '3'), ('1714', '103', '4', '2'), ('1715', '144', '4', '5'), ('1716', '179', '4', '2'), ('1717', '205', '4', '4'), ('1718', '239', '4', '3'), ('1719', '271', '4', '4'), ('1720', '317', '4', '3'), ('1721', '363', '4', '5'), ('1722', '104', '4', '2'), ('1723', '272', '4', '1'), ('1724', '318', '4', '2'), ('1725', '364', '4', '4'), ('1726', '105', '4', '2'), ('1727', '206', '4', '2'), ('1728', '273', '4', '2'), ('1729', '319', '4', '5'), ('1730', '365', '4', '5'), ('1731', '106', '4', '3'), ('1732', '180', '4', '4'), ('1733', '207', '4', '1'), ('1734', '274', '4', '1'), ('1735', '320', '4', '2'), ('1736', '366', '4', '2'), ('1737', '107', '4', '4'), ('1738', '145', '4', '1'), ('1739', '181', '4', '4'), ('1740', '208', '4', '2'), ('1741', '240', '4', '3'), ('1742', '275', '4', '4'), ('1743', '321', '4', '4'), ('1744', '367', '4', '2'), ('1745', '108', '4', '4'), ('1746', '146', '4', '3'), ('1747', '241', '4', '4'), ('1748', '276', '4', '2'), ('1749', '322', '4', '1'), ('1750', '368', '4', '2'), ('1751', '147', '4', '4'), ('1752', '182', '4', '2'), ('1753', '209', '4', '3'), ('1754', '242', '4', '2'), ('1755', '109', '4', '3'), ('1756', '148', '4', '3'), ('1757', '183', '4', '2'), ('1758', '210', '4', '4'), ('1759', '243', '4', '3'), ('1760', '277', '4', '3'), ('1761', '323', '4', '1'), ('1762', '369', '4', '3'), ('1763', '110', '4', '3'), ('1764', '149', '4', '1'), ('1765', '244', '4', '3'), ('1766', '278', '4', '5'), ('1767', '324', '4', '4'), ('1768', '370', '4', '2'), ('1769', '111', '4', '3'), ('1770', '279', '4', '4'), ('1771', '325', '4', '4'), ('1772', '371', '4', '2'), ('1773', '112', '4', '3'), ('1774', '218', '4', '1'), ('1775', '280', '4', '5'), ('1776', '326', '4', '2'), ('1777', '372', '4', '5'), ('1778', '113', '4', '1'), ('1779', '150', '4', '1'), ('1780', '245', '4', '1'), ('1781', '281', '4', '3'), ('1782', '327', '4', '1'), ('1783', '373', '4', '1'), ('1784', '114', '4', '5'), ('1785', '282', '4', '4'), ('1786', '328', '4', '4'), ('1787', '374', '4', '5'), ('1788', '115', '4', '1'), ('1789', '283', '4', '2'), ('1790', '329', '4', '3'), ('1791', '375', '4', '4'), ('1792', '116', '4', '3'), ('1793', '151', '4', '3'), ('1794', '246', '4', '1'), ('1795', '284', '4', '3'), ('1796', '330', '4', '5'), ('1797', '376', '4', '2'), ('1798', '117', '4', '3'), ('1799', '152', '4', '2'), ('1800', '219', '4', '5'), ('1801', '247', '4', '2'), ('1802', '285', '4', '2'), ('1803', '331', '4', '4'), ('1804', '377', '4', '2'), ('1805', '118', '4', '2'), ('1806', '153', '4', '2'), ('1807', '248', '4', '4'), ('1808', '286', '4', '2'), ('1809', '332', '4', '5'), ('1810', '378', '4', '5'), ('1811', '119', '4', '2'), ('1812', '154', '4', '5'), ('1813', '184', '4', '5'), ('1814', '220', '4', '2'), ('1815', '249', '4', '1'), ('1816', '287', '4', '5'), ('1817', '333', '4', '3'), ('1818', '379', '4', '3'), ('1819', '120', '4', '2'), ('1820', '288', '4', '1'), ('1821', '334', '4', '1'), ('1822', '380', '4', '1'), ('1823', '121', '4', '5'), ('1824', '221', '4', '5'), ('1825', '289', '4', '4'), ('1826', '335', '4', '3'), ('1827', '381', '4', '3'), ('1828', '122', '4', '4'), ('1829', '290', '4', '3'), ('1830', '336', '4', '3'), ('1831', '382', '4', '2'), ('1832', '123', '4', '5'), ('1833', '185', '4', '3'), ('1834', '222', '4', '2'), ('1835', '291', '4', '4'), ('1836', '337', '4', '2'), ('1837', '383', '4', '4'), ('1838', '124', '4', '4'), ('1839', '186', '4', '2'), ('1840', '223', '4', '1'), ('1841', '292', '4', '4'), ('1842', '338', '4', '1'), ('1843', '384', '4', '3'), ('1844', '125', '4', '2'), ('1845', '155', '4', '4'), ('1846', '187', '4', '2'), ('1847', '224', '4', '4'), ('1848', '250', '4', '2'), ('1849', '293', '4', '3'), ('1850', '339', '4', '2'), ('1851', '385', '4', '3'), ('1852', '126', '4', '3'), ('1853', '225', '4', '2'), ('1854', '294', '4', '4'), ('1855', '340', '4', '3'), ('1856', '386', '4', '4'), ('1857', '127', '4', '4'), ('1858', '156', '4', '3'), ('1859', '226', '4', '3'), ('1860', '251', '4', '2'), ('1861', '295', '4', '1'), ('1862', '341', '4', '1'), ('1863', '387', '4', '2'), ('1864', '128', '4', '3'), ('1865', '157', '4', '2'), ('1866', '188', '4', '5'), ('1867', '227', '4', '3'), ('1868', '252', '4', '2'), ('1869', '296', '4', '4'), ('1870', '342', '4', '4'), ('1871', '388', '4', '2'), ('1872', '129', '4', '4'), ('1873', '297', '4', '1'), ('1874', '343', '4', '2'), ('1875', '389', '4', '3'), ('1876', '130', '4', '2'), ('1877', '158', '4', '1'), ('1878', '189', '4', '2'), ('1879', '253', '4', '3'), ('1880', '298', '4', '3'), ('1881', '344', '4', '5'), ('1882', '390', '4', '3'), ('1883', '131', '4', '1'), ('1884', '299', '4', '1'), ('1885', '345', '4', '2'), ('1886', '391', '4', '4'), ('1887', '132', '4', '4'), ('1888', '159', '4', '4'), ('1889', '190', '4', '4'), ('1890', '228', '4', '4'), ('1891', '254', '4', '3'), ('1892', '300', '4', '2'), ('1893', '346', '4', '3'), ('1894', '392', '4', '2'), ('1895', '133', '4', '3'), ('1896', '160', '4', '4'), ('1897', '191', '4', '4'), ('1898', '255', '4', '4'), ('1899', '301', '4', '2'), ('1900', '347', '4', '3'), ('1901', '393', '4', '3'), ('1902', '134', '4', '4'), ('1903', '161', '4', '2'), ('1904', '192', '4', '1'), ('1905', '229', '4', '3'), ('1906', '256', '4', '2'), ('1907', '302', '4', '3'), ('1908', '348', '4', '4'), ('1909', '394', '4', '5'), ('1910', '135', '4', '1'), ('1911', '162', '4', '2'), ('1912', '193', '4', '4'), ('1913', '230', '4', '1'), ('1914', '257', '4', '1'), ('1915', '303', '4', '2'), ('1916', '349', '4', '3'), ('1917', '395', '4', '2'), ('2045', '12', '5', '2'), ('2046', '25', '5', '5'), ('2047', '32', '5', '4'), ('2048', '50', '5', '3'), ('2049', '66', '5', '4'), ('2050', '71', '5', '4'), ('2051', '78', '5', '3'), ('2052', '194', '5', '1'), ('2053', '231', '5', '5'), ('2054', '14', '5', '2'), ('2055', '26', '5', '2'), ('2056', '33', '5', '2'), ('2057', '51', '5', '4'), ('2058', '57', '5', '2'), ('2059', '67', '5', '3'), ('2060', '72', '5', '3'), ('2061', '79', '5', '4'), ('2062', '163', '5', '4'), ('2063', '195', '5', '2'), ('2064', '11', '5', '2'), ('2065', '27', '5', '3'), ('2066', '34', '5', '1'), ('2067', '58', '5', '3'), ('2068', '80', '5', '4'), ('2069', '164', '5', '4'), ('2070', '15', '5', '5'), ('2071', '35', '5', '1'), ('2072', '39', '5', '2'), ('2073', '52', '5', '2'), ('2074', '59', '5', '5'), ('2075', '68', '5', '3'), ('2076', '69', '5', '3'), ('2077', '81', '5', '4'), ('2078', '165', '5', '4'), ('2079', '196', '5', '2'), ('2080', '211', '5', '1'), ('2081', '16', '5', '3'), ('2082', '28', '5', '5'), ('2083', '36', '5', '3'), ('2084', '41', '5', '2'), ('2085', '53', '5', '1'), ('2086', '60', '5', '4'), ('2087', '73', '5', '3'), ('2088', '82', '5', '3'), ('2089', '166', '5', '2'), ('2090', '17', '5', '3'), ('2091', '29', '5', '5'), ('2092', '42', '5', '4'), ('2093', '61', '5', '2'), ('2094', '74', '5', '2'), ('2095', '83', '5', '2'), ('2096', '167', '5', '4'), ('2097', '18', '5', '1'), ('2098', '30', '5', '5'), ('2099', '43', '5', '4'), ('2100', '62', '5', '2'), ('2101', '84', '5', '2'), ('2102', '168', '5', '2'), ('2103', '19', '5', '5'), ('2104', '44', '5', '4'), ('2105', '85', '5', '3'), ('2106', '20', '5', '5'), ('2107', '24', '5', '1'), ('2108', '31', '5', '2'), ('2109', '45', '5', '2'), ('2110', '54', '5', '4'), ('2111', '63', '5', '3'), ('2112', '75', '5', '3'), ('2113', '86', '5', '5'), ('2114', '136', '5', '2'), ('2115', '169', '5', '2'), ('2116', '21', '5', '5'), ('2117', '40', '5', '3'), ('2118', '46', '5', '4'), ('2119', '55', '5', '2'), ('2120', '64', '5', '5'), ('2121', '87', '5', '4'), ('2122', '170', '5', '2'), ('2123', '22', '5', '3'), ('2124', '47', '5', '1'), ('2125', '88', '5', '2'), ('2126', '23', '5', '3'), ('2127', '37', '5', '1'), ('2128', '48', '5', '5'), ('2129', '65', '5', '3'), ('2130', '76', '5', '4'), ('2131', '89', '5', '4'), ('2132', '171', '5', '4'), ('2133', '38', '5', '4'), ('2134', '49', '5', '2'), ('2135', '56', '5', '3'), ('2136', '70', '5', '1'), ('2137', '77', '5', '2'), ('2138', '212', '5', '2'), ('2139', '90', '5', '3'), ('2140', '137', '5', '4'), ('2141', '172', '5', '5'), ('2142', '197', '5', '3'), ('2143', '232', '5', '3'), ('2144', '258', '5', '1'), ('2145', '304', '5', '1'), ('2146', '350', '5', '2'), ('2147', '91', '5', '3'), ('2148', '173', '5', '2'), ('2149', '198', '5', '3'), ('2150', '259', '5', '4'), ('2151', '305', '5', '5'), ('2152', '351', '5', '4'), ('2153', '92', '5', '3'), ('2154', '138', '5', '3'), ('2155', '174', '5', '4'), ('2156', '233', '5', '5'), ('2157', '260', '5', '1'), ('2158', '306', '5', '3'), ('2159', '352', '5', '1'), ('2160', '93', '5', '2'), ('2161', '261', '5', '1'), ('2162', '307', '5', '2'), ('2163', '353', '5', '2'), ('2164', '94', '5', '5'), ('2165', '213', '5', '2'), ('2166', '262', '5', '5'), ('2167', '308', '5', '3'), ('2168', '354', '5', '4'), ('2169', '95', '5', '2'), ('2170', '263', '5', '4'), ('2171', '309', '5', '5'), ('2172', '355', '5', '3'), ('2173', '96', '5', '3'), ('2174', '199', '5', '3'), ('2175', '214', '5', '4'), ('2176', '264', '5', '3'), ('2177', '310', '5', '2'), ('2178', '356', '5', '4'), ('2179', '139', '5', '3'), ('2180', '175', '5', '5'), ('2181', '200', '5', '4'), ('2182', '215', '5', '2'), ('2183', '234', '5', '2'), ('2184', '97', '5', '2'), ('2185', '140', '5', '2'), ('2186', '176', '5', '3'), ('2187', '201', '5', '4'), ('2188', '216', '5', '2'), ('2189', '235', '5', '3'), ('2190', '265', '5', '3'), ('2191', '311', '5', '4'), ('2192', '357', '5', '2'), ('2193', '98', '5', '5'), ('2194', '266', '5', '2'), ('2195', '312', '5', '4'), ('2196', '358', '5', '5'), ('2197', '99', '5', '5'), ('2198', '267', '5', '4'), ('2199', '313', '5', '1'), ('2200', '359', '5', '5'), ('2201', '100', '5', '4'), ('2202', '141', '5', '2'), ('2203', '177', '5', '5'), ('2204', '202', '5', '4'), ('2205', '236', '5', '3'), ('2206', '268', '5', '3'), ('2207', '314', '5', '3'), ('2208', '360', '5', '3'), ('2209', '101', '5', '2'), ('2210', '142', '5', '4'), ('2211', '203', '5', '1'), ('2212', '217', '5', '4'), ('2213', '237', '5', '2'), ('2214', '269', '5', '4'), ('2215', '315', '5', '4'), ('2216', '361', '5', '4'), ('2217', '102', '5', '4'), ('2218', '143', '5', '2'), ('2219', '178', '5', '4'), ('2220', '204', '5', '5'), ('2221', '238', '5', '4'), ('2222', '270', '5', '5'), ('2223', '316', '5', '2'), ('2224', '362', '5', '3'), ('2225', '103', '5', '2'), ('2226', '144', '5', '1'), ('2227', '179', '5', '3'), ('2228', '205', '5', '4'), ('2229', '239', '5', '5'), ('2230', '271', '5', '2'), ('2231', '317', '5', '4'), ('2232', '363', '5', '2'), ('2233', '104', '5', '4'), ('2234', '272', '5', '5'), ('2235', '318', '5', '3'), ('2236', '364', '5', '3'), ('2237', '105', '5', '3'), ('2238', '206', '5', '1'), ('2239', '273', '5', '3'), ('2240', '319', '5', '2'), ('2241', '365', '5', '2'), ('2242', '106', '5', '2'), ('2243', '180', '5', '3'), ('2244', '207', '5', '3'), ('2245', '274', '5', '3'), ('2246', '320', '5', '3'), ('2247', '366', '5', '2'), ('2248', '107', '5', '3'), ('2249', '145', '5', '2'), ('2250', '181', '5', '4'), ('2251', '208', '5', '3'), ('2252', '240', '5', '1'), ('2253', '275', '5', '2'), ('2254', '321', '5', '3'), ('2255', '367', '5', '5'), ('2256', '108', '5', '3'), ('2257', '146', '5', '2'), ('2258', '241', '5', '2'), ('2259', '276', '5', '3'), ('2260', '322', '5', '4'), ('2261', '368', '5', '4'), ('2262', '147', '5', '4'), ('2263', '182', '5', '3'), ('2264', '209', '5', '2'), ('2265', '242', '5', '2'), ('2266', '109', '5', '4'), ('2267', '148', '5', '3'), ('2268', '183', '5', '3'), ('2269', '210', '5', '4'), ('2270', '243', '5', '2'), ('2271', '277', '5', '2'), ('2272', '323', '5', '1'), ('2273', '369', '5', '5'), ('2274', '110', '5', '2'), ('2275', '149', '5', '2'), ('2276', '244', '5', '5'), ('2277', '278', '5', '1'), ('2278', '324', '5', '1'), ('2279', '370', '5', '2'), ('2280', '111', '5', '1'), ('2281', '279', '5', '3'), ('2282', '325', '5', '5'), ('2283', '371', '5', '2'), ('2284', '112', '5', '5'), ('2285', '218', '5', '4'), ('2286', '280', '5', '4'), ('2287', '326', '5', '2'), ('2288', '372', '5', '4'), ('2289', '113', '5', '2'), ('2290', '150', '5', '2'), ('2291', '245', '5', '4'), ('2292', '281', '5', '4'), ('2293', '327', '5', '1'), ('2294', '373', '5', '2'), ('2295', '114', '5', '4'), ('2296', '282', '5', '3'), ('2297', '328', '5', '1'), ('2298', '374', '5', '5'), ('2299', '115', '5', '3'), ('2300', '283', '5', '2'), ('2301', '329', '5', '4'), ('2302', '375', '5', '3'), ('2303', '116', '5', '5'), ('2304', '151', '5', '3'), ('2305', '246', '5', '1'), ('2306', '284', '5', '2'), ('2307', '330', '5', '2'), ('2308', '376', '5', '1'), ('2309', '117', '5', '5'), ('2310', '152', '5', '2'), ('2311', '219', '5', '4'), ('2312', '247', '5', '1'), ('2313', '285', '5', '4'), ('2314', '331', '5', '5'), ('2315', '377', '5', '5'), ('2316', '118', '5', '2'), ('2317', '153', '5', '4'), ('2318', '248', '5', '3'), ('2319', '286', '5', '3'), ('2320', '332', '5', '4'), ('2321', '378', '5', '5'), ('2322', '119', '5', '5'), ('2323', '154', '5', '3'), ('2324', '184', '5', '4'), ('2325', '220', '5', '4'), ('2326', '249', '5', '4'), ('2327', '287', '5', '3'), ('2328', '333', '5', '4'), ('2329', '379', '5', '2'), ('2330', '120', '5', '2'), ('2331', '288', '5', '4'), ('2332', '334', '5', '2'), ('2333', '380', '5', '5'), ('2334', '121', '5', '5'), ('2335', '221', '5', '1'), ('2336', '289', '5', '2'), ('2337', '335', '5', '3'), ('2338', '381', '5', '5'), ('2339', '122', '5', '2'), ('2340', '290', '5', '5'), ('2341', '336', '5', '2'), ('2342', '382', '5', '1'), ('2343', '123', '5', '4'), ('2344', '185', '5', '2'), ('2345', '222', '5', '3'), ('2346', '291', '5', '1'), ('2347', '337', '5', '3'), ('2348', '383', '5', '5'), ('2349', '124', '5', '2'), ('2350', '186', '5', '2'), ('2351', '223', '5', '2'), ('2352', '292', '5', '1'), ('2353', '338', '5', '3'), ('2354', '384', '5', '4'), ('2355', '125', '5', '5'), ('2356', '155', '5', '3'), ('2357', '187', '5', '4'), ('2358', '224', '5', '4'), ('2359', '250', '5', '1'), ('2360', '293', '5', '4'), ('2361', '339', '5', '3'), ('2362', '385', '5', '1'), ('2363', '126', '5', '2'), ('2364', '225', '5', '4'), ('2365', '294', '5', '2'), ('2366', '340', '5', '4'), ('2367', '386', '5', '3'), ('2368', '127', '5', '4'), ('2369', '156', '5', '5'), ('2370', '226', '5', '5'), ('2371', '251', '5', '5'), ('2372', '295', '5', '3'), ('2373', '341', '5', '4'), ('2374', '387', '5', '4'), ('2375', '128', '5', '2'), ('2376', '157', '5', '2'), ('2377', '188', '5', '2'), ('2378', '227', '5', '3'), ('2379', '252', '5', '5'), ('2380', '296', '5', '2'), ('2381', '342', '5', '5'), ('2382', '388', '5', '3'), ('2383', '129', '5', '2'), ('2384', '297', '5', '2'), ('2385', '343', '5', '4'), ('2386', '389', '5', '4'), ('2387', '130', '5', '4'), ('2388', '158', '5', '1'), ('2389', '189', '5', '1'), ('2390', '253', '5', '4'), ('2391', '298', '5', '1'), ('2392', '344', '5', '5'), ('2393', '390', '5', '3'), ('2394', '131', '5', '3'), ('2395', '299', '5', '4'), ('2396', '345', '5', '3'), ('2397', '391', '5', '4'), ('2398', '132', '5', '1'), ('2399', '159', '5', '4'), ('2400', '190', '5', '4'), ('2401', '228', '5', '3'), ('2402', '254', '5', '2'), ('2403', '300', '5', '4'), ('2404', '346', '5', '5'), ('2405', '392', '5', '2'), ('2406', '133', '5', '4'), ('2407', '160', '5', '4'), ('2408', '191', '5', '1'), ('2409', '255', '5', '5'), ('2410', '301', '5', '2'), ('2411', '347', '5', '4'), ('2412', '393', '5', '4'), ('2413', '134', '5', '3'), ('2414', '161', '5', '3'), ('2415', '192', '5', '4'), ('2416', '229', '5', '4'), ('2417', '256', '5', '3'), ('2418', '302', '5', '3'), ('2419', '348', '5', '3'), ('2420', '394', '5', '3'), ('2421', '135', '5', '2'), ('2422', '162', '5', '2'), ('2423', '193', '5', '2'), ('2424', '230', '5', '3'), ('2425', '257', '5', '4'), ('2426', '303', '5', '1'), ('2427', '349', '5', '2'), ('2428', '395', '5', '2');
COMMIT;

-- ----------------------------
--  Table structure for `resource_type`
-- ----------------------------
DROP TABLE IF EXISTS `resource_type`;
CREATE TABLE `resource_type` (
  `id` char(1) NOT NULL,
  `name` varchar(100) NOT NULL,
  `summary` varchar(500) DEFAULT NULL,
  `description` varchar(5000) DEFAULT NULL,
  PRIMARY KEY (`id`),
  UNIQUE KEY `id` (`id`)
) ENGINE=InnoDB DEFAULT CHARSET=utf8 ROW_FORMAT=COMPACT;

-- ----------------------------
--  Records of `resource_type`
-- ----------------------------
BEGIN;
INSERT INTO `resource_type` VALUES ('T', 'Template', 'Local HTML template file.', null), ('W', 'Web', 'Web URL.', null);
COMMIT;

-- ----------------------------
--  Table structure for `role`
-- ----------------------------
DROP TABLE IF EXISTS `role`;
CREATE TABLE `role` (
  `id` char(1) NOT NULL,
  `name` varchar(100) NOT NULL,
  `app_role_id` char(1) NOT NULL,
  `summary` varchar(500) DEFAULT NULL,
  `description` varchar(5000) DEFAULT NULL,
  PRIMARY KEY (`id`)
) ENGINE=InnoDB DEFAULT CHARSET=utf8 ROW_FORMAT=COMPACT;

-- ----------------------------
--  Records of `role`
-- ----------------------------
BEGIN;
INSERT INTO `role` VALUES ('A', 'Administrator', 'A', null, null), ('M', 'Nurse Manager', 'M', null, null), ('N', 'Nurse', 'P', null, null), ('P', 'Physician\'s Assistant', 'P', null, null), ('S', 'Sysadmin', 'S', null, null);
COMMIT;

-- ----------------------------
--  Procedure structure for `getOrgDescendantIds`
-- ----------------------------
DROP PROCEDURE IF EXISTS `getOrgDescendantIds`;
delimiter ;;
CREATE DEFINER=`root`@`localhost` PROCEDURE `getOrgDescendantIds`(IN pOrgId INT, OUT pDescendantIds TEXT)
BEGIN
    DECLARE vDone INT DEFAULT 0;
    DECLARE vChildId INT DEFAULT NULL;
    DECLARE vDescendantIds TEXT DEFAULT '';
    DECLARE vNumItems INT DEFAULT 0;
    DECLARE vItem TEXT DEFAULT '';
    DECLARE vI INT DEFAULT 0;
    DECLARE curs CURSOR FOR SELECT id FROM organization WHERE parent_id = pOrgId;
    DECLARE CONTINUE HANDLER FOR NOT FOUND SET vDone = 1;

    SET max_sp_recursion_depth = 255;
    IF pDescendantIds IS NULL THEN
      SET pDescendantIds = '';
    END IF;
    OPEN curs;
    REPEAT
      FETCH curs INTO vChildId;
      IF vChildId IS NOT NULL THEN
        IF LENGTH(pDescendantIds) > 0 THEN
          IF FIND_IN_SET(vChildId, pDescendantIds) <= 0 THEN
            SET pDescendantIds = CONCAT(pDescendantIds, ',', vChildId);
          END IF;
        ELSE
          SET pDescendantIds = vChildId;
        END IF;
        CALL getOrgDescendantIds(vChildId, vDescendantIds);
        IF LENGTH(vDescendantIds) > 0 THEN
          SET vNumItems = SubstrCount(',', vDescendantIds);
          IF (vNumItems > 0) THEN
            SET vI = 1;
            REPEAT
              SET vItem = splitStrAt(vDescendantIds, ',', vI);
              SET pDescendantIds = CONCAT(pDescendantIds, ',', vItem);
              SET vI = vI + 1;
            UNTIL vI > vNumItems END REPEAT;
          ELSE
            SET pDescendantIds = pDescendantIds;
          END IF;
        ELSE
          SET pDescendantIds = pDescendantIds;
        END IF;
      END IF;
    UNTIL vDone END REPEAT;
    CLOSE curs;
  END
 ;;
delimiter ;

-- ----------------------------
--  Function structure for `nOrgChildren`
-- ----------------------------
DROP FUNCTION IF EXISTS `nOrgChildren`;
delimiter ;;
CREATE DEFINER=`root`@`localhost` FUNCTION `nOrgChildren`(pOrgId INT) RETURNS int(11)
    DETERMINISTIC
BEGIN
    DECLARE cnt INT DEFAULT 0;
    SELECT COUNT(id) INTO cnt FROM organization WHERE parent_id=pOrgId;
    RETURN cnt;
  END
 ;;
delimiter ;

-- ----------------------------
--  Function structure for `RandomInt`
-- ----------------------------
DROP FUNCTION IF EXISTS `RandomInt`;
delimiter ;;
CREATE DEFINER=`root`@`localhost` FUNCTION `RandomInt`(minVal INT, maxVal INT) RETURNS int(11)
BEGIN
    RETURN (minVal + FLOOR(RAND() * ((maxVal - minVal)+1)));
  END
 ;;
delimiter ;

-- ----------------------------
--  Function structure for `retrieveOrgAncestorIds`
-- ----------------------------
DROP FUNCTION IF EXISTS `retrieveOrgAncestorIds`;
delimiter ;;
CREATE DEFINER=`root`@`localhost` FUNCTION `retrieveOrgAncestorIds`(leafId INT) RETURNS varchar(1000) CHARSET utf8
BEGIN
    DECLARE sTemp VARCHAR(1000);
    DECLARE sTempChd VARCHAR(1000);

    SET sTemp = '';
    SET sTempChd = cast(leafId AS CHAR);

    WHILE sTempChd IS NOT NULL DO
      IF LENGTH(sTemp) > 0
      THEN
        SET sTemp = concat(sTempChd, ',', sTemp);
      ELSE
        SET sTemp = sTempChd;
      END IF;
      SELECT parent_id INTO sTempChd FROM organization WHERE id = sTempChd;
    END WHILE;
    RETURN sTemp;
  END
 ;;
delimiter ;

-- ----------------------------
--  Function structure for `retrieveOrgDescendantIds`
-- ----------------------------
DROP FUNCTION IF EXISTS `retrieveOrgDescendantIds`;
delimiter ;;
CREATE DEFINER=`root`@`localhost` FUNCTION `retrieveOrgDescendantIds`(rootId INT) RETURNS varchar(1000) CHARSET utf8
BEGIN
    DECLARE sTemp VARCHAR(1000);
    DECLARE sTempChd VARCHAR(1000);

    SET sTemp = '';
    SET sTempChd = cast(rootId AS CHAR);

    WHILE sTempChd IS NOT NULL DO
      IF LENGTH(sTemp) > 0
      THEN
        SET sTemp = concat(sTemp, ',', sTempChd);
      ELSE
        SET sTemp = concat(sTemp, sTempChd);
      END IF;
      SELECT group_concat(id) INTO sTempChd FROM organization WHERE FIND_IN_SET(parent_id, sTempChd) > 0;
    END WHILE;
    RETURN sTemp;
  END
 ;;
delimiter ;

-- ----------------------------
--  Function structure for `retrieveOrgSubParentId`
-- ----------------------------
DROP FUNCTION IF EXISTS `retrieveOrgSubParentId`;
delimiter ;;
CREATE DEFINER=`root`@`localhost` FUNCTION `retrieveOrgSubParentId`(pTopId INT, pOrgId INT) RETURNS int(11)
BEGIN
    DECLARE vAncestorIds VARCHAR(1000);
    DECLARE vNumIDs INT;
    DECLARE vIdx INT;
    DECLARE vID VARCHAR(50);
    DECLARE vTopFound BOOL;

    SET vAncestorIds = retrieveOrgAncestorIds(pOrgId);
    SET vNumIDs = substrCount(',', vAncestorIds) + 1;
    SET vIdx = 1;
    SET vTopFound = FALSE;
    WHILE vIdx <= vNumIDs DO
      SET vID = CAST(splitStrAt(vAncestorIds, ',', vIdx) AS UNSIGNED);
      IF vID = pTopId
      THEN
        SET vTopFound = TRUE;
      ELSE
        IF vTopFound
        THEN
          RETURN vID;
        END IF;
      END IF;
      SET vIdx = vIdx + 1;
    END WHILE;
    RETURN 0;
  END
 ;;
delimiter ;

-- ----------------------------
--  Function structure for `retrieveOrgSubParentName`
-- ----------------------------
DROP FUNCTION IF EXISTS `retrieveOrgSubParentName`;
delimiter ;;
CREATE DEFINER=`root`@`localhost` FUNCTION `retrieveOrgSubParentName`(pTopId INT, pOrgId INT) RETURNS text CHARSET utf8
BEGIN
    DECLARE vAncestorIds VARCHAR(1000);
    DECLARE vNumIDs INT;
    DECLARE vIdx INT;
    DECLARE vID VARCHAR(50);
    DECLARE vTopFound BOOL;
    DECLARE vName TEXT;

    SET vAncestorIds = retrieveOrgAncestorIds(pOrgId);
    SET vNumIDs = substrCount(',', vAncestorIds) + 1;
    SET vIdx = 1;
    SET vTopFound = FALSE;
    WHILE vIdx <= vNumIDs DO
      SET vID = CAST(splitStrAt(vAncestorIds, ',', vIdx) AS UNSIGNED);
      IF vID = pTopId
      THEN
        SET vTopFound = TRUE;
      ELSE
        IF vTopFound
        THEN
          SELECT name INTO vName FROM organization WHERE id=vID;
          RETURN vName;
        END IF;
      END IF;
      SET vIdx = vIdx + 1;
    END WHILE;
    RETURN NULL;
  END
 ;;
delimiter ;

-- ----------------------------
--  Function structure for `splitStrAt`
-- ----------------------------
DROP FUNCTION IF EXISTS `splitStrAt`;
delimiter ;;
CREATE DEFINER=`root`@`localhost` FUNCTION `splitStrAt`(x VARCHAR(255), delim VARCHAR(12), pos INT) RETURNS varchar(255) CHARSET utf8
RETURN REPLACE(SUBSTRING(SUBSTRING_INDEX(x, delim, pos), LENGTH(SUBSTRING_INDEX(x, delim, pos - 1)) + 1), delim, '')
 ;;
delimiter ;

-- ----------------------------
--  Function structure for `substrCount`
-- ----------------------------
DROP FUNCTION IF EXISTS `substrCount`;
delimiter ;;
CREATE DEFINER=`root`@`localhost` FUNCTION `substrCount`(ch CHAR, str TEXT) RETURNS int(11)
    DETERMINISTIC
BEGIN
    RETURN (LENGTH(str) - LENGTH(REPLACE(str, ch, '')));
  END
 ;;
delimiter ;

SET FOREIGN_KEY_CHECKS = 1;
